,PheCode,description,category,f_score,RR,phi,pval
0,Phe_112,Candidiasis,infectious diseases,-0.0005237278651123805,1.3416054590703217,0.0026850286483664255,0.05699479718255116
1,Phe_153,Colorectal cancer,neoplasms,0.0007431062502375588,0.0,-0.0007970305179556087,0.5720775822609667
2,Phe_153.2,Colon cancer,neoplasms,0.001100223763560445,1.6683371390838901,0.005844338080773787,3.4288867862934486e-05
3,Phe_153.3,"Malignant neoplasm of rectum, rectosigmoid junction, and anus",neoplasms,0.0006873502165165264,1.1431437005780103,0.0010244750986927176,0.46770142359416544
4,Phe_158,Neoplasm of unspecified nature of digestive system,neoplasms,8.311794349615566e-05,1.183959569066566,0.0009596058050992926,0.4963525941481426
5,Phe_159,Malignant neoplasm of other and ill-defined sites within the digestive organs and peritoneum,neoplasms,0.0007230616533770383,1.548966712312181,0.00629660593351983,8.061460072095541e-06
6,Phe_165,Cancer within the respiratory system,neoplasms,-0.00014086514074834072,1.4324598345109634,0.002349909959298032,0.09575472571282989
7,Phe_165.1,Cancer of bronchus; lung,neoplasms,-0.00014857890266684664,1.5338378486802804,0.004290745897092459,0.002353144820949989
8,Phe_172,Skin cancer,neoplasms,0.0029179988032890956,6.164466909504852,0.09661815270877148,0.0
9,Phe_172.2,Other non-epithelial cancer of skin,neoplasms,0.0023774795178322663,6.135789469828293,0.08652386992990517,0.0
10,Phe_174,Breast cancer,neoplasms,3.495020055750396e-05,1.6786871790802735,0.0121393900948107,7.59077433805532e-18
11,Phe_189,Cancer of urinary organs (incl. kidney and bladder),neoplasms,-0.007542870377082402,1.99612695638357,0.00839157960626401,2.703164405746482e-09
12,Phe_189.11,"Malignant neoplasm of kidney, except pelvis",neoplasms,-0.0026517289358575736,1.50705844061136,0.0025544814448605507,0.0701704679116409
13,Phe_189.2,Cancer of bladder,neoplasms,-0.007162275277771511,2.1257455899149713,0.004897456188893558,0.0005171725821155558
14,Phe_189.21,Malignant neoplasm of bladder,neoplasms,-0.007677386135310363,1.840272052890221,0.006034163978982644,1.8900264978354334e-05
15,Phe_195,"Cancer, suspected or other",neoplasms,0.005889642345979163,1.472493796540597,0.0021390718282689814,0.12943482573113643
16,Phe_195.1,"Malignant neoplasm, other",neoplasms,0.006025545720313621,3.82209934869433,0.05773101026459668,0.0
17,Phe_197,Chemotherapy,neoplasms,-0.0009220848943796611,1.3796029081518086,0.0084627572214983,1.9836908664015465e-09
18,Phe_198,Secondary malignant neoplasm,neoplasms,0.00017185477348412683,1.7010722963505363,0.0038900642385006246,0.0058231631103147635
19,Phe_198.1,Secondary malignancy of lymph nodes,neoplasms,2.2856941827893787e-05,1.6741124551588347,0.008049854091799539,1.153733165064785e-08
20,Phe_198.2,Secondary malignancy of respiratory organs,neoplasms,8.688624013773968e-05,1.430456861076551,0.003433118654192316,0.014947189136455279
21,Phe_198.3,Secondary malignant neoplasm of digestive systems,neoplasms,0.00019852835597723847,1.1156994746273405,0.0007621632697297924,0.5890054066853081
22,Phe_198.4,Secondary malignant neoplasm of liver,neoplasms,5.545628131141123e-07,1.1401143052481038,0.0012100330059079567,0.39102423867307157
23,Phe_198.6,Secondary malignancy of bone,neoplasms,-0.00010801714197561038,1.2815413969554843,0.0022082402325220344,0.11749706149394572
24,Phe_199,Neoplasm of uncertain behavior,neoplasms,-1.5316792088551446e-06,1.771454658262476,0.0041126775836084276,0.003552523049704358
25,Phe_202,"Cancer of other lymphoid, histiocytic tissue",neoplasms,0.00012636786618093075,1.7601715075729059,0.004146325843416152,0.0032902279465476143
26,Phe_202.2,Non-Hodgkins lymphoma,neoplasms,0.00012523631362949404,1.6529124521016505,0.003949159375570375,0.005118693066930222
27,Phe_204,Leukemia,neoplasms,0.0002884980408427949,1.771454658262476,0.0025985188149278303,0.0654713739415604
28,Phe_208,Benign neoplasm of colon,neoplasms,0.000490627010681199,1.6102250099661248,0.014479489290440092,1.0166472651506279e-24
29,Phe_211,Benign neoplasm of other parts of digestive system,neoplasms,8.906308814459053e-06,1.6297801392260087,0.007656841872726367,5.7047645008243806e-08
30,Phe_214,Lipoma,neoplasms,-0.0072146585514035145,1.4608794370364502,0.003063795215322897,0.029866964177230188
31,Phe_214.1,Lipoma of skin and subcutaneous tissue,neoplasms,-0.004790417726353013,1.531498757842879,0.005746494284649713,4.62970054646688e-05
32,Phe_215,Other benign neoplasm of connective and other soft tissue,neoplasms,-8.710413756443139e-06,3.358308831094794,0.011973401342589401,2.103349788445596e-17
33,Phe_216,Benign neoplasm of skin,neoplasms,0.005409883282278831,6.8374852813153355,0.08376053171981668,0.0
34,Phe_228,"Hemangioma and lymphangioma, any site",neoplasms,8.793145255923956e-05,4.342284399083506,0.020368411395846518,2.8926520559596906e-47
35,Phe_229,Benign neoplasm of unspecified sites,neoplasms,0.000905457165893824,5.463005283723567,0.03233464364423094,2.4891175103805193e-116
36,Phe_241,Nontoxic nodular goiter,endocrine/metabolic,2.7643519792657236e-05,0.0,-0.0005711407011292009,0.6855753590611651
37,Phe_242,Thyrotoxicosis with or without goiter,endocrine/metabolic,5.3587241997317734e-05,1.2449389681677954,0.0014947834144265733,0.2893203098955317
38,Phe_244,Hypothyroidism,endocrine/metabolic,6.020706745053143e-05,1.5656967381308682,0.011230499032816466,1.7029472390820344e-15
39,Phe_244.1,Secondary hypothyroidism,endocrine/metabolic,3.912270934102621e-05,1.9101770230503543,0.005033285131107183,0.0003597328349342316
40,Phe_244.4,Hypothyroidism NOS,endocrine/metabolic,5.743147118999673e-05,1.5650658356690994,0.010938032590494163,8.909845797758858e-15
41,Phe_250.1,Type 1 diabetes,endocrine/metabolic,-2.57160101668424e-05,0.9737928782536046,-0.00021365975532835167,0.8796145422148045
42,Phe_250.2,Type 2 diabetes,endocrine/metabolic,-3.011945660766969e-05,1.2354687785153222,0.005501472517280664,9.624000745840813e-05
43,Phe_250.23,Type 2 diabetes with ophthalmic manifestations,endocrine/metabolic,2.6809978563931767e-05,0.9730197728695335,-0.00016929551620799738,0.9044758531304371
44,Phe_250.7,Diabetic retinopathy,endocrine/metabolic,2.485135397671691e-05,1.0083312414430652,5.268932344281378e-05,0.9702058615889195
45,Phe_260,Protein-calorie malnutrition,endocrine/metabolic,2.717375374422473e-06,1.043892923618959,0.00010545507655783235,0.9404101448900465
46,Phe_261,Vitamin deficiency,endocrine/metabolic,-6.9538981925906e-05,0.0,-0.00078618527769686,0.5773180538575882
47,Phe_272,Disorders of lipoid metabolism,endocrine/metabolic,7.241929248091691e-06,1.5724807162543497,0.018403519298809665,6.620079779022319e-39
48,Phe_272.1,Hyperlipidemia,endocrine/metabolic,4.133313782597177e-06,1.283151689675576,0.0033100710567184706,0.018954221477568887
49,Phe_272.11,Hypercholesterolemia,endocrine/metabolic,-6.815763630415325e-08,1.5995650279385858,0.018480285251618878,3.2360437646010055e-39
50,Phe_274,Gout and other crystal arthropathies,endocrine/metabolic,-2.9062860147343292e-05,1.44143022877796,0.0035071119601495318,0.012914858182359656
51,Phe_274.1,Gout,endocrine/metabolic,-1.6124279056921183e-05,1.4528239508583214,0.0033770965456742063,0.01666833325956894
52,Phe_275,Disorders of mineral metabolism,endocrine/metabolic,-1.8893684480356113e-05,0.0,-0.0005241130878136768,0.7102426497163736
53,Phe_275.5,Disorders of calcium__phosphorus metabolism,endocrine/metabolic,3.393040207846884e-05,1.0589089646086831,0.0003350304270263682,0.8122732619071038
54,Phe_276,"Disorders of fluid, electrolyte, and acid-base balance",endocrine/metabolic,1.0033175771297524e-06,1.1674045788459468,0.002565731299222874,0.06894447008801304
55,Phe_276.1,Electrolyte imbalance,endocrine/metabolic,-6.622947777743815e-06,1.4614500930665426,0.0009368977454716778,0.5065989838873983
56,Phe_276.12,Hyposmolality and__or hyponatremia,endocrine/metabolic,6.409211757736239e-06,1.2011918573149665,0.0015659216680539985,0.26698092625418696
57,Phe_276.14,Hypopotassemia,endocrine/metabolic,-4.910681965075751e-06,1.07144434975553,0.0004902642559093649,0.7281889349649742
58,Phe_276.5,Hypovolemia,endocrine/metabolic,1.445134529113417e-05,1.3548708155502014,0.003306009337906289,0.01910115973343759
59,Phe_277,Other disorders of metabolism,endocrine/metabolic,1.0627679585316557e-05,0.7763347107923202,-0.0011389926989086028,0.41943451504214235
60,Phe_278,"Overweight, obesity and other hyperalimentation",endocrine/metabolic,-7.116292235370055e-06,0.0,-0.00026205341486102427,0.8526307123605503
61,Phe_278.1,Obesity,endocrine/metabolic,-6.114786553295552e-06,1.1207369299265175,0.0022348562263051737,0.11314054915653474
62,Phe_280,Iron deficiency anemias,hematopoietic,5.4759653644463115e-05,1.2049515997494968,0.0031143257159246046,0.027267270590233775
63,Phe_280.1,"Iron deficiency anemias, unspecified or not due to blood loss",hematopoietic,4.698775125379367e-05,1.193210728193382,0.0028711857239317956,0.04181934754942341
64,Phe_281,Other deficiency anemia,hematopoietic,-2.9678216271833337e-05,0.0,-0.0003930820779247378,0.7805167239033399
65,Phe_281.1,Megaloblastic anemia,hematopoietic,-0.00012230809406016464,0.0,-0.0005241130878136768,0.7102426497163736
66,Phe_285,Other anemias,hematopoietic,4.447694112725973e-05,1.1665819927014076,0.0029942538070427595,0.033791263903797074
67,Phe_287,Purpura and other hemorrhagic conditions,hematopoietic,2.8556640055256184e-05,1.5485563900042836,0.0008833506087732337,0.5311939350113073
68,Phe_287.3,Thrombocytopenia,hematopoietic,-1.8496685780706483e-07,0.9824874575237262,-0.00010341444480618378,0.94156116704411
69,Phe_288,Diseases of white blood cells,hematopoietic,4.489863002788686e-05,0.8934629389926463,-0.00042286597291986774,0.7643611800229542
70,Phe_289,Other diseases of blood and blood-forming organs,hematopoietic,-3.5746816012342624e-05,1.0897630520869026,0.00032255252845521723,0.8191416266781723
71,Phe_289.4,Lymphadenitis,hematopoietic,-5.113340581306304e-05,1.4082803256688414,0.0034258794812715094,0.015160405596055778
72,Phe_290,Delirium dementia and amnestic and other cognitive disorders,mental disorders,6.323528018210975e-06,1.6513560373633251,0.002272476152789916,0.10720117474354234
73,Phe_292,Neurological disorders,mental disorders,-3.637363406956884e-06,1.6782202025644508,0.0025715414045507545,0.0683182150984723
74,Phe_292.1,Aphasia__speech disturbance,mental disorders,7.260507547085123e-07,1.2613345201570159,0.0016850288395328294,0.23229254181589515
75,Phe_292.4,Altered mental status,mental disorders,-2.9577660195762903e-06,0.9485465142122547,-0.00041832989022260825,0.7668152499592502
76,Phe_293,Symptoms involving head and neck,mental disorders,1.9025519611343273e-06,1.4121293972081692,0.002873100100267032,0.041683075489870526
77,Phe_296,Mood disorders,mental disorders,0.007504207638166773,0.0,-0.001399135555633518,0.321289509491037
78,Phe_296.1,Bipolar,mental disorders,3.705745564673638e-05,0.7293575012184866,-0.001422049342256279,0.3134283146618779
79,Phe_296.2,Depression,mental disorders,0.007545527839438421,0.8351143388951672,-0.0005115370918158817,0.7168921874604435
80,Phe_300,Anxiety disorders,mental disorders,-2.688058221973383e-06,0.9063256391110343,-0.000278950267473626,0.8432480025539548
81,Phe_300.1,Anxiety disorder,mental disorders,-1.0439297235900963e-05,1.4926464028868784,0.006450296571457047,4.819489204900064e-06
82,Phe_306,Other mental disorder,mental disorders,-1.269362167152747e-07,1.461735588298632,0.01362531237333733,4.49888217719155e-22
83,Phe_317,Alcohol-related disorders,mental disorders,0.00019051383380627016,0.7335676210648978,-0.0031413639320792344,0.025958166446883233
84,Phe_317.1,Alcoholism,mental disorders,0.00023008602380571755,1.6861074228740647,0.010141496486996124,6.515814916626658e-13
85,Phe_318,Tobacco use disorder,mental disorders,3.132395547987756e-05,1.3015380241218275,0.0068529694697858105,1.1860755793643015e-06
86,Phe_327,Sleep disorders,neurological,-0.0002304463945237247,1.1094219684592732,0.000531392881154377,0.7064034891912605
87,Phe_327.3,Sleep apnea,neurological,-0.00014316531082491916,1.4821058790242074,0.005269187701878217,0.00018755364714365954
88,Phe_331,Other cerebral degenerations,neurological,2.5430516214718444e-06,0.567553434200599,-0.0011505811911770314,0.4147189460523669
89,Phe_332,Parkinson's disease,neurological,-5.8138467360749654e-05,1.4478762531928595,0.002588404272753611,0.06652705205917177
90,Phe_334,Degenerative disease of the spinal cord,neurological,3.837220836478916e-06,1.0542471365673889,0.0003354874463197015,0.8120219696270623
91,Phe_335,Multiple sclerosis,neurological,-5.16340447510877e-05,1.1216546989675498,0.0006721805368762123,0.633724310081339
92,Phe_339,Other headache syndromes,neurological,-0.0004877003247135308,1.4183558859478709,0.005891750626676953,2.9596928770160832e-05
93,Phe_340,Migraine,neurological,0.0009020091450384681,1.0470912757299764,0.00040362344165602917,0.7747875782076121
94,Phe_342,Hemiplegia,neurological,-9.41895904475406e-06,1.7584927949093359,0.0049413175188097085,0.0004604063705703413
95,Phe_345,"Epilepsy, recurrent seizures, convulsions",neurological,7.507803531750466e-06,1.656104122375617,0.005940391791347762,2.5421226952393516e-05
96,Phe_345.3,Convulsions,neurological,5.820679790954053e-06,1.3684646729794758,0.002796089712938463,0.04747034654837243
97,Phe_348,Other conditions of brain,neurological,0.00013212367430169396,0.0,-0.001983237933588525,0.1597635026741783
98,Phe_350,Abnormal movement,neurological,1.6755076386090943e-06,1.3984071478754367,0.003747014979474137,0.00790334749731275
99,Phe_350.2,Abnormality of gait,neurological,-6.675678301929068e-06,1.1959789974258128,0.0014631820215375811,0.2996368782891153
100,Phe_351,Other peripheral nerve disorders,neurological,5.0550700621495555e-05,1.244811608682561,0.0042548857968652265,0.0025597110166565777
101,Phe_352,Disorders of other cranial nerves,neurological,-0.0008338790092710605,2.2059624046287434,0.001627011458387372,0.248767962123185
102,Phe_353,Nerve root and plexus disorders,neurological,-9.253096897953967e-05,1.1085588569404874,0.0005666453222013671,0.6879193766760596
103,Phe_357,Inflammatory and toxic neuropathy,neurological,-2.8333151532100556e-06,1.2339420310852074,0.0014650298658609355,0.29902696084009905
104,Phe_361,Retinal detachments and defects,sense organs,-0.0018442422330139502,1.06436141231737,0.00045196046700552247,0.7486779435515414
105,Phe_361.1,Retinal detachment with retinal defect,sense organs,-0.0007730216768243825,1.244417717360259,0.0014253075821441092,0.31232085559596173
106,Phe_362,Other retinal disorders,sense organs,1.4469463413704457e-05,0.9466883193953313,-0.00026930594255142884,0.8486007960172554
107,Phe_362.2,Degeneration of macula and posterior pole of retina,sense organs,1.861811577585578e-05,1.272434401455051,0.002252618529514974,0.11030472718591856
108,Phe_362.29,Macular degeneration (senile) of retina NOS,sense organs,1.482080543954286e-05,1.272434401455051,0.002252618529514974,0.11030472718591856
109,Phe_365,Glaucoma,sense organs,-5.3846995127561286e-05,1.6637209258694166,0.0067211867531963895,1.8929522783521466e-06
110,Phe_365.1,Open-angle glaucoma,sense organs,-6.841576154452808e-05,2.058819768247424,0.0060169479973670075,1.99636237712993e-05
111,Phe_365.11,Primary open angle glaucoma,sense organs,-5.919220489431211e-05,2.066538963950548,0.006049441379890857,1.8002021180802925e-05
112,Phe_366,Cataract,sense organs,0.000492684683231704,1.4504422722503567,0.00998584120266764,1.4532337315313387e-12
113,Phe_366.2,Senile cataract,sense organs,2.8974427747327055e-05,1.720154293683275,0.01174148661530308,8.538689357995005e-17
114,Phe_367,Disorders of refraction and accommodation; blindness and low vision,sense organs,-4.357900402885115e-05,2.452783372978813,0.0022766107489460173,0.10656376227440699
115,Phe_367.1,Myopia,sense organs,-0.00010849493846237927,1.2360173780860715,0.0014136413807385214,0.31629806389345794
116,Phe_368,Visual disturbances,sense organs,-3.893531816745635e-06,0.9866329742221386,-7.145525389887759e-05,0.9596022049036785
117,Phe_371,Inflammation of the eye,sense organs,-0.00013339873218044316,1.6351889153192085,0.0009953844042570558,0.48043542775219417
118,Phe_371.3,Inflammation of eyelids,sense organs,-0.00011863496706116402,1.9143312316699406,0.006902665687505636,9.921995342503838e-07
119,Phe_374,Other disorders of eyelids,sense organs,-1.6286338691008165e-06,3.0562644531809826,0.017550964596480433,1.5384529765359878e-35
120,Phe_374.1,Ectropion or entropion,sense organs,3.2442569044119136e-05,1.9966680588385401,0.005200664623471809,0.00022723318731254435
121,Phe_374.3,Ptosis of eyelid,sense organs,-3.0107131381193425e-05,1.3928936106665484,0.0026751607433408067,0.057913041858342104
122,Phe_375,Disorders of lacrimal system,sense organs,7.325564646858601e-05,1.701283859349896,0.004581666979088344,0.0011628376825097628
123,Phe_378,Strabismus and other disorders of binocular eye movements,sense organs,1.350999098332049e-05,0.9134063081665891,-0.00012838215441946833,0.9274871993980717
124,Phe_379,Other disorders of eye,sense organs,-2.6423019535696307e-05,1.0300969818971224,8.406307033409456e-05,0.9524820762970189
125,Phe_379.2,Disorders of vitreous body,sense organs,-0.00023828665700143304,1.2242513868620253,0.0013496341863665922,0.3387080125415408
126,Phe_379.3,Aphakia and other disorders of lens,sense organs,4.133092427732866e-06,1.629365232282302,0.004701048351979925,0.0008607879184371914
127,Phe_380,Disorders of external ear,sense organs,4.583100485521486e-07,2.3833387701198427,0.00539074645401817,0.00013270249404125545
128,Phe_381,Otitis media and Eustachian tube disorders,sense organs,-3.951785220263597e-05,1.0675455532714684,0.0004826831144661232,0.7322292954698093
129,Phe_381.1,Otitis media,sense organs,-3.3700876002625276e-05,1.1454332429912721,0.0007213670397103663,0.6091000606955255
130,Phe_384,Other disorders of tympanic membrane,sense organs,-0.000820943814237073,0.9353280595625872,-0.00018957242500029228,0.8930997357930118
131,Phe_384.4,Perforation of tympanic membrane,sense organs,-0.0005924449978182873,1.0918880005669571,0.00044982012040077824,0.7498282395064595
132,Phe_386,Vertiginous syndromes and other disorders of vestibular system,sense organs,-3.283742707526723e-06,2.386040968271906,0.0017979994607996278,0.2024663359170674
133,Phe_386.9,Dizziness and giddiness (Light-headedness and vertigo),sense organs,5.1636113081472354e-06,1.4123004331075444,0.004644701131981613,0.0009929167204823254
134,Phe_389,Hearing loss,sense organs,-6.491156043279787e-06,1.684419760017589,0.00663425267525287,2.5648993620284563e-06
135,Phe_394,Rheumatic disease of the heart valves,circulatory system,-5.966579787728164e-06,1.5337818508032885,0.002868892841670289,0.04198305912191669
136,Phe_394.2,Mitral valve disease,circulatory system,-1.7424526905248817e-05,1.4901291663069745,0.004537436317207612,0.001297701077580577
137,Phe_394.3,Aortic valve disease,circulatory system,2.0473153775999108e-05,1.2660396286452158,0.0016099095504524222,0.2537767464869151
138,Phe_394.7,Disease of tricuspid valve,circulatory system,6.522888169902144e-06,1.0862611938685305,0.0005121600838379473,0.7165622707759641
139,Phe_395,Heart valve disorders,circulatory system,-1.3373855358130974e-05,1.4106743157380204,0.004493776299549764,0.0014448525473603191
140,Phe_395.1,Nonrheumatic mitral valve disorders,circulatory system,-2.4805675999710362e-05,1.5690133102328996,0.0051732665160965485,0.0002452025671663558
141,Phe_395.6,Heart valve replaced,circulatory system,-1.1944072928850709e-05,1.1635950546267582,0.0010328308411433468,0.4640787055303831
142,Phe_396,Abnormal heart sounds,circulatory system,0.0,1.4519433213198056,0.0024391911702261377,0.08379441391129688
143,Phe_401.1,Essential hypertension,circulatory system,5.693051910878102e-06,1.4913916947043306,0.024589396830440754,4.600814949460562e-68
144,Phe_401.2,Hypertensive heart and__or renal disease,circulatory system,7.202292716010922e-05,2.0511580253565507,0.001039891839851017,0.4610295554445506
145,Phe_401.22,Hypertensive chronic kidney disease,circulatory system,7.26844894614373e-05,1.4065929673402722,0.0024335516060767434,0.08451228573690502
146,Phe_402,Elevated blood pressure reading without diagnosis of hypertension,circulatory system,-2.7238931242739665e-05,1.959190342154423,0.005918595716113055,2.7217900210076344e-05
147,Phe_411.1,Unstable angina (intermediate coronary syndrome),circulatory system,0.00044230802653787095,1.3786863594513312,0.004140695470421418,0.0033328508071031834
148,Phe_411.2,Myocardial infarction,circulatory system,2.6858740943134384e-06,1.2854534403883695,0.005030756866230453,0.0003622007355253233
149,Phe_411.3,Angina pectoris,circulatory system,1.2739969390623964e-05,1.2724993349618274,0.005516127886349269,9.219301885582602e-05
150,Phe_411.4,Coronary atherosclerosis,circulatory system,2.3325005749895935e-05,1.1656215803699679,0.003742837196415913,0.00797303279649321
151,Phe_411.8,"Other chronic ischemic heart disease, unspecified",circulatory system,2.9545172053027603e-05,1.3731566544853357,0.007395383766143783,1.584430947056051e-07
152,Phe_411.9,Other acute and subacute forms of ischemic heart disease,circulatory system,-7.981314060728179e-06,1.157584232131915,0.0009298677906955136,0.5097934520775854
153,Phe_414,Other forms of chronic heart disease,circulatory system,-0.00021110342320002749,1.8363770802930377,0.006264826442720222,8.953479214221147e-06
154,Phe_415,Pulmonary heart disease,circulatory system,-0.0007938492298462379,0.8408121501692076,-0.0015443438159073563,0.273627931314332
155,Phe_416,Cardiomegaly,circulatory system,-8.523204796445024e-05,1.1887077123903194,0.0016522453259925308,0.2415044389729225
156,Phe_418,Nonspecific chest pain,circulatory system,2.5970211981517538e-05,1.2402990669117349,0.006652929676087859,2.4035898319634252e-06
157,Phe_418.1,Precordial pain,circulatory system,0.00015327176731081007,1.221480140470034,0.002211863428353124,0.11689638871040825
158,Phe_420,Carditis,circulatory system,-2.3163005670856662e-05,0.0,-0.0005074698102020415,0.7190473859163908
159,Phe_420.2,Pericarditis,circulatory system,-3.505592257206073e-05,1.4134923179918202,0.002261920638394414,0.10884217366814414
160,Phe_425,Cardiomyopathy,circulatory system,-2.649160384216171e-05,0.0,-0.0007056179665186281,0.6169382233741855
161,Phe_425.1,Primary__intrinsic cardiomyopathies,circulatory system,-2.9984248784078834e-05,0.8649766272157094,-0.0007136652065854556,0.612927659219197
162,Phe_426,Cardiac conduction disorders,circulatory system,-3.992324708135624e-05,2.8400649581859936,0.0037900635572391313,0.007216441798008063
163,Phe_426.2,Atrioventricular [AV] block,circulatory system,0.00033153204475449145,1.7625528760601519,0.001409745158196096,0.3176337255023061
164,Phe_426.3,Bundle branch block,circulatory system,8.034440138412222e-06,1.2103106360799525,0.0006059010714035928,0.6675538493201831
165,Phe_426.31,Right bundle branch block,circulatory system,-4.781606172002067e-06,1.6448259602574016,0.004344281633521427,0.002073043159773857
166,Phe_426.32,Left bundle branch block,circulatory system,-8.449067299392994e-06,1.138919790364252,0.0009960976400933239,0.48012097670801634
167,Phe_426.9,Cardiac pacemaker__device in situ,circulatory system,-6.387480178779007e-05,2.0815906370087256,0.0026024455113569512,0.06506527504934807
168,Phe_426.91,Cardiac pacemaker in situ,circulatory system,-5.5371174554969446e-05,1.7604991709970723,0.006099342195269048,1.5342975901656307e-05
169,Phe_427,Cardiac dysrhythmias,circulatory system,-6.210386725738235e-05,1.3207415501892388,0.008344864371175495,3.3074575853874845e-09
170,Phe_427.1,"Paroxysmal tachycardia, unspecified",circulatory system,-6.262724881067308e-05,1.4799494613332076,0.0007905884012609709,0.5751877183715406
171,Phe_427.11,Paroxysmal supraventricular tachycardia,circulatory system,-8.669307326262693e-05,1.2306948152139305,0.0017737480104121784,0.20862148732165894
172,Phe_427.2,Atrial fibrillation and flutter,circulatory system,-6.809854558226148e-05,1.3467608016877548,0.006857140838146647,1.168493005195399e-06
173,Phe_427.3,Other specified cardiac dysrhythmias,circulatory system,-4.106957899787385e-05,1.5356542832457694,0.005038321769427218,0.00035486324379542885
174,Phe_427.4,Cardiac arrest and ventricular fibrillation,circulatory system,-1.480627633476325e-05,1.1612149197392287,0.0009256547987765928,0.5117129093292283
175,Phe_427.7,Tachycardia NOS,circulatory system,3.290465158983532e-05,1.0705405787168902,0.0005568683243989615,0.693027718111761
176,Phe_427.9,Palpitations,circulatory system,-9.782509761936598e-05,1.196599335067718,0.0019502017484818107,0.1668339293400839
177,Phe_428,Congestive heart failure; nonhypertensive,circulatory system,-0.0002766095118831992,1.3070543034692388,0.003839402790238543,0.006495429309218808
178,Phe_428.1,Congestive heart failure (CHF) NOS,circulatory system,-0.00010152551613425285,1.1020638350820615,0.0008060599916361374,0.5677318161033014
179,Phe_428.2,Heart failure NOS,circulatory system,-0.0002843945552638405,1.4237859870147003,0.0046993943818460495,0.0008644220058624573
180,Phe_430,Intracranial hemorrhage,circulatory system,5.370085705939624e-06,1.9378343775467968,0.0016534907303068546,0.24114985812386838
181,Phe_433,Cerebrovascular disease,circulatory system,-4.8260650742384e-05,0.9658278875918019,-0.00021522366516341627,0.8787401563964632
182,Phe_433.1,Occlusion and stenosis of precerebral arteries,circulatory system,-1.7141347029022225e-05,0.5349098379851398,-0.002387278761967212,0.09059212052042571
183,Phe_433.2,Occlusion of cerebral arteries,circulatory system,-8.349124072713859e-05,1.418570573459693,0.003709260917590612,0.008553365541679037
184,Phe_433.21,"Cerebral artery occlusion, with cerebral infarction",circulatory system,-3.7495202232759155e-06,1.4950896092752353,0.0034030261066171946,0.0158511849997224
185,Phe_433.3,Cerebral ischemia,circulatory system,1.052698506163511e-05,1.195731894327171,0.0010777993451934176,0.4448527792865178
186,Phe_433.31,Transient cerebral ischemia,circulatory system,4.527594932192802e-06,1.6805959907201014,0.004948868842686479,0.00045124054879804574
187,Phe_433.8,Late effects of cerebrovascular disease,circulatory system,-4.903755110268345e-06,1.2739733352140243,0.00161625090956621,0.2519113697291593
188,Phe_440,Atherosclerosis,circulatory system,6.7483473858230014e-06,0.0,-0.002113280550217441,0.13411986123633604
189,Phe_442,Other aneurysm,circulatory system,-2.4316313222793093e-05,2.4875746264962424,0.0013363065626825921,0.3434994079595137
190,Phe_442.1,Aortic aneurysm,circulatory system,-2.2060759720695125e-05,2.128021548790683,0.0045211916621419705,0.0013507558156619602
191,Phe_443,Peripheral vascular disease,circulatory system,3.6159640978460634e-05,1.2706169094996451,0.0027800651867849265,0.048755907561475936
192,Phe_443.1,Raynaud's syndrome,circulatory system,-6.149521364323823e-07,1.6319934037594,0.0035107003626658547,0.012822831940525138
193,Phe_443.9,"Peripheral vascular disease, unspecified",circulatory system,7.245360092308995e-06,1.11768761834523,0.0009760722920847117,0.4889922553869752
194,Phe_447,Other disorders of arteries and arterioles,circulatory system,-5.883272742380403e-06,0.9872280483923569,-4.822265970376031e-05,0.972730588810271
195,Phe_451,Phlebitis and thrombophlebitis,circulatory system,-0.0008446220776024751,0.43382563059489204,-0.0017232001736175603,0.22188431992468913
196,Phe_451.2,Phlebitis and thrombophlebitis of lower extremities,circulatory system,-0.0008491254115774816,1.6276542212976393,0.0059030812616538125,2.8569644638422236e-05
197,Phe_454,Varicose veins,circulatory system,-8.462542601818027e-05,1.7332561750654414,0.0026190069927792665,0.06337528465494074
198,Phe_454.1,Varicose veins of lower extremity,circulatory system,-8.015336668237769e-05,1.3361829422322675,0.0053536632011344665,0.0001475837112609465
199,Phe_455,Hemorrhoids,circulatory system,0.00032872500036387466,1.3931495780392917,0.00957228416189732,1.1552511969962423e-11
200,Phe_458,Hypotension,circulatory system,4.450649336195429e-05,1.0769465279937678,0.0004209194032120804,0.7654140070971165
201,Phe_458.1,Orthostatic hypotension,circulatory system,1.334097373616799e-05,1.484799766818937,0.003146022249154609,0.025738201026137324
202,Phe_458.9,Hypotension NOS,circulatory system,5.211655276881654e-05,1.2270620656773856,0.002337478575429846,0.09752345765497306
203,Phe_459,Other disorders of circulatory system,circulatory system,-0.0008068033385057327,1.1518818467519547,0.00028359575600462835,0.840672229094797
204,Phe_459.9,Circulatory disease NEC,circulatory system,-0.0007924020856087225,1.413189219397573,0.008839538795943062,3.698640023784022e-10
205,Phe_465,Acute upper respiratory infections of multiple or unspecified sites,respiratory,4.4277557940629995e-06,1.5612820716889617,0.003251361326445712,0.021177107600904382
206,Phe_470,Septal Deviations__Turbinate Hypertrophy,respiratory,7.430111162457091e-05,1.5110933853745196,0.005233842930133715,0.00020712736518078352
207,Phe_471,Nasal polyps,respiratory,-6.89888491567011e-05,1.0998683673125438,0.0008568955937641391,0.5435647811225872
208,Phe_473,Diseases of the larynx and vocal cords,respiratory,1.0857338035855248e-05,1.1543188323233624,0.000934505502564084,0.5076848558223417
209,Phe_473.4,Voice disturbance,respiratory,0.00039730188745339655,1.4958950447549795,0.0025075739937084726,0.07547662976924134
210,Phe_474,Acute and chronic tonsillitis,respiratory,-1.7650626393870772e-05,1.0401780021825928,0.00012486984934621256,0.929465770681697
211,Phe_474.2,Chronic tonsillitis and adenoiditis,respiratory,-1.558602258365361e-05,0.9305905078860763,-0.00033855482922888036,0.8103358699035985
212,Phe_475,Chronic sinusitis,respiratory,-3.7812312259111305e-05,1.771454658262476,0.006055959329076039,1.7631303485429358e-05
213,Phe_476,Allergic rhinitis,respiratory,-1.2502122461023665e-05,1.6238334367406029,0.003610909194928735,0.010476605951781936
214,Phe_477,Epistaxis or throat hemorrhage,respiratory,-4.777338606434698e-05,1.5906939788479375,0.004613333609050557,0.0010743722533503443
215,Phe_479,Other upper respiratory disease,respiratory,-1.0146904073307254e-05,1.325116039049001,0.00324455932083056,0.021448778361485312
216,Phe_480,Pneumonia,respiratory,-7.405179262487322e-05,0.9723493611654803,-0.00029383942957543566,0.8349985044220245
217,Phe_480.1,Bacterial pneumonia,respiratory,-7.496572146794554e-05,1.002577900256731,1.3171338410091919e-05,0.9925504031084738
218,Phe_480.11,Pneumococcal pneumonia,respiratory,-9.163076516058813e-05,1.1949331422267522,0.00257730079203435,0.06770204999211192
219,Phe_495,Asthma,respiratory,-1.530872190444547e-05,1.231319850671124,0.006093551505378881,1.563115703552083e-05
220,Phe_496,Chronic airway obstruction,respiratory,-3.4045405695049397e-05,1.448533998248824,0.006545873172833166,3.4798842223961476e-06
221,Phe_496.1,Emphysema,respiratory,-2.19068757722817e-05,1.3903525209714134,0.002701774287076085,0.05546428325968291
222,Phe_496.2,Chronic bronchitis,respiratory,1.956778982219874e-05,0.9971514494270652,-8.086697882888204e-06,0.9954261911067291
223,Phe_496.21,Obstructive chronic bronchitis,respiratory,2.6978875601151553e-05,1.2359541947661268,0.0020706196379489538,0.1421557804084983
224,Phe_496.3,Bronchiectasis,respiratory,5.867791984641381e-05,1.7770640776996591,0.005739710209975076,4.7262892359435906e-05
225,Phe_506,Empyema and pneumothorax,respiratory,-1.8543327516492756e-05,1.297549148049734,0.0016158824322917115,0.2520194988128126
226,Phe_507,Pleurisy; pleural effusion,respiratory,-0.00022856856320356865,1.1077800183352697,0.0014512284011360713,0.3036024420009484
227,Phe_508,Pulmonary collapse; interstitial and compensatory emphysema,respiratory,-1.5003605876811314e-05,1.2399688202406614,0.00188881831882508,0.1805916409778181
228,Phe_509.1,Respiratory failure,respiratory,0.00019374892021448964,0.7915010175215317,-0.0015262566039430264,0.27928611395544023
229,Phe_509.2,Respiratory insufficiency,respiratory,2.0896874046976822e-05,0.7385998240693044,-0.0017815040295418862,0.20663839002106915
230,Phe_512,Other symptoms of respiratory system,respiratory,-0.00043695411700308764,1.3899219461311392,0.0062170171218337445,1.0475171814071031e-05
231,Phe_512.7,Shortness of breath,respiratory,-0.00039741605172638857,1.3232005967546743,0.004137069802589388,0.0033605632482866664
232,Phe_512.8,Cough,respiratory,-0.000506944672412343,1.7649602159095619,0.006856912115488481,1.1694505516921524e-06
233,Phe_514,Abnormal findings examination of lungs,respiratory,-0.009152293591920801,1.4643213113240405,0.003898049958206933,0.005723116207605506
234,Phe_516,Abnormal sputum,respiratory,-6.120506494581318e-05,0.0,-0.001516940028525457,0.2822314280421643
235,Phe_516.1,Hemoptysis,respiratory,-7.49625273708329e-05,1.229885679898208,0.0016663574060405443,0.23750801521733889
236,Phe_519,"Other diseases of respiratory system, not elsewhere classified",respiratory,-5.734411133244679e-05,1.601589143086622,0.0009525715733187302,0.49951473616317843
237,Phe_519.8,"Other diseases of respiratory system, NEC",respiratory,-5.7893766708134585e-05,1.1679836880048837,0.0026329867450687362,0.06197712437702653
238,Phe_520,Disorders of tooth development,digestive,-3.5510239690691446e-05,2.338320148906468,0.00124000868065663,0.3793956453708147
239,Phe_520.2,Disturbances in tooth eruption,digestive,-3.83690679108975e-05,0.9636993689855211,-0.00026273812665903476,0.8522500813847788
240,Phe_521,Diseases of hard tissues of teeth,digestive,-2.2796438478848553e-05,0.0,-0.0007176814000384285,0.6109303956611515
241,Phe_521.1,Dental caries,digestive,-2.2825723693337583e-05,1.1041385802811234,0.0009463899644354208,0.5023023990639368
242,Phe_522,Diseases of pulp and periapical tissues,digestive,9.235380547519947e-06,1.323577442777246,0.0011963650493529113,0.39639759019301246
243,Phe_522.5,Periapical abscess,digestive,1.4310647898235481e-06,1.549002402789423,0.0030023317605609424,0.03331387178188777
244,Phe_523,Gingival and periodontal diseases,digestive,-9.044051324119902e-05,1.170832692585499,0.000592202098526835,0.6746339241568738
245,Phe_523.3,Periodontitis (acute or chronic),digestive,-6.081692956454501e-05,0.0,-0.0004345694529191092,0.7580404457632525
246,Phe_525,Other diseases of the teeth and supporting structures,digestive,4.1974757530223825e-06,1.1569813236776796,0.0012794916271514447,0.3644074020857473
247,Phe_528,"Diseases of the oral soft tissues, excluding lesions specific for gingiva and tongue",digestive,0.00015563703254267586,1.5693423818164214,0.003980415103838949,0.0047781105005614095
248,Phe_529,Diseases and other conditions of the tongue,digestive,-1.6857359091512453e-06,1.2961863353140066,0.0014294121707695534,0.3109294011571041
249,Phe_530,Diseases of esophagus,digestive,-1.4960253296235351e-05,1.061666355916671,0.00024003544611681308,0.8648883071779667
250,Phe_530.1,"Esophagitis, GERD and related diseases",digestive,-2.3086952073753178e-05,1.5741771883327433,0.00874092212863942,5.779425411049657e-10
251,Phe_530.11,GERD,digestive,4.110532838021902e-05,1.52499140146074,0.010846238252918274,1.4847082406088384e-14
252,Phe_530.12,Ulcer of esophagus,digestive,8.039298238376643e-05,1.2033701692652017,0.002212537900158005,0.11678483786356035
253,Phe_530.14,Reflux esophagitis,digestive,-1.0556005322825292e-05,1.2318510951557464,0.0037645365851428766,0.007616992250219177
254,Phe_530.2,Esophageal bleeding (varices__hemorrhage),digestive,9.213906630957608e-05,1.2561965496811418,0.0017180968486578106,0.22325617331637557
255,Phe_530.3,Stricture and stenosis of esophagus,digestive,0.0,1.0223505372973365,0.00015703343511495364,0.9113650252349492
256,Phe_530.9,Heartburn,digestive,3.639318488610603e-05,1.2525317168564944,0.0018137869142823104,0.19853115007247232
257,Phe_531,Peptic ulcer (excl. esophageal),digestive,0.0008716397299661622,1.4468476491996205,0.0061826700634674886,1.1717624988776538e-05
258,Phe_531.2,Gastric ulcer,digestive,0.0006099641150998582,1.516420330030135,0.0053470652115123465,0.00015039084587300735
259,Phe_531.3,Duodenal ulcer,digestive,0.0012251990164620777,1.4321866636411817,0.00370519005544554,0.008626233808464173
260,Phe_532,Dysphagia,digestive,0.00024867956884426956,1.3813547345108703,0.005065726278940276,0.00032943030463876665
261,Phe_535,Gastritis and duodenitis,digestive,6.65665252693433e-05,1.4741722451824748,0.010207522823453283,4.619849214044038e-13
262,Phe_535.1,Acute gastritis,digestive,-4.352425731558356e-06,1.159610342223161,0.0008672942614920797,0.5386851178053684
263,Phe_535.6,Duodenitis,digestive,0.0002903444712438149,1.3087212504201722,0.004269524956453232,0.0024734596443715517
264,Phe_535.8,Other specified gastritis,digestive,5.014312451984502e-05,1.4102815968183444,0.00615280083956007,1.291132945132122e-05
265,Phe_537,Other disorders of stomach and duodenum,digestive,2.5392098939264882e-05,1.132248764723256,0.0012515361871861073,0.3749809514683754
266,Phe_540,Appendiceal conditions,digestive,-7.836132133629972e-05,0.3151374863755348,-0.0017290550824510275,0.22031787926375276
267,Phe_540.1,Appendicitis,digestive,-7.924174057473116e-05,0.7910419989534737,-0.0007448329868188038,0.5975042695049979
268,Phe_540.11,Acute appendicitis,digestive,-7.878513876767626e-05,0.8674413455620769,-0.0009700425482929181,0.4916806416584629
269,Phe_550,Abdominal hernia,digestive,-4.323215389894297e-05,1.1442161621190392,0.001357560002666672,0.3358790540041978
270,Phe_550.1,Inguinal hernia,digestive,-5.161042687916157e-05,1.428073658893177,0.008379041805457338,2.8538734821524203e-09
271,Phe_550.2,Diaphragmatic hernia,digestive,-3.720538144816381e-05,1.365377566365905,0.009908928074561637,2.1505742292771165e-12
272,Phe_550.4,Umbilical hernia,digestive,2.924843995430871e-05,1.357984599752097,0.003473272803376902,0.0138118221914723
273,Phe_550.5,Ventral hernia,digestive,-1.8028932468748019e-06,1.130078203257254,0.0012070426491873922,0.39219605660085866
274,Phe_555,Inflammatory bowel disease and other gastroenteritis and colitis,digestive,0.0001672411702484282,1.4711160801315093,0.0048903762785555945,0.0005269251764581875
275,Phe_555.1,Regional enteritis,digestive,0.00011788939156718819,1.3060538688554952,0.0019762472347850625,0.1612404310956075
276,Phe_555.2,Ulcerative colitis,digestive,0.00020633139082778013,1.436799127641324,0.0037022410652768783,0.008679366682923859
277,Phe_556,Ulceration of the lower GI tract,digestive,6.112739371831523e-06,0.5731176835555069,-0.0013845434816467605,0.3263622561978562
278,Phe_557,Intestinal malabsorption (non-celiac),digestive,9.036293670823383e-06,1.0677260953910812,0.00018579779163817222,0.8952158549035891
279,Phe_557.1,Celiac disease,digestive,1.040285165744844e-05,1.2237585320363962,0.0014648379091863775,0.299090281331417
280,Phe_558,Noninfectious gastroenteritis,digestive,1.5973062417532122e-05,1.2808953178006672,0.005373124126783059,0.0001395886164408438
281,Phe_559,Ileostomy status,digestive,0.0003684461926504916,1.3074478251950143,0.001946919682947414,0.16754900454806046
282,Phe_560.4,Other intestinal obstruction,digestive,-7.983145056745809e-05,1.2902047370571403,0.0026978394353828292,0.055820806654890115
283,Phe_561,Symptoms involving digestive system,digestive,2.5947828207297337e-05,1.4415734364287605,0.00861811733134605,1.0008557947567084e-09
284,Phe_561.2,Flatulence,digestive,1.7288768414358798e-06,1.5763956060043605,0.003912832466056312,0.005541999528345049
285,Phe_562,Diverticulosis and diverticulitis,digestive,5.017267133989971e-05,1.4593207340188497,0.012746296570279706,1.6267824368067768e-19
286,Phe_562.1,Diverticulosis,digestive,3.1446769727176105e-05,1.4593207340188497,0.012746296570279706,1.6267824368067768e-19
287,Phe_563,Constipation,digestive,-0.00038862823576102216,1.4709485165442275,0.008127967412106073,8.322118119202731e-09
288,Phe_564,Functional digestive disorders,digestive,0.0004419077329839899,0.9413527169510741,-0.00027114660044613996,0.8475786468556613
289,Phe_564.1,Irritable Bowel Syndrome,digestive,0.0001533611558088666,1.7757252818359146,0.009335020703709026,3.653275819271222e-11
290,Phe_564.8,Abnormal findings on exam of gastrointestinal tract__ abdominal area,digestive,3.4545038959722473e-06,1.3733975865119459,0.0025199544790822427,0.07404530536683601
291,Phe_564.9,Personal history of diseases of digestive system,digestive,0.000476630621147757,1.457462925971083,0.009479338019623211,1.8196387227464885e-11
292,Phe_565,Anal and rectal conditions,digestive,0.0003141066671875904,1.3360689917852069,0.00482490420634781,0.0006255911066676049
293,Phe_565.1,Anal and rectal polyp,digestive,0.0003456631141272494,1.539346325213102,0.007498779958475735,1.0620975587289625e-07
294,Phe_568,Other disorders of peritoneum,digestive,9.231640414096566e-05,1.3136630050036338,0.0007757116067182276,0.5824003415078707
295,Phe_568.1,Peritoneal adhesions (postoperative) (postinfection),digestive,8.527500848241322e-05,1.1483031398718877,0.0013793734575499458,0.32817196810390126
296,Phe_569,Other disorders of intestine,digestive,-2.530527881867099e-05,1.3734626425294967,0.0036315406605299146,0.010043918115919941
297,Phe_571,Chronic liver disease and cirrhosis,digestive,9.609842557750382e-05,1.136946587798931,0.0012668944302559827,0.3691487548179596
298,Phe_571.5,Other chronic nonalcoholic liver disease,digestive,0.00010088702934947361,1.3004213549705768,0.002117413316090001,0.13336043541763423
299,Phe_572,Ascites (non malignant),digestive,0.0008424167432071918,1.4143065416772993,0.0027100672297955446,0.054719099654375165
300,Phe_573,Other disorders of liver,digestive,-4.335670627139114e-05,1.1462353671110137,0.0009700303997940491,0.49168606611351007
301,Phe_573.7,Abnormal results of function study of liver,digestive,1.0797454769302487e-05,1.266466951926233,0.0026129072321232198,0.06399345668233411
302,Phe_574,Cholelithiasis and cholecystitis,digestive,9.231494466562109e-06,1.2684333274351414,0.005373595245823135,0.00013940022188408714
303,Phe_574.1,Cholelithiasis,digestive,1.1236171443437457e-05,1.0590387848754745,0.0008749326956116004,0.5351147646629892
304,Phe_574.11,Cholelithiasis with acute cholecystitis,digestive,0.00018926598385226207,1.0995235809905022,0.0006175833095029018,0.6615393479083953
305,Phe_574.12,Cholelithiasis with other cholecystitis,digestive,3.6090833404696635e-05,1.331229530027514,0.0038004545396745117,0.007058882326053566
306,Phe_574.2,Calculus of bile duct,digestive,2.897011000022435e-05,1.4964739515060457,0.003956384651658962,0.005038068057432274
307,Phe_574.3,Cholecystitis without cholelithiasis,digestive,2.687331804614296e-05,1.7287191762343537,0.00595117567541741,2.4574579537232906e-05
308,Phe_575,Other biliary tract disease,digestive,4.784939274875953e-06,1.6171783816719936,0.006224647315617516,1.0216771936537175e-05
309,Phe_575.7,Other disorders of gallbladder,digestive,2.8192536996801085e-05,1.8384826723588938,0.004966101219880956,0.00043095773892529393
310,Phe_575.8,Other disorders of biliary tract,digestive,1.887465554985771e-05,1.7537401116798512,0.003956691851220652,0.005034665682104105
311,Phe_577,Diseases of pancreas,digestive,-5.633185837308477e-05,1.4195100241705934,0.0016559850187578694,0.24044080831539383
312,Phe_577.1,Acute pancreatitis,digestive,9.298920313298434e-06,1.5270120222841783,0.0029028234069110887,0.03961503253185604
313,Phe_578.1,Hematemesis,digestive,-0.0006991426952399431,1.1143021237457509,0.0007843621761388262,0.5782012001545458
314,Phe_578.2,Blood in stool,digestive,-4.4705273287020855e-05,0.9421357501442749,-0.0004720612130412765,0.737902710553313
315,Phe_578.9,Hemorrhage of gastrointestinal tract,digestive,8.391726857358456e-06,1.3372115665142015,0.004251865299245478,0.0025778460330677703
316,Phe_579,Other symptoms involving abdomen and pelvis,digestive,-2.245362117190867e-06,1.4434074993249804,0.0023421775894880755,0.09685183862855523
317,Phe_579.8,Nonspecific abnormal findings in stool contents,digestive,-1.2676839286727757e-06,1.2990667493924823,0.002108970896226837,0.1349153493878836
318,Phe_580,Nephritis; nephrosis; renal sclerosis,genitourinary,8.682475809066879e-05,1.1842321196119314,0.0011274413996156852,0.424166179111943
319,Phe_580.1,Glomerulonephritis,genitourinary,0.00044210536949186244,1.397054607263013,0.0019062419435931378,0.17660358401427767
320,Phe_585,Renal failure,genitourinary,1.218577701767776e-05,1.2600986633012696,0.003978409629837011,0.004799331746610406
321,Phe_585.1,Acute renal failure,genitourinary,-2.284497386400226e-05,1.1388735471552591,0.0017753030944223447,0.20822277428032634
322,Phe_585.2,Renal failure NOS,genitourinary,-5.502836464302425e-05,1.0820283202441037,0.0004879837625778451,0.7294035330876356
323,Phe_585.3,Chronic renal failure [CKD],genitourinary,7.746676533165338e-05,1.6261931697813305,0.005721980292000507,4.9878221996785835e-05
324,Phe_586,Other disorders of the kidney and ureters,genitourinary,4.851327446875274e-06,1.6964017331010361,0.0037940794393718506,0.007155178174914079
325,Phe_586.2,"Cyst of kidney, acquired",genitourinary,1.6853087321069747e-05,1.7393362334962108,0.004502480087659017,0.001414343686019998
326,Phe_590,Pyelonephritis,genitourinary,-7.924068721021477e-05,1.4298288775063068,0.002602291692416014,0.06508114380913557
327,Phe_591,Urinary tract infection,genitourinary,0.006443771540923229,1.215961942988034,0.003917334971163254,0.005487871279418698
328,Phe_592,Cystitis and urethritis,genitourinary,-0.00018003736038628174,1.6391350158962832,0.00554796401205882,8.394871180049186e-05
329,Phe_592.1,Cystitis,genitourinary,-0.00018163164670254882,1.6197954850329,0.004320814002243131,0.002191831813579341
330,Phe_593,Hematuria,genitourinary,-7.645411860053299e-06,1.450463773591846,0.008884964219736662,3.0064561382342895e-10
331,Phe_594,Urinary calculus,genitourinary,6.505486338665453e-05,1.2306948152139305,0.0007799994785500152,0.5803171520823529
332,Phe_594.1,Calculus of kidney,genitourinary,5.31249178521753e-05,1.3259320390730474,0.002876726875579358,0.04142593943068931
333,Phe_594.3,Calculus of ureter,genitourinary,4.3269199845738626e-05,1.3684646729794758,0.002796089712938463,0.04747034654837243
334,Phe_594.8,Renal colic,genitourinary,7.408841333339404e-07,1.181924862973346,0.0011883202788118166,0.3995810062860622
335,Phe_595,Hydronephrosis,genitourinary,6.469885752418795e-05,1.1786654409122035,0.0013021292521096242,0.35598318037651466
336,Phe_596,Other disorders of bladder,genitourinary,-0.0001341775273676418,1.530400700150669,0.007238389702773256,2.87940193353932e-07
337,Phe_596.1,Bladder neck obstruction,genitourinary,-4.932449209739579e-05,1.8091451829063585,0.0054042416949544245,0.00012764686256084835
338,Phe_596.5,Functional disorders of bladder,genitourinary,1.7737031219718086e-06,1.222505781272393,0.0013400881775124391,0.34213550611731025
339,Phe_597,Other disorders of urethra and urinary tract,genitourinary,-5.5894469197177974e-05,1.0815541854331492,0.00035171009649507043,0.8031146631545326
340,Phe_597.1,Urethral stricture (not specified as infectious),genitourinary,-5.08327406554491e-05,1.396816689244065,0.0036084797831320977,0.010528632163417892
341,Phe_598,Abnormal findings on examination of urine,genitourinary,-3.2958713198382315e-05,1.326272335767194,0.002907706905683127,0.03928372572567207
342,Phe_599,Other symptoms__disorders or the urinary system,genitourinary,-8.602782478500746e-05,1.1504034957186902,0.0019235359540610117,0.17271046798138043
343,Phe_599.2,Retention of urine,genitourinary,5.178502189617123e-05,1.3433680421606238,0.00474422450176159,0.0007707890806156971
344,Phe_599.3,Dysuria,genitourinary,0.0011468374513082782,1.2157643755146281,0.0011782452058848557,0.40358945525460177
345,Phe_599.4,Urinary incontinence,genitourinary,-0.00043964617425814396,1.3381777413498077,0.004924889137471256,0.0004809505444778815
346,Phe_599.5,Frequency of urination and polyuria,genitourinary,8.688268690832787e-05,1.772425318349195,0.007529836631587657,9.409055238158425e-08
347,Phe_599.9,Other abnormality of urination,genitourinary,2.5525706366606935e-06,1.7422038966882665,0.004857863711738837,0.0005739518439544176
348,Phe_611.3,Lump or mass in breast,genitourinary,-1.0360331103151992e-05,1.0280840908724092,0.00016682601117895405,0.9058627274195882
349,Phe_613,Other nonmalignant breast conditions,genitourinary,-4.4266483021614825e-05,0.0,-0.0005559069840603807,0.6935307637331005
350,Phe_681,Superficial cellulitis and abscess,dermatologic,-5.597342476793486e-05,1.7332561750654414,0.0026190069927792665,0.06337528465494074
351,Phe_681.3,Cellulitis and abscess of arm__hand,dermatologic,-4.6419213371783794e-05,1.0294671072597879,0.0003520101533443235,0.8029501489263144
352,Phe_686,Other local infections of skin and subcutaneous tissue,dermatologic,-2.8441239281002453e-05,2.040221167247524,0.006203356185785584,1.0953470469578683e-05
353,Phe_686.1,Carbuncle and furuncle,dermatologic,-1.483305110039817e-05,1.1278071457748238,0.0009828180923053792,0.48599402277383397
354,Phe_687,Symptoms affecting skin,dermatologic,5.2276218034926084e-05,3.203178286173244,0.005517114010909103,9.192655997599843e-05
355,Phe_687.1,Rash and other nonspecific skin eruption,dermatologic,0.00036090487445217766,1.278158599462995,0.002098331697455047,0.13689477328192204
356,Phe_687.4,Disturbance of skin sensation,dermatologic,-0.0004997714233142459,1.1271728845054079,0.001077766515570721,0.44486664758807704
357,Phe_689,Disorder of skin and subcutaneous tissue NOS,dermatologic,0.005412873154689091,4.9127891394000045,0.047319403678237795,5.956307331271549e-247
358,Phe_695,Erythematous conditions,dermatologic,5.72085189826958e-05,1.943820238256944,0.00751817690233064,9.847470886180597e-08
359,Phe_696,Psoriasis and related disorders,dermatologic,-7.009544310168888e-06,1.5335432969731613,0.0041544777899316316,0.003229395884391864
360,Phe_696.4,Psoriasis,dermatologic,-7.21502065486515e-06,1.7493666949424949,0.004827724723296747,0.0006210084252730053
361,Phe_696.41,Psoriasis vulgaris,dermatologic,-3.0415958310395498e-05,1.7775143663295085,0.005239222773312995,0.00020402907712692295
362,Phe_701,Other hypertrophic and atrophic conditions of skin,dermatologic,0.006194936063807889,6.100835290132359,0.03239174383217331,9.807862635509136e-117
363,Phe_701.2,Scar conditions and fibrosis of skin,dermatologic,0.006261123065639803,4.775801987944298,0.028106519584770322,2.330456478257913e-88
364,Phe_702,Degenerative skin conditions and other dermatoses,dermatologic,0.027972461324892513,21.25745589914971,0.008803271527626472,4.3608473650843675e-10
365,Phe_702.1,Actinic keratosis,dermatologic,0.007595907080605802,9.897330155070224,0.07262315379441686,0.0
366,Phe_702.2,Seborrheic keratosis,dermatologic,0.1967276754554987,116.9160074453234,0.9999999999999999,0.0
367,Phe_703,"Diseases of nail, NOS",dermatologic,5.132702509685448e-05,2.0672771453986454,0.0031565615740134795,0.025246476562131887
368,Phe_704,Diseases of hair and hair follicles,dermatologic,-0.00021271016618166854,2.111667804551296,0.011951933193858642,2.397312914820253e-17
369,Phe_706,Diseases of sebaceous glands,dermatologic,-0.00017761264563391916,2.57422360935777,0.022503069753033567,2.678044138849552e-57
370,Phe_706.2,Sebaceous cyst,dermatologic,-0.0001923809170952954,2.5579817569214702,0.022163798920856473,1.2267840518634965e-55
371,Phe_707,Chronic ulcer of skin,dermatologic,-0.000149847118849746,0.9320658291605254,-0.00039956651436187017,0.7769910529616719
372,Phe_709,Diffuse diseases of connective tissue,dermatologic,5.576739096696454e-05,1.3960120291978915,0.003303114667542933,0.01920648522881404
373,Phe_709.7,Unspecified diffuse connective tissue disease,dermatologic,5.372311406492152e-05,1.222118544724635,0.0015636071004508393,0.26768855885132
374,Phe_714,Rheumatoid arthritis and other inflammatory polyarthropathies,musculoskeletal,4.031922945992259e-06,1.148111366075189,0.00047998899895799254,0.7336669173930932
375,Phe_714.1,Rheumatoid arthritis,musculoskeletal,2.047116731805586e-06,1.5164959808323313,0.004302119092948068,0.002290891672825766
376,Phe_715,Other inflammatory spondylopathies,musculoskeletal,6.528977408065951e-05,1.7417654740457864,0.002253429807363719,0.1101765566698652
377,Phe_716,Other arthropathies,musculoskeletal,5.0003266111777195e-05,0.0,-0.0012905828420781778,0.36026453230596367
378,Phe_716.2,Unspecified monoarthritis,musculoskeletal,2.729313112890773e-05,1.3979950008302748,0.008203188716089885,6.058826452888514e-09
379,Phe_716.9,Arthropathy NOS,musculoskeletal,2.6852093461782394e-06,1.5858280148658848,0.015653925378771156,1.2922972015047565e-28
380,Phe_717,Polymyalgia Rheumatica,musculoskeletal,-5.3547216273199505e-05,1.848238771445704,0.004931330149339791,0.0004727960296467586
381,Phe_720,Spinal stenosis,musculoskeletal,0.0005879530559759668,1.7762038664615711,0.003405908970121326,0.01576254696681478
382,Phe_721,Spondylosis and allied disorders,musculoskeletal,-1.9797390507413895e-05,1.6327068434987482,0.0033699256324516537,0.016900750158954782
383,Phe_721.1,Spondylosis without myelopathy,musculoskeletal,-6.758717778822062e-06,1.4463835972617327,0.0022342279684849876,0.11324189514122564
384,Phe_722,Intervertebral disc disorders,musculoskeletal,0.00011113929198976962,1.284007403304345,0.0037268726804420373,0.008244416573999911
385,Phe_722.6,Degeneration of intervertebral disc,musculoskeletal,-8.987936573775268e-06,1.2693583621922382,0.0023321750664093404,0.09828594163556394
386,Phe_722.9,Other and unspecified disc disorder,musculoskeletal,0.0005807883180603423,1.211146485966748,0.0021177449963930353,0.13329963129671737
387,Phe_724,Other and unspecified disorders of back,musculoskeletal,2.3181699967125847e-05,0.48179673397798106,-0.0018333220130555719,0.19373960941338328
388,Phe_726,Peripheral enthesopathies and allied syndromes,musculoskeletal,-1.1632590651498651e-05,1.488144900122308,0.007121539708684716,4.4566755679854324e-07
389,Phe_726.1,Enthesopathy,musculoskeletal,-1.5798798291222276e-06,1.365147817668006,0.004795359630633244,0.0006755219125442474
390,Phe_727,"Other disorders of synovium, tendon, and bursa",musculoskeletal,-9.210225333707758e-06,1.6996206132066907,0.003318363967057731,0.01865728033347847
391,Phe_727.1,Synovitis and tenosynovitis,musculoskeletal,-2.94317254015894e-05,1.3305294106704444,0.0025439656411906835,0.07133259137016135
392,Phe_727.4,"Ganglion and cyst of synovium, tendon, and bursa",musculoskeletal,-6.9906809202134685e-06,1.5720777893544482,0.004769275848660602,0.0007226582269696651
393,Phe_728,"Disorders of muscle, ligament, and fascia",musculoskeletal,1.623940691664023e-05,0.0,-0.0011498382149540815,0.4150203330528236
394,Phe_728.7,Fasciitis,musculoskeletal,2.420343321228832e-05,1.9760451962589871,0.0024104363296557022,0.08750683373383875
395,Phe_728.71,Contracture of palmar fascia [Dupuytren's disease],musculoskeletal,6.971987332897914e-06,1.5136888101561712,0.004026211808537288,0.004316045602132222
396,Phe_729,Other disorders of soft tissues,musculoskeletal,-0.00027427397156428563,1.8256715716009277,0.004335648250733742,0.002116039464812103
397,Phe_729.1,"Rheumatism, unspecified and fibrositis",musculoskeletal,5.369693933688126e-06,1.2437873132481216,0.0006928214501236594,0.6233392811010972
398,Phe_733,Other disorders of bone and cartilage,musculoskeletal,-2.7994322575503608e-06,2.3402703742183166,0.006088058979458899,1.5909262470776612e-05
399,Phe_733.8,Malunion and nonunion of fracture,musculoskeletal,7.388146098248023e-06,1.5870951236921729,0.0011438214351478949,0.41746579416359897
400,Phe_735,Acquired foot deformities,musculoskeletal,6.523310600132408e-06,1.140643975076326,0.00026390326719708175,0.8516024594284846
401,Phe_735.2,Acquired toe deformities,musculoskeletal,4.447937799900748e-05,1.5810142994634675,0.004152656621042044,0.0032428963526224017
402,Phe_735.21,Hammer toe (acquired),musculoskeletal,0.00016552721822255122,1.5189533261270671,0.003538771194537298,0.012122742404620326
403,Phe_735.23,Hallux rigidus,musculoskeletal,9.176671217924668e-05,1.4785098217793815,0.0028487267366597334,0.04344641767456084
404,Phe_735.3,Hallux valgus (Bunion),musculoskeletal,-2.6176640603919884e-05,1.3148331758131238,0.003944727364516278,0.005168723982478086
405,Phe_736,Other acquired deformities of limbs,musculoskeletal,4.096901747173807e-05,1.7759393535998491,0.0020214136034821697,0.15187806367525697
406,Phe_737,Curvature of spine,musculoskeletal,1.3133220636358131e-05,3.2476668734812058,0.001767082605097855,0.21033672088453229
407,Phe_737.3,Kyphoscoliosis and scoliosis,musculoskeletal,1.1438251485852464e-05,0.9797430791507548,-7.107185763619542e-05,0.9598187771993277
408,Phe_738,Other acquired musculoskeletal deformity,musculoskeletal,5.113040869900625e-05,2.1518283578893875,0.0033389637926135567,0.017937217834267435
409,Phe_738.4,Acquired spondylolisthesis,musculoskeletal,4.7804777975840425e-05,1.7406849743720607,0.0019490293314230222,0.16708910417715347
410,Phe_740,Osteoarthrosis,musculoskeletal,2.3107387309958066e-05,1.5003271843395756,0.012124898295916764,8.301690463572926e-18
411,Phe_740.1,Osteoarthritis; localized,musculoskeletal,3.0226768743597752e-05,1.4995604696431077,0.00788725581086192,2.255597187043869e-08
412,Phe_740.11,"Osteoarthrosis, localized, primary",musculoskeletal,-1.3827306629781099e-05,1.1374317160579337,0.0019724022255701076,0.16205715169293347
413,Phe_740.9,Osteoarthrosis NOS,musculoskeletal,-4.932179579966685e-05,2.0267279592526584,0.01249416233279534,8.209793980858891e-19
414,Phe_741,Symptoms and disorders of the joints,musculoskeletal,-3.301913130953089e-06,0.6540755661276834,-0.0012128345260680716,0.38992835061664
415,Phe_741.4,Joint effusions,musculoskeletal,-6.43444275526833e-05,1.2504385823029243,0.0006348290815678928,0.6527003863581606
416,Phe_742,"Derangement of joint, non-traumatic",musculoskeletal,-5.703042064692215e-05,2.338320148906468,0.00124000868065663,0.3793956453708147
417,Phe_742.9,Other derangement of joint,musculoskeletal,-4.2473869779385523e-05,1.4214712151407103,0.0017366469029416246,0.21829857282471582
418,Phe_743,"Osteoporosis, osteopenia and pathological fracture",musculoskeletal,5.427506717725071e-05,1.6990349213549076,0.007293508608625001,2.3378332988849076e-07
419,Phe_743.1,Osteoporosis,musculoskeletal,5.0249462380193845e-05,1.7447191207713175,0.0075375378448030335,9.129909322772925e-08
420,Phe_743.11,Osteoporosis NOS,musculoskeletal,5.630272737072227e-05,1.7461997038676953,0.007549282761842562,8.719568318510884e-08
421,Phe_745,Pain in joint,musculoskeletal,-0.00024335416407930994,1.4200324790929968,0.002741949432802275,0.051931565059194704
422,Phe_747,Cardiac and circulatory congenital anomalies,congenital anomalies,2.238647099207962e-05,0.0,-0.0008182900237423307,0.5618709826789425
423,Phe_747.1,Cardiac congenital anomalies,congenital anomalies,2.264956747903827e-05,1.169160074453234,0.0003840133050593109,0.7854550951314563
424,Phe_747.13,Congenital anomalies of great vessels,congenital anomalies,1.5343708384790227e-06,0.9659153799269404,-0.00024140630233532583,0.8641241580372967
425,Phe_751,Genitourinary congenital anomalies,congenital anomalies,0.0,1.4600981503347512,0.0028091356480335387,0.04644489917328868
426,Phe_939,Atopic__contact dermatitis due to other or unspecified,dermatologic,0.0025629521270532315,2.1294924975352676,0.00866387542703482,8.163666443190715e-10
