,PheCode,description,category,f_score,RR,phi,pval
0,Phe_112,Candidiasis,infectious diseases,5.557490499420434e-06,2.774420723926593,0.014692057194828703,2.1095117063987144e-25
1,Phe_153,Colorectal cancer,neoplasms,-5.945218580969982e-05,0.0,-0.0008396085228878234,0.5517252650065313
2,Phe_153.2,Colon cancer,neoplasms,-6.503412980229668e-05,1.0987644667432759,0.0009097924879788887,0.5189735402563836
3,Phe_153.3,"Malignant neoplasm of rectum, rectosigmoid junction, and anus",neoplasms,-8.021709832927703e-05,1.1022193463661971,0.0007706623698102165,0.5848578939693942
4,Phe_158,Neoplasm of unspecified nature of digestive system,neoplasms,-8.621372981127963e-06,1.201414586847663,0.0011067850663178198,0.43270483591671594
5,Phe_159,Malignant neoplasm of other and ill-defined sites within the digestive organs and peritoneum,neoplasms,-6.227796593578764e-05,1.5089308801425338,0.0061492364707646675,1.3061291684230659e-05
6,Phe_165,Cancer within the respiratory system,neoplasms,3.09666721159679e-05,3.0148294215527707,0.011533088268397865,2.939590785412301e-16
7,Phe_165.1,Cancer of bronchus; lung,neoplasms,3.0557644921853604e-05,1.7223313681448427,0.006115920015709625,1.4545702367695731e-05
8,Phe_172,Skin cancer,neoplasms,-8.135806075650646e-06,1.0065615042137679,0.00012931191119420476,0.9269635181641034
9,Phe_172.2,Other non-epithelial cancer of skin,neoplasms,-8.238047081851713e-06,1.0673569552026594,0.0011953994679737192,0.39677887227016806
10,Phe_174,Breast cancer,neoplasms,0.00018979145218181453,1.2031158126648922,0.003827126742883983,0.006668495680401
11,Phe_189,Cancer of urinary organs (incl. kidney and bladder),neoplasms,8.908823300343399e-06,1.26034576305889,0.002310369422561226,0.10147109109215674
12,Phe_189.11,"Malignant neoplasm of kidney, except pelvis",neoplasms,2.323958839979808e-06,1.073176756682105,0.0003883468444960328,0.7830941894165292
13,Phe_189.2,Cancer of bladder,neoplasms,1.2163135164868752e-05,1.5339273108842888,0.0024468893411012486,0.08282247555037486
14,Phe_189.21,Malignant neoplasm of bladder,neoplasms,1.31815458178355e-05,1.0595194503345098,0.0004502544235835092,0.7495947849311553
15,Phe_195,"Cancer, suspected or other",neoplasms,-1.2295232649048783e-06,1.1510894492886927,0.0007205519256423911,0.6095046464451827
16,Phe_195.1,"Malignant neoplasm, other",neoplasms,-2.6835836408256297e-06,1.8144787099672206,0.017551671556075635,1.5288266726102076e-35
17,Phe_197,Chemotherapy,neoplasms,7.2236617534984524e-09,1.9301577764319118,0.02184443720987766,4.259468697211918e-54
18,Phe_198,Secondary malignant neoplasm,neoplasms,-4.635959965128405e-05,1.5933702131107785,0.003468339454013928,0.013947082501230803
19,Phe_198.1,Secondary malignancy of lymph nodes,neoplasms,-6.159137268718328e-05,2.0650104540114036,0.013397119023722188,2.154090596496033e-21
20,Phe_198.2,Secondary malignancy of respiratory organs,neoplasms,-1.2592660490176816e-05,1.3189355956148894,0.0026795635375246357,0.057501837772892694
21,Phe_198.3,Secondary malignant neoplasm of digestive systems,neoplasms,-1.2286493063580347e-05,0.9224910766252433,-0.000537861205255888,0.7029985275997482
22,Phe_198.4,Secondary malignant neoplasm of liver,neoplasms,1.2837296125139139e-06,1.0528610663574829,0.0004808975301754716,0.7331820063479543
23,Phe_198.6,Secondary malignancy of bone,neoplasms,7.575013632359026e-07,1.4819772712660888,0.003982286516845422,0.004758384474827568
24,Phe_199,Neoplasm of uncertain behavior,neoplasms,-1.0256874969985476e-05,1.789581862698337,0.004434179907631658,0.0016705979720650697
25,Phe_202,"Cancer of other lymphoid, histiocytic tissue",neoplasms,4.640647076623849e-06,2.9921352799892578,0.011446495861833036,4.88229698799495e-16
26,Phe_202.2,Non-Hodgkins lymphoma,neoplasms,3.609887708394049e-06,1.9878888336153602,0.006294477330359845,8.118450827239753e-06
27,Phe_204,Leukemia,neoplasms,-1.1796538191107601e-05,3.0358978027918218,0.007223926547254455,3.04046539110564e-07
28,Phe_208,Benign neoplasm of colon,neoplasms,-0.0001305183113783581,1.305116237883302,0.007626590875480892,6.431436063808358e-08
29,Phe_211,Benign neoplasm of other parts of digestive system,neoplasms,3.2436639791349374e-05,1.470051424636597,0.006020159236592598,1.9761052069205446e-05
30,Phe_214,Lipoma,neoplasms,0.00024032825780923316,1.482417061475445,0.003378290163143503,0.01662992052050317
31,Phe_214.1,Lipoma of skin and subcutaneous tissue,neoplasms,0.00024283093385137462,1.4284954954926812,0.004880326455225313,0.0005410634221735447
32,Phe_215,Other benign neoplasm of connective and other soft tissue,neoplasms,-1.9553390234758783e-06,0.9862425095030916,-7.35796931053227e-05,0.9584022093953403
33,Phe_216,Benign neoplasm of skin,neoplasms,2.80359325661528e-05,1.1884564455113908,0.0028485674703503335,0.04345814422597353
34,Phe_228,"Hemangioma and lymphangioma, any site",neoplasms,5.268446521092785e-06,1.3708496162730996,0.0023807482740806148,0.09147782069764035
35,Phe_229,Benign neoplasm of unspecified sites,neoplasms,2.7679034023056833e-05,1.8391732935289988,0.006404632574913833,5.622095208658415e-06
36,Phe_241,Nontoxic nodular goiter,endocrine/metabolic,6.508068289123714e-05,0.0,-0.0006016514921739951,0.669747042706378
37,Phe_242,Thyrotoxicosis with or without goiter,endocrine/metabolic,-6.076898961815131e-06,2.4899688119389065,0.009578542975044901,1.1202722648911014e-11
38,Phe_244,Hypothyroidism,endocrine/metabolic,1.2087595198103742e-06,1.8733910004138195,0.018265265128953146,2.3848884212657473e-38
39,Phe_244.1,Secondary hypothyroidism,endocrine/metabolic,2.420943914282114e-06,2.7329831665755284,0.010095362027973896,8.274894640982253e-13
40,Phe_244.4,Hypothyroidism NOS,endocrine/metabolic,1.2796774257441502e-06,1.8755170902072804,0.017852813927474818,1.0311271827566231e-36
41,Phe_250.1,Type 1 diabetes,endocrine/metabolic,3.235795099611793e-06,3.2663828246153273,0.01946428964299225,2.582759919963643e-43
42,Phe_250.2,Type 2 diabetes,endocrine/metabolic,1.2204433263055141e-05,2.165292489657004,0.028680218262219958,6.323678283043781e-92
43,Phe_250.23,Type 2 diabetes with ophthalmic manifestations,endocrine/metabolic,7.346717224472575e-06,2.355818061229977,0.008961963221977032,2.111128136137238e-10
44,Phe_250.7,Diabetic retinopathy,endocrine/metabolic,6.3407667651994135e-06,2.3647219216952706,0.0090919901570376,1.1544076105920018e-10
45,Phe_260,Protein-calorie malnutrition,endocrine/metabolic,2.0444134098720125e-06,6.2772322990056475,0.013356143658647504,2.8458010987811e-21
46,Phe_261,Vitamin deficiency,endocrine/metabolic,-3.8668265712223976e-05,0.0,-0.0008281839212585559,0.5571511620585758
47,Phe_272,Disorders of lipoid metabolism,endocrine/metabolic,0.00011419949734031388,1.773450077599869,0.026192333620555994,5.593904865467777e-77
48,Phe_272.1,Hyperlipidemia,endocrine/metabolic,0.00011380366991036622,1.9514213731977739,0.011716366554721493,9.922102505448622e-17
49,Phe_272.11,Hypercholesterolemia,endocrine/metabolic,0.00011254541709084713,1.7791682823364758,0.025299126739785332,6.089718987002456e-72
50,Phe_274,Gout and other crystal arthropathies,endocrine/metabolic,-1.3231711027776073e-05,2.109150052465897,0.009282816217714367,4.689009243462087e-11
51,Phe_274.1,Gout,endocrine/metabolic,-2.0036303324150515e-05,2.1622227937674623,0.009130727115304252,9.628549100735847e-11
52,Phe_275,Disorders of mineral metabolism,endocrine/metabolic,-1.1858957410672632e-05,6.591093913955928,0.0030869079536738355,0.028652537428733752
53,Phe_275.5,Disorders of calcium__phosphorus metabolism,endocrine/metabolic,3.560313603105165e-05,2.0788106537357,0.006463235428818116,4.612816064232522e-06
54,Phe_276,"Disorders of fluid, electrolyte, and acid-base balance",endocrine/metabolic,-1.1905506250351373e-06,2.454341277268874,0.0234807550386769,3.1712583846588943e-62
55,Phe_276.1,Electrolyte imbalance,endocrine/metabolic,2.2272123793934317e-06,2.6364375655823715,0.003500005962847566,0.013098820530028855
56,Phe_276.12,Hyposmolality and__or hyponatremia,endocrine/metabolic,1.1468990140854348e-05,1.7756828352666658,0.006359832867038319,6.5328675146869e-06
57,Phe_276.14,Hypopotassemia,endocrine/metabolic,8.406256774177501e-07,2.2421316540143335,0.008979080397135134,1.9507876516695156e-10
58,Phe_276.5,Hypovolemia,endocrine/metabolic,-3.248227903581181e-05,2.86557849286076,0.01830834996989198,1.6012377228420534e-38
59,Phe_277,Other disorders of metabolism,endocrine/metabolic,-6.083780318094981e-07,2.9410458898926852,0.01041262049758633,1.5658993817941397e-13
60,Phe_278,"Overweight, obesity and other hyperalimentation",endocrine/metabolic,-0.00020901584083969518,0.0,-0.00027605251695196555,0.8448555631085939
61,Phe_278.1,Obesity,endocrine/metabolic,-0.00021172125887404582,2.2140856242348437,0.02367340157675606,3.205732571747795e-63
62,Phe_280,Iron deficiency anemias,hematopoietic,9.027514828457497e-06,1.883888511630735,0.014148555290855762,1.1246364033075297e-23
63,Phe_280.1,"Iron deficiency anemias, unspecified or not due to blood loss",hematopoietic,-5.205677714171704e-07,1.8498365952100837,0.013303544446972019,4.063700399337818e-21
64,Phe_281,Other deficiency anemia,hematopoietic,9.679077818561523e-06,0.0,-0.00041408083553263266,0.7691161587068402
65,Phe_281.1,Megaloblastic anemia,hematopoietic,8.306209129981017e-06,13.182187827911855,0.006725927533655468,1.8616556118846958e-06
66,Phe_285,Other anemias,hematopoietic,-4.388153619665379e-06,2.011482685097024,0.019152298332306646,5.422089484806793e-42
67,Phe_287,Purpura and other hemorrhagic conditions,hematopoietic,-6.585242560514555e-06,7.682334628187043,0.011335532902897169,9.302800423592836e-16
68,Phe_287.3,Thrombocytopenia,hematopoietic,2.3847543118691728e-05,2.8149802974087605,0.011290308418765594,1.207722496080713e-15
69,Phe_288,Diseases of white blood cells,hematopoietic,1.0718559796084926e-05,2.1874372814875573,0.004964946760748566,0.000432289500423429
70,Phe_289,Other diseases of blood and blood-forming organs,hematopoietic,2.5169795457887882e-05,2.2467643701367748,0.004719425232193148,0.0008213525450332991
71,Phe_289.4,Lymphadenitis,hematopoietic,3.4839360389299955e-05,1.7368861051525948,0.006513521989403036,3.887349828504755e-06
72,Phe_290,Delirium dementia and amnestic and other cognitive disorders,mental disorders,0.0004921257453153019,2.8300742229415286,0.006725916683548989,1.8617266688911728e-06
73,Phe_292,Neurological disorders,mental disorders,0.0004107877425016077,1.6398893948598483,0.0025558160870166654,0.07002409113158668
74,Phe_292.1,Aphasia__speech disturbance,mental disorders,0.00012634164882867108,2.7567728901525212,0.011932407235531003,2.6996775070366198e-17
75,Phe_292.4,Altered mental status,mental disorders,0.0005069550319849187,2.2907544406525706,0.011054767428660142,4.6262301463993085e-15
76,Phe_293,Symptoms involving head and neck,mental disorders,5.131247741442533e-07,1.9480604392224983,0.006962337563519954,7.995361322666616e-07
77,Phe_296,Mood disorders,mental disorders,1.0611410936594032e-05,0.9250658124850426,-0.00011044388722825163,0.937596725829519
78,Phe_296.1,Bipolar,mental disorders,2.945551333561937e-05,3.0262290210053417,0.011215253394937763,1.858311034123887e-15
79,Phe_296.2,Depression,mental disorders,9.859734903836447e-06,2.824754534552541,0.005963491156788347,2.364050256984494e-05
80,Phe_300,Anxiety disorders,mental disorders,9.038390416095363e-06,4.291875106762,0.010326455575580306,2.473210936676867e-13
81,Phe_300.1,Anxiety disorder,mental disorders,1.2477837418567137e-05,2.649631870629204,0.022752718479492992,1.547463046355291e-58
82,Phe_306,Other mental disorder,mental disorders,9.870460139869625e-05,1.7350781834224893,0.02285012287335678,5.04472575598133e-59
83,Phe_317,Alcohol-related disorders,mental disorders,2.5946989045254135e-05,2.4614249577027034,0.018151380385824104,6.805254222658132e-38
84,Phe_317.1,Alcoholism,mental disorders,2.4520342960294874e-05,2.0731252529877495,0.016709452856121746,2.2645039148020172e-32
85,Phe_318,Tobacco use disorder,mental disorders,3.331398425731812e-05,2.6340227351481733,0.039119806229750365,2.1982733697055475e-169
86,Phe_327,Sleep disorders,neurological,-4.619720569360796e-05,1.9244069821769136,0.0047290762192392505,0.0008013199927728485
87,Phe_327.3,Sleep apnea,neurological,-4.186166433218349e-05,2.181985337681461,0.013608655465677398,5.048163624211054e-22
88,Phe_331,Other cerebral degenerations,neurological,0.00035777010579897075,2.5596481219246328,0.004371327368996139,0.0019434838363264562
89,Phe_332,Parkinson's disease,neurological,-3.364985911828667e-05,2.775197437455128,0.010807434741136802,1.8401107519438497e-14
90,Phe_334,Degenerative disease of the spinal cord,neurological,5.7908117469504544e-05,1.8543023454952658,0.005565612188785075,7.968385906204787e-05
91,Phe_335,Multiple sclerosis,neurological,-1.6679621172145212e-05,2.32101726992579,0.007688956924727479,5.0204954317649926e-08
92,Phe_339,Other headache syndromes,neurological,-1.4388287649970424e-05,2.0170743439858043,0.015088742955259622,1.0554950563755197e-26
93,Phe_340,Migraine,neurological,-8.981670888216108e-06,2.3363198789982835,0.012065581072777994,1.1962954524454488e-17
94,Phe_342,Hemiplegia,neurological,2.846761012644693e-05,2.6578720173350736,0.011377430494908459,7.298039131941185e-16
95,Phe_345,"Epilepsy, recurrent seizures, convulsions",neurological,1.7031613870199634e-06,2.4302046059067948,0.013640879828075667,4.0391851048860683e-22
96,Phe_345.3,Convulsions,neurological,4.787600912547404e-06,2.5319928601031183,0.012246553246822408,3.902739649981732e-18
97,Phe_348,Other conditions of brain,neurological,3.1475816842512933e-06,5.065644230813291,0.008493879215060092,1.7312904583805066e-09
98,Phe_350,Abnormal movement,neurological,-1.3954528010313348e-05,2.4813530029010553,0.014676373571347377,2.370872324905117e-25
99,Phe_350.2,Abnormality of gait,neurological,-2.7463723480933194e-05,2.6151891537084904,0.012703228264332574,2.1497327123551513e-19
100,Phe_351,Other peripheral nerve disorders,neurological,6.870918452766587e-06,1.5384388617986542,0.009858121932847975,2.7816324567989617e-12
101,Phe_352,Disorders of other cranial nerves,neurological,-4.181731336003409e-06,1.9897642004395257,0.0014066643197888603,0.31869247940358214
102,Phe_353,Nerve root and plexus disorders,neurological,1.8048438461872144e-05,1.9331653451805,0.005131053417877296,0.00027551647618969657
103,Phe_357,Inflammatory and toxic neuropathy,neurological,3.4340171911467165e-05,3.1535225058856864,0.014206579458755583,7.408044780484053e-24
104,Phe_361,Retinal detachments and defects,sense organs,-3.1442382434583074e-05,0.8861975010360913,-0.0008418380856018532,0.5506694121155284
105,Phe_361.1,Retinal detachment with retinal defect,sense organs,6.578413492477692e-06,1.1224569463199148,0.0007522483169068769,0.5938609289661192
106,Phe_362,Other retinal disorders,sense organs,-4.252677617995131e-05,1.2808603557485205,0.0014945687338630484,0.28938957727158815
107,Phe_362.2,Degeneration of macula and posterior pole of retina,sense organs,-5.022703037634689e-05,1.3078758867480254,0.0026816572506170285,0.057307146374578045
108,Phe_362.29,Macular degeneration (senile) of retina NOS,sense organs,-4.797877444058134e-05,1.3078758867480254,0.0026816572506170285,0.057307146374578045
109,Phe_365,Glaucoma,sense organs,0.00011492380372811544,1.3934753861794,0.0041973956733348155,0.0029257027774993423
110,Phe_365.1,Open-angle glaucoma,sense organs,0.00010442527505390151,1.2943023267533518,0.00176177239366099,0.21171050343611078
111,Phe_365.11,Primary open angle glaucoma,sense organs,0.00011818257262427283,1.299155093913113,0.0017874620771835832,0.20512432768198793
112,Phe_366,Cataract,sense organs,1.0561601551617796e-05,1.3394395548077622,0.00792701813736858,1.9168144212472517e-08
113,Phe_366.2,Senile cataract,sense organs,5.686600754256896e-05,1.1233073976251366,0.0021178175990251243,0.13328632453815664
114,Phe_367,Disorders of refraction and accommodation; blindness and low vision,sense organs,1.6358737833105229e-06,0.0,-0.0016507823207441677,0.24192144187138231
115,Phe_367.1,Myopia,sense organs,2.1922506319863613e-06,1.114879893182358,0.0007248383764853913,0.6073783857670791
116,Phe_368,Visual disturbances,sense organs,6.333877264905073e-07,1.970574190067595,0.005465501365416292,0.000106895915043742
117,Phe_371,Inflammation of the eye,sense organs,-4.972415838960919e-06,3.6873252665487715,0.00443618904010782,0.0016624869164769528
118,Phe_371.3,Inflammation of eyelids,sense organs,-4.62143548501427e-06,0.9592859547297896,-0.0003237870152483347,0.8184614846655941
119,Phe_374,Other disorders of eyelids,sense organs,3.615557932870163e-05,1.2279984858701158,0.002050009496779563,0.14616818255730774
120,Phe_374.1,Ectropion or entropion,sense organs,1.8936374356600037e-05,1.0005455656859095,2.998867259410347e-06,0.9983038428379575
121,Phe_374.3,Ptosis of eyelid,sense organs,9.358055392869647e-07,1.3349050964974032,0.0024021413594283838,0.0886020830360056
122,Phe_375,Disorders of lacrimal system,sense organs,-1.3526504972675194e-05,1.4492947005626617,0.003092166420638844,0.02838225416099962
123,Phe_378,Strabismus and other disorders of binocular eye movements,sense organs,2.0715914092389223e-07,3.295546956977964,0.003585142913341875,0.01104022140780717
124,Phe_379,Other disorders of eye,sense organs,4.512639398534955e-06,1.3937114884135884,0.0011584099429836033,0.41155109958561
125,Phe_379.2,Disorders of vitreous body,sense organs,-9.778587417707531e-06,1.2548489126998437,0.0016157181577880811,0.2520677153387204
126,Phe_379.3,Aphakia and other disorders of lens,sense organs,9.567488146101017e-06,0.8491468157961184,-0.0011869934975262692,0.4001075035681617
127,Phe_380,Disorders of external ear,sense organs,-2.854254840519398e-06,0.9554473623854574,-0.00018289240261184012,0.8968451706910271
128,Phe_381,Otitis media and Eustachian tube disorders,sense organs,2.587144083886906e-06,1.7475203343055288,0.005627172670321002,6.635561529229599e-05
129,Phe_381.1,Otitis media,sense organs,2.188551177748395e-06,1.6235584728568837,0.0032581545337183396,0.02090878487637259
130,Phe_384,Other disorders of tympanic membrane,sense organs,1.8729281348140013e-05,1.2654900314795383,0.0008198027683685399,0.5611480876605317
131,Phe_384.4,Perforation of tympanic membrane,sense organs,2.6064576643377704e-05,1.1363955024061947,0.0007033670403699321,0.6180620897940424
132,Phe_386,Vertiginous syndromes and other disorders of vestibular system,sense organs,0.00010256025978122632,3.228290896631475,0.0030449997671208174,0.03088692072917965
133,Phe_386.9,Dizziness and giddiness (Light-headedness and vertigo),sense organs,0.00016087944335745776,1.983209040410624,0.01166787409314796,1.3246686622813495e-16
134,Phe_389,Hearing loss,sense organs,1.3813884950946262e-06,1.8894306897782787,0.00908204118680449,1.2093319479708663e-10
135,Phe_394,Rheumatic disease of the heart valves,circulatory system,4.1464820731358975e-05,3.018461613546901,0.011428070372126595,5.436259603703448e-16
136,Phe_394.2,Mitral valve disease,circulatory system,3.209998778975989e-05,2.880186699199839,0.01833592650980627,1.2402446168894758e-38
137,Phe_394.3,Aortic valve disease,circulatory system,0.0001699264156066155,2.730773373013756,0.011033091929524423,5.227592248737566e-15
138,Phe_394.7,Disease of tricuspid valve,circulatory system,1.676455557159026e-06,3.1972445783101615,0.013742652110968024,1.9905672585372854e-22
139,Phe_395,Heart valve disorders,circulatory system,3.5648720752299635e-05,3.142722494225243,0.024699133861003583,1.1758839033712539e-68
140,Phe_395.1,Nonrheumatic mitral valve disorders,circulatory system,3.375801385573846e-05,2.896819635909336,0.018166461890874397,5.925181943436197e-38
141,Phe_395.6,Heart valve replaced,circulatory system,6.978853073788042e-05,4.745815782268569,0.02491192740568219,8.203762631857529e-70
142,Phe_396,Abnormal heart sounds,circulatory system,0.0,2.4945594943416878,0.008497221942674582,1.7061195442482558e-09
143,Phe_401.1,Essential hypertension,circulatory system,2.429671438814992e-05,1.6894619550863998,0.036343961034264266,1.8364663820675934e-146
144,Phe_401.2,Hypertensive heart and__or renal disease,circulatory system,1.4431055139571902e-06,1.8501316249700852,0.0008859479752483316,0.5299871021584799
145,Phe_401.22,Hypertensive chronic kidney disease,circulatory system,1.7785258776344416e-06,3.197219761918949,0.013853390682657814,9.16307054048214e-23
146,Phe_402,Elevated blood pressure reading without diagnosis of hypertension,circulatory system,5.793158418703549e-05,2.0537466543485863,0.0068493912510913454,1.2013605701179362e-06
147,Phe_411.1,Unstable angina (intermediate coronary syndrome),circulatory system,0.00016742971365151893,2.1493740525929943,0.013239052545068535,6.277759304437442e-21
148,Phe_411.2,Myocardial infarction,circulatory system,0.00015622543566687507,2.0290740927347577,0.019104979657871987,8.567121020414135e-42
149,Phe_411.3,Angina pectoris,circulatory system,0.0001289947392415076,2.017882521888728,0.021705431530548953,1.9632634042487467e-53
150,Phe_411.4,Coronary atherosclerosis,circulatory system,0.00012786758444615327,1.8061263579065276,0.01919062070133526,3.740356206667335e-42
151,Phe_411.8,"Other chronic ischemic heart disease, unspecified",circulatory system,0.00014355868374443307,2.2795630536888067,0.02671364217334028,5.340833122166914e-80
152,Phe_411.9,Other acute and subacute forms of ischemic heart disease,circulatory system,0.00014696489956182498,2.1926807476130614,0.007413692034971173,1.47665745774069e-07
153,Phe_414,Other forms of chronic heart disease,circulatory system,0.00019365696029744205,2.143577201459027,0.00902348492994578,1.5882796727592711e-10
154,Phe_415,Pulmonary heart disease,circulatory system,0.0004020250167604246,2.0029730352571216,0.010250032011074488,3.6981450476272905e-13
155,Phe_416,Cardiomegaly,circulatory system,3.7477928628313015e-06,2.287374661508429,0.011873854608209188,3.8504728882869003e-17
156,Phe_418,Nonspecific chest pain,circulatory system,9.094169398090618e-05,1.6716833728848106,0.01958967964512092,7.495069384278588e-44
157,Phe_418.1,Precordial pain,circulatory system,6.12680373275753e-05,2.0199068933592956,0.010729659313905836,2.822798059936293e-14
158,Phe_420,Carditis,circulatory system,0.00010884606972534648,0.0,-0.000534579251553365,0.7047254267574865
159,Phe_420.2,Pericarditis,circulatory system,0.00017154100182442737,2.1249352860191824,0.006482452529080086,4.321456957847804e-06
160,Phe_425,Cardiomyopathy,circulatory system,1.6388308808621242e-05,3.6364656076998223,0.0019597182115574704,0.16477351293148734
161,Phe_425.1,Primary__intrinsic cardiomyopathies,circulatory system,1.7296845175751588e-05,3.1858308437370213,0.012170376386155531,6.266141161686098e-18
162,Phe_426,Cardiac conduction disorders,circulatory system,0.00017527158946437188,1.2808603557485205,0.000609404514983688,0.6657478659669096
163,Phe_426.2,Atrioventricular [AV] block,circulatory system,-9.024534870974627e-07,0.5299371991120345,-0.0009154369122708143,0.5163838425554057
164,Phe_426.3,Bundle branch block,circulatory system,8.417691859291659e-05,3.49341623596836,0.007567233837225933,8.126692922420395e-08
165,Phe_426.31,Right bundle branch block,circulatory system,6.25243175130732e-05,2.1652871261056736,0.008270091124911397,4.558021120831988e-09
166,Phe_426.32,Left bundle branch block,circulatory system,6.036038020711333e-05,1.6649320199176547,0.005022465089482447,0.0003704060894973256
167,Phe_426.9,Cardiac pacemaker__device in situ,circulatory system,0.0002013612199162493,2.1905119239260062,0.0030175492258604775,0.03243021152975248
168,Phe_426.91,Cardiac pacemaker in situ,circulatory system,0.00022123114014656252,2.750572130803872,0.01478993115986493,1.0148945537498158e-25
169,Phe_427,Cardiac dysrhythmias,circulatory system,0.00015162193058522108,1.938387356752028,0.025718645611611753,2.7577299406712e-74
170,Phe_427.1,"Paroxysmal tachycardia, unspecified",circulatory system,3.249524690545141e-05,1.3349050964974032,0.0005811370631481126,0.6803738348606125
171,Phe_427.11,Paroxysmal supraventricular tachycardia,circulatory system,4.257365636313577e-05,1.88096715205292,0.007135356733431861,4.2337885998416595e-07
172,Phe_427.2,Atrial fibrillation and flutter,circulatory system,0.00012136328458435773,2.0375221938690746,0.02161286568568471,5.402091184146254e-53
173,Phe_427.3,Other specified cardiac dysrhythmias,circulatory system,5.7524645451298766e-05,1.9640193587949444,0.00955188227017246,1.2768637300315668e-11
174,Phe_427.4,Cardiac arrest and ventricular fibrillation,circulatory system,2.1809852802926178e-05,2.1499438590216933,0.006955403854767003,8.199198951451786e-07
175,Phe_427.7,Tachycardia NOS,circulatory system,-4.382724730020954e-05,2.282376582857103,0.010664265861830518,4.0357512199264016e-14
176,Phe_427.9,Palpitations,circulatory system,0.000152726773728254,1.8609052871588998,0.008996110051849521,1.8030954047270287e-10
177,Phe_428,Congestive heart failure; nonhypertensive,circulatory system,0.00026053580621073554,2.6644377409574775,0.02192390594473576,1.7704207586880084e-54
178,Phe_428.1,Congestive heart failure (CHF) NOS,circulatory system,0.00014954850987282798,3.4207174402344047,0.020139165438990244,3.0190099617188303e-46
179,Phe_428.2,Heart failure NOS,circulatory system,0.000265192952837452,2.687956736362656,0.019717801949034695,2.1000452637748789e-44
180,Phe_430,Intracranial hemorrhage,circulatory system,3.969789608112862e-05,3.4958288162418185,0.004635454245292823,0.001016314215211076
181,Phe_433,Cerebrovascular disease,circulatory system,0.0002775615444929116,2.52180984533966,0.010096723748752402,8.216850760666465e-13
182,Phe_433.1,Occlusion and stenosis of precerebral arteries,circulatory system,0.00020775549910282074,1.2406765014505277,0.0013013723017282306,0.35626286729948564
183,Phe_433.2,Occlusion of cerebral arteries,circulatory system,0.0001608510201414112,1.9309447866166936,0.008690494769445145,7.247759512215362e-10
184,Phe_433.21,"Cerebral artery occlusion, with cerebral infarction",circulatory system,6.068770050596332e-05,2.5044711985802577,0.010893494916339659,1.1420823148157627e-14
185,Phe_433.3,Cerebral ischemia,circulatory system,0.0030681271993546924,2.8761137079080417,0.010882717623334977,1.2126222079046863e-14
186,Phe_433.31,Transient cerebral ischemia,circulatory system,0.012174595943483028,1.929310730775731,0.007118350976517383,4.509699053205923e-07
187,Phe_433.8,Late effects of cerebrovascular disease,circulatory system,-3.5040535214836985e-05,2.4549294815724902,0.009041579757209236,1.4602371908420209e-10
188,Phe_440,Atherosclerosis,circulatory system,0.00011480814138828556,2.4336346759221894,0.0031915197822482847,0.023673225774254524
189,Phe_442,Other aneurysm,circulatory system,6.042736958054786e-05,0.0,-0.0009463008431764341,0.5023426493375567
190,Phe_442.1,Aortic aneurysm,circulatory system,3.276221147327303e-05,2.5969192294815646,0.0067424907639976215,1.7561682652496172e-06
191,Phe_443,Peripheral vascular disease,circulatory system,3.3147194999597984e-05,2.3616368115870414,0.014735443824097002,1.52607993406973e-25
192,Phe_443.1,Raynaud's syndrome,circulatory system,1.9559598949115796e-05,2.2375126184730343,0.00724157015528657,2.845105702884345e-07
193,Phe_443.9,"Peripheral vascular disease, unspecified",circulatory system,0.0001518255832350125,2.3346566618490434,0.011660647230416316,1.3828267474154039e-16
194,Phe_447,Other disorders of arteries and arterioles,circulatory system,0.00013845275675901503,1.27210497736182,0.0010822616501013614,0.4429700522720833
195,Phe_451,Phlebitis and thrombophlebitis,circulatory system,0.0003853747812300303,3.1304638997638548,0.00683064306736187,1.284595330967141e-06
196,Phe_451.2,Phlebitis and thrombophlebitis of lower extremities,circulatory system,0.00038629838382606065,2.1918618192292656,0.0118082653291808,5.719663492701703e-17
197,Phe_454,Varicose veins,circulatory system,2.051648027944811e-05,1.9897642004395257,0.0037240418956776527,0.00829339126438667
198,Phe_454.1,Varicose veins of lower extremity,circulatory system,1.3987008178757252e-05,0.8818745863968908,-0.0019816210294820763,0.16010419398561754
199,Phe_455,Hemorrhoids,circulatory system,-0.0035018541436906926,1.1684861014899275,0.004321392739997414,0.002188828836423392
200,Phe_458,Hypotension,circulatory system,-5.836323677725707e-07,2.3677850329928036,0.007881876990220834,2.3056699947227865e-08
201,Phe_458.1,Orthostatic hypotension,circulatory system,7.933424427629554e-06,2.721762665001055,0.011769948470926911,7.200108622061041e-17
202,Phe_458.9,Hypotension NOS,circulatory system,5.810490101662105e-07,2.2654858713761272,0.013723416464551597,2.276320591178061e-22
203,Phe_459,Other disorders of circulatory system,circulatory system,0.0003872530826935649,2.597475434071302,0.003142171855653881,0.025919900250484455
204,Phe_459.9,Circulatory disease NEC,circulatory system,0.0003817300543015997,2.4035779354416626,0.03163144592639677,2.083344902217129e-111
205,Phe_465,Acute upper respiratory infections of multiple or unspecified sites,respiratory,6.295924351128772e-06,3.087353697754395,0.012737435526934663,1.7229335126188198e-19
206,Phe_470,Septal Deviations__Turbinate Hypertrophy,respiratory,-1.9062072856743572e-05,1.293099452216043,0.0031618212897791473,0.025004134510274785
207,Phe_471,Nasal polyps,respiratory,7.397672416852143e-06,1.1160836354770152,0.0010492351911209135,0.4570120841833567
208,Phe_473,Diseases of the larynx and vocal cords,respiratory,-1.4678089526917252e-06,1.7848942616072472,0.005006981378339057,0.0003861955865622696
209,Phe_473.4,Voice disturbance,respiratory,-2.145030630290056e-05,1.775378832042001,0.004130283066584096,0.003413001666228246
210,Phe_474,Acute and chronic tonsillitis,respiratory,-6.925408834367858e-06,1.6888212163872842,0.0022551615218900614,0.10990336371687244
211,Phe_474.2,Chronic tonsillitis and adenoiditis,respiratory,-5.006365395903102e-06,1.4498498913477587,0.002311424190926256,0.10131515203892023
212,Phe_475,Chronic sinusitis,respiratory,9.126923687683905e-06,1.9233270680455012,0.007635368453794575,6.211826642619283e-08
213,Phe_476,Allergic rhinitis,respiratory,3.303409348095976e-05,2.169907461384668,0.007133477850064029,4.263453160467556e-07
214,Phe_477,Epistaxis or throat hemorrhage,respiratory,1.1969381124678111e-06,2.4511097548498237,0.011938629284275236,2.5994549096860663e-17
215,Phe_479,Other upper respiratory disease,respiratory,-3.952735328298394e-07,2.2433854089000826,0.013071486480795785,1.924730602754969e-20
216,Phe_480,Pneumonia,respiratory,3.424549644481632e-05,2.4037748942318866,0.01571463367027274,7.977397085297605e-29
217,Phe_480.1,Bacterial pneumonia,respiratory,3.330780954162788e-05,2.5042678723209857,0.00809637968150398,9.500809112951695e-09
218,Phe_480.11,Pneumococcal pneumonia,respiratory,3.8082613614748896e-05,2.345848254746639,0.018744653087734594,2.6897524717060132e-40
219,Phe_495,Asthma,respiratory,6.882824489423205e-06,1.9281209215025978,0.025755147024705174,1.7170662355444407e-74
220,Phe_496,Chronic airway obstruction,respiratory,2.38640890969714e-05,2.491190695487101,0.02292489166238954,2.1270398024538498e-59
221,Phe_496.1,Emphysema,respiratory,3.471568165883057e-05,2.5461811444182905,0.011273384930607226,1.3312881533545404e-15
222,Phe_496.2,Chronic bronchitis,respiratory,1.555283884523699e-05,2.473416905876852,0.004406307689847735,0.001786940737301584
223,Phe_496.21,Obstructive chronic bronchitis,respiratory,1.1418400924313417e-05,2.5142814390619104,0.013998487470883694,3.2851313760698236e-23
224,Phe_496.3,Bronchiectasis,respiratory,5.416775027534877e-06,1.9702319996119053,0.007549368335802853,8.716645110037381e-08
225,Phe_506,Empyema and pneumothorax,respiratory,3.486409364015572e-05,2.0943662904159024,0.006260595477108073,9.079123173075655e-06
226,Phe_507,Pleurisy; pleural effusion,respiratory,1.1623890319346776e-05,1.9372450448057645,0.013293904566988281,4.337224919375411e-21
227,Phe_508,Pulmonary collapse; interstitial and compensatory emphysema,respiratory,-5.296008255202015e-06,2.060291706288205,0.00879149274128917,4.59982637966159e-10
228,Phe_509.1,Respiratory failure,respiratory,1.2522917837115015e-05,2.7197292746175337,0.013261284378427132,5.404977160666369e-21
229,Phe_509.2,Respiratory insufficiency,respiratory,1.3520516574227646e-05,2.66484956461689,0.01195247428881544,2.3894282483716405e-17
230,Phe_512,Other symptoms of respiratory system,respiratory,6.75116859624635e-06,2.082169823763608,0.01817614134445782,5.420951612102155e-38
231,Phe_512.7,Shortness of breath,respiratory,4.573828200621514e-06,2.3194795580182297,0.017792019616058963,1.783643160586026e-36
232,Phe_512.8,Cough,respiratory,-4.0912535162110345e-06,1.8876369889440312,0.00838160159574616,2.8224537142064828e-09
233,Phe_514,Abnormal findings examination of lungs,respiratory,4.598361258207739e-06,2.0459584251572434,0.00925007158821669,5.47993479526315e-11
234,Phe_516,Abnormal sputum,respiratory,-3.047478679387795e-06,4.721977729401262,0.0059476317271454845,2.4849812335788007e-05
235,Phe_516.1,Hemoptysis,respiratory,-2.513364322533932e-06,1.8720266737862994,0.0066586761686213735,2.3559497349654316e-06
236,Phe_519,"Other diseases of respiratory system, not elsewhere classified",respiratory,1.3096090049056317e-05,2.1669349854101685,0.0019464631020459581,0.16764866357931113
237,Phe_519.8,"Other diseases of respiratory system, NEC",respiratory,1.2943276136204483e-05,2.296508789338677,0.021407153053939993,5.044150255403275e-52
238,Phe_520,Disorders of tooth development,digestive,-3.583746786116455e-05,16.873200419727176,0.01549284216896314,4.606608967031212e-28
239,Phe_520.2,Disturbances in tooth eruption,digestive,-3.560542357117972e-05,13.212611604633052,0.09311493789148484,0.0
240,Phe_521,Diseases of hard tissues of teeth,digestive,0.3745892758089308,21.091500524658972,0.015189586511633178,4.868101596680216e-27
241,Phe_521.1,Dental caries,digestive,0.43284207715384376,105.45750262329486,0.9999999999999996,0.0
242,Phe_522,Diseases of pulp and periapical tissues,digestive,2.7668142833647664e-07,10.346773842285534,0.03640399959522089,6.110093026049955e-147
243,Phe_522.5,Periapical abscess,digestive,-1.4346091212192665e-06,16.037316067137006,0.08662767356031043,0.0
244,Phe_523,Gingival and periodontal diseases,digestive,2.2527766756495955e-05,17.95342319337924,0.06190963546268984,0.0
245,Phe_523.3,Periodontitis (acute or chronic),digestive,-5.461891627525743e-07,19.17409138605361,0.008319817322397468,3.683686259546511e-09
246,Phe_525,Other diseases of the teeth and supporting structures,digestive,8.129098450930989e-07,21.091500524658972,0.17250580826825745,0.0
247,Phe_528,"Diseases of the oral soft tissues, excluding lesions specific for gingiva and tongue",digestive,-5.392875909758757e-07,3.5760933422240573,0.01897222797744218,3.073247542582253e-41
248,Phe_529,Diseases and other conditions of the tongue,digestive,-4.566577604354472e-06,2.9618515149188505,0.00997379595903732,1.5455282351334102e-12
249,Phe_530,Diseases of esophagus,digestive,5.093253652453491e-05,1.6758286455461158,0.0027711853679226895,0.049480788301791506
250,Phe_530.1,"Esophagitis, GERD and related diseases",digestive,5.268643944963244e-05,1.5723163330416698,0.00917802729466168,7.707409753854817e-11
251,Phe_530.11,GERD,digestive,2.9731268952325604e-05,1.8251403999810423,0.01795794713649614,3.979660697071033e-37
252,Phe_530.12,Ulcer of esophagus,digestive,9.9928165190749e-05,1.7677040580878716,0.008798308641131103,4.460024055868769e-10
253,Phe_530.14,Reflux esophagitis,digestive,7.625711885008547e-05,1.3659014835444538,0.006258473658100241,9.14276586197345e-06
254,Phe_530.2,Esophageal bleeding (varices__hemorrhage),digestive,-3.29934641265774e-05,2.5089659104544437,0.010659962601417472,4.131503656612381e-14
255,Phe_530.3,Stricture and stenosis of esophagus,digestive,0.0,1.7705351961938276,0.0057029364486451675,5.283991749616946e-05
256,Phe_530.9,Heartburn,digestive,3.55405281911032e-06,1.2003867054543105,0.0015161463541333404,0.2824833078706729
257,Phe_531,Peptic ulcer (excl. esophageal),digestive,-9.826008621980485e-06,1.7400632938118137,0.010786668839192343,2.06342655794713e-14
258,Phe_531.2,Gastric ulcer,digestive,-2.120808445831571e-05,1.7268495079365729,0.007927906843621671,1.9098377267448457e-08
259,Phe_531.3,Duodenal ulcer,digestive,-8.877412752022382e-05,1.6396219489134183,0.005776494637985978,4.224570440957592e-05
260,Phe_532,Dysphagia,digestive,6.039791764305419e-06,2.1568949106829565,0.016188565817639906,1.733347458068758e-30
261,Phe_535,Gastritis and duodenitis,digestive,1.0773471379415409e-05,1.5643459810614844,0.012797689066678565,1.1650731621985103e-19
262,Phe_535.1,Acute gastritis,digestive,1.1229950410071378e-05,1.4766511452503366,0.002728399571993784,0.05310139812707036
263,Phe_535.6,Duodenitis,digestive,9.628312914530694e-06,1.499762630205588,0.007280793242223821,2.453270187131139e-07
264,Phe_535.8,Other specified gastritis,digestive,1.3110289578356458e-05,1.5446505044690326,0.008604202411818924,1.0646121739608113e-09
265,Phe_537,Other disorders of stomach and duodenum,digestive,1.531531600205346e-05,2.3285212665224897,0.013244091907490258,6.068450426355406e-21
266,Phe_540,Appendiceal conditions,digestive,0.00013435180769950152,1.4212601431710898,0.0011203602508669985,0.4270821389453374
267,Phe_540.1,Appendicitis,digestive,0.00013445315281839114,0.5708119221829221,-0.0016115709655767114,0.25328709688221623
268,Phe_540.11,Acute appendicitis,digestive,0.00013362396866355952,0.8504637308330231,-0.0011527393689874722,0.41384421918579084
269,Phe_550,Abdominal hernia,digestive,3.7063427408675625e-05,1.630679723476276,0.006253970904458805,9.279238234521207e-06
270,Phe_550.1,Inguinal hernia,digestive,2.1381777378148816e-05,1.1055073281363743,0.0021755064007753567,0.12303423596329766
271,Phe_550.2,Diaphragmatic hernia,digestive,0.0008827543703484767,1.4666540580161844,0.013331583336746503,3.3614102151970093e-21
272,Phe_550.4,Umbilical hernia,digestive,-0.0003555518010552269,1.57486314758239,0.005875446931757529,3.113687452147349e-05
273,Phe_550.5,Ventral hernia,digestive,-7.988091650074737e-05,1.6139287554108759,0.006001197910601543,2.0986137490326377e-05
274,Phe_555,Inflammatory bowel disease and other gastroenteritis and colitis,digestive,-6.494942964705915e-06,1.1227932203802968,0.001342735977077066,0.3411825980877853
275,Phe_555.1,Regional enteritis,digestive,-4.906841098780194e-06,1.3089470743478882,0.002101499911978503,0.1363029981399543
276,Phe_555.2,Ulcerative colitis,digestive,-8.925517688172361e-06,1.0926921958558262,0.0008276143071005475,0.5574223681774564
277,Phe_556,Ulceration of the lower GI tract,digestive,3.1798401773746405e-06,2.2401103498412307,0.004237021372209815,0.002668687953870994
278,Phe_557,Intestinal malabsorption (non-celiac),digestive,-3.88050473036405e-06,1.9261644314757054,0.0026765446696605604,0.05778352589597226
279,Phe_557.1,Celiac disease,digestive,-3.755127488123682e-06,1.8255525816431881,0.005693202012484288,5.4417438772283356e-05
280,Phe_558,Noninfectious gastroenteritis,digestive,-6.942131235683735e-05,1.6092507492158856,0.012276662964071572,3.2340508527769423e-18
281,Phe_559,Ileostomy status,digestive,-8.70376527014601e-07,1.4061000349772648,0.002709015719844401,0.05481312107401756
282,Phe_560.4,Other intestinal obstruction,digestive,-4.035740221741389e-06,1.3330302297888394,0.003261348029053079,0.02078367317122667
283,Phe_561,Symptoms involving digestive system,digestive,4.079802554182511e-05,1.5087336249932533,0.010459280109345563,1.2207010617705936e-13
284,Phe_561.2,Flatulence,digestive,-9.424681193638594e-06,1.816870831712196,0.005841520007624254,3.458890453557264e-05
285,Phe_562,Diverticulosis and diverticulitis,digestive,-8.198278062434429e-05,1.216423354688321,0.006326652505308817,7.296694797625726e-06
286,Phe_562.1,Diverticulosis,digestive,-8.190392408292972e-05,1.216423354688321,0.006326652505308817,7.296694797625726e-06
287,Phe_563,Constipation,digestive,1.2482480023855243e-05,1.8172570662531882,0.014858298965223534,6.070512505354686e-26
288,Phe_564,Functional digestive disorders,digestive,-0.0003478580096442328,1.35855075843214,0.0017462595719746495,0.2157608785373399
289,Phe_564.1,Irritable Bowel Syndrome,digestive,-0.00020833060827849835,2.033895904017259,0.013106479187907761,1.524971945687207e-20
290,Phe_564.8,Abnormal findings on exam of gastrointestinal tract__ abdominal area,digestive,2.9946771363518308e-06,1.6783687420153026,0.0048226850982086246,0.0006292187327505431
291,Phe_564.9,Personal history of diseases of digestive system,digestive,-0.0002894945197448271,1.7882405481557662,0.01720611281210916,3.190582709644122e-34
292,Phe_565,Anal and rectal conditions,digestive,-0.00014170560413908687,1.3310344864615076,0.0050065133665125085,0.0003866824942373063
293,Phe_565.1,Anal and rectal polyp,digestive,-0.00014068117663145995,1.244844759922667,0.0035860437823298534,0.011020070012311159
294,Phe_568,Other disorders of peritoneum,digestive,-4.0106966053434e-05,1.184915759812302,0.0004817401072764931,0.732732392177404
295,Phe_568.1,Peritoneal adhesions (postoperative) (postinfection),digestive,-3.365046165442715e-05,1.7121783348340114,0.006977858598817695,7.556613053582935e-07
296,Phe_569,Other disorders of intestine,digestive,1.2250992917115047e-05,1.9550675045801729,0.009783172289106879,4.0563689987739045e-12
297,Phe_571,Chronic liver disease and cirrhosis,digestive,-0.00010268741164556928,2.6919864932202495,0.016488759772642532,1.4465934025024596e-31
298,Phe_571.5,Other chronic nonalcoholic liver disease,digestive,-3.8720367791659624e-05,2.309288378612296,0.009721024557568078,5.534492930591086e-12
299,Phe_572,Ascites (non malignant),digestive,-3.8680739063492496e-05,2.041112953999255,0.007173944493461965,3.6668021723027665e-07
300,Phe_573,Other disorders of liver,digestive,-6.688129133384342e-06,2.150505935847581,0.008039400724104511,1.2050155482213359e-08
301,Phe_573.7,Abnormal results of function study of liver,digestive,-1.042522765257965e-06,1.941986869033413,0.00973032561104556,5.283664753040459e-12
302,Phe_574,Cholelithiasis and cholecystitis,digestive,1.0513209979632714e-05,1.4892456436087993,0.010317093615921768,2.598556923306374e-13
303,Phe_574.1,Cholelithiasis,digestive,6.50239960709134e-06,1.5554453292734471,0.00867122474687156,7.900082786827521e-10
304,Phe_574.11,Cholelithiasis with acute cholecystitis,digestive,-1.0384807751335772e-06,1.5112584343687576,0.0033420422035467003,0.01783173048342795
305,Phe_574.12,Cholelithiasis with other cholecystitis,digestive,-1.4548378634825643e-06,1.382270986324135,0.0046204015243917615,0.0010554963957950746
306,Phe_574.2,Calculus of bile duct,digestive,-5.270514019587616e-06,1.6944424441106745,0.005829619185831684,3.588368822684981e-05
307,Phe_574.3,Cholecystitis without cholelithiasis,digestive,-7.260574869801003e-06,1.4498696858714986,0.003870180227391416,0.00607915981357545
308,Phe_575,Other biliary tract disease,digestive,2.0559499569259672e-05,1.584743891880114,0.006212574733238144,1.06284774033855e-05
309,Phe_575.7,Other disorders of gallbladder,digestive,-5.700387163838459e-06,1.917409138605361,0.005723826022928367,4.959969289580519e-05
310,Phe_575.8,Other disorders of biliary tract,digestive,-2.1137104715463877e-06,1.3182187827911858,0.0017596986420004063,0.21224875208308314
311,Phe_577,Diseases of pancreas,digestive,-1.0745158620694114e-05,1.9787831618057534,0.004070075243346876,0.003911863185789693
312,Phe_577.1,Acute pancreatitis,digestive,-7.417265767983962e-06,2.2157453702793357,0.007054148631197432,5.716239710840855e-07
313,Phe_578.1,Hematemesis,digestive,5.638201802970823e-06,2.590048634809661,0.011494091210999893,3.695864299534658e-16
314,Phe_578.2,Blood in stool,digestive,2.5860403785708493e-05,1.8640785490990515,0.007425797506717613,1.4093285836531046e-07
315,Phe_578.9,Hemorrhage of gastrointestinal tract,digestive,-6.9706204812952595e-06,1.762843989743849,0.010132454248417543,6.828857045934719e-13
316,Phe_579,Other symptoms involving abdomen and pelvis,digestive,1.9626384088047464e-05,1.1717500291477205,0.0009556865950835381,0.49811310278541066
317,Phe_579.8,Nonspecific abnormal findings in stool contents,digestive,7.750531256800458e-06,1.0618984639151219,0.00045981614450120954,0.7444608412338607
318,Phe_580,Nephritis; nephrosis; renal sclerosis,genitourinary,1.0429043355295251e-05,2.8646375021981565,0.0120205663997594,1.5766861029845185e-17
319,Phe_580.1,Glomerulonephritis,genitourinary,-6.9276247740386804e-06,3.3866113613156674,0.012070114028849261,1.1634284734404085e-17
320,Phe_585,Renal failure,genitourinary,-1.1920342195470968e-06,2.4401155641657764,0.023204414200814233,8.219131698933001e-61
321,Phe_585.1,Acute renal failure,genitourinary,-3.7630553360756716e-06,2.4157466882236243,0.01906515865517847,1.2579024866182167e-41
322,Phe_585.2,Renal failure NOS,genitourinary,5.684361883142468e-05,4.006665954513882,0.018842070342548898,1.0661094659482785e-40
323,Phe_585.3,Chronic renal failure [CKD],genitourinary,-2.4270890397952238e-05,2.736597016381951,0.01671625431642858,2.1378870264813264e-32
324,Phe_586,Other disorders of the kidney and ureters,genitourinary,4.305775208280631e-06,1.5913494301832074,0.0033938500262971566,0.016136242414343704
325,Phe_586.2,"Cyst of kidney, acquired",genitourinary,-9.287124384317932e-07,1.6669247276578456,0.004278470265204424,0.002422072873464106
326,Phe_590,Pyelonephritis,genitourinary,-9.65860104735595e-06,1.7361300996309124,0.004694797335087538,0.0008745974481765105
327,Phe_591,Urinary tract infection,genitourinary,-5.813103742174109e-07,1.81084601763634,0.015493650653606144,4.577462305759459e-28
328,Phe_592,Cystitis and urethritis,genitourinary,1.3448724143740118e-05,1.5512020611102897,0.005040269335190966,0.00035299685387246634
329,Phe_592.1,Cystitis,genitourinary,1.4266859241935425e-05,1.386119927908316,0.0028355758418781305,0.044423745333530724
330,Phe_593,Hematuria,genitourinary,1.4923500525773158e-05,1.4104448536067662,0.008528104531139528,1.489820856999014e-09
331,Phe_594,Urinary calculus,genitourinary,1.7367030385163754e-05,1.4272443964054942,0.0015217199751831859,0.2807176892874597
332,Phe_594.1,Calculus of kidney,genitourinary,1.3597668843553102e-05,1.2897848886549295,0.002694320152953065,0.05614129198452303
333,Phe_594.3,Calculus of ureter,genitourinary,1.4378519103042283e-05,1.5191957160618708,0.004150383561086446,0.0032598188635746816
334,Phe_594.8,Renal colic,genitourinary,1.8476385615301728e-05,1.4925242991570238,0.0033889955727074376,0.01628886205162653
335,Phe_595,Hydronephrosis,genitourinary,1.9235187516992302e-05,1.3375097893686179,0.0025912051707554537,0.0662333217370286
336,Phe_596,Other disorders of bladder,genitourinary,3.579515801655154e-05,1.5988942388502185,0.008609737202401288,1.0387917602227408e-09
337,Phe_596.1,Bladder neck obstruction,genitourinary,2.7568076381256674e-05,1.3054700518164162,0.002149209923799308,0.12762840454119875
338,Phe_596.5,Functional disorders of bladder,genitourinary,-1.5710769309045948e-05,2.055017874313255,0.006693507920602715,2.086015351785567e-06
339,Phe_597,Other disorders of urethra and urinary tract,genitourinary,-0.00021102629299723843,1.3657770922535875,0.0016617166536673502,0.23881704935190726
340,Phe_597.1,Urethral stricture (not specified as infectious),genitourinary,-0.0002240149107209148,1.5693738600406486,0.005454233917415436,0.00011045646036792835
341,Phe_598,Abnormal findings on examination of urine,genitourinary,4.4497270442761966e-05,1.8634506353592677,0.008106059310216797,9.123361052045945e-09
342,Phe_599,Other symptoms__disorders or the urinary system,genitourinary,3.535852726117976e-05,1.8835725067476194,0.011903822974997522,3.211313538479844e-17
343,Phe_599.2,Retention of urine,genitourinary,3.285485083425343e-06,1.783636408004987,0.011405697601730441,6.192661000147744e-16
344,Phe_599.3,Dysuria,genitourinary,3.1519163223715604e-07,2.0104549893522417,0.005812658402786567,3.780874306018667e-05
345,Phe_599.4,Urinary incontinence,genitourinary,7.793109575174258e-05,1.7755555306070214,0.011897788007864271,3.3309887592282435e-17
346,Phe_599.5,Frequency of urination and polyuria,genitourinary,-4.642888155689814e-05,1.4253616792920218,0.004368067117847235,0.001958697684428015
347,Phe_599.9,Other abnormality of urination,genitourinary,-2.2910483628618817e-05,1.4440415179992048,0.003061593750850775,0.02998491225866274
348,Phe_611.3,Lump or mass in breast,genitourinary,4.481689293399322e-07,1.648578448434507,0.004058521000476747,0.004014853940682193
349,Phe_613,Other nonmalignant breast conditions,genitourinary,1.3713152750289824e-05,0.0,-0.0005856039778089863,0.6780544012333618
350,Phe_681,Superficial cellulitis and abscess,dermatologic,-4.932042537844343e-05,3.4110243436106154,0.009071610857532976,1.2696553140243367e-10
351,Phe_681.3,Cellulitis and abscess of arm__hand,dermatologic,-4.2978356203556926e-05,2.231154207390242,0.01549287539155919,4.605407641162573e-28
352,Phe_686,Other local infections of skin and subcutaneous tissue,dermatologic,-2.6386531620434646e-05,2.4025703457561116,0.008811048091661246,4.209757206607034e-10
353,Phe_686.1,Carbuncle and furuncle,dermatologic,-2.0325578051690267e-05,2.0962029168032887,0.008879956689590874,3.0760708060108615e-10
354,Phe_687,Symptoms affecting skin,dermatologic,-3.7449849194605e-06,2.600321982492202,0.004221546474585648,0.0027664980236592647
355,Phe_687.1,Rash and other nonspecific skin eruption,dermatologic,-8.795360308053472e-06,2.6260295217461818,0.012921471208089405,5.185946447443484e-20
356,Phe_687.4,Disturbance of skin sensation,dermatologic,-7.381624928003076e-06,2.236746259544456,0.011041108000802251,4.996724272258056e-15
357,Phe_689,Disorder of skin and subcutaneous tissue NOS,dermatologic,-1.969478565363365e-07,1.2588934299068266,0.0032981904941809916,0.01938682274315723
358,Phe_695,Erythematous conditions,dermatologic,-1.3973465727585118e-06,2.0694849247416816,0.008974284014717107,1.9944757319639538e-10
359,Phe_696,Psoriasis and related disorders,dermatologic,1.1848646089442777e-05,2.074869598234202,0.008816667051955048,4.1037793045237615e-10
360,Phe_696.4,Psoriasis,dermatologic,1.1937641555236468e-05,2.366876617480433,0.009276396716372072,4.834710262573916e-11
361,Phe_696.41,Psoriasis vulgaris,dermatologic,1.1364713650409363e-05,2.284712143492135,0.00911939778418374,1.0154067303759096e-10
362,Phe_701,Other hypertrophic and atrophic conditions of skin,dermatologic,-3.5104392896096198e-06,1.4884934074288838,0.0032677861210928002,0.020533430355023544
363,Phe_701.2,Scar conditions and fibrosis of skin,dermatologic,-7.634737101710018e-06,1.4797591574830897,0.003762036636993489,0.007657271670319552
364,Phe_702,Degenerative skin conditions and other dermatoses,dermatologic,-4.711564301724935e-06,0.0,-0.00045778449913495584,0.7455507451710093
365,Phe_702.1,Actinic keratosis,dermatologic,-3.7951480697761647e-06,1.0406089586302791,0.00034917178185734076,0.8045067107226537
366,Phe_702.2,Seborrheic keratosis,dermatologic,-2.2825723693337603e-05,1.1041385802811234,0.0009463899644354208,0.5023023990639368
367,Phe_703,"Diseases of nail, NOS",dermatologic,-0.00018137191480463045,2.071856633070626,0.003339455368212838,0.017920336511833397
368,Phe_704,Diseases of hair and hair follicles,dermatologic,2.442886783549886e-05,0.9682281246268795,-0.00035983869828110776,0.7986610451229542
369,Phe_706,Diseases of sebaceous glands,dermatologic,2.692147538043612e-05,1.0249159539375865,0.00037519302155239774,0.7902664512385749
370,Phe_706.2,Sebaceous cyst,dermatologic,2.7711308422194515e-05,1.0346151933002534,0.0005187408894490441,0.7130805273716843
371,Phe_707,Chronic ulcer of skin,dermatologic,3.444920021508228e-06,3.7306839493044017,0.01691897822231989,3.806948434680734e-33
372,Phe_709,Diffuse diseases of connective tissue,dermatologic,-1.1046750805194965e-05,1.8363246725449351,0.00734838783023595,1.8970546692775748e-07
373,Phe_709.7,Unspecified diffuse connective tissue disease,dermatologic,-2.5068132731115678e-05,1.690259623927374,0.005118670486532252,0.0002850542701338533
374,Phe_714,Rheumatoid arthritis and other inflammatory polyarthropathies,musculoskeletal,1.3760036592495307e-05,2.0711784475933523,0.0036568454826066744,0.009534997080098265
375,Phe_714.1,Rheumatoid arthritis,musculoskeletal,1.3567147353107817e-05,2.683129276022967,0.014768447519932735,1.1921971893342721e-25
376,Phe_715,Other inflammatory spondylopathies,musculoskeletal,1.6252421167687815e-05,2.1602095509427253,0.0037129212992830602,0.008488315267461383
377,Phe_716,Other arthropathies,musculoskeletal,-1.730315367659079e-05,3.2615722460812844,0.003074668090382978,0.029290259577993295
378,Phe_716.2,Unspecified monoarthritis,musculoskeletal,-3.6652131964753e-05,1.3101699571160699,0.006734520876311014,1.8061888724041415e-06
379,Phe_716.9,Arthropathy NOS,musculoskeletal,-3.9192627279965276e-05,1.655538103195616,0.018452403847549828,4.198196468379965e-39
380,Phe_717,Polymyalgia Rheumatica,musculoskeletal,5.7977956584507316e-06,1.8822093787941456,0.0054028077992467685,0.00012817528616905288
381,Phe_720,Spinal stenosis,musculoskeletal,-5.293590173778539e-06,1.5078820750426432,0.0023475886857182477,0.09608303121384863
382,Phe_721,Spondylosis and allied disorders,musculoskeletal,1.649222685401939e-05,2.5612022495032147,0.008759490404738335,5.315512202337744e-10
383,Phe_721.1,Spondylosis without myelopathy,musculoskeletal,4.082613135215821e-06,2.174381497387523,0.006191991398972522,1.136719586100064e-05
384,Phe_722,Intervertebral disc disorders,musculoskeletal,-3.411929818424364e-06,1.694354831653507,0.009598386748231906,1.0160907763710211e-11
385,Phe_722.6,Degeneration of intervertebral disc,musculoskeletal,3.915022161398851e-05,2.095020842135218,0.00998745782671167,1.4412657237556473e-12
386,Phe_722.9,Other and unspecified disc disorder,musculoskeletal,5.89333405209928e-06,1.4565953401007579,0.004824176280099108,0.0006267789140770783
387,Phe_724,Other and unspecified disorders of back,musculoskeletal,1.4274008249441833e-05,1.0140144483009121,5.2229576078149665e-05,0.9704657148269404
388,Phe_726,Peripheral enthesopathies and allied syndromes,musculoskeletal,-3.5031453079933005e-05,1.490473010049047,0.007537757221502167,9.122076206279975e-08
389,Phe_726.1,Enthesopathy,musculoskeletal,-2.3587983119130405e-05,1.4776256840303272,0.006607573974912001,2.8134479829751744e-06
390,Phe_727,"Other disorders of synovium, tendon, and bursa",musculoskeletal,-2.6564086610622108e-05,1.4523604033812605,0.0022602053186994496,0.10911071057768638
391,Phe_727.1,Synovitis and tenosynovitis,musculoskeletal,-1.3514216666118355e-05,1.4155369479636895,0.003369090410918157,0.016928004653785435
392,Phe_727.4,"Ganglion and cyst of synovium, tendon, and bursa",musculoskeletal,-9.741701334483868e-06,1.20792956192021,0.0018260618433965535,0.1955103614403174
393,Phe_728,"Disorders of muscle, ligament, and fascia",musculoskeletal,-1.6055111430913397e-05,1.3695779561466865,0.00044765628424838947,0.7509917253812681
394,Phe_728.7,Fasciitis,musculoskeletal,-1.9468793879238424e-05,0.8911901630137593,-0.0002830712635211448,0.8409629583818179
395,Phe_728.71,Contracture of palmar fascia [Dupuytren's disease],musculoskeletal,-1.823300291905203e-05,0.5342626082801315,-0.0038453821611374615,0.006412604964504938
396,Phe_729,Other disorders of soft tissues,musculoskeletal,2.856469604425091e-05,1.6467442633244045,0.0035775126822145667,0.011212218007080702
397,Phe_729.1,"Rheumatism, unspecified and fibrositis",musculoskeletal,-3.747634444647367e-05,4.263175637962983,0.009769055162506953,4.353738854604791e-12
398,Phe_733,Other disorders of bone and cartilage,musculoskeletal,1.786903244468821e-05,3.166363715128119,0.010366202633992214,2.003984033766817e-13
399,Phe_733.8,Malunion and nonunion of fracture,musculoskeletal,1.398559825556109e-06,0.4771832697886645,-0.0010730034593839344,0.44688132906015443
400,Phe_735,Acquired foot deformities,musculoskeletal,-0.00011673621666530328,1.028853684129706,5.7033076005707066e-05,0.9677508945384067
401,Phe_735.2,Acquired toe deformities,musculoskeletal,-0.0004615407212482914,1.2121552025666076,0.001597330462786401,0.2575054184016314
402,Phe_735.21,Hammer toe (acquired),musculoskeletal,-0.00011350109480006707,1.2135050413222497,0.0015336780626705683,0.27695492298881225
403,Phe_735.23,Hallux rigidus,musculoskeletal,-9.388627927185316e-05,1.2823139910420096,0.001770493043386866,0.20945782943358962
404,Phe_735.3,Hallux valgus (Bunion),musculoskeletal,-0.0003155021881236818,1.2564249839319173,0.0033845328004983256,0.016430285113069744
405,Phe_736,Other acquired deformities of limbs,musculoskeletal,7.71388114600855e-06,1.601886115796884,0.0016517473486388416,0.24164632147701076
406,Phe_737,Curvature of spine,musculoskeletal,2.79021757372489e-07,0.0,-0.0008281839212585559,0.5571511620585758
407,Phe_737.3,Kyphoscoliosis and scoliosis,musculoskeletal,2.19018076859719e-07,3.093027311577084,0.007735724938181573,4.1643338281587494e-08
408,Phe_738,Other acquired musculoskeletal deformity,musculoskeletal,2.8786580242674268e-06,2.156595145670652,0.003531890218986855,0.012291145820666096
409,Phe_738.4,Acquired spondylolisthesis,musculoskeletal,3.143639348651401e-06,1.3084057397431124,0.0008548879199559095,0.5445094263975782
410,Phe_740,Osteoarthrosis,musculoskeletal,-0.0001563642715048981,1.4356023212113327,0.011120289086485682,3.1928387066906802e-15
411,Phe_740.1,Osteoarthritis; localized,musculoskeletal,-0.0001765865950379659,1.3152296245535642,0.00524284205025331,0.00020196926425802538
412,Phe_740.11,"Osteoarthrosis, localized, primary",musculoskeletal,-8.58719779756761e-05,1.0979531763135324,0.001480910886281389,0.29381929185818695
413,Phe_740.9,Osteoarthrosis NOS,musculoskeletal,-6.053600902462531e-05,2.2136126729889725,0.015557282798348315,2.7747465507090363e-28
414,Phe_741,Symptoms and disorders of the joints,musculoskeletal,-4.993117796318777e-06,1.4749301066195086,0.0017540901172264157,0.2137094127526646
415,Phe_741.4,Joint effusions,musculoskeletal,2.1154661049890183e-06,2.537747389330625,0.004106222356019262,0.0036049664709879438
416,Phe_742,"Derangement of joint, non-traumatic",musculoskeletal,2.7192074623041504e-05,2.109150052465897,0.0010825722759220777,0.44283916342836993
417,Phe_742.9,Other derangement of joint,musculoskeletal,1.657765596229971e-05,1.7095441154738782,0.0030798168963932495,0.02902052311790351
418,Phe_743,"Osteoporosis, osteopenia and pathological fracture",musculoskeletal,8.005462587688913e-07,2.644015955263062,0.01806947537942409,1.4408076925481886e-37
419,Phe_743.1,Osteoporosis,musculoskeletal,1.0784859347219727e-06,2.6467204321261044,0.017557341766699933,1.4537525244438466e-35
420,Phe_743.11,Osteoporosis NOS,musculoskeletal,6.077245597888139e-07,2.6489664610060486,0.01757374540034591,1.2565761898751763e-35
421,Phe_745,Pain in joint,musculoskeletal,-2.8965302089839154e-05,1.6651184624730768,0.00457380303850044,0.0011858265963311525
422,Phe_747,Cardiac and circulatory congenital anomalies,congenital anomalies,0.00017264180385749003,5.4080770576048645,0.003799778858739974,0.007069033060787448
423,Phe_747.1,Cardiac congenital anomalies,congenital anomalies,0.0001749490301446575,2.8122000699545295,0.004333675959214952,0.0021259760070823012
424,Phe_747.13,Congenital anomalies of great vessels,congenital anomalies,0.00017337879890021407,2.7589570393701925,0.013123427207990552,1.3620627047346626e-20
425,Phe_751,Genitourinary congenital anomalies,congenital anomalies,0.0,1.2194438323692747,0.001411391477406944,0.31706890146550126
426,Phe_939,Atopic__contact dermatitis due to other or unspecified,dermatologic,-1.0666476986236154e-06,2.757261378811176,0.014199305416603896,7.806795093399367e-24
