,PheCode,description,category,f_score,RR,phi,pval
0,Phe_112,Candidiasis,infectious diseases,0.0008370720783857735,4.681823659438293,0.021048946985522104,2.345624162415443e-50
1,Phe_153,Colorectal cancer,neoplasms,-5.11090764530029e-06,0.0,-0.0005797199142689469,0.6811103191978606
2,Phe_153.2,Colon cancer,neoplasms,2.5197798464670997e-06,1.7947595328909476,0.005054971950603182,0.0003392004979795169
3,Phe_153.3,"Malignant neoplasm of rectum, rectosigmoid junction, and anus",neoplasms,-4.005308467892403e-05,1.5584132210607649,0.0029068868484089893,0.03933919521304286
4,Phe_158,Neoplasm of unspecified nature of digestive system,neoplasms,-0.0005164703982259847,2.6468601163248446,0.006248423593379004,9.450046594710631e-06
5,Phe_159,Malignant neoplasm of other and ill-defined sites within the digestive organs and peritoneum,neoplasms,0.00010954068151481068,2.012109794729413,0.008443672880060595,2.1558332769167857e-09
6,Phe_165,Cancer within the respiratory system,neoplasms,0.0005725141603525206,2.5683467320476905,0.006198559809812324,1.1126294079781838e-05
7,Phe_165.1,Cancer of bronchus; lung,neoplasms,0.0005781708727504406,2.2393783045747013,0.007245537230295777,2.802879606865424e-07
8,Phe_172,Skin cancer,neoplasms,-0.00036762194258007573,1.2245660130704927,0.003055769050205466,0.03029891564319702
9,Phe_172.2,Other non-epithelial cancer of skin,neoplasms,-0.00040547988047689705,1.2651426323976516,0.0032490137975809113,0.02127052677111506
10,Phe_174,Breast cancer,neoplasms,-5.4248342664639075e-05,0.8207017697559482,-0.00233263342229585,0.09821985653687802
11,Phe_189,Cancer of urinary organs (incl. kidney and bladder),neoplasms,-0.00016683187502683353,2.845289680886296,0.011306725477647894,1.0986751711573984e-15
12,Phe_189.11,"Malignant neoplasm of kidney, except pelvis",neoplasms,-4.488434485950958e-05,2.687877658654523,0.006184847124715453,1.1634868650498286e-05
13,Phe_189.2,Cancer of bladder,neoplasms,-0.0001654174761081393,3.2015609445307214,0.006966333894730221,7.88010353673261e-07
14,Phe_189.21,Malignant neoplasm of bladder,neoplasms,-0.0001975478267336281,3.0959501766016264,0.010947662795447545,8.443044130629222e-15
15,Phe_195,"Cancer, suspected or other",neoplasms,-0.00014568953741164454,2.402514772606492,0.004618276916727053,0.001061137953538699
16,Phe_195.1,"Malignant neoplasm, other",neoplasms,-0.000160731808715764,1.827284574274863,0.012309348119281228,2.6358529870515368e-18
17,Phe_197,Chemotherapy,neoplasms,0.00107013354185785,2.750034768139356,0.028377380059450483,4.926660409049159e-90
18,Phe_198,Secondary malignant neoplasm,neoplasms,-0.00039203320074227986,1.2317141294711087,0.0009351682485280073,0.5073839040170462
19,Phe_198.1,Secondary malignancy of lymph nodes,neoplasms,-0.00040582528134259013,1.454631624840326,0.0039487402669575455,0.005123405381345268
20,Phe_198.2,Secondary malignancy of respiratory organs,neoplasms,-0.00012647312414965336,1.7354845386509312,0.004266541705557909,0.002490817647327196
21,Phe_198.3,Secondary malignant neoplasm of digestive systems,neoplasms,-9.386264839211923e-05,1.400285104963735,0.0019179148727221584,0.1739687462955765
22,Phe_198.4,Secondary malignant neoplasm of liver,neoplasms,3.7516292142652203e-05,1.4309275175810632,0.0027068378158939753,0.055008288236322284
23,Phe_198.6,Secondary malignancy of bone,neoplasms,-0.0001932468863029609,1.5465662938201736,0.0031181009481373863,0.027081130776178474
24,Phe_199,Neoplasm of uncertain behavior,neoplasms,2.971183424782366e-05,2.1343739630204808,0.0043985929781052485,0.001820434208425165
25,Phe_202,"Cancer of other lymphoid, histiocytic tissue",neoplasms,0.0013563381714666318,2.676464165411829,0.006651037316160205,2.4194794801490367e-06
26,Phe_202.2,Non-Hodgkins lymphoma,neoplasms,0.001277535400330014,2.3857060525632434,0.006096268576876491,1.549530174223456e-05
27,Phe_204,Leukemia,neoplasms,7.596761338449597e-05,1.3339837268878003,0.0008182462719078348,0.5618918970560766
28,Phe_208,Benign neoplasm of colon,neoplasms,3.9842459664451e-05,2.044783085553021,0.018031532647068582,2.0371466325082753e-37
29,Phe_211,Benign neoplasm of other parts of digestive system,neoplasms,-0.00038763728891991005,2.470194320019642,0.013001058930880483,3.069459800387239e-20
30,Phe_214,Lipoma,neoplasms,-0.00012302376224906057,1.6329710987088069,0.0030605505094116396,0.030040945787938828
31,Phe_214.1,Lipoma of skin and subcutaneous tissue,neoplasms,-9.637965241574864e-05,1.048442107467637,0.0003809491620971968,0.7871256287851417
32,Phe_215,Other benign neoplasm of connective and other soft tissue,neoplasms,-0.00011213989486827839,1.470322745066714,0.0017368252065852188,0.21825130720012711
33,Phe_216,Benign neoplasm of skin,neoplasms,-9.474854905167573e-05,1.1275026804566912,0.0013306879086267436,0.3455322719145858
34,Phe_228,"Hemangioma and lymphangioma, any site",neoplasms,-0.00019037246941424447,1.6349661276619283,0.0028145410256185787,0.04602551844686375
35,Phe_229,Benign neoplasm of unspecified sites,neoplasms,0.00012867994186160415,1.013985656173353,7.369988223368895e-05,0.958334323016988
36,Phe_241,Nontoxic nodular goiter,endocrine/metabolic,0.0003906267527986536,0.0,-0.0004154190220261648,0.7683912958985821
37,Phe_242,Thyrotoxicosis with or without goiter,endocrine/metabolic,0.0014346497244414164,4.9931751999480865,0.017724827623320383,3.261486516402056e-36
38,Phe_244,Hypothyroidism,endocrine/metabolic,0.001404890285060285,3.0879590507624135,0.030149535521418008,2.183525806802036e-101
39,Phe_244.1,Secondary hypothyroidism,endocrine/metabolic,0.001500081193351969,4.58815248036621,0.014432442127297334,1.4355317746404306e-24
40,Phe_244.4,Hypothyroidism NOS,endocrine/metabolic,0.0013946734915519644,3.1147757910407887,0.0297747251736478,6.27430997837891e-99
41,Phe_250.1,Type 1 diabetes,endocrine/metabolic,0.0015728928906244995,54.482575873138785,0.3171458151380544,0.0
42,Phe_250.2,Type 2 diabetes,endocrine/metabolic,0.001351072633606756,13.874474607252479,0.2187854318585717,0.0
43,Phe_250.23,Type 2 diabetes with ophthalmic manifestations,endocrine/metabolic,0.008422744558822935,220.10731493648709,1.0000000000000004,
44,Phe_250.7,Diabetic retinopathy,endocrine/metabolic,0.001721311037059815,205.96501656411252,0.9428354687413636,0.0
45,Phe_260,Protein-calorie malnutrition,endocrine/metabolic,-1.2551246034711546e-05,3.275406472269153,0.003976264261183443,0.004822127699487428
46,Phe_261,Vitamin deficiency,endocrine/metabolic,0.0003720840813589499,0.0,-0.0005718316319367288,0.6852153556668417
47,Phe_272,Disorders of lipoid metabolism,endocrine/metabolic,0.0005200485161004546,5.187810998298406,0.09791976453623108,0.0
48,Phe_272.1,Hyperlipidemia,endocrine/metabolic,0.0005104364964057348,7.752631307104446,0.05741620261630406,0.0
49,Phe_272.11,Hypercholesterolemia,endocrine/metabolic,0.0005035213674774972,5.214683121827744,0.09448885237092239,0.0
50,Phe_274,Gout and other crystal arthropathies,endocrine/metabolic,0.00010077928405074907,3.3166855675361067,0.013387451861052392,2.300539613714944e-21
51,Phe_274.1,Gout,endocrine/metabolic,0.00010511187532050624,3.555632300931136,0.013862952150943953,8.566920307772071e-23
52,Phe_275,Disorders of mineral metabolism,endocrine/metabolic,-0.0008538314649719521,0.0,-0.0003812135012269383,0.7869814755558926
53,Phe_275.5,Disorders of calcium__phosphorus metabolism,endocrine/metabolic,-0.0003341327479355462,6.215070693465006,0.021572790696009446,8.361697909417246e-53
54,Phe_276,"Disorders of fluid, electrolyte, and acid-base balance",endocrine/metabolic,9.591220318249486e-05,8.080516291587251,0.07893180504863194,0.0
55,Phe_276.1,Electrolyte imbalance,endocrine/metabolic,8.452095378871008e-05,7.336910497882902,0.009358113275799794,3.2699909919291646e-11
56,Phe_276.12,Hyposmolality and__or hyponatremia,endocrine/metabolic,7.244527296377603e-05,5.904705366446857,0.027766160267771425,2.8143868991379542e-86
57,Phe_276.14,Hypopotassemia,endocrine/metabolic,-2.0255423277196122e-05,4.034224980507462,0.01514444600809535,6.887767988793736e-27
58,Phe_276.5,Hypovolemia,endocrine/metabolic,0.00010996027421855346,7.784014933817824,0.04596887287064757,3.6731356976255174e-233
59,Phe_277,Other disorders of metabolism,endocrine/metabolic,-0.00020239313557812933,3.7999934849592725,0.010371047869911519,1.95313959264201e-13
60,Phe_278,"Overweight, obesity and other hyperalimentation",endocrine/metabolic,-2.1820591593930877e-06,55.02682873412177,0.01029775531073141,2.8775566710103797e-13
61,Phe_278.1,Obesity,endocrine/metabolic,-1.9340776037309983e-06,5.584384598805376,0.06172111657687471,0.0
62,Phe_280,Iron deficiency anemias,hematopoietic,0.0015360479824758472,6.066015779225272,0.05599155464242734,0.0
63,Phe_280.1,"Iron deficiency anemias, unspecified or not due to blood loss",hematopoietic,0.0015427857368052196,6.2301145592770615,0.05653072026796773,0.0
64,Phe_281,Other deficiency anemia,hematopoietic,0.0013246421046106537,0.0,-0.00028590813448360375,0.8393907236265898
65,Phe_281.1,Megaloblastic anemia,hematopoietic,0.001082240214669495,0.0,-0.0003812135012269383,0.7869814755558926
66,Phe_285,Other anemias,hematopoietic,0.0015042281338210437,5.848496460826173,0.06338856336465253,0.0
67,Phe_287,Purpura and other hemorrhagic conditions,hematopoietic,0.0013369443939115822,10.203650361294104,0.010779911979334814,2.1416830469512105e-14
68,Phe_287.3,Thrombocytopenia,hematopoietic,0.0011864737914530881,3.699282603974573,0.011593741890599505,2.0558441835416444e-16
69,Phe_288,Diseases of white blood cells,hematopoietic,0.0012569582539492695,2.4029182853328286,0.004050211219186974,0.004090439838059775
70,Phe_289,Other diseases of blood and blood-forming organs,hematopoietic,0.0001446197149599165,2.9308563906323184,0.005046567451229059,0.00034702390609868297
71,Phe_289.4,Lymphadenitis,hematopoietic,0.00012504050552891838,2.921778516856023,0.011728979607628167,9.201885057448688e-17
72,Phe_290,Delirium dementia and amnestic and other cognitive disorders,mental disorders,0.00032208430178493085,8.393923027238914,0.0187628620406988,2.263315228009918e-40
73,Phe_292,Neurological disorders,mental disorders,0.00032560933599385864,6.055584023372252,0.013942395575975458,4.890019347111443e-23
74,Phe_292.1,Aphasia__speech disturbance,mental disorders,6.161549110633858e-05,5.479850164393869,0.021009577323836476,3.5630645056271173e-50
75,Phe_292.4,Altered mental status,mental disorders,0.0003254514518694986,6.912556344511502,0.03496412431534957,1.0735690592312252e-135
76,Phe_293,Symptoms involving head and neck,mental disorders,-3.634346346736538e-05,2.0329627667313193,0.00523775402991668,0.00020487058800848797
77,Phe_296,Mood disorders,mental disorders,-0.00019171022726058377,5.792297761486502,0.004876933753183463,0.0005459155805025416
78,Phe_296.1,Bipolar,mental disorders,9.979474137262587e-05,2.7461923260946612,0.006673505384616941,2.2371627830881674e-06
79,Phe_296.2,Depression,mental disorders,-0.00020164182200159439,1.5721951066891935,0.0012911647126761059,0.36004800720213426
80,Phe_300,Anxiety disorders,mental disorders,-0.00043862344575422684,3.8390810744736115,0.006149320186953596,1.3057750548826498e-05
81,Phe_300.1,Anxiety disorder,mental disorders,-0.0003160141663046284,2.74263021369129,0.01659559681296783,5.912704557903504e-32
82,Phe_306,Other mental disorder,mental disorders,0.00022434267603477185,3.535399992468157,0.054418037039729486,0.0
83,Phe_317,Alcohol-related disorders,mental disorders,0.000442225907851036,2.5687012534939515,0.013452864338653824,1.4728099512984287e-21
84,Phe_317.1,Alcoholism,mental disorders,0.0005105061022496505,2.269878852068188,0.013652603764913208,3.7239655348280397e-22
85,Phe_318,Tobacco use disorder,mental disorders,0.0003520487068917252,2.3960107206148984,0.02307643592529305,3.663120394483022e-60
86,Phe_327,Sleep disorders,neurological,3.482156009438318e-05,3.213245473525359,0.007817791111828712,2.991826042574918e-08
87,Phe_327.3,Sleep apnea,neurological,3.362589987636103e-05,5.772886010282337,0.037942467692178496,1.8623559758116465e-159
88,Phe_331,Other cerebral degenerations,neurological,0.00023098076533650637,2.671205278355426,0.0032341330681638046,0.021871091263871264
89,Phe_332,Parkinson's disease,neurological,-0.0007753220505860922,3.407233977345001,0.010118954545073822,7.323873657293761e-13
90,Phe_334,Degenerative disease of the spinal cord,neurological,-0.00010133052169439952,2.7786315681792777,0.008000713515359609,1.4147872668164582e-08
91,Phe_335,Multiple sclerosis,neurological,-0.0009011126473667284,0.9937124827832374,-2.5268502259485334e-05,0.9857089067663917
92,Phe_339,Other headache syndromes,neurological,5.528368725501884e-05,2.7481742146501973,0.017907149192402542,6.308455515087799e-37
93,Phe_340,Migraine,neurological,-1.9441154729407447e-05,1.193134160626727,0.0012040327235990419,0.39337769115991417
94,Phe_342,Hemiplegia,neurological,1.914156764173712e-05,7.157961461349174,0.02917907613736295,4.3789294941878766e-95
95,Phe_345,"Epilepsy, recurrent seizures, convulsions",neurological,-2.7284340858214e-05,2.4663187508739566,0.009656371813599544,7.630962558193534e-12
96,Phe_345.3,Convulsions,neurological,-1.8667548323020885e-05,2.51022748126846,0.008335677109255578,3.440897767828153e-09
97,Phe_348,Other conditions of brain,neurological,0.000146818081719198,9.611673141331314,0.01242240336355033,1.293908940134865e-18
98,Phe_350,Abnormal movement,neurological,-0.0002210184266595529,7.293752200836533,0.04305377294596945,9.26161638788935e-205
99,Phe_350.2,Abnormality of gait,neurological,-0.00044385984791270224,9.142709299903679,0.04421819633963971,7.003469174875668e-216
100,Phe_351,Other peripheral nerve disorders,neurological,0.0013685823345119378,3.4440321043003266,0.030896271675138892,2.2378021990135314e-106
101,Phe_352,Disorders of other cranial nerves,neurological,0.00010031286776503752,2.0764841031744066,0.0010563497452463226,0.4539661908360948
102,Phe_353,Nerve root and plexus disorders,neurological,-2.500545986831842e-05,2.6435138962030686,0.006239685425273408,9.725211963274712e-06
103,Phe_357,Inflammatory and toxic neuropathy,neurological,5.895755682104155e-05,14.712538201559383,0.062459620509657185,0.0
104,Phe_361,Retinal detachments and defects,sense organs,0.0002506379652448769,6.165471006624288,0.026383237083011993,4.452751328375748e-78
105,Phe_361.1,Retinal detachment with retinal defect,sense organs,0.00032590076053223464,3.5699108352598006,0.010900269501096205,1.0998245434802365e-14
106,Phe_362,Other retinal disorders,sense organs,-0.00012395375600487464,42.32832979547828,0.15184996157076058,0.0
107,Phe_362.2,Degeneration of macula and posterior pole of retina,sense organs,-0.00014257055018244706,12.813131469347514,0.07104508058620583,0.0
108,Phe_362.29,Macular degeneration (senile) of retina NOS,sense organs,-0.00014360947631734285,12.813131469347514,0.07104508058620583,0.0
109,Phe_365,Glaucoma,sense organs,0.0003511375696803714,5.481242638601322,0.033006705684060084,3.893271814866149e-121
110,Phe_365.1,Open-angle glaucoma,sense organs,0.0003884198219431948,4.228315548406369,0.013343613788661945,3.0982365487975172e-21
111,Phe_365.11,Primary open angle glaucoma,sense organs,0.0004027137163743549,4.244168900757115,0.01338397978186571,2.3555076794942004e-21
112,Phe_366,Cataract,sense organs,0.00123216863397327,7.826146222265436,0.11006883519872704,0.0
113,Phe_366.2,Senile cataract,sense organs,0.0006112510901088572,8.323078016372056,0.08684292896713329,0.0
114,Phe_367,Disorders of refraction and accommodation; blindness and low vision,sense organs,0.00018052948972212637,1.5392119925628467,0.000614597419811449,0.6630745506007134
115,Phe_367.1,Myopia,sense organs,0.00016058876241011296,2.961559259116597,0.008545549014654446,1.379709265866024e-09
116,Phe_368,Visual disturbances,sense organs,0.0005848738574729713,3.8475660838807264,0.011071754857515596,4.203018603935402e-15
117,Phe_371,Inflammation of the eye,sense organs,-0.0007770011173631915,9.23527195537708,0.009386617814570253,2.8508360097093598e-11
118,Phe_371.3,Inflammation of eyelids,sense organs,-0.000879705776135409,1.3347926921557738,0.0018383683043774334,0.19251577684547164
119,Phe_374,Other disorders of eyelids,sense organs,0.0005945658931152634,2.196888599651249,0.007430516814281263,1.3838932361135375e-07
120,Phe_374.1,Ectropion or entropion,sense organs,4.7716448131547504e-05,3.062846887161743,0.007829221331434077,2.8564127620621806e-08
121,Phe_374.3,Ptosis of eyelid,sense organs,0.00011456989726411062,4.261198948882103,0.016150853537947586,2.360461874370285e-30
122,Phe_375,Disorders of lacrimal system,sense organs,-3.157306012447516e-05,3.3807914177795104,0.011313429964299163,1.056985114234125e-15
123,Phe_378,Strabismus and other disorders of binocular eye movements,sense organs,0.0003626060059617899,0.0,-0.0010783547913801618,0.44461817811292903
124,Phe_379,Other disorders of eye,sense organs,0.00022701150486744028,4.363360868784986,0.00683280516035413,1.2747206930334504e-06
125,Phe_379.2,Disorders of vitreous body,sense organs,0.0002996549777800431,24.724096299386456,0.1038517644746337,0.0
126,Phe_379.3,Aphakia and other disorders of lens,sense organs,0.0002796045809503341,8.043562453547686,0.03826728129051029,3.64218013336418e-162
127,Phe_380,Disorders of external ear,sense organs,0.00013833447947895558,2.7419937308056146,0.004937535298166085,0.0004650622628228794
128,Phe_381,Otitis media and Eustachian tube disorders,sense organs,-0.00022444661194180978,2.6796967662203364,0.008730507659374543,6.056676574870649e-10
129,Phe_381.1,Otitis media,sense organs,-0.00021650690810500324,2.926549323858121,0.0069504993560306995,8.346394267474177e-07
130,Phe_384,Other disorders of tympanic membrane,sense organs,-3.753551565058456e-05,0.8804292597459483,-0.0002549338239389532,0.8565905073883049
131,Phe_384.4,Perforation of tympanic membrane,sense organs,-2.1063067047153394e-05,0.9487384264503753,-0.00018252202476329866,0.8970529066372015
132,Phe_386,Vertiginous syndromes and other disorders of vestibular system,sense organs,0.0001775138363785652,4.491986019111981,0.003294801498354101,0.01951179552759532
133,Phe_386.9,Dizziness and giddiness (Light-headedness and vertigo),sense organs,0.0002644621781507198,3.5047973277463966,0.02052389778244451,5.806918870010956e-48
134,Phe_389,Hearing loss,sense organs,0.0001148599539278744,3.740279455884154,0.01932002090540971,1.061845753120208e-42
135,Phe_394,Rheumatic disease of the heart valves,circulatory system,0.00010950245580095398,6.825033021286421,0.02277152855819117,1.2467433399811213e-58
136,Phe_394.2,Mitral valve disease,circulatory system,8.770745068375806e-05,4.452909466649547,0.023250294376642763,4.800449767104364e-61
137,Phe_394.3,Aortic valve disease,circulatory system,0.0003663221116117086,4.041518494596514,0.013387172948910696,2.3049079240405347e-21
138,Phe_394.7,Disease of tricuspid valve,circulatory system,-6.990670549129104e-05,5.7044927587451415,0.02031638042323331,4.93717965888357e-47
139,Phe_395,Heart valve disorders,circulatory system,9.81862041565322e-05,4.703557972912285,0.02947652771522164,5.389588470852646e-97
140,Phe_395.1,Nonrheumatic mitral valve disorders,circulatory system,8.341946481687768e-05,4.4307616342844955,0.022686956636292,3.28927144002709e-58
141,Phe_395.6,Heart valve replaced,circulatory system,0.00037134600225717057,5.1431393364648645,0.01902531405659321,1.8459204796256432e-41
142,Phe_396,Abnormal heart sounds,circulatory system,0.0,4.68590380704526,0.014469353666481178,1.0951967787640887e-24
143,Phe_401.1,Essential hypertension,circulatory system,0.00043440519461103905,3.7384208332866424,0.09966978527465896,0.0
144,Phe_401.2,Hypertensive heart and__or renal disease,circulatory system,0.00024486446641198474,11.584595522973004,0.007616188691238015,6.701439932892854e-08
145,Phe_401.22,Hypertensive chronic kidney disease,circulatory system,0.0002295249123187897,23.408910780059504,0.09755391744644618,0.0
146,Phe_402,Elevated blood pressure reading without diagnosis of hypertension,circulatory system,-1.9052007891642025e-05,2.990588518158792,0.008933849694197669,2.4028200625481144e-10
147,Phe_411.1,Unstable angina (intermediate coronary syndrome),circulatory system,0.0003578118721615751,6.024192052418048,0.03995794366767771,1.2288680153215496e-176
148,Phe_411.2,Myocardial infarction,circulatory system,0.00042644271505819,5.8357491161652355,0.0619876363691689,0.0
149,Phe_411.3,Angina pectoris,circulatory system,0.00046758529099322704,5.911773753231373,0.07231868196095176,0.0
150,Phe_411.4,Coronary atherosclerosis,circulatory system,0.00043612384020771846,5.337122359684804,0.07129005599507851,0.0
151,Phe_411.8,"Other chronic ischemic heart disease, unspecified",circulatory system,0.00041969534338330854,7.031122070222304,0.0869382536541812,0.0
152,Phe_411.9,Other acute and subacute forms of ischemic heart disease,circulatory system,0.0005279222949995236,6.101984968536276,0.021897316124233755,2.375764788604883e-54
153,Phe_414,Other forms of chronic heart disease,circulatory system,0.00017060460251578052,7.117729617595055,0.033330395600487284,1.7397097523206788e-123
154,Phe_415,Pulmonary heart disease,circulatory system,-1.6619543448705922e-05,1.7452728272670006,0.005258872388643405,0.0001930787064975865
155,Phe_416,Cardiomegaly,circulatory system,0.00015585494737393863,6.862812801905834,0.0373365493749515,1.824943382679341e-154
156,Phe_418,Nonspecific chest pain,circulatory system,0.00043759491018392717,2.882517452039838,0.037909069809178145,3.5258725952376966e-159
157,Phe_418.1,Precordial pain,circulatory system,0.000267900133830453,3.3727048083598925,0.01723496860562404,2.481282718419374e-34
158,Phe_420,Carditis,circulatory system,6.440405804458903e-05,0.0,-0.00036910801812082113,0.7935904240265746
159,Phe_420.2,Pericarditis,circulatory system,5.401162119159844e-05,4.181658832990255,0.012659215561508183,2.855487961389484e-19
160,Phe_425,Cardiomyopathy,circulatory system,0.00013589726600992923,7.5899074116030025,0.003382144913768475,0.016506398149404633
161,Phe_425.1,Primary__intrinsic cardiomyopathies,circulatory system,0.0001398486198516884,4.885242501672956,0.014936435627447125,3.36433203148196e-26
162,Phe_426,Cardiac conduction disorders,circulatory system,0.0002475660220690654,6.237859127754695,0.007847122288515276,2.6562098800131613e-08
163,Phe_426.2,Atrioventricular [AV] block,circulatory system,0.00010834782981201416,5.530334546142892,0.006091779722121463,1.5720358156528434e-05
164,Phe_426.3,Bundle branch block,circulatory system,0.00017683463487589926,10.481300711261287,0.01986788663098024,4.681949196785417e-45
165,Phe_426.31,Right bundle branch block,circulatory system,0.00014068452409581235,5.942060593342426,0.024217359742172106,4.4867690627869135e-66
166,Phe_426.32,Left bundle branch block,circulatory system,0.00012954137923783542,6.432427409967879,0.02833185382238887,9.444680045543813e-90
167,Phe_426.9,Cardiac pacemaker__device in situ,circulatory system,0.0002603049756577406,9.14392406264338,0.014252652951225728,5.311517847441078e-24
168,Phe_426.91,Cardiac pacemaker in situ,circulatory system,0.00027290739500896225,5.918454287079513,0.028691692160774343,5.356833606374802e-92
169,Phe_427,Cardiac dysrhythmias,circulatory system,0.00023420747102861528,3.3834877186626295,0.04510453872684197,1.5155915442073425e-224
170,Phe_427.1,"Paroxysmal tachycardia, unspecified",circulatory system,0.0003031759099713696,0.0,-0.0011981141534709709,0.39570747955351027
171,Phe_427.11,Paroxysmal supraventricular tachycardia,circulatory system,0.00019328331937632962,2.7030722886937006,0.009524242364086511,1.4618129747184864e-11
172,Phe_427.2,Atrial fibrillation and flutter,circulatory system,0.00017595261712028117,3.8081898912829564,0.04039083314289032,1.9203205880999582e-180
173,Phe_427.3,Other specified cardiac dysrhythmias,circulatory system,4.647695244081007e-05,4.056084611650615,0.02090787816601505,1.0453936838770272e-49
174,Phe_427.4,Cardiac arrest and ventricular fibrillation,circulatory system,2.814495123261164e-05,6.558346550642845,0.02321307714881345,7.426155129166983e-61
175,Phe_427.7,Tachycardia NOS,circulatory system,0.0008322867186745603,4.458333515639166,0.01985745737966377,5.198501467938218e-45
176,Phe_427.9,Palpitations,circulatory system,0.00018261687831181792,2.0973698617558325,0.007917604316222718,1.9922526263832304e-08
177,Phe_428,Congestive heart failure; nonhypertensive,circulatory system,0.00019834732519571652,9.572022974879092,0.07796058380344119,0.0
178,Phe_428.1,Congestive heart failure (CHF) NOS,circulatory system,0.00019298780029894413,14.462277138882017,0.07733165026029007,0.0
179,Phe_428.2,Heart failure NOS,circulatory system,0.00022431997405174798,9.412688914021395,0.06785367895624608,0.0
180,Phe_430,Intracranial hemorrhage,circulatory system,1.030728510361978e-06,1.2160625134612546,0.0002770756168710619,0.8442879124687659
181,Phe_433,Cerebrovascular disease,circulatory system,0.00032024491039928945,7.943003104229751,0.03180598316584099,1.2793751151699335e-112
182,Phe_433.1,Occlusion and stenosis of precerebral arteries,circulatory system,0.0003566888562706406,8.919381389583137,0.029566540282708068,1.4119379657523243e-97
183,Phe_433.2,Occlusion of cerebral arteries,circulatory system,0.00023273808036501208,7.18638486887273,0.03987483455325067,6.539377859837772e-176
184,Phe_433.21,"Cerebral artery occlusion, with cerebral infarction",circulatory system,0.0003812732470714461,6.513954150476964,0.02756689730600721,4.53444585357671e-85
185,Phe_433.3,Cerebral ischemia,circulatory system,0.00034762070359870413,9.754756002867042,0.035064175508881634,1.8371076095888404e-136
186,Phe_433.31,Transient cerebral ischemia,circulatory system,0.00032049805857708134,5.03348972412744,0.02133245219992643,1.129351204031684e-51
187,Phe_433.8,Late effects of cerebrovascular disease,circulatory system,-0.00027798585631780986,9.266528860624765,0.03547046979631733,1.3433620555235466e-139
188,Phe_440,Atherosclerosis,circulatory system,0.0005825254456240885,9.312232555005222,0.012776682707974734,1.335611739531499e-19
189,Phe_442,Other aneurysm,circulatory system,0.0005513064295660055,4.683134360350789,0.002406512767152247,0.08802352306002328
190,Phe_442.1,Aortic aneurysm,circulatory system,0.0005245060025246755,2.120948430865507,0.003267867385119822,0.020530288561537307
191,Phe_443,Peripheral vascular disease,circulatory system,0.0012279874165893332,15.403525250783304,0.10762474025061675,0.0
192,Phe_443.1,Raynaud's syndrome,circulatory system,8.989882303448571e-05,1.8434448487142974,0.0034078555464380766,0.01570294335901851
193,Phe_443.9,"Peripheral vascular disease, unspecified",circulatory system,0.000747449073382155,15.615160455871537,0.08816537657932229,0.0
194,Phe_447,Other disorders of arteries and arterioles,circulatory system,0.0005294329219308748,9.558339369980137,0.023503182250417642,2.4309593403835505e-62
195,Phe_451,Phlebitis and thrombophlebitis,circulatory system,-9.27060618372645e-06,3.675261288364348,0.005922362664981177,2.689899091144379e-05
196,Phe_451.2,Phlebitis and thrombophlebitis of lower extremities,circulatory system,-9.309722002917446e-06,2.416864634596721,0.009692368928187737,6.382909187948872e-12
197,Phe_454,Varicose veins,circulatory system,-0.0011805863128253628,3.8563276201810406,0.007420483727387675,1.4385091845092808e-07
198,Phe_454.1,Varicose veins of lower extremity,circulatory system,-0.0011743811924801728,0.7669244422874114,-0.00269969917132391,0.055652065171645906
199,Phe_455,Hemorrhoids,circulatory system,-9.100386656304892e-05,1.2670987489379943,0.0047301279782286975,0.0007991644741531505
200,Phe_458,Hypotension,circulatory system,9.983727911344903e-05,3.8015080299911412,0.011146667795183623,2.7483889364869033e-15
201,Phe_458.1,Orthostatic hypotension,circulatory system,0.00012090770610785596,9.46795086781284,0.03996878860105437,9.877650008494042e-177
202,Phe_458.9,Hypotension NOS,circulatory system,7.210558831144162e-05,5.414250121428839,0.03305241984855558,1.8190300906695783e-121
203,Phe_459,Other disorders of circulatory system,circulatory system,3.034446302340081e-05,5.4213624368592885,0.006004726678566745,2.0752801263041554e-05
204,Phe_459.9,Circulatory disease NEC,circulatory system,4.006647597703365e-05,4.521085628336754,0.0547898964748088,0.0
205,Phe_465,Acute upper respiratory infections of multiple or unspecified sites,respiratory,0.00020432778419195337,4.521978735212883,0.014839322162050708,7.002918219348403e-26
206,Phe_470,Septal Deviations__Turbinate Hypertrophy,respiratory,-8.616292098577676e-05,0.8388514073801495,-0.0012003011175717867,0.3948456327329355
207,Phe_471,Nasal polyps,respiratory,0.0013550295860921906,1.0870775196769118,0.0005434370930321371,0.700068120375646
208,Phe_473,Diseases of the larynx and vocal cords,respiratory,5.1529718969946735e-06,0.5174125880030256,-0.0021256031867229967,0.1318653234747288
209,Phe_473.4,Voice disturbance,respiratory,-6.303620001372044e-05,1.6304245550850895,0.002318677660166405,0.10024794793711868
210,Phe_474,Acute and chronic tonsillitis,respiratory,-1.8410830913491063e-05,0.3916500265773792,-0.0013752004689888619,0.32963741664094093
211,Phe_474.2,Chronic tonsillitis and adenoiditis,respiratory,2.414295434364936e-06,0.6370689289044489,-0.0012875899123889207,0.3613795494068779
212,Phe_475,Chronic sinusitis,respiratory,0.001087959042889457,1.2351701174887042,0.0013427586193387722,0.34117445677157987
213,Phe_476,Allergic rhinitis,respiratory,6.087296936011023e-05,2.2644785487292913,0.005323566129396651,0.00016080228826171879
214,Phe_477,Epistaxis or throat hemorrhage,respiratory,-0.0014978570045903591,3.057046040784543,0.011685292777826943,1.1942195609070331e-16
215,Phe_479,Other upper respiratory disease,respiratory,-7.524164539598368e-05,1.5735658086130724,0.004163358861247153,0.003164290705695013
216,Phe_480,Pneumonia,respiratory,0.0005826108774676422,5.356068960413516,0.03366998459571367,5.6312218884907953e-126
217,Phe_480.1,Bacterial pneumonia,respiratory,0.00048132356717159173,6.678717999392088,0.021103639989872303,1.3105850978290308e-50
218,Phe_480.11,Pneumococcal pneumonia,respiratory,0.0004613414566669906,4.896174741072158,0.03746805239662054,1.530503598162008e-155
219,Phe_495,Asthma,respiratory,0.0013153226365440571,2.218076440914587,0.02333863194755491,1.6995177713988377e-61
220,Phe_496,Chronic airway obstruction,respiratory,0.000962735190321922,3.8360158132979905,0.03010399517737675,4.3601130689018737e-101
221,Phe_496.1,Emphysema,respiratory,0.000660501670215512,3.410671907123944,0.012135940853698507,7.75432952614765e-18
222,Phe_496.2,Chronic bronchitis,respiratory,0.0013591989820829755,7.508991554336446,0.013440154485228185,1.6063948750799152e-21
223,Phe_496.21,Obstructive chronic bronchitis,respiratory,0.0014118083890235637,3.9605454779394886,0.018896772363793026,6.327261905207808e-41
224,Phe_496.3,Bronchiectasis,respiratory,0.000716201168080708,2.090949793570175,0.005861127465666824,3.2551925585086346e-05
225,Phe_506,Empyema and pneumothorax,respiratory,0.0004890526883546998,2.699914493963919,0.006714619289105264,1.9371442334680957e-06
226,Phe_507,Pleurisy; pleural effusion,respiratory,0.00030920228740407695,4.575372011151959,0.035015636137509555,4.328791800129391e-136
227,Phe_508,Pulmonary collapse; interstitial and compensatory emphysema,respiratory,-0.0002663165839075391,3.3172746320319013,0.013266493411390629,5.218504459982624e-21
228,Phe_509.1,Respiratory failure,respiratory,0.0003042651516236266,5.960352822264641,0.026410672092670506,3.0904661348819866e-78
229,Phe_509.2,Respiratory insufficiency,respiratory,0.00040881072702417904,5.561983432062847,0.02261402697164383,7.571328393082631e-58
230,Phe_512,Other symptoms of respiratory system,respiratory,4.745771284018812e-09,3.886767101909602,0.033477991903003636,1.4500884053588742e-124
231,Phe_512.7,Shortness of breath,respiratory,-8.045026913399425e-06,4.441627431453775,0.03204260512658178,2.8416469875848024e-114
232,Phe_512.8,Cough,respiratory,7.643202244050308e-06,3.417668034381512,0.015762665930083092,5.439242105696517e-29
233,Phe_514,Abnormal findings examination of lungs,respiratory,0.000146487876365015,2.648639104098199,0.01006694390991561,9.582318895886657e-13
234,Phe_516,Abnormal sputum,respiratory,8.459009775223478e-05,3.285183805022195,0.0025213481508426015,0.07388557975977521
235,Phe_516.1,Hemoptysis,respiratory,8.91035720478253e-05,2.821888653031886,0.00960553008913296,9.809615321711088e-12
236,Phe_519,"Other diseases of respiratory system, not elsewhere classified",respiratory,-5.1132909606405155e-05,7.537921744400243,0.007529750983070238,9.412205720472262e-08
237,Phe_519.8,"Other diseases of respiratory system, NEC",respiratory,-4.609543017921749e-05,4.413536069230983,0.038916101359752944,1.2065521518015908e-167
238,Phe_520,Disorders of tooth development,digestive,-0.00015769587839018677,0.0,-0.0006739194296426608,0.6328465971809785
239,Phe_520.2,Disturbances in tooth eruption,digestive,-0.00015713207277535864,0.8708499107279409,-0.0006799029162154812,0.6298303633570719
240,Phe_521,Diseases of hard tissues of teeth,digestive,4.20661036594396e-06,7.336910497882902,0.003307901223841373,0.019032594721754236
241,Phe_521.1,Dental caries,digestive,7.346717224472563e-06,2.355818061229977,0.008961963221977032,2.111128136137238e-10
242,Phe_522,Diseases of pulp and periapical tissues,digestive,5.587107935402102e-05,0.8305936412697625,-0.0004555735010737029,0.746737444187733
243,Phe_522.5,Periapical abscess,digestive,6.051112527560764e-05,2.0286388473408947,0.004091576030337618,0.003726576664105146
244,Phe_523,Gingival and periodontal diseases,digestive,1.1575710791337188e-05,1.2595554502803266,0.0006544438297489996,0.6427062558760679
245,Phe_523.3,Periodontitis (acute or chronic),digestive,4.0713223322019224e-05,20.009755903317007,0.006008679011225188,2.0494390227358636e-05
246,Phe_525,Other diseases of the teeth and supporting structures,digestive,-3.8955295327280035e-05,2.579382596911958,0.009363108981961698,3.1924060177109834e-11
247,Phe_528,"Diseases of the oral soft tissues, excluding lesions specific for gingiva and tongue",digestive,-2.6543944913024266e-05,1.399481338345732,0.0020313961100226962,0.14986581765504908
248,Phe_529,Diseases and other conditions of the tongue,digestive,0.0002306046863000466,2.277533192247464,0.004484436910877385,0.0014782631515337225
249,Phe_530,Diseases of esophagus,digestive,-0.0010722039470938572,2.248542377330742,0.0035348716541442862,0.012217926059456471
250,Phe_530.1,"Esophagitis, GERD and related diseases",digestive,-0.0010944673783077716,2.7458998668480055,0.019331872288817723,9.457905994614776e-43
251,Phe_530.11,GERD,digestive,-0.00040088614957883747,2.0997996275072217,0.01652661030428309,1.0543126013507797e-31
252,Phe_530.12,Ulcer of esophagus,digestive,-0.0003023836759730507,2.394933290001477,0.011038248733544205,5.077897755052044e-15
253,Phe_530.14,Reflux esophagitis,digestive,-0.0008489697501755405,1.9793557614582424,0.011566078130996717,2.4205739539219473e-16
254,Phe_530.2,Esophageal bleeding (varices__hemorrhage),digestive,-0.00032613996559012715,3.209546418874332,0.010777567786963108,2.1695093389359177e-14
255,Phe_530.3,Stricture and stenosis of esophagus,digestive,0.0,2.1556505135437702,0.0059057349029955405,2.833400098091236e-05
256,Phe_530.9,Heartburn,digestive,-0.00013562826709912683,1.7685221153249715,0.004014855981072868,0.004426678434000669
257,Phe_531,Peptic ulcer (excl. esophageal),digestive,0.0001921321619470582,3.2080908492897096,0.022221675440264318,6.415018080072006e-56
258,Phe_531.2,Gastric ulcer,digestive,0.00019901535672265337,3.7112776837539974,0.02041876250921454,1.722063165410435e-47
259,Phe_531.3,Duodenal ulcer,digestive,0.00018229564030408215,2.7481007518572005,0.010900561177256667,1.0980401278080387e-14
260,Phe_532,Dysphagia,digestive,6.167403547841826e-05,2.6442598398843264,0.015886429328168614,2.0168559238068865e-29
261,Phe_535,Gastritis and duodenitis,digestive,0.0014315652884879313,2.9815059641238637,0.031025792414305055,2.965051833776247e-107
262,Phe_535.1,Acute gastritis,digestive,0.0002297645014203264,3.210433415059613,0.00873627205571152,5.901653350414927e-10
263,Phe_535.6,Duodenitis,digestive,0.0009025921040863225,2.5849836050894894,0.01594340486957764,1.2741106531797494e-29
264,Phe_535.8,Other specified gastritis,digestive,0.00016829064525631236,2.896375727213114,0.020685140591618772,1.0844858685037642e-48
265,Phe_537,Other disorders of stomach and duodenum,digestive,0.0006200455611994625,3.751587006471211,0.018939927220973096,4.187950360851479e-41
266,Phe_540,Appendiceal conditions,digestive,0.00020662722854983235,1.7798435170066342,0.0014320433605706819,0.31003958313159125
267,Phe_540.1,Appendicitis,digestive,0.00021248303198950807,1.1913792418754374,0.0004961785615200301,0.7250421423530555
268,Phe_540.11,Acute appendicitis,digestive,0.00024280193044363109,0.9940330351970385,-3.175992305142564e-05,0.9820381142671979
269,Phe_550,Abdominal hernia,digestive,-0.0012593280448955674,2.111031206084922,0.007607021191320881,6.94847304247453e-08
270,Phe_550.1,Inguinal hernia,digestive,-0.001304979453355015,0.7004538288881095,-0.004264645084406483,0.0025019109838976283
271,Phe_550.2,Diaphragmatic hernia,digestive,-0.0011241305780485284,1.7731254249475084,0.015250287163918089,3.047835077765649e-27
272,Phe_550.4,Umbilical hernia,digestive,-0.00033188947234348223,2.475395687891909,0.010411812298863104,1.5726536841434604e-13
273,Phe_550.5,Ventral hernia,digestive,-0.0004729898132126385,2.3047886380783984,0.008806463126583383,4.298208291513287e-10
274,Phe_555,Inflammatory bowel disease and other gastroenteritis and colitis,digestive,-0.0013346059214721115,1.9883867779389057,0.007462503434766319,1.222835207092071e-07
275,Phe_555.1,Regional enteritis,digestive,-0.0009491703962327258,1.9123928893943851,0.004285174995501781,0.0023841999113777454
276,Phe_555.2,Ulcerative colitis,digestive,-0.001197724526078493,2.174554195758065,0.0072410118899488545,2.8510970440305515e-07
277,Phe_556,Ulceration of the lower GI tract,digestive,-0.00032736271857463316,2.1579148523185006,0.0027316076981822876,0.052822452355852624
278,Phe_557,Intestinal malabsorption (non-celiac),digestive,0.0013304817048730903,3.517696814053447,0.005023786895545466,0.00036908652068054075
279,Phe_557.1,Celiac disease,digestive,0.001341577462209062,2.0380306938563617,0.004942690658206967,0.0004587268318548409
280,Phe_558,Noninfectious gastroenteritis,digestive,0.00044027102281513216,3.1972939712480026,0.030571292914809867,3.4367013546036754e-104
281,Phe_559,Ileostomy status,digestive,-0.0006690399274395913,2.556084947649527,0.0071672603558542835,3.759465505340476e-07
282,Phe_560.4,Other intestinal obstruction,digestive,0.00014105789671680483,1.8989997075178462,0.0060787519305337545,1.639130870409539e-05
283,Phe_561,Symptoms involving digestive system,digestive,0.001072654304568342,2.237431409773693,0.01756603998008397,1.3456475762107442e-35
284,Phe_561.2,Flatulence,digestive,2.6867616047261356e-05,2.3906787015573503,0.0068665828415891165,1.1296158469933304e-06
285,Phe_562,Diverticulosis and diverticulitis,digestive,0.0006296447685162756,1.4805664457845293,0.009699842480675295,6.150084679160539e-12
286,Phe_562.1,Diverticulosis,digestive,0.0006268434925716855,1.4805664457845293,0.009699842480675295,6.150084679160539e-12
287,Phe_563,Constipation,digestive,6.535089914346855e-05,3.5829286850909887,0.03242382184946665,5.8081277238661744e-117
288,Phe_564,Functional digestive disorders,digestive,-2.4585006284348932e-05,3.0127410257007092,0.006768422085982146,1.6024648814578142e-06
289,Phe_564.1,Irritable Bowel Syndrome,digestive,-2.1969994538750876e-05,2.016412239051714,0.008896526858172714,2.851537591175512e-10
290,Phe_564.8,Abnormal findings on exam of gastrointestinal tract__ abdominal area,digestive,4.005231332925937e-05,2.5855728545021215,0.007783065041062949,3.4425369088669395e-08
291,Phe_564.9,Personal history of diseases of digestive system,digestive,-6.49197130229457e-05,2.3558180612299773,0.020434630540531712,1.4620045566431467e-47
292,Phe_565,Anal and rectal conditions,digestive,-6.26153576906378e-05,1.9521713076406835,0.009943026830142922,1.8081973975396785e-12
293,Phe_565.1,Anal and rectal polyp,digestive,-3.9327152025939504e-05,1.5789047380352748,0.0058542768795484855,3.32503084380825e-05
294,Phe_568,Other disorders of peritoneum,digestive,4.27674638954062e-05,0.618278974540694,-0.0006866356392332374,0.6264438116733773
295,Phe_568.1,Peritoneal adhesions (postoperative) (postinfection),digestive,2.3193925217476553e-05,1.764740949580975,0.005173555751211014,0.00024500609471422873
296,Phe_569,Other disorders of intestine,digestive,0.00037969357256419496,3.0301117144340184,0.014358429863983313,2.4647233870632424e-24
297,Phe_571,Chronic liver disease and cirrhosis,digestive,-0.00023720783170726094,5.841583925583429,0.03257766433428774,4.6737334508111515e-118
298,Phe_571.5,Other chronic nonalcoholic liver disease,digestive,-0.00013062184531188384,6.426490947050717,0.027818723048539093,1.3474512312732483e-86
299,Phe_572,Ascites (non malignant),digestive,-0.0001125710329621624,4.703906327271699,0.017622257278192416,8.159049606946276e-36
300,Phe_573,Other disorders of liver,digestive,4.1833570400772775e-05,2.848447605060421,0.008918325900263317,2.5803894000422364e-10
301,Phe_573.7,Abnormal results of function study of liver,digestive,5.1974873045704414e-06,4.092986719346122,0.02205981980988502,3.915582782468795e-55
302,Phe_574,Cholelithiasis and cholecystitis,digestive,-9.228835475000532e-06,1.9833932709689726,0.0143185492321271,3.2943666395531312e-24
303,Phe_574.1,Cholelithiasis,digestive,-1.2940090938858152e-05,2.0114015152512645,0.010901947953600692,1.0895950081760567e-14
304,Phe_574.11,Cholelithiasis with acute cholecystitis,digestive,-4.633986432738875e-05,2.6613961053672868,0.007498700585177837,1.062425849047819e-07
305,Phe_574.12,Cholelithiasis with other cholecystitis,digestive,-5.474961897389659e-05,1.8359275573942386,0.006976191677313229,7.602598100068852e-07
306,Phe_574.2,Calculus of bile duct,digestive,-5.045182777876293e-05,1.798262376932084,0.004626909134220366,0.0010383886817181543
307,Phe_574.3,Cholecystitis without cholelithiasis,digestive,-5.732826006353686e-05,2.512249509002706,0.008982749593164651,1.917999121913037e-10
308,Phe_575,Other biliary tract disease,digestive,-4.2253825199735804e-05,2.180024635641436,0.008656421344318318,8.439763499970344e-10
309,Phe_575.7,Other disorders of gallbladder,digestive,1.081883551670408e-05,1.4060909553682222,0.001749395723313765,0.21493756560149885
310,Phe_575.8,Other disorders of biliary tract,digestive,-4.153130417305028e-05,2.3386402212001753,0.005111139557374924,0.0002910052400406587
311,Phe_577,Diseases of pancreas,digestive,-2.7622695325112697e-05,4.372993011983187,0.009684401155873653,6.6406443956432554e-12
312,Phe_577.1,Acute pancreatitis,digestive,-2.5912520425451718e-05,3.3747288491113863,0.009513873897630094,1.5377555436250027e-11
313,Phe_578.1,Hematemesis,digestive,9.801793973879075e-05,4.921754476219103,0.01957428974570411,8.727842049996746e-44
314,Phe_578.2,Blood in stool,digestive,-0.0004332228389077565,2.5174738386289137,0.009004352159237375,1.7355949224684947e-10
315,Phe_578.9,Hemorrhage of gastrointestinal tract,digestive,0.00014350583968546698,2.49324243247093,0.013694640180179466,2.7812189533355165e-22
316,Phe_579,Other symptoms involving abdomen and pelvis,digestive,-3.8689766424227565e-05,1.6304245550850895,0.0024221061726195582,0.08598449473117302
317,Phe_579.8,Nonspecific abnormal findings in stool contents,digestive,-8.547761470685856e-05,1.9106537754903392,0.004670883306030161,0.0009293454491251477
318,Phe_580,Nephritis; nephrosis; renal sclerosis,genitourinary,0.0013997015900911757,33.74573474854981,0.14575606582764744,0.0
319,Phe_580.1,Glomerulonephritis,genitourinary,0.0006691500601934471,16.93133191819131,0.05563180307690499,0.0
320,Phe_585,Renal failure,genitourinary,8.785698810199517e-05,10.849425984961,0.10957855440536163,0.0
321,Phe_585.1,Acute renal failure,genitourinary,0.00019702084240372038,11.144375932879296,0.0943238643848829,0.0
322,Phe_585.2,Renal failure NOS,genitourinary,6.830696792998714e-05,12.543865488343393,0.04995006748388227,5.807909757839453e-275
323,Phe_585.3,Chronic renal failure [CKD],genitourinary,3.918706739919766e-05,17.820604696954526,0.11179513496691684,0.0
324,Phe_586,Other disorders of the kidney and ureters,genitourinary,-2.8345358075407772e-05,7.792539878772902,0.02691671412430419,3.428527577446513e-81
325,Phe_586.2,"Cyst of kidney, acquired",genitourinary,8.220321195533163e-05,3.274492830296414,0.010074828242684967,9.200528373042497e-13
326,Phe_590,Pyelonephritis,genitourinary,-4.7242051878725355e-05,5.1765596175091035,0.018391719695124955,7.388051734680517e-39
327,Phe_591,Urinary tract infection,genitourinary,-0.0006292911574166379,4.995664642131417,0.0527164046212649,4.659507663433552e-306
328,Phe_592,Cystitis and urethritis,genitourinary,3.308635674995554e-05,3.288203969402818,0.014447045046718536,1.2898957551500469e-24
329,Phe_592.1,Cystitis,genitourinary,2.3264795348411137e-05,3.9877346578191264,0.015149645029155518,6.618233302652761e-27
330,Phe_593,Hematuria,genitourinary,-0.0011482377630485817,2.162194257320101,0.01667315572214477,3.077214618593501e-32
331,Phe_594,Urinary calculus,genitourinary,-0.0007118788238852007,3.6408728786486586,0.006494522764910064,4.1475607462495635e-06
332,Phe_594.1,Calculus of kidney,genitourinary,-0.0005348857437026847,2.740940546240444,0.011176318913712706,2.321265852035643e-15
333,Phe_594.3,Calculus of ureter,genitourinary,-0.0003993677459374443,1.585406830274817,0.0032311439006692416,0.021993493548193757
334,Phe_594.8,Renal colic,genitourinary,-0.00023524056962939902,2.4921167886055957,0.007089041805993171,5.026427057510812e-07
335,Phe_595,Hydronephrosis,genitourinary,-3.331206147637153e-05,2.720025355312686,0.009117833504705502,1.0228795712455901e-10
336,Phe_596,Other disorders of bladder,genitourinary,-0.0006368270071047089,2.3629563897504027,0.013528919139598928,8.745603658166381e-22
337,Phe_596.1,Bladder neck obstruction,genitourinary,-0.000891288259588752,2.554436923827703,0.007551351449495483,8.649167071982995e-08
338,Phe_596.5,Functional disorders of bladder,genitourinary,-0.0005903091355956308,2.8245710566944635,0.00799274810531964,1.462184108092874e-08
339,Phe_597,Other disorders of urethra and urinary tract,genitourinary,-2.1599535099072583e-05,1.6289162992524484,0.001972762029392051,0.16198059339603768
340,Phe_597.1,Urethral stricture (not specified as infectious),genitourinary,-7.094334783674231e-05,3.0910060995063167,0.013830341867813458,1.0774283630247051e-22
341,Phe_598,Abnormal findings on examination of urine,genitourinary,-0.0009764300836476964,2.544870787878232,0.010013958923381715,1.2583187279029248e-12
342,Phe_599,Other symptoms__disorders or the urinary system,genitourinary,-0.0010556453248187824,3.1309382766366607,0.01982241284789207,7.386380482636222e-45
343,Phe_599.2,Retention of urine,genitourinary,-0.0003078360809490176,3.8441391523055923,0.028582451118565052,2.5931584177501434e-91
344,Phe_599.3,Dysuria,genitourinary,-0.00011233037661443233,2.6702793839781793,0.006634196487829072,2.5653999680183293e-06
345,Phe_599.4,Urinary incontinence,genitourinary,-5.843265336699566e-06,2.1541563541930393,0.012225295210101345,4.4553215594285e-18
346,Phe_599.5,Frequency of urination and polyuria,genitourinary,-7.5284307473732294e-06,1.889505717262994,0.006306974364400042,7.789283290490966e-06
347,Phe_599.9,Other abnormality of urination,genitourinary,-0.00011569430092549342,2.8366629391734137,0.008743691530083747,5.707808565314596e-10
348,Phe_611.3,Lump or mass in breast,genitourinary,6.0140255977319186e-05,1.0752677818099028,0.00032520392770494074,0.8176810034058218
349,Phe_613,Other nonmalignant breast conditions,genitourinary,1.0098834547667189e-05,0.0,-0.0004043387823688602,0.7743992363664739
350,Phe_681,Superficial cellulitis and abscess,dermatologic,-0.00015376534998964394,6.526092895690992,0.014356295166836838,2.5033497274315592e-24
351,Phe_681.3,Cellulitis and abscess of arm__hand,dermatologic,-0.00014061156926920736,7.321657045704352,0.05492775974668955,0.0
352,Phe_686,Other local infections of skin and subcutaneous tissue,dermatologic,-6.943639446200405e-05,12.056290154058672,0.04795718993586142,1.3288226650925187e-253
353,Phe_686.1,Carbuncle and furuncle,dermatologic,-0.0001456395833242634,5.726264551110011,0.026434999259805837,2.234853038423386e-78
354,Phe_687,Symptoms affecting skin,dermatologic,4.158540548885719e-05,5.427303655968174,0.008063895566734973,1.0881744161796237e-08
355,Phe_687.1,Rash and other nonspecific skin eruption,dermatologic,0.00045789810135728263,3.408889481251394,0.013217270981200516,7.267670351064507e-21
356,Phe_687.4,Disturbance of skin sensation,dermatologic,8.84254967763533e-05,3.395244192801922,0.014764652477912686,1.2265639730680458e-25
357,Phe_689,Disorder of skin and subcutaneous tissue NOS,dermatologic,-0.00010061512594872143,1.8392637036593167,0.007382348250578542,1.6657611515172537e-07
358,Phe_695,Erythematous conditions,dermatologic,0.0014360436466173921,3.479483310525007,0.014365730432870887,2.3370317419633727e-24
359,Phe_696,Psoriasis and related disorders,dermatologic,-0.0001963455441727072,2.8870648665749656,0.010687518292374264,3.554906638417343e-14
360,Phe_696.4,Psoriasis,dermatologic,-0.00015580778378768335,3.567824306950539,0.012032522587125874,1.465344785703786e-17
361,Phe_696.41,Psoriasis vulgaris,dermatologic,-0.00024519750618657844,3.2627082031634345,0.011089967229146703,3.791595259965134e-15
362,Phe_701,Other hypertrophic and atrophic conditions of skin,dermatologic,-0.00020183724938403668,1.8828683912445432,0.004077859572751037,0.0038438353792590047
363,Phe_701.2,Scar conditions and fibrosis of skin,dermatologic,-0.00019744571567996533,1.3726680070875403,0.0020177308736293842,0.152625590881933
364,Phe_702,Degenerative skin conditions and other dermatoses,dermatologic,-2.2185215563798896e-05,0.0,-0.00031608396455931,0.8227077034977391
365,Phe_702.1,Actinic keratosis,dermatologic,-0.00015788678827568703,1.6575206785661192,0.0039036249307111332,0.00565419335845829
366,Phe_702.2,Seborrheic keratosis,dermatologic,2.6809978563931757e-05,0.9730197728695335,-0.00016929551620799738,0.9044758531304371
367,Phe_703,"Diseases of nail, NOS",dermatologic,-7.497604889274914e-05,3.0270161189693705,0.004360512408764424,0.001994372598686489
368,Phe_704,Diseases of hair and hair follicles,dermatologic,-0.0009224435551422876,1.3582781325099291,0.002801732702659464,0.04702447871256146
369,Phe_706,Diseases of sebaceous glands,dermatologic,-0.0010826758081182448,1.3440801032502436,0.0035774878993811246,0.011212780503975013
370,Phe_706.2,Sebaceous cyst,dermatologic,-0.001071304922940985,1.3376898806697426,0.003494162903611949,0.013251819775128676
371,Phe_707,Chronic ulcer of skin,dermatologic,0.001368419241015985,32.13325524483842,0.13318907626456758,0.0
372,Phe_709,Diffuse diseases of connective tissue,dermatologic,0.0014525176454101391,5.694318595371804,0.028479417483668223,1.141416069163425e-90
373,Phe_709.7,Unspecified diffuse connective tissue disease,dermatologic,0.001328490477654178,6.979012424815445,0.03061368005726086,1.7876684470365793e-104
374,Phe_714,Rheumatoid arthritis and other inflammatory polyarthropathies,musculoskeletal,0.0011644408261522396,4.683134360350788,0.008681679058832959,7.539390210730614e-10
375,Phe_714.1,Rheumatoid arthritis,musculoskeletal,0.0011556804960807011,2.74516481587038,0.01057292616683235,6.625638851570746e-14
376,Phe_715,Other inflammatory spondylopathies,musculoskeletal,-0.0003505118387663198,4.508715948419661,0.007752984206431244,3.88563395202029e-08
377,Phe_716,Other arthropathies,musculoskeletal,0.0001626174717810736,0.0,-0.0009387050529578409,0.5057794326041676
378,Phe_716.2,Unspecified monoarthritis,musculoskeletal,0.0003667436864250111,1.9879095183799078,0.014810356896923468,8.70651714736304e-26
379,Phe_716.9,Arthropathy NOS,musculoskeletal,0.00016570678017022216,2.504149765099707,0.029233948117627154,1.95213904376117e-95
380,Phe_717,Polymyalgia Rheumatica,musculoskeletal,0.0013726982750808896,2.1326052951520933,0.0047892533997631,0.0006862930338189114
381,Phe_720,Spinal stenosis,musculoskeletal,0.0001483835126008021,3.934000266961342,0.009363983770352111,3.179006884816972e-11
382,Phe_721,Spondylosis and allied disorders,musculoskeletal,8.686075886029923e-05,3.207392567380504,0.008551467107399563,1.3441878286158056e-09
383,Phe_721.1,Spondylosis without myelopathy,musculoskeletal,8.348511650929458e-05,2.117871071553828,0.004069623594863047,0.003915843535246693
384,Phe_722,Intervertebral disc disorders,musculoskeletal,0.0007217732396751523,2.260610006974293,0.012032030226761185,1.4697727486824426e-17
385,Phe_722.6,Degeneration of intervertebral disc,musculoskeletal,0.00016241995330236464,2.186328145592272,0.007471000887995549,1.1831956121089872e-07
386,Phe_722.9,Other and unspecified disc disorder,musculoskeletal,0.0001759873876971227,2.280117212739852,0.009338622330678654,3.590727649122248e-11
387,Phe_724,Other and unspecified disorders of back,musculoskeletal,-0.00011226474495808863,3.3257973410732937,0.0059848565539143755,2.2099641371755215e-05
388,Phe_726,Peripheral enthesopathies and allied syndromes,musculoskeletal,9.46150251019026e-05,2.1648706899282555,0.012360787213977908,1.908371405598566e-18
389,Phe_726.1,Enthesopathy,musculoskeletal,4.965946687208119e-05,2.570041752228248,0.01499708814104802,2.1233302556561492e-26
390,Phe_727,"Other disorders of synovium, tendon, and bursa",musculoskeletal,-4.353896301846449e-06,0.8420325743553447,-0.0005449695430586139,0.6992635208554749
391,Phe_727.1,Synovitis and tenosynovitis,musculoskeletal,5.815479998746461e-05,5.908921206348646,0.02748086901149983,1.4962654240181467e-84
392,Phe_727.4,"Ganglion and cyst of synovium, tendon, and bursa",musculoskeletal,-8.81285719837264e-06,1.2057671634966922,0.0012477187310772427,0.376439395689547
393,Phe_728,"Disorders of muscle, ligament, and fascia",musculoskeletal,0.0007803893209039984,5.717073115233431,0.003945050936035254,0.005165056435635809
394,Phe_728.7,Fasciitis,musculoskeletal,0.0008989152924792084,1.8600618163646796,0.0015448939470649355,0.2734570717521762
395,Phe_728.71,Contracture of palmar fascia [Dupuytren's disease],musculoskeletal,0.0009328231579800838,3.7169825207400016,0.015489115773390226,4.743346648076955e-28
396,Phe_729,Other disorders of soft tissues,musculoskeletal,4.113344266485885e-05,1.6497737534277608,0.002481716352716323,0.07853893066639114
397,Phe_729.1,"Rheumatism, unspecified and fibrositis",musculoskeletal,-2.59752456464242e-05,2.809880616210473,0.0037411353567985274,0.008001576795494587
398,Phe_733,Other disorders of bone and cartilage,musculoskeletal,-7.090156411534356e-07,1.468605937858129,0.0015482371680927663,0.272420303855158
399,Phe_733.8,Malunion and nonunion of fracture,musculoskeletal,2.689488695133058e-05,0.9959607010700773,-5.723992036306376e-06,0.9967625206720874
400,Phe_735,Acquired foot deformities,musculoskeletal,-0.000966618991242258,4.294776876809504,0.00449668962642187,0.0014345737449444973
401,Phe_735.2,Acquired toe deformities,musculoskeletal,-0.0002465002663652921,1.7114497104595006,0.003698508965440573,0.00874702830658658
402,Phe_735.21,Hammer toe (acquired),musculoskeletal,-5.7152540310936953e-05,0.8987306845959012,-0.0005022793532758352,0.7218009860974648
403,Phe_735.23,Hallux rigidus,musculoskeletal,-0.00018560106162905163,0.3211682610940959,-0.002939445033860859,0.037187375463366666
404,Phe_735.3,Hallux valgus (Bunion),musculoskeletal,-0.0013896202920373217,0.5636864762876297,-0.003976293612348557,0.004821815164166724
405,Phe_736,Other acquired deformities of limbs,musculoskeletal,0.00014989134528754276,3.900635960899771,0.005496217376975479,9.773160984358342e-05
406,Phe_737,Curvature of spine,musculoskeletal,-5.105279138005482e-05,0.0,-0.0005718316319367288,0.6852153556668417
407,Phe_737.3,Kyphoscoliosis and scoliosis,musculoskeletal,-4.844972369059771e-05,0.9222373530858397,-0.00019844425899941738,0.8881290671813746
408,Phe_738,Other acquired musculoskeletal deformity,musculoskeletal,-9.393711469778097e-05,1.8004688338362953,0.0016877636887195832,0.23153549695691034
409,Phe_738.4,Acquired spondylolisthesis,musculoskeletal,-6.756902233394083e-05,2.730859986805051,0.0033127605616509463,0.01885746973747034
410,Phe_740,Osteoarthrosis,musculoskeletal,-2.54271313754927e-06,1.903638261440206,0.015928023372420934,1.442534222766787e-29
411,Phe_740.1,Osteoarthritis; localized,musculoskeletal,-2.2706039191569538e-05,1.4037456309724943,0.004636486140381782,0.001013678130216685
412,Phe_740.11,"Osteoarthrosis, localized, primary",musculoskeletal,0.00010532526038251463,1.4651280564128686,0.004855392241101448,0.0005776819150776956
413,Phe_740.9,Osteoarthrosis NOS,musculoskeletal,3.878536859072684e-05,3.581935077975851,0.022852848585496424,4.888616619787398e-59
414,Phe_741,Symptoms and disorders of the joints,musculoskeletal,0.0006263820819787819,1.2313695940502773,0.0005900242561083515,0.6757621826058937
415,Phe_741.4,Joint effusions,musculoskeletal,0.0010233136902061464,4.119655627153502,0.005751822844101826,4.5551504647841295e-05
416,Phe_742,"Derangement of joint, non-traumatic",musculoskeletal,-3.1717599874063565e-06,0.0,-0.0006739194296426608,0.6328465971809785
417,Phe_742.9,Other derangement of joint,musculoskeletal,-1.5436343079114726e-07,1.1150319905597117,0.0003447509809133659,0.8069326183407264
418,Phe_743,"Osteoporosis, osteopenia and pathological fracture",musculoskeletal,0.0014137580449269224,2.2495797119027743,0.00948298059409269,1.7876702801387848e-11
419,Phe_743.1,Osteoporosis,musculoskeletal,0.001497156456258724,2.2768435155376823,0.009399785538190866,2.6754268229323575e-11
420,Phe_743.11,Osteoporosis NOS,musculoskeletal,0.0014236107363124226,2.2787756638027346,0.009409970270784652,2.5470425873989112e-11
421,Phe_745,Pain in joint,musculoskeletal,5.144455974115787e-05,2.3169191045946005,0.00625286330115645,9.313105241091292e-06
422,Phe_747,Cardiac and circulatory congenital anomalies,congenital anomalies,0.0004238033892348211,0.0,-0.0005951830095889244,0.6730908113970304
423,Phe_747.1,Cardiac congenital anomalies,congenital anomalies,0.00043373381335036276,2.2010731493648708,0.001983175419916206,0.15977666447989378
424,Phe_747.13,Congenital anomalies of great vessels,congenital anomalies,0.00042388408964773197,5.8341697934972485,0.02490320911655413,9.153420922586837e-70
425,Phe_751,Genitourinary congenital anomalies,congenital anomalies,0.0,2.4433744488786724,0.006409800391451233,5.525217487828927e-06
426,Phe_939,Atopic__contact dermatitis due to other or unspecified,dermatologic,7.02901467971123e-05,2.457132187892629,0.008129635408111987,8.263999242556782e-09
