,PheCode,description,category,f_score,RR,phi,pval
0,Phe_112,Candidiasis,infectious diseases,1.138539113609381e-05,3.8964424915974765,0.01515222013312689,6.488630912788238e-27
1,Phe_153,Colorectal cancer,neoplasms,-5.04765939579441e-05,0.0,-0.0005304716639879622,0.7068889032814946
2,Phe_153.2,Colon cancer,neoplasms,-4.161190715589985e-05,2.37987803542431,0.008030963959775714,1.2480137286352447e-08
3,Phe_153.3,"Malignant neoplasm of rectum, rectosigmoid junction, and anus",neoplasms,-5.444870205883754e-05,2.3026483452997004,0.0062050258918698925,1.0893911102465946e-05
4,Phe_158,Neoplasm of unspecified nature of digestive system,neoplasms,-1.5771133226928172e-05,2.3275357811641864,0.0046089708154231305,0.001086179058013929
5,Phe_159,Malignant neoplasm of other and ill-defined sites within the digestive organs and peritoneum,neoplasms,-3.5929101449436194e-05,2.4708812545518057,0.011228593409259318,1.7216440948387327e-15
6,Phe_165,Cancer within the respiratory system,neoplasms,6.390493951354768e-05,3.524864572741562,0.00913126133463292,9.604436825052231e-11
7,Phe_165.1,Cancer of bronchus; lung,neoplasms,6.843301456018764e-05,3.797769226409034,0.014966579701065883,2.677060317506276e-26
8,Phe_172,Skin cancer,neoplasms,2.573160538943842e-05,1.1262269908858966,0.0015717110246735266,0.2652165839424026
9,Phe_172.2,Other non-epithelial cancer of skin,neoplasms,3.2716450673117537e-06,1.1323787100485516,0.0014843424498092758,0.29270206181647174
10,Phe_174,Breast cancer,neoplasms,-6.517004833416802e-05,0.6870674380053445,-0.003725334014484761,0.008271004445831252
11,Phe_189,Cancer of urinary organs (incl. kidney and bladder),neoplasms,2.9360145634123745e-06,2.5627223235117875,0.008761895754220726,5.258141680974832e-10
12,Phe_189.11,"Malignant neoplasm of kidney, except pelvis",neoplasms,9.083298212993822e-06,2.316707934925004,0.004414905665884099,0.0017502805955505907
13,Phe_189.2,Cancer of bladder,neoplasms,5.385459948626548e-06,1.9103930047996958,0.002636006379860071,0.06167849755951572
14,Phe_189.21,Malignant neoplasm of bladder,neoplasms,3.145195639829782e-06,2.903016831640529,0.009095510045003679,1.1355658006423027e-10
15,Phe_195,"Cancer, suspected or other",neoplasms,2.7917916671736605e-05,1.5438734400669247,0.0016387561986096332,0.24536847258698508
16,Phe_195.1,"Malignant neoplasm, other",neoplasms,2.6961279045911166e-05,1.8530351969301937,0.011614246775076808,1.821002735328382e-16
17,Phe_197,Chemotherapy,neoplasms,3.0868223307375605e-05,1.7945048089691367,0.011788705569265773,6.433411857890276e-17
18,Phe_198,Secondary malignant neoplasm,neoplasms,-9.754533919010567e-05,1.7639331045996072,0.0028212172930797315,0.045511941292986816
19,Phe_198.1,Secondary malignancy of lymph nodes,neoplasms,-0.0001298782631243246,1.993158776883785,0.007893354025227844,2.200103763631887e-08
20,Phe_198.2,Secondary malignancy of respiratory organs,neoplasms,-3.044195521897699e-05,2.713921547057752,0.00909782036438081,1.123362520115774e-10
21,Phe_198.3,Secondary malignant neoplasm of digestive systems,neoplasms,-2.0285864908069264e-05,1.7755640750374908,0.00340033379646993,0.0159343597174228
22,Phe_198.4,Secondary malignant neoplasm of liver,neoplasms,-3.2521225958809596e-07,2.012632518987374,0.005820413622780519,3.691666417455219e-05
23,Phe_198.6,Secondary malignancy of bone,neoplasms,1.333066764904698e-06,2.80545347107319,0.009424918364545468,2.3694667527377065e-11
24,Phe_199,Neoplasm of uncertain behavior,neoplasms,3.338065427131027e-05,2.069592421866337,0.003795070212103697,0.007140135587340875
25,Phe_202,"Cancer of other lymphoid, histiocytic tissue",neoplasms,2.2912481373552232e-05,4.106736554903804,0.011278296511774418,1.2941975332363824e-15
26,Phe_202.2,Non-Hodgkins lymphoma,neoplasms,2.2526122633518995e-05,3.218499053797791,0.008930919954630067,2.435392097540676e-10
27,Phe_204,Leukemia,neoplasms,7.290705008741308e-06,5.969978139999049,0.011141846684680193,2.82479648692564e-15
28,Phe_208,Benign neoplasm of colon,neoplasms,-9.364673376121983e-05,1.5273029244017577,0.008327423666889492,3.5652333751398663e-09
29,Phe_211,Benign neoplasm of other parts of digestive system,neoplasms,8.96252324377288e-06,1.086091711234322,0.0006966414280390631,0.6214254458821188
30,Phe_214,Lipoma,neoplasms,0.0002449546187391859,1.5385339993749991,0.00238271867346211,0.09120985426617495
31,Phe_214.1,Lipoma of skin and subcutaneous tissue,neoplasms,0.0002500931101601507,1.212124171324606,0.001526434325441906,0.279230133512403
32,Phe_215,Other benign neoplasm of connective and other soft tissue,neoplasms,-5.991109651661915e-06,0.7018811974881982,-0.0010073803390586475,0.47516162389408056
33,Phe_216,Benign neoplasm of skin,neoplasms,5.5240331846665896e-05,0.829772424820153,-0.0016256639666736023,0.24916008665527137
34,Phe_228,"Hemangioma and lymphangioma, any site",neoplasms,6.879593073222429e-06,1.5853423844380017,0.0023741653830818893,0.09237765875925638
35,Phe_229,Benign neoplasm of unspecified sites,neoplasms,3.5152893498379476e-05,0.9507961236457848,-0.00023726148054312017,0.866434969978397
36,Phe_241,Nontoxic nodular goiter,endocrine/metabolic,9.544590842727678e-06,0.0,-0.0003801284283020804,0.7875732496469852
37,Phe_242,Thyrotoxicosis with or without goiter,endocrine/metabolic,2.8578986079694976e-05,2.9186559795550906,0.007793001100394692,3.307253839459799e-08
38,Phe_244,Hypothyroidism,endocrine/metabolic,2.8423065510129008e-05,1.6511664054875757,0.00860388518948469,1.06611086177083e-09
39,Phe_244.1,Secondary hypothyroidism,endocrine/metabolic,2.5902420975400576e-05,1.6278700956391776,0.0023109082563713555,0.10139140496622331
40,Phe_244.4,Hypothyroidism NOS,endocrine/metabolic,2.8299549076479445e-05,1.657677154329707,0.008473057594211809,1.8964234226893345e-09
41,Phe_250.1,Type 1 diabetes,endocrine/metabolic,3.106689980970266e-05,5.811483145131818,0.026107759831233673,1.7064386313034295e-76
42,Phe_250.2,Type 2 diabetes,endocrine/metabolic,3.6040756022989655e-05,3.3906537162166885,0.0371748761263589,3.796957992103824e-153
43,Phe_250.23,Type 2 diabetes with ophthalmic manifestations,endocrine/metabolic,2.814495123261165e-05,6.558346550642845,0.023213077148813453,7.426155129166983e-61
44,Phe_250.7,Diabetic retinopathy,endocrine/metabolic,2.7915198403175853e-05,6.456535219973099,0.0229676786825526,1.2959726334366974e-59
45,Phe_260,Protein-calorie malnutrition,endocrine/metabolic,-2.7765237131989147e-05,3.9089142583327114,0.004651479829742712,0.0009760824042028797
46,Phe_261,Vitamin deficiency,endocrine/metabolic,-1.6471397855325886e-05,7.296639948887727,0.0032947389257471527,0.019514109559928685
47,Phe_272,Disorders of lipoid metabolism,endocrine/metabolic,0.000124122010437462,4.041140794670091,0.06506744974579572,0.0
48,Phe_272.1,Hyperlipidemia,endocrine/metabolic,0.00012354366714414117,5.229444863827652,0.03290703602320998,2.038256469766804e-120
49,Phe_272.11,Hypercholesterolemia,endocrine/metabolic,0.00011933909661759742,3.9995464294852106,0.06153400831537932,0.0
50,Phe_274,Gout and other crystal arthropathies,endocrine/metabolic,0.0002324139597456281,4.246044726421242,0.01716442659260151,4.584548168080684e-34
51,Phe_274.1,Gout,endocrine/metabolic,0.00022384759534666745,4.732955642521769,0.0185290927832742,2.0498027321548953e-39
52,Phe_275,Disorders of mineral metabolism,endocrine/metabolic,-1.873068975352946e-05,0.0,-0.0003488287280686974,0.8046948939228401
53,Phe_275.5,Disorders of calcium__phosphorus metabolism,endocrine/metabolic,-1.848942036881484e-05,4.758171176046126,0.014225471119135066,6.464210951726126e-24
54,Phe_276,"Disorders of fluid, electrolyte, and acid-base balance",endocrine/metabolic,3.1331362504202954e-05,10.294178522484847,0.09480736783905351,0.0
55,Phe_276.1,Electrolyte imbalance,endocrine/metabolic,3.109706665964543e-05,7.661471946332114,0.009001707540260728,1.7569800210898342e-10
56,Phe_276.12,Hyposmolality and__or hyponatremia,endocrine/metabolic,7.582559916789043e-05,6.9717895402043695,0.030935088809191685,1.2221774971820123e-106
57,Phe_276.14,Hypopotassemia,endocrine/metabolic,1.1313262803586637e-05,8.088357479998711,0.032373912938898,1.3120687280762085e-116
58,Phe_276.5,Hypovolemia,endocrine/metabolic,1.9282443996158083e-05,7.29518207876807,0.039032765900601826,1.2202334430206136e-168
59,Phe_277,Other disorders of metabolism,endocrine/metabolic,1.1406358060362229e-05,4.186120130039174,0.01079870644899276,1.9309188319712034e-14
60,Phe_278,"Overweight, obesity and other hyperalimentation",endocrine/metabolic,3.800396415811896e-05,0.0,-0.00017441228146648923,0.9016032091403704
61,Phe_278.1,Obesity,endocrine/metabolic,3.673623262736665e-05,3.0106480018333315,0.02477038443684844,4.833673831907575e-69
62,Phe_280,Iron deficiency anemias,hematopoietic,2.3268181394507506e-05,2.4064038918386887,0.01422361598394877,6.551354913779217e-24
63,Phe_280.1,"Iron deficiency anemias, unspecified or not due to blood loss",hematopoietic,2.3185451217044006e-05,2.429498359636035,0.01413842230476558,1.2094837922662778e-23
64,Phe_281,Other deficiency anemia,hematopoietic,2.0832022486284136e-05,0.0,-0.000261619723791047,0.8528718187875397
65,Phe_281.1,Megaloblastic anemia,hematopoietic,1.7501119702706718e-05,0.0,-0.0003488287280686974,0.8046948939228401
66,Phe_285,Other anemias,hematopoietic,2.652250975635608e-05,4.300753822133824,0.03948761756915587,1.5075623995564897e-172
67,Phe_287,Purpura and other hemorrhagic conditions,hematopoietic,1.6903110809769025e-05,10.437577675230127,0.0101148538725573,7.48109609297872e-13
68,Phe_287.3,Thrombocytopenia,hematopoietic,1.2041880088166766e-05,7.271392059791229,0.024648085653367284,2.2197303371708384e-68
69,Phe_288,Diseases of white blood cells,hematopoietic,2.538571340617681e-05,3.1544425979907644,0.005691466645048932,5.470331045227072e-05
70,Phe_289,Other diseases of blood and blood-forming organs,hematopoietic,5.4792005666771367e-05,4.197268252888812,0.007646613774269739,5.9410715994909706e-08
71,Phe_289.4,Lymphadenitis,hematopoietic,0.00010103264374752195,2.776597502674091,0.00992178736328552,2.0145748414742918e-12
72,Phe_290,Delirium dementia and amnestic and other cognitive disorders,mental disorders,0.00021376175071279515,10.388436537399476,0.021800246590953205,6.93075597194528e-54
73,Phe_292,Neurological disorders,mental disorders,0.0001798652348108888,4.084721885262507,0.007784416300784154,3.423828538472782e-08
74,Phe_292.1,Aphasia__speech disturbance,mental disorders,5.390922460472447e-05,3.8148408031529195,0.012079574467552165,1.0976777845889537e-17
75,Phe_292.4,Altered mental status,mental disorders,0.00021759176615907013,5.70593042849425,0.025464598710254513,7.321687457179373e-73
76,Phe_293,Symptoms involving head and neck,mental disorders,9.116717697325583e-06,1.679652819495292,0.003153490492315795,0.025388914979829123
77,Phe_296,Mood disorders,mental disorders,2.3433725188362574e-05,4.60840417824488,0.00336017742662778,0.017221259042040957
78,Phe_296.1,Bipolar,mental disorders,0.00016942860304202564,2.4580072192135827,0.005098771918509625,0.00030103133596384724
79,Phe_296.2,Depression,mental disorders,1.9054712113682042e-05,2.8144182659995516,0.0037464409275683205,0.007912890224848042
80,Phe_300,Anxiety disorders,mental disorders,2.9543438933266166e-05,5.599746937518489,0.009116480807860339,1.0293849713979993e-10
81,Phe_300.1,Anxiety disorder,mental disorders,3.835778628294533e-05,2.575547713548768,0.013729766977122311,2.177756293179626e-22
82,Phe_306,Other mental disorder,mental disorders,0.00011119829192176544,3.7345568794854165,0.0537065579609706,0.0
83,Phe_317,Alcohol-related disorders,mental disorders,6.564180528094371e-05,4.351064504594614,0.02629670156953027,1.405475428939282e-77
84,Phe_317.1,Alcoholism,mental disorders,5.3061379570888506e-05,2.8782105373633837,0.01847742461235313,3.323693384996877e-39
85,Phe_318,Tobacco use disorder,mental disorders,5.007101513838731e-05,3.627498871228902,0.039743534738236476,9.109049407809916e-175
86,Phe_327,Sleep disorders,neurological,6.579720003808395e-06,2.1091017662478393,0.003584840565175374,0.011046991919874046
87,Phe_327.3,Sleep apnea,neurological,1.094245541429288e-05,3.329896010478852,0.016948256159245032,2.962160994735324e-33
88,Phe_331,Other cerebral degenerations,neurological,0.00011490189731316814,3.187852404853862,0.0038742717329515266,0.0060256700673666
89,Phe_332,Parkinson's disease,neurological,-5.050188530000498e-05,2.710825987202871,0.006580625103129008,3.087893073944462e-06
90,Phe_334,Degenerative disease of the spinal cord,neurological,-0.00014215152356995811,2.487042290964437,0.006120825728081373,1.4317452339893104e-05
91,Phe_335,Multiple sclerosis,neurological,-2.6175046831182977e-05,1.7788648182389946,0.002864219989816206,0.0423183797394419
92,Phe_339,Other headache syndromes,neurological,4.9961220015550176e-05,1.8840876729794218,0.008286689150158346,4.245819572293694e-09
93,Phe_340,Migraine,neurological,-8.29347372421821e-06,1.3000847988119542,0.00171185573150475,0.2249421179104763
94,Phe_342,Hemiplegia,neurological,0.000107383145696072,4.377983969332636,0.01464657655260331,2.9589340892189138e-25
95,Phe_345,"Epilepsy, recurrent seizures, convulsions",neurological,-1.1524021210007635e-06,3.72082358492964,0.016395699349325207,3.1389523417770983e-31
96,Phe_345.3,Convulsions,neurological,6.7288349890290274e-06,8.12003029125921,0.035960384522866255,1.9898459436069451e-143
97,Phe_348,Other conditions of brain,neurological,7.134300715104279e-06,184.67827573691383,0.24244869683160128,0.0
98,Phe_350,Abnormal movement,neurological,-3.1425913154123603e-05,4.687018131873764,0.023079203722409878,3.5469282743527953e-60
99,Phe_350.2,Abnormality of gait,neurological,-6.0240224354152524e-05,5.536941907897445,0.022544431215268286,1.6734501185380616e-57
100,Phe_351,Other peripheral nerve disorders,neurological,2.3159101060596608e-05,1.3442986070539036,0.003982707441340296,0.004753957796982721
101,Phe_352,Disorders of other cranial nerves,neurological,-1.963575250442829e-06,7.434312400753533,0.005777583425058225,4.210519320553091e-05
102,Phe_353,Nerve root and plexus disorders,neurological,2.2411691011509466e-05,1.9925085069023376,0.003448002115205968,0.014517107148381413
103,Phe_357,Inflammatory and toxic neuropathy,neurological,4.3290700549361245e-05,4.158507200421501,0.013164589851967862,1.0345997210304099e-20
104,Phe_361,Retinal detachments and defects,sense organs,3.125913756202458e-05,1.5635657033330845,0.0026339448564504726,0.061882242622140225
105,Phe_361.1,Retinal detachment with retinal defect,sense organs,5.597750501394736e-05,1.7307792681598866,0.0028362817424542604,0.04437081812968685
106,Phe_362,Other retinal disorders,sense organs,-6.144498553609162e-05,3.5449262909576005,0.008556300154746246,1.315841707181631e-09
107,Phe_362.2,Degeneration of macula and posterior pole of retina,sense organs,-7.143870944341859e-05,1.9945257263474425,0.005473044342905583,0.00010457313358912696
108,Phe_362.29,Macular degeneration (senile) of retina NOS,sense organs,-7.043581591737572e-05,1.9945257263474425,0.005473044342905583,0.00010457313358912696
109,Phe_365,Glaucoma,sense organs,0.00014624750584083435,2.3139606952935496,0.008855846217267408,3.4339023941665184e-10
110,Phe_365.1,Open-angle glaucoma,sense organs,0.00015704121502287634,1.962383422753156,0.003639901156010726,0.009873160641450614
111,Phe_365.11,Primary open angle glaucoma,sense organs,0.0001565280465230185,1.9697410467270566,0.003660846883904787,0.009456663126918362
112,Phe_366,Cataract,sense organs,4.483894546845495e-05,1.9494345986616302,0.01400869914983586,3.0551216232398454e-23
113,Phe_366.2,Senile cataract,sense organs,9.535414348719578e-05,1.5214084494984597,0.0056579986217938395,6.050289248558988e-05
114,Phe_367,Disorders of refraction and accommodation; blindness and low vision,sense organs,9.989280653308336e-06,1.8369163507689383,0.0008728853681896221,0.5360705539100714
115,Phe_367.1,Myopia,sense organs,1.4012007940996618e-05,1.0098185032578881,3.914062860942309e-05,0.9778649120387521
116,Phe_368,Visual disturbances,sense organs,9.923132743825468e-06,3.008379581096568,0.0071454966196514156,4.077101741578041e-07
117,Phe_371,Inflammation of the eye,sense organs,-1.3022574639739616e-05,7.347665403075753,0.006620475567740512,2.6904963654195686e-06
118,Phe_371.3,Inflammation of eyelids,sense organs,-1.4077653024533993e-05,1.433663640654714,0.002178981467026692,0.12243690459286748
119,Phe_374,Other disorders of eyelids,sense organs,2.2054398023642107e-05,1.248474515969383,0.0014115332576733722,0.3170202899000911
120,Phe_374.1,Ectropion or entropion,sense organs,-2.4412536434222907e-06,0.9968843952939589,-1.0820265038461347e-05,0.9938801212853071
121,Phe_374.3,Ptosis of eyelid,sense organs,-7.3378556383199894e-06,1.4669343158597814,0.0021160111330048082,0.13361772288343024
122,Phe_375,Disorders of lacrimal system,sense organs,-0.00013217221070537346,0.5308792202101015,-0.0020398657491229803,0.14817453273377315
123,Phe_378,Strabismus and other disorders of binocular eye movements,sense organs,5.5836795699224345e-06,0.0,-0.0009867466106873186,0.48425254929094375
124,Phe_379,Other disorders of eye,sense organs,1.3213227977865454e-05,2.892940948898218,0.003518897421187669,0.012614788091987038
125,Phe_379.2,Disorders of vitreous body,sense organs,2.924107816339156e-05,3.1256430052351045,0.008514487269602352,1.581682898164458e-09
126,Phe_379.3,Aphakia and other disorders of lens,sense organs,-2.4237693111111516e-06,2.03374913409692,0.005139186385965974,0.00026941577914079307
127,Phe_380,Disorders of external ear,sense organs,-1.9324969668394032e-06,2.0823932809962713,0.0028073249429953675,0.04658610156878709
128,Phe_381,Otitis media and Eustachian tube disorders,sense organs,4.123157006787346e-06,1.9543249372739535,0.00453888161056656,0.0012930751799477668
129,Phe_381.1,Otitis media,sense organs,3.90100042079838e-06,1.4705614452621871,0.0015534460927802507,0.27081032810436934
130,Phe_384,Other disorders of tympanic membrane,sense organs,7.447921962190232e-05,2.1014323052796655,0.0021488412073779224,0.12769375755549436
131,Phe_384.4,Perforation of tympanic membrane,sense organs,9.820656882297166e-05,1.1322372334480957,0.00043084501284777407,0.7600501841275561
132,Phe_386,Vertiginous syndromes and other disorders of vestibular system,sense organs,0.00016227486892498336,2.6803983485710017,0.0014508181352141665,0.3037391621704493
133,Phe_386.9,Dizziness and giddiness (Light-headedness and vertigo),sense organs,0.00025442357614845955,3.9302697542121403,0.021970443568922873,1.0572016416511913e-54
134,Phe_389,Hearing loss,sense organs,8.84538238312859e-06,2.0862945402434803,0.007008164785379756,6.765827857361548e-07
135,Phe_394,Rheumatic disease of the heart valves,circulatory system,0.00010576820413236388,13.15744734969379,0.04348907403020695,6.98125256693706e-209
136,Phe_394.2,Mitral valve disease,circulatory system,0.00010465359775879536,11.372307134580426,0.06390908557246774,0.0
137,Phe_394.3,Aortic valve disease,circulatory system,0.0002600992311783213,10.141092810318536,0.03681633065598919,3.0366306042899454e-150
138,Phe_394.7,Disease of tricuspid valve,circulatory system,1.6294829914965414e-06,14.51478303768962,0.053405573242045326,0.0
139,Phe_395,Heart valve disorders,circulatory system,8.843221262402885e-05,11.112022111433033,0.07364430321497821,0.0
140,Phe_395.1,Nonrheumatic mitral valve disorders,circulatory system,0.00011584962063885638,11.56691088563456,0.0639407479347029,0.0
141,Phe_395.6,Heart valve replaced,circulatory system,0.00011705024891375372,10.798143065857216,0.041170869853631734,2.0958765519111643e-187
142,Phe_396,Abnormal heart sounds,circulatory system,0.0,2.3300920002361756,0.004777831037905466,0.0007068713759558128
143,Phe_401.1,Essential hypertension,circulatory system,9.552551202831786e-05,2.8395472969062396,0.06126582160646596,0.0
144,Phe_401.2,Hypertensive heart and__or renal disease,circulatory system,2.7649302079810194e-05,32.25882924771417,0.020581646165690554,3.1886534780350026e-48
145,Phe_401.22,Hypertensive chronic kidney disease,circulatory system,2.9493862634929214e-05,10.112763740518123,0.03630095480795668,4.035041405682061e-146
146,Phe_402,Elevated blood pressure reading without diagnosis of hypertension,circulatory system,0.00033309892189858394,2.1414052023909633,0.004687496597228263,0.0008909859151703976
147,Phe_411.1,Unstable angina (intermediate coronary syndrome),circulatory system,0.00020994557489907343,8.757242646474076,0.05645315852372496,0.0
148,Phe_411.2,Myocardial infarction,circulatory system,0.00020303461943630205,13.387410179371402,0.14530006382283,0.0
149,Phe_411.3,Angina pectoris,circulatory system,0.00018148403103463549,5.671819835631503,0.06294224158425088,0.0
150,Phe_411.4,Coronary atherosclerosis,circulatory system,0.00019038450339594958,8.642173090966757,0.11494448058294679,0.0
151,Phe_411.8,"Other chronic ischemic heart disease, unspecified",circulatory system,0.00020397508284453886,8.475066307509847,0.09859884189185107,0.0
152,Phe_411.9,Other acute and subacute forms of ischemic heart disease,circulatory system,0.00016037547955523602,13.263991035799869,0.04816455019782278,8.742928176489864e-256
153,Phe_414,Other forms of chronic heart disease,circulatory system,0.0017397416221575958,19.658455889396315,0.09301861327572665,0.0
154,Phe_415,Pulmonary heart disease,circulatory system,0.000345463184658786,4.795357694603699,0.024506090254782176,1.2907873769955573e-67
155,Phe_416,Cardiomegaly,circulatory system,4.161682543541334e-05,12.997449018759793,0.06991349848227502,0.0
156,Phe_418,Nonspecific chest pain,circulatory system,0.00018595738658291045,2.773808645854454,0.03268547911799736,7.93654580075702e-119
157,Phe_418.1,Precordial pain,circulatory system,0.0002279016470588797,4.3909433507497795,0.02253882604989602,1.7836422671632112e-57
158,Phe_420,Carditis,circulatory system,0.00016360225299478294,17.511935877330544,0.005576933216466169,7.705675443639084e-05
159,Phe_420.2,Pericarditis,circulatory system,0.00017873692377727004,11.795604476958399,0.03930466708778349,5.697247124560255e-171
160,Phe_425,Cardiomyopathy,circulatory system,0.000202823684578421,18.11579573516953,0.008038110364118584,1.211497377677055e-08
161,Phe_425.1,Primary__intrinsic cardiomyopathies,circulatory system,0.00021731160418244602,13.603600003351719,0.04433711427413012,4.929462493213572e-217
162,Phe_426,Cardiac conduction disorders,circulatory system,0.0011908859671552724,13.825212534734641,0.017581873400648197,1.1689642090332693e-35
163,Phe_426.2,Atrioventricular [AV] block,circulatory system,7.064524922066291e-06,6.599975833164779,0.0068903937567688835,1.0370232562817467e-06
164,Phe_426.3,Bundle branch block,circulatory system,0.00042744708465588876,13.052374566954443,0.02311002118128609,2.4766984774532552e-60
165,Phe_426.31,Right bundle branch block,circulatory system,0.00036337021341690314,10.786819817975468,0.04388380645773629,1.1735186816326387e-212
166,Phe_426.32,Left bundle branch block,circulatory system,0.00038035557899741265,14.470729680293296,0.06428596281061104,0.0
167,Phe_426.9,Cardiac pacemaker__device in situ,circulatory system,0.0012875713673718297,14.809797403677168,0.022115322307993977,2.1088538442818087e-55
168,Phe_426.91,Cardiac pacemaker in situ,circulatory system,0.0012144952845747226,22.53149050094828,0.11493322386162703,0.0
169,Phe_427,Cardiac dysrhythmias,circulatory system,0.0011826574518815317,13.744666301969366,0.22068853257950422,0.0
170,Phe_427.1,"Paroxysmal tachycardia, unspecified",circulatory system,0.00012714635117210346,6.650102231897676,0.006194389006661256,1.1278690264066875e-05
171,Phe_427.11,Paroxysmal supraventricular tachycardia,circulatory system,0.00016488101325507073,7.680673630408134,0.03418704650305846,8.148524639101876e-130
172,Phe_427.2,Atrial fibrillation and flutter,circulatory system,0.001196880753712576,7.184796087349017,0.08140024205176338,0.0
173,Phe_427.3,Other specified cardiac dysrhythmias,circulatory system,0.00017484131024562874,9.681172157238215,0.05434591766531212,0.0
174,Phe_427.4,Cardiac arrest and ventricular fibrillation,circulatory system,0.8583591937077348,262.67903815995817,0.9999999999999999,0.0
175,Phe_427.7,Tachycardia NOS,circulatory system,4.201864731782164e-05,5.976604086880291,0.026147720161363814,1.0079107460860657e-76
176,Phe_427.9,Palpitations,circulatory system,0.0018042357514742573,3.4764298327151693,0.016349736721714997,4.594719507373141e-31
177,Phe_428,Congestive heart failure; nonhypertensive,circulatory system,0.001575028281659737,18.236297674380552,0.14344311676458465,0.0
178,Phe_428.1,Congestive heart failure (CHF) NOS,circulatory system,0.02877971210552065,19.152921274208207,0.09541776648699439,0.0
179,Phe_428.2,Heart failure NOS,circulatory system,0.0009333281206999036,18.97002399625866,0.13262677151508973,0.0
180,Phe_430,Intracranial hemorrhage,circulatory system,2.4516727247352356e-05,5.8050616167946565,0.0056384770487637815,6.414971769823911e-05
181,Phe_433,Cerebrovascular disease,circulatory system,0.0009769666352158798,4.6825393758949065,0.015436642116797955,7.155687645661684e-28
182,Phe_433.1,Occlusion and stenosis of precerebral arteries,circulatory system,0.00026190553507799964,7.039111480103454,0.020631284487904272,1.9021753246912186e-48
183,Phe_433.2,Occlusion of cerebral arteries,circulatory system,0.0015140138347766344,5.0414904742811295,0.023836774592558008,4.524063840889812e-64
184,Phe_433.21,"Cerebral artery occlusion, with cerebral infarction",circulatory system,0.0003376641362660191,4.894640462607916,0.017817061554083587,1.4235467869701326e-36
185,Phe_433.3,Cerebral ischemia,circulatory system,0.000272693198622511,6.716225407498931,0.020949463317732363,6.736080780306897e-50
186,Phe_433.31,Transient cerebral ischemia,circulatory system,0.00022663890986874844,2.488628587598428,0.007204272843131854,3.273332346171003e-07
187,Phe_433.8,Late effects of cerebrovascular disease,circulatory system,1.552789660114558e-05,5.724555561683091,0.018550203831002175,1.6818169135947224e-39
188,Phe_440,Atherosclerosis,circulatory system,0.00017652839137425442,7.0721279504604135,0.008540539585035988,1.4104903790458645e-09
189,Phe_442,Other aneurysm,circulatory system,9.597758559771727e-05,11.17783141106205,0.006085129593094024,1.605950957147851e-05
190,Phe_442.1,Aortic aneurysm,circulatory system,6.946209481224037e-05,11.812119488991694,0.028842546278788492,6.008959738255319e-93
191,Phe_443,Peripheral vascular disease,circulatory system,7.342422918562708e-05,6.74755968268623,0.039298029892698164,6.497598121247429e-171
192,Phe_443.1,Raynaud's syndrome,circulatory system,2.2535435397225154e-05,2.1999919443882594,0.00443656438870264,0.0016609756218798756
193,Phe_443.9,"Peripheral vascular disease, unspecified",circulatory system,0.00016315821990100347,8.26034711194837,0.04007705814197469,1.1124943211029474e-177
194,Phe_447,Other disorders of arteries and arterioles,circulatory system,0.00019541800134974,6.020388088105194,0.012615905458700331,3.7722447422495386e-19
195,Phe_451,Phlebitis and thrombophlebitis,circulatory system,0.00032696430170416605,3.898761234285093,0.00587198867188805,3.1473166178431044e-05
196,Phe_451.2,Phlebitis and thrombophlebitis of lower extremities,circulatory system,0.00032841967479254545,2.9873302378975635,0.012439862724741686,1.1586058752802935e-18
197,Phe_454,Varicose veins,circulatory system,-2.9848677326558802e-05,3.1861338860372284,0.0051969067554690105,0.00022962250880563385
198,Phe_454.1,Varicose veins of lower extremity,circulatory system,-4.583211271216396e-05,1.0616992483120262,0.0006539468996676238,0.6429586653211181
199,Phe_455,Hemorrhoids,circulatory system,-0.00016617879852506574,1.2682739075504017,0.004347338360425175,0.0020580130577097723
200,Phe_458,Hypotension,circulatory system,9.406025692229192e-06,5.7465765400566555,0.017281349192794164,1.6549616594816819e-34
201,Phe_458.1,Orthostatic hypotension,circulatory system,1.2360769842150552e-05,6.67189691352618,0.02449711585010466,1.4422100473017468e-67
202,Phe_458.9,Hypotension NOS,circulatory system,8.877908676040694e-06,10.98444649570176,0.06840916479205342,0.0
203,Phe_459,Other disorders of circulatory system,circulatory system,0.0004459859101968759,6.469927048274833,0.006797709985673661,1.4444141687657828e-06
204,Phe_459.9,Circulatory disease NEC,circulatory system,0.0004379863738495957,5.457780615900537,0.06347263903194744,0.0
205,Phe_465,Acute upper respiratory infections of multiple or unspecified sites,respiratory,1.2357211806293836e-05,2.563380444293377,0.006027482806637946,1.9306363537008413e-05
206,Phe_470,Septal Deviations__Turbinate Hypertrophy,respiratory,-0.0021060744806437157,1.131674398037931,0.0008974474049313683,0.5246608303588309
207,Phe_471,Nasal polyps,respiratory,2.1765286588133354e-05,1.4208884942801125,0.00240355604409193,0.08841451367923028
208,Phe_473,Diseases of the larynx and vocal cords,respiratory,4.114073642750497e-06,2.0994563463654394,0.004431269509306393,0.001682412103552584
209,Phe_473.4,Voice disturbance,respiratory,-2.1336956092702455e-06,3.0071001001476696,0.006754920789706552,1.6808023153488491e-06
210,Phe_474,Acute and chronic tonsillitis,respiratory,-8.467834629701722e-06,0.0,-0.002068504592095924,0.1425636033250721
211,Phe_474.2,Chronic tonsillitis and adenoiditis,respiratory,-6.815348488171625e-06,0.5702149887698079,-0.0013952391422072678,0.3226389810292548
212,Phe_475,Chronic sinusitis,respiratory,1.8828977470624037e-05,1.8425858456787192,0.004402242304976798,0.0018045193760930242
213,Phe_476,Allergic rhinitis,respiratory,0.0002464120414572222,0.9458607341150758,-0.0002085679250929768,0.8824624087452172
214,Phe_477,Epistaxis or throat hemorrhage,respiratory,-2.3637855163104366e-05,3.3504979357137525,0.012217980598183444,4.662778409968819e-18
215,Phe_479,Other upper respiratory disease,respiratory,-1.2040682300995166e-06,2.3359426235671954,0.008873447203587511,3.1689224888523854e-10
216,Phe_480,Pneumonia,respiratory,8.098591875238707e-05,8.657525668601732,0.05416024291692575,0.0
217,Phe_480.1,Bacterial pneumonia,respiratory,0.00012670115083782477,11.262623667808233,0.034898715437483255,3.395289995601453e-135
218,Phe_480.11,Pneumococcal pneumonia,respiratory,0.00013499857477534212,7.396073118531889,0.05628336871503327,0.0
219,Phe_495,Asthma,respiratory,2.862643974761681e-05,1.9168527282796126,0.016074756551539747,4.3920991778503084e-30
220,Phe_496,Chronic airway obstruction,respiratory,5.440391827816891e-05,4.860006983384046,0.03749277184274276,9.595581947923723e-156
221,Phe_496.1,Emphysema,respiratory,7.075198416195844e-05,6.531478786680041,0.025481240480180314,5.91229961180958e-73
222,Phe_496.2,Chronic bronchitis,respiratory,4.035368102997008e-05,2.800416185074181,0.0034017894666637013,0.015889341531328465
223,Phe_496.21,Obstructive chronic bronchitis,respiratory,3.467413949816933e-05,8.685069412846122,0.04488566461707445,2.169098462345025e-222
224,Phe_496.3,Bronchiectasis,respiratory,4.570199455891405e-06,3.9925882937549058,0.014711851945074178,1.8200482640501477e-25
225,Phe_506,Empyema and pneumothorax,respiratory,7.841961003076783e-05,9.359475074624678,0.030214631023209017,8.110842621422307e-102
226,Phe_507,Pleurisy; pleural effusion,respiratory,6.059011686835295e-05,7.695228518076703,0.05999984940485611,0.0
227,Phe_508,Pulmonary collapse; interstitial and compensatory emphysema,respiratory,-1.9416940236327518e-05,6.598133808092726,0.029326881493766985,4.95205807297267e-96
228,Phe_509.1,Respiratory failure,respiratory,3.75427096039224e-05,17.44419144453623,0.08011676044767627,0.0
229,Phe_509.2,Respiratory insufficiency,respiratory,3.9641292041036796e-05,17.57050422474637,0.07516296383237868,0.0
230,Phe_512,Other symptoms of respiratory system,respiratory,1.936628517499826e-05,4.364591916033788,0.03570458756426105,2.0173561598051092e-141
231,Phe_512.7,Shortness of breath,respiratory,1.3496897147232925e-05,5.32874410104549,0.036878211182400866,9.624673631760959e-151
232,Phe_512.8,Cough,respiratory,4.68125974503175e-06,2.88907288034459,0.011270045961787005,1.3570987754601275e-15
233,Phe_514,Abnormal findings examination of lungs,respiratory,1.7793086501898588e-05,4.193059302651592,0.017841156700085452,1.1455387458226224e-36
234,Phe_516,Abnormal sputum,respiratory,1.0801058407833805e-05,7.8411653182077075,0.0069069408457265065,9.770269527285763e-07
235,Phe_516.1,Hemoptysis,respiratory,1.1782984098461199e-05,4.576590737172184,0.017254911025642986,2.08500049448864e-34
236,Phe_519,"Other diseases of respiratory system, not elsewhere classified",respiratory,2.4098917192858096e-05,3.5983429884925777,0.0027383020116271634,0.05224432605790094
237,Phe_519.8,"Other diseases of respiratory system, NEC",respiratory,2.68609644609013e-05,5.021749615534632,0.041955010067895086,1.5430163206923214e-194
238,Phe_520,Disorders of tooth development,digestive,-0.00037334905868657115,10.507161526398328,0.005862769518735424,3.238660913436949e-05
239,Phe_520.2,Disturbances in tooth eruption,digestive,-0.00036813007757627064,0.6062490165247963,-0.001896783730098182,0.17876023264330293
240,Phe_521,Diseases of hard tissues of teeth,digestive,2.3320999204396473e-05,0.0,-0.00047766006183567425,0.7349104276872458
241,Phe_521.1,Dental caries,digestive,2.1809852802926178e-05,2.1499438590216933,0.006955403854767002,8.199198951451845e-07
242,Phe_522,Diseases of pulp and periapical tissues,digestive,5.805526101713362e-06,1.3216555379117394,0.0007915233866761311,0.5747358290425264
243,Phe_522.5,Periapical abscess,digestive,4.850265285781146e-06,1.9670665299996868,0.003519881377150112,0.012590016957712462
244,Phe_523,Gingival and periodontal diseases,digestive,3.418665911121101e-05,3.382133538540234,0.005496070554622721,9.777359520885996e-05
245,Phe_523.3,Periodontitis (acute or chronic),digestive,2.4119106784064932e-05,0.0,-0.00028923206278178877,0.8375493702239145
246,Phe_525,Other diseases of the teeth and supporting structures,digestive,-2.2672216389699798e-06,1.9153679865830284,0.004965607871158051,0.0004315263869858892
247,Phe_528,"Diseases of the oral soft tissues, excluding lesions specific for gingiva and tongue",digestive,2.1417182608309157e-07,2.041306548752766,0.004845300213113745,0.0005931488146523883
248,Phe_529,Diseases and other conditions of the tongue,digestive,1.3029235943757733e-06,2.135601936259823,0.0036475883613743703,0.00971844218228115
249,Phe_530,Diseases of esophagus,digestive,-1.6301763811209968e-05,2.981600887173192,0.005133700417159908,0.00027351684075574873
250,Phe_530.1,"Esophagitis, GERD and related diseases",digestive,-1.989231446276302e-05,1.958203692353256,0.009708595268216307,5.8879766070604665e-12
251,Phe_530.11,GERD,digestive,1.0638736947641031e-05,1.5523455188853585,0.007594951839910608,7.28718527641432e-08
252,Phe_530.12,Ulcer of esophagus,digestive,8.01562987476371e-06,2.471909784184285,0.01065790636694714,4.17804254586887e-14
253,Phe_530.14,Reflux esophagitis,digestive,-1.0920633563398645e-06,1.339749473200243,0.003671541167519846,0.009250114796126101
254,Phe_530.2,Esophageal bleeding (varices__hemorrhage),digestive,-2.7085766269382896e-05,3.931113771388476,0.013082606541945136,1.787591412143221e-20
255,Phe_530.3,Stricture and stenosis of esophagus,digestive,0.0,1.561925025784991,0.0026276636725679806,0.06250646298934248
256,Phe_530.9,Heartburn,digestive,-1.5922684854838653e-05,0.879407559959686,-0.0005764712532290352,0.6827997767545028
257,Phe_531,Peptic ulcer (excl. esophageal),digestive,1.637771448523949e-05,2.4560694740412257,0.013408677035260828,1.991060197807437e-21
258,Phe_531.2,Gastric ulcer,digestive,-4.287148741737827e-06,1.9164326714004731,0.006315386771670856,7.5749312515034485e-06
259,Phe_531.3,Duodenal ulcer,digestive,-6.939015015997961e-05,2.1657871226380534,0.006651898622921801,2.4122348497594913e-06
260,Phe_532,Dysphagia,digestive,-2.6207327655040133e-06,2.1385704059885398,0.010066064477452551,9.625856466650103e-13
261,Phe_535,Gastritis and duodenitis,digestive,2.195601382976709e-05,1.7944658499431112,0.011382737048823194,7.07666774342055e-16
262,Phe_535.1,Acute gastritis,digestive,7.71201995796377e-06,1.8390597770825543,0.003034489129688411,0.03147022320178944
263,Phe_535.6,Duodenitis,digestive,2.6898813161623844e-05,1.9762988466021258,0.008986344170517203,1.8863997541911163e-10
264,Phe_535.8,Other specified gastritis,digestive,-1.2114057545967956e-06,1.7488617720370052,0.007474458266783793,1.1674257469458707e-07
265,Phe_537,Other disorders of stomach and duodenum,digestive,4.2216148764727456e-05,2.085965633267148,0.0068399843580485955,1.2424531358173469e-06
266,Phe_540,Appendiceal conditions,digestive,0.0014202312965416455,0.7080297524527174,-0.000490604210406272,0.7280079324600877
267,Phe_540.1,Appendicitis,digestive,0.0014280260888907123,0.3554520137482519,-0.0015291229014892105,0.27838419052650876
268,Phe_540.11,Acute appendicitis,digestive,0.0014572556771437477,1.1015572567998246,0.0004946305062745649,0.7258653617011834
269,Phe_550,Abdominal hernia,digestive,-2.5833964778255473e-05,2.5707480735952064,0.00984099192607345,3.032854321982302e-12
270,Phe_550.1,Inguinal hernia,digestive,-2.5488070296141972e-05,1.7087414032307278,0.009233171369660047,5.93778136108178e-11
271,Phe_550.2,Diaphragmatic hernia,digestive,-2.4827688613422755e-05,1.5304921792727137,0.009575269861502894,1.1384334366540366e-11
272,Phe_550.4,Umbilical hernia,digestive,2.142278245189317e-05,2.2761642318432953,0.008240780745877457,5.164744735642874e-09
273,Phe_550.5,Ventral hernia,digestive,6.026796166910855e-06,2.327401868513524,0.00819799691167833,6.193573918027749e-09
274,Phe_555,Inflammatory bowel disease and other gastroenteritis and colitis,digestive,-2.0040827115287276e-05,1.2712326415226238,0.001873887618050114,0.18406198782358416
275,Phe_555.1,Regional enteritis,digestive,-1.383544186279234e-05,1.195477625055664,0.0008400936364698764,0.5514954453718954
276,Phe_555.2,Ulcerative colitis,digestive,-2.008597155893122e-05,1.265923075469678,0.001500120672319353,0.2876018163744693
277,Phe_556,Ulceration of the lower GI tract,digestive,4.607886268386619e-06,3.4337129171236365,0.005253576027542108,0.00019597460769869496
278,Phe_557,Intestinal malabsorption (non-celiac),digestive,2.2458007515515765e-05,0.0,-0.0018258779729566237,0.19555536089614584
279,Phe_557.1,Celiac disease,digestive,2.2741498751064874e-05,1.5862260758451583,0.0025542437449471494,0.07019656395456254
280,Phe_558,Noninfectious gastroenteritis,digestive,2.3624949656468487e-05,2.428168747541431,0.01818231336109238,5.12194938883948e-38
281,Phe_559,Ileostomy status,digestive,-5.062553330071423e-06,3.2764267125328117,0.009594393429589343,1.0362629582260418e-11
282,Phe_560.4,Other intestinal obstruction,digestive,4.980125536481392e-06,2.9514498669658225,0.012074140904352932,1.1349793831395713e-17
283,Phe_561,Symptoms involving digestive system,digestive,0.0001531487173722549,1.409262099403983,0.005316162284985222,0.00016422068410395284
284,Phe_561.2,Flatulence,digestive,3.2874923347989463e-06,2.16439656910827,0.005260884275377027,0.00019198924042509907
285,Phe_562,Diverticulosis and diverticulitis,digestive,-5.124073156575446e-05,1.6776247458977418,0.012515392261681262,7.1724526225153e-19
286,Phe_562.1,Diverticulosis,digestive,-5.119705405080318e-05,1.6776247458977418,0.012515392261681262,7.1724526225153e-19
287,Phe_563,Constipation,digestive,2.099250210522224e-05,2.693983338114174,0.019458299980197335,2.7394589581250907e-43
288,Phe_564,Functional digestive disorders,digestive,-0.00018689168223345745,3.383948961803004,0.007335681372162568,1.9913360446649324e-07
289,Phe_564.1,Irritable Bowel Syndrome,digestive,-7.832735862578178e-05,1.108216771407731,0.0008667406234932626,0.5389443625163108
290,Phe_564.8,Abnormal findings on exam of gastrointestinal tract__ abdominal area,digestive,1.3292120257957646e-05,2.3888961409014766,0.006238471566447509,9.764036571490345e-06
291,Phe_564.9,Personal history of diseases of digestive system,digestive,-0.00020717964828527137,2.2932734496231397,0.01783609216593614,1.199096377616e-36
292,Phe_565,Anal and rectal conditions,digestive,-0.00010501183277576495,1.4784936481798772,0.004572183677343225,0.0011906123620962431
293,Phe_565.1,Anal and rectal polyp,digestive,-8.791776056907891e-05,2.1466551742845943,0.0106106737353673,5.4009172916732695e-14
294,Phe_568,Other disorders of peritoneum,digestive,1.988947819129008e-05,4.427174800448734,0.005641056977764257,6.365610009457072e-05
295,Phe_568.1,Peritoneal adhesions (postoperative) (postinfection),digestive,1.8746645488812435e-05,1.7901558022526716,0.00489138099782882,0.0005255308146509323
296,Phe_569,Other disorders of intestine,digestive,4.001121605498096e-05,2.989372313861492,0.012874994567366555,7.03401800104953e-20
297,Phe_571,Chronic liver disease and cirrhosis,digestive,-5.13902788689575e-05,5.374915489091528,0.026936807263812902,2.6099097458444764e-81
298,Phe_571.5,Other chronic nonalcoholic liver disease,digestive,-2.2894258395727004e-06,3.1043056299751752,0.009871221478105135,2.6034002792362792e-12
299,Phe_572,Ascites (non malignant),digestive,-2.3898231719389343e-05,6.143300085999022,0.022391716026502334,9.456469569669633e-57
300,Phe_573,Other disorders of liver,digestive,1.969448469635155e-05,3.811421338007236,0.01241212388110354,1.3807494848135014e-18
301,Phe_573.7,Abnormal results of function study of liver,digestive,2.0355130159805413e-05,5.02689619876432,0.02628078367256582,1.7356834831050583e-77
302,Phe_574,Cholelithiasis and cholecystitis,digestive,3.5841772607350714e-05,1.5662293587050318,0.007544112210408975,8.89796673664476e-08
303,Phe_574.1,Cholelithiasis,digestive,3.3512412189266836e-05,1.8529663613688434,0.008413106363153467,2.462289978589e-09
304,Phe_574.11,Cholelithiasis with acute cholecystitis,digestive,1.3185678182738376e-05,1.764525558620409,0.003157539591384877,0.02520126103454343
305,Phe_574.12,Cholelithiasis with other cholecystitis,digestive,2.5513586913985258e-05,1.182455619944205,0.0013933203433189564,0.3233048883726447
306,Phe_574.2,Calculus of bile duct,digestive,2.2569871952632243e-05,1.7883921443352275,0.0041814948764741745,0.003035041159694191
307,Phe_574.3,Cholecystitis without cholelithiasis,digestive,9.930898886517947e-06,2.044194849493838,0.005675594495308883,5.738481384147673e-05
308,Phe_575,Other biliary tract disease,digestive,3.7074441401628205e-05,2.3325324426772243,0.008944767888835019,2.2851400796901522e-10
309,Phe_575.7,Other disorders of gallbladder,digestive,1.2533217251013412e-05,1.6780479096213543,0.002672816207227381,0.05813300788242754
310,Phe_575.8,Other disorders of biliary tract,digestive,1.637026534444134e-05,2.2984415838996344,0.004536493116993185,0.0013007281751825843
311,Phe_577,Diseases of pancreas,digestive,6.077189093790309e-06,5.2187888376150635,0.011083810414443094,3.92603700512708e-15
312,Phe_577.1,Acute pancreatitis,digestive,1.0977939966206773e-05,3.281623418239114,0.00836433270390956,3.0411288314183916e-09
313,Phe_578.1,Hematemesis,digestive,1.7448716606438404e-05,6.836587869998911,0.02665683666445209,1.1470402053000821e-79
314,Phe_578.2,Blood in stool,digestive,2.807979105252835e-06,5.599085294805451,0.024971618671028633,3.871413089324743e-70
315,Phe_578.9,Hemorrhage of gastrointestinal tract,digestive,7.867791213467452e-07,2.7154766949341327,0.014396240618903556,1.8706237916390012e-24
316,Phe_579,Other symptoms involving abdomen and pelvis,digestive,2.3125801030120774e-05,2.5943608707156365,0.005605194072523635,7.085148609467131e-05
317,Phe_579.8,Nonspecific abnormal findings in stool contents,digestive,1.0223227794808756e-05,1.824159987221932,0.0038681314271471917,0.006106104907595955
318,Phe_580,Nephritis; nephrosis; renal sclerosis,genitourinary,2.1336053692285732e-05,7.498204588359763,0.026467276196742974,1.4530195981951265e-78
319,Phe_580.1,Glomerulonephritis,genitourinary,1.7096002072533729e-06,6.4737925760109185,0.0174905456102158,2.62817205405398e-35
320,Phe_585,Renal failure,genitourinary,9.894759041209762e-06,10.25533175812921,0.0942216287846849,0.0
321,Phe_585.1,Acute renal failure,genitourinary,2.058562969177606e-05,12.540660567259833,0.09819082047105229,0.0
322,Phe_585.2,Renal failure NOS,genitourinary,5.8089826149046084e-05,11.259500905054223,0.04062141306649009,1.7348884941709707e-182
323,Phe_585.3,Chronic renal failure [CKD],genitourinary,-1.2281307120644969e-05,9.270383327214633,0.050298022447750654,8.814918615331908e-279
324,Phe_586,Other disorders of the kidney and ureters,genitourinary,7.323718641906328e-06,3.658907089865929,0.009641330671213309,8.220633771109862e-12
325,Phe_586.2,"Cyst of kidney, acquired",genitourinary,5.488181182385636e-06,3.4193459174703995,0.009806070649994275,3.6158466704840764e-12
326,Phe_590,Pyelonephritis,genitourinary,-4.192446659963738e-07,2.718221467318476,0.0069235170499040545,9.202824934066369e-07
327,Phe_591,Urinary tract infection,genitourinary,-1.3621386505550752e-05,3.799106396658298,0.033792485015109563,7.0184292514493335e-127
328,Phe_592,Cystitis and urethritis,genitourinary,5.5614472772719875e-06,2.113023749850272,0.006430321613357069,5.156059790820014e-06
329,Phe_592.1,Cystitis,genitourinary,6.094678078870487e-06,2.4261651837154217,0.006617199573538362,2.721218734277504e-06
330,Phe_593,Hematuria,genitourinary,-1.7384624540779788e-05,1.962551500341891,0.012635924650658992,3.3170929565962322e-19
331,Phe_594,Urinary calculus,genitourinary,2.432233145606813e-05,3.9500607242098975,0.006638572057287687,2.52669491072433e-06
332,Phe_594.1,Calculus of kidney,genitourinary,2.3116623354115057e-05,2.044422133777749,0.006135287006784681,1.366431412202775e-05
333,Phe_594.3,Calculus of ureter,genitourinary,1.3205569707610526e-05,1.8132106475627363,0.004107197074757564,0.0035970028105125162
334,Phe_594.8,Renal colic,genitourinary,4.871460377664382e-06,1.4870628929395127,0.002117452786843222,0.13335319845613466
335,Phe_595,Hydronephrosis,genitourinary,-3.2295856233087606e-07,2.818994555862966,0.008823323016966094,3.981609323540523e-10
336,Phe_596,Other disorders of bladder,genitourinary,-3.977374647493011e-06,2.473670196439949,0.013385216881156979,2.3357751963948367e-21
337,Phe_596.1,Bladder neck obstruction,genitourinary,-1.2878498758036676e-05,2.743649528169776,0.007750946640220637,3.91756978754769e-08
338,Phe_596.5,Functional disorders of bladder,genitourinary,8.367768385299603e-07,1.3733219675663215,0.0014964522444173142,0.2887822373643788
339,Phe_597,Other disorders of urethra and urinary tract,genitourinary,-1.4543691466442241e-05,1.7009743451616162,0.0020119998529178687,0.15379444790589883
340,Phe_597.1,Urethral stricture (not specified as infectious),genitourinary,-1.698541145244593e-05,1.5416082725799267,0.003277984351124772,0.02014241126506496
341,Phe_598,Abnormal findings on examination of urine,genitourinary,-5.574263948814984e-05,1.7764071079752843,0.004605185389744725,0.0010965204761418511
342,Phe_599,Other symptoms__disorders or the urinary system,genitourinary,-1.526233038039969e-05,2.6970254185407474,0.014445013931478339,1.3092398979485815e-24
343,Phe_599.2,Retention of urine,genitourinary,-9.926776269922565e-06,3.501099414761829,0.02299977323671052,8.931568509002598e-60
344,Phe_599.3,Dysuria,genitourinary,-9.963470936348151e-07,2.883247674777126,0.006844640146099594,1.2219488540516388e-06
345,Phe_599.4,Urinary incontinence,genitourinary,6.347436895110464e-05,1.6557690055699446,0.0063560830818480485,6.615193243350783e-06
346,Phe_599.5,Frequency of urination and polyuria,genitourinary,-0.00016169532534057558,2.590806951714656,0.010321285065022624,2.5416850282016487e-13
347,Phe_599.9,Other abnormality of urination,genitourinary,-3.326025938479325e-05,2.010028886443498,0.004399903287666728,0.0018147051234413767
348,Phe_611.3,Lump or mass in breast,genitourinary,1.0085586834080676e-06,0.898267350815685,-0.00040220826425255954,0.7755560110301918
349,Phe_613,Other nonmalignant breast conditions,genitourinary,-1.3228326461518174e-05,0.0,-0.0003699894749493947,0.7931086886372847
350,Phe_681,Superficial cellulitis and abscess,dermatologic,2.8125399353307563e-05,3.1861338860372284,0.0051969067554690105,0.00022962250880563385
351,Phe_681.3,Cellulitis and abscess of arm__hand,dermatologic,2.5204955845031802e-05,4.69012346476139,0.02933903486499293,4.137522148731567e-96
352,Phe_686,Other local infections of skin and subcutaneous tissue,dermatologic,-9.892788861636676e-06,5.984447306601083,0.01978359807282272,1.0891454913055914e-44
353,Phe_686.1,Carbuncle and furuncle,dermatologic,-1.821536806164483e-05,3.224939959870869,0.011387372886566324,6.888700173787382e-16
354,Phe_687,Symptoms affecting skin,dermatologic,-2.9492850556635237e-06,5.757348781588125,0.00792892935273719,1.901841128273328e-08
355,Phe_687.1,Rash and other nonspecific skin eruption,dermatologic,-5.209486833658115e-06,3.9086768508466294,0.014603749146722418,4.065429216668429e-25
356,Phe_687.4,Disturbance of skin sensation,dermatologic,-6.4030003829479945e-06,1.6460966479052572,0.003644306470735335,0.009784229652313986
357,Phe_689,Disorder of skin and subcutaneous tissue NOS,dermatologic,1.5010754342113568e-05,1.536501476642945,0.004318281800410349,0.0022050154610330584
358,Phe_695,Erythematous conditions,dermatologic,2.5483031228768008e-05,2.0762311547121253,0.005705793556895162,5.23851958462161e-05
359,Phe_696,Psoriasis and related disorders,dermatologic,1.2507073230295745e-05,3.0709553933727647,0.010732595404597962,2.7777167262757746e-14
360,Phe_696.4,Psoriasis,dermatologic,1.326784848474294e-05,3.275299727680277,0.00975604884211807,4.646563937969402e-12
361,Phe_696.41,Psoriasis vulgaris,dermatologic,1.166317341117469e-05,3.194879977620168,0.009843656701290001,2.9923614611172315e-12
362,Phe_701,Other hypertrophic and atrophic conditions of skin,dermatologic,1.4559730694742601e-05,0.8988162126944677,-0.000427652681752816,0.7617740829186088
363,Phe_701.2,Scar conditions and fibrosis of skin,dermatologic,1.6287586775390584e-05,1.3105284099031278,0.0015384608138213256,0.2754596351177258
364,Phe_702,Degenerative skin conditions and other dermatoses,dermatologic,1.1126079612639602e-05,0.0,-0.00028923206278178877,0.8375493702239145
365,Phe_702.1,Actinic keratosis,dermatologic,1.8033754439317515e-05,1.4324226957567183,0.0023491519992404207,0.09586182765513199
366,Phe_702.2,Seborrheic keratosis,dermatologic,-1.4806276334763284e-05,1.1612149197392287,0.000925654798776593,0.5117129093292283
367,Phe_703,"Diseases of nail, NOS",dermatologic,-2.6304487945896197e-05,1.5482065117482802,0.0010791168783904062,0.44429641392066277
368,Phe_704,Diseases of hair and hair follicles,dermatologic,-1.2128645169142059e-05,1.225624651258083,0.0016144957886196074,0.25242669725511746
369,Phe_706,Diseases of sebaceous glands,dermatologic,-1.9392835848950844e-05,1.2877530898011194,0.002737679350559798,0.05229787541994202
370,Phe_706.2,Sebaceous cyst,dermatologic,-1.939371600913908e-05,1.254327756450573,0.0024080352119339042,0.08782274275560634
371,Phe_707,Chronic ulcer of skin,dermatologic,1.5260137992518982e-05,10.339633290800547,0.03656098352769148,3.409220669631605e-148
372,Phe_709,Diffuse diseases of connective tissue,dermatologic,2.6419019753305883e-05,1.6335761079599391,0.003517234331739037,0.012656754546131336
373,Phe_709.7,Unspecified diffuse connective tissue disease,dermatologic,2.3330656851777683e-05,1.2813611617558938,0.001318239141581994,0.35006356609958733
374,Phe_714,Rheumatoid arthritis and other inflammatory polyarthropathies,musculoskeletal,2.4613794442878473e-05,1.7196663709326232,0.0015522488434867496,0.27117979581534357
375,Phe_714.1,Rheumatoid arthritis,musculoskeletal,2.427349739892424e-05,2.227759365786625,0.006806376638219535,1.4005944300439323e-06
376,Phe_715,Other inflammatory spondylopathies,musculoskeletal,1.8029669286609536e-06,1.4674806601114982,0.0009452100006903622,0.5028354500990395
377,Phe_716,Other arthropathies,musculoskeletal,4.410051482439491e-05,0.0,-0.0008589603689298816,0.5425941201173337
378,Phe_716.2,Unspecified monoarthritis,musculoskeletal,1.8706293527765187e-05,1.4368044404102187,0.005992104379802588,2.1599004668576064e-05
379,Phe_716.9,Arthropathy NOS,musculoskeletal,4.215186941587311e-05,1.757530728361908,0.013472265000292439,1.2898064908357252e-21
380,Phe_717,Polymyalgia Rheumatica,musculoskeletal,1.919608811746785e-05,2.679031495767039,0.006496688476140524,4.117077302078803e-06
381,Phe_720,Spinal stenosis,musculoskeletal,4.091041180688869e-06,4.929633423913424,0.01147615785516993,4.1051594034015377e-16
382,Phe_721,Spondylosis and allied disorders,musculoskeletal,3.632588824424083e-05,2.2328515690585395,0.004370345955032368,0.0019480521168937523
383,Phe_721.1,Spondylosis without myelopathy,musculoskeletal,2.7720652527658367e-05,2.3469604784051246,0.004487054547869534,0.001468827757941254
384,Phe_722,Intervertebral disc disorders,musculoskeletal,9.99149494599291e-06,1.629390006890121,0.005496952423067768,9.752167163623976e-05
385,Phe_722.6,Degeneration of intervertebral disc,musculoskeletal,0.0001724537807324947,1.8203675548160652,0.004727444084282055,0.0008046756430466364
386,Phe_722.9,Other and unspecified disc disorder,musculoskeletal,-1.5012142457849185e-05,1.3605613164362476,0.0024068896347312165,0.0879737872520722
387,Phe_724,Other and unspecified disorders of back,musculoskeletal,-9.391937545133591e-06,2.8865828369226176,0.00444223701017504,0.0016382888888758348
388,Phe_726,Peripheral enthesopathies and allied syndromes,musculoskeletal,3.759268289705844e-05,1.1289618963813393,0.0012522002733151448,0.37472759699448255
389,Phe_726.1,Enthesopathy,musculoskeletal,3.2246679408153796e-05,1.0934958436956324,0.0008172068872504382,0.5623888572924602
390,Phe_727,"Other disorders of synovium, tendon, and bursa",musculoskeletal,8.340298247326477e-06,0.6029358182707533,-0.001253456808969503,0.37424850763508866
391,Phe_727.1,Synovitis and tenosynovitis,musculoskeletal,-1.847030424385841e-05,1.0730979090281338,0.00037444956112174884,0.7906723681196196
392,Phe_727.4,"Ganglion and cyst of synovium, tendon, and bursa",musculoskeletal,3.557483717658588e-06,0.4578568892230347,-0.0030081434201767,0.03297399336635167
393,Phe_728,"Disorders of muscle, ligament, and fascia",musculoskeletal,2.6740296251747497e-05,3.411416079999457,0.001845423856420054,0.19081419601503488
394,Phe_728.7,Fasciitis,musculoskeletal,2.847198204145293e-05,0.7399409525632625,-0.0004274496276054312,0.761883774804798
395,Phe_728.71,Contracture of palmar fascia [Dupuytren's disease],musculoskeletal,2.9380516164177474e-05,0.8132477961608612,-0.0009742030569672575,0.48982481372765885
396,Phe_729,Other disorders of soft tissues,musculoskeletal,0.00011935107036274637,3.609580786707733,0.00912020698480235,1.0115620080374755e-10
397,Phe_729.1,"Rheumatism, unspecified and fibrositis",musculoskeletal,4.672449731384325e-06,1.6766747116593075,0.001279904041223117,0.36425282322956565
398,Phe_733,Other disorders of bone and cartilage,musculoskeletal,4.508035349179107e-05,1.7526541328437577,0.0022754595705548617,0.10674093185404165
399,Phe_733.8,Malunion and nonunion of fracture,musculoskeletal,-2.589261668112453e-06,2.377185865700979,0.0017857865767766927,0.20554928934932307
400,Phe_735,Acquired foot deformities,musculoskeletal,-5.652705684643669e-06,3.844083485267681,0.003551838533814228,0.011808555743087914
401,Phe_735.2,Acquired toe deformities,musculoskeletal,3.621955170628352e-05,0.5328175216226332,-0.002222352705145507,0.11517101066883345
402,Phe_735.21,Hammer toe (acquired),musculoskeletal,-2.575009124186693e-05,0.4875260544913849,-0.0023258580934649247,0.09920033586479811
403,Phe_735.23,Hallux rigidus,musculoskeletal,4.089085832957591e-06,1.1498596028402839,0.0005937884588084158,0.6738125504290846
404,Phe_735.3,Hallux valgus (Bunion),musculoskeletal,-2.4407330152995866e-05,0.4679728995166831,-0.004436673781570389,0.001660535402997885
405,Phe_736,Other acquired deformities of limbs,musculoskeletal,3.543712435219597e-06,1.9950306695693028,0.0017252463293981636,0.2213359806514872
406,Phe_737,Curvature of spine,musculoskeletal,1.18980085735778e-06,7.296639948887727,0.0032947389257471527,0.019514109559928685
407,Phe_737.3,Kyphoscoliosis and scoliosis,musculoskeletal,1.203007435410121e-06,3.301831485250871,0.005375080855940525,0.0001388077123089027
408,Phe_738,Other acquired musculoskeletal deformity,musculoskeletal,4.27958649092173e-06,1.0743518943147574,0.00014345088122808,0.9190038385020555
409,Phe_738.4,Acquired spondylolisthesis,musculoskeletal,7.190859499410046e-06,1.303618055384408,0.0005317404201604099,0.7062203925535673
410,Phe_740,Osteoarthrosis,musculoskeletal,4.57317004957532e-05,1.45167321575848,0.007285101074292245,2.4135579146463713e-07
411,Phe_740.1,Osteoarthritis; localized,musculoskeletal,4.7846688316941736e-05,1.3960408065473968,0.004161645062457315,0.0031767602527796057
412,Phe_740.11,"Osteoarthrosis, localized, primary",musculoskeletal,3.9573693688673874e-05,1.2329191925923964,0.002224851506438382,0.11476295227350411
413,Phe_740.9,Osteoarthrosis NOS,musculoskeletal,4.519036965942512e-05,2.0754122118770284,0.008709915849760436,6.643583170104717e-10
414,Phe_741,Symptoms and disorders of the joints,musculoskeletal,1.4542207929671869e-05,0.3673832701537877,-0.0014762102797911852,0.29535432685836305
415,Phe_741.4,Joint effusions,musculoskeletal,1.5780837141957336e-05,4.214102216469917,0.005422536710932853,0.00012108245490412517
416,Phe_742,"Derangement of joint, non-traumatic",musculoskeletal,3.409510382201109e-05,0.0,-0.0006166687609605033,0.6620094145373046
417,Phe_742.9,Other derangement of joint,musculoskeletal,2.353753914562457e-05,1.3306942156026251,0.0009068959134091608,0.5203051065480786
418,Phe_743,"Osteoporosis, osteopenia and pathological fracture",musculoskeletal,2.3075198695587583e-05,2.013509075643244,0.007038052618467056,6.064395851668902e-07
419,Phe_743.1,Osteoporosis,musculoskeletal,2.3257090406040446e-05,1.9154143871253522,0.006166545985647856,1.234827397469712e-05
420,Phe_743.11,Osteoporosis NOS,musculoskeletal,2.004538135881103e-05,1.9170398236385269,0.006174844929860666,1.2019744131646033e-05
421,Phe_745,Pain in joint,musculoskeletal,4.537556334478109e-05,2.020607985845832,0.004434276493361332,0.001670207214905181
422,Phe_747,Cardiac and circulatory congenital anomalies,congenital anomalies,0.00025607889341560937,0.0,-0.0005446211415251225,0.6994464164204144
423,Phe_747.1,Cardiac congenital anomalies,congenital anomalies,0.0002570551140280515,4.377983969332637,0.005103795069909939,0.0002969208132346128
424,Phe_747.13,Congenital anomalies of great vessels,congenital anomalies,0.0002437582985896042,9.856115373299636,0.041746555889696356,1.2523874953786769e-192
425,Phe_751,Genitourinary congenital anomalies,congenital anomalies,0.0,3.4019486903232323,0.009760525248084233,4.5436663661205826e-12
426,Phe_939,Atopic__contact dermatitis due to other or unspecified,dermatologic,-2.277863650974208e-05,2.7780391814801684,0.009077315182835825,1.2363092654543847e-10
