,PheCode,description,category,f_score,RR,phi,pval
0,Phe_112,Candidiasis,infectious diseases,3.230379838326209e-05,2.848395313656928,0.004387223906703005,0.0018708455979299474
1,Phe_153,Colorectal cancer,neoplasms,-4.6165806440179855e-06,0.0,-0.00024068319616717094,0.8645272194985304
2,Phe_153.2,Colon cancer,neoplasms,1.0748123119192912e-06,1.7288759551012802,0.0019247050178468328,0.1724496302276704
3,Phe_153.3,"Malignant neoplasm of rectum, rectosigmoid junction, and anus",neoplasms,-7.5236710438193135e-06,2.1445794958901305,0.0024736938385060935,0.0795093264879567
4,Phe_158,Neoplasm of unspecified nature of digestive system,neoplasms,-4.976095893558419e-05,0.805167441115206,-0.00030690420360936606,0.8277747207155804
5,Phe_159,Malignant neoplasm of other and ill-defined sites within the digestive organs and peritoneum,neoplasms,-1.0377563675828462e-05,1.516889376345817,0.0017903128505469695,0.20440274686328205
6,Phe_165,Cancer within the respiratory system,neoplasms,6.866924348644669e-05,0.0,-0.0016408778913916044,0.24475784491931316
7,Phe_165.1,Cancer of bronchus; lung,neoplasms,6.755586599669718e-05,2.043637842509278,0.0025330518052503422,0.07255533612085818
8,Phe_172,Skin cancer,neoplasms,-6.218768140600057e-05,1.4285228793979459,0.0024209067676390847,0.08613996460459371
9,Phe_172.2,Other non-epithelial cancer of skin,neoplasms,-7.567564221634607e-05,1.6690900722355697,0.0034039574970707144,0.01582250016637901
10,Phe_174,Breast cancer,neoplasms,8.388701049332458e-05,1.6283479776351817,0.003393893917295002,0.016134868273865562
11,Phe_189,Cancer of urinary organs (incl. kidney and bladder),neoplasms,-1.802793231440506e-05,1.5514201914171042,0.0014027572118117673,0.32003850694159097
12,Phe_189.11,"Malignant neoplasm of kidney, except pelvis",neoplasms,-9.031994779636477e-06,0.0,-0.0015213024173968666,0.2808497035022747
13,Phe_189.2,Cancer of bladder,neoplasms,-2.0587234423605685e-05,1.156513233601841,0.0002056137666044055,0.8841153721615379
14,Phe_189.21,Malignant neoplasm of bladder,neoplasms,-2.475403899999769e-05,0.8520861064715508,-0.00032075761619493906,0.8201307784642614
15,Phe_195,"Cancer, suspected or other",neoplasms,-1.97487168092046e-05,3.2044447278640433,0.003013694952767286,0.03265210415136458
16,Phe_195.1,"Malignant neoplasm, other",neoplasms,-2.1918424553415545e-05,1.3680365590180075,0.0022735192723106227,0.10704007742292525
17,Phe_197,Chemotherapy,neoplasms,0.00011016095854582849,2.927935085252168,0.012979129852380618,3.547771410358665e-20
18,Phe_198,Secondary malignant neoplasm,neoplasms,-5.490408083510664e-05,3.559497920990558,0.004288639762127159,0.002364841701007951
19,Phe_198.1,Secondary malignancy of lymph nodes,neoplasms,-5.6097166812946474e-05,1.0898484761637715,0.0003239941677337639,0.8183473671201966
20,Phe_198.2,Secondary malignancy of respiratory organs,neoplasms,-3.0010551544510268e-05,1.7294243569358694,0.0017567512036661679,0.2130154688561067
21,Phe_198.3,Secondary malignant neoplasm of digestive systems,neoplasms,-3.090467564852167e-05,1.5174925132747816,0.0010294174337818166,0.4655567328090966
22,Phe_198.4,Secondary malignant neoplasm of liver,neoplasms,7.474268630559948e-06,0.8861141562308048,-0.000296999215516103,0.8332500921182028
23,Phe_198.6,Secondary malignancy of bone,neoplasms,-7.264958912526223e-05,1.4302018628016024,0.001018936601634685,0.4701113060224327
24,Phe_199,Neoplasm of uncertain behavior,neoplasms,2.479347467226248e-05,2.313026467203682,0.0021137740313156355,0.1340290050406957
25,Phe_202,"Cancer of other lymphoid, histiocytic tissue",neoplasms,0.00010971442905761803,3.683163164337074,0.004419465455502792,0.001731120344947617
26,Phe_202.2,Non-Hodgkins lymphoma,neoplasms,0.0001006755949220678,2.398048175234732,0.0025535400036147617,0.07027387135716462
27,Phe_204,Leukemia,neoplasms,-7.110606448742863e-05,5.782566168009206,0.004864601470023432,0.0005638964703732894
28,Phe_208,Benign neoplasm of colon,neoplasms,1.2591918920986123e-05,1.4462989506162178,0.0031978635289703606,0.02339704098115968
29,Phe_211,Benign neoplasm of other parts of digestive system,neoplasms,0.00020264386227168742,1.6531376404704405,0.002397928613948364,0.08916254009295421
30,Phe_214,Lipoma,neoplasms,-5.7578093889300086e-05,1.4902357168629736,0.0009841202551819598,0.4854164117403257
31,Phe_214.1,Lipoma of skin and subcutaneous tissue,neoplasms,-6.0164567497789926e-05,1.3255659271709106,0.0010629442603626693,0.45115318964764806
32,Phe_215,Other benign neoplasm of connective and other soft tissue,neoplasms,-0.00010411457276457642,4.249046616439631,0.00498131062972908,0.0004137663747864714
33,Phe_216,Benign neoplasm of skin,neoplasms,-3.1940089761537805e-05,0.9775020073984655,-9.748284965105852e-05,0.9449075788083595
34,Phe_228,"Hemangioma and lymphangioma, any site",neoplasms,-2.0637184327191567e-05,1.771816931701985,0.0014203614528243578,0.31400303467469276
35,Phe_229,Benign neoplasm of unspecified sites,neoplasms,1.9272016283120727e-05,1.6744515392721624,0.0014755782585423023,0.295561129277992
36,Phe_241,Nontoxic nodular goiter,endocrine/metabolic,-5.591400460242814e-05,0.0,-0.00017247014551153133,0.902693409539354
37,Phe_242,Thyrotoxicosis with or without goiter,endocrine/metabolic,0.00013133791307628017,3.533790436005626,0.004669408810213035,0.0009328229142450576
38,Phe_244,Hypothyroidism,endocrine/metabolic,0.00014071035659135657,1.7963515198060844,0.004774094517215478,0.0007137265272161117
39,Phe_244.1,Secondary hypothyroidism,endocrine/metabolic,0.00012851705260566318,2.866849705829916,0.0031174955400065803,0.027110906699842133
40,Phe_244.4,Hypothyroidism NOS,endocrine/metabolic,0.00014283412775360153,1.8245894109509375,0.004820018838616055,0.0006336032072276419
41,Phe_250.1,Type 1 diabetes,endocrine/metabolic,0.00015074442385989536,1.9867223690193,0.002429233120397967,0.08506535211614703
42,Phe_250.2,Type 2 diabetes,endocrine/metabolic,0.00015185861654087325,2.212164157371098,0.008552200508071671,1.3398483975948073e-09
43,Phe_250.23,Type 2 diabetes with ophthalmic manifestations,endocrine/metabolic,0.00014989134528754276,3.900635960899771,0.005496217376975479,9.773160984358342e-05
44,Phe_250.7,Diabetic retinopathy,endocrine/metabolic,0.00015042197014830582,3.8400827506400077,0.005423937979722339,0.00012059301731192007
45,Phe_260,Protein-calorie malnutrition,endocrine/metabolic,-1.7572796409815174e-06,0.0,-0.0007255106658582421,0.6070452023955096
46,Phe_261,Vitamin deficiency,endocrine/metabolic,2.4251105575490457e-05,0.0,-0.00023740820602579984,0.8663531482942566
47,Phe_272,Disorders of lipoid metabolism,endocrine/metabolic,6.475860344627078e-05,2.1062327102020286,0.010738839068046882,2.6841912413658633e-14
48,Phe_272.1,Hyperlipidemia,endocrine/metabolic,6.388737544325955e-05,3.084625648580715,0.007358970391213416,1.8218392297185243e-07
49,Phe_272.11,Hypercholesterolemia,endocrine/metabolic,6.589561164950817e-05,2.0926697360205035,0.01017026130565776,5.610768095379086e-13
50,Phe_274,Gout and other crystal arthropathies,endocrine/metabolic,1.0819887678988928e-05,2.7883058782729324,0.004290423709905162,0.0023549307189528962
51,Phe_274.1,Gout,endocrine/metabolic,1.7729003054859286e-05,2.766434264906548,0.003978161288147945,0.004801965540307919
52,Phe_275,Disorders of mineral metabolism,endocrine/metabolic,-0.00010183771699797151,0.0,-0.00015826898755596532,0.9106705474340535
53,Phe_275.5,Disorders of calcium__phosphorus metabolism,endocrine/metabolic,-1.8789712630865718e-05,3.388824072887654,0.0041025874545711355,0.0036348060003189775
54,Phe_276,"Disorders of fluid, electrolyte, and acid-base balance",endocrine/metabolic,8.795309908063465e-05,3.342774736762078,0.010842893475804317,1.5124733975815913e-14
55,Phe_276.1,Electrolyte imbalance,endocrine/metabolic,3.72464694767126e-05,5.300685654008439,0.002636792626919917,0.06160093738864089
56,Phe_276.12,Hyposmolality and__or hyponatremia,endocrine/metabolic,-2.373644914086195e-05,3.6306066123345473,0.00618281654753613,1.171203912544025e-05
57,Phe_276.14,Hypopotassemia,endocrine/metabolic,9.393693308830637e-06,4.1970238316195845,0.006624895560449791,2.649572682105878e-06
58,Phe_276.5,Hypovolemia,endocrine/metabolic,3.686192973395195e-05,3.304323524576689,0.006482582675916391,4.319545206704413e-06
59,Phe_277,Other disorders of metabolism,endocrine/metabolic,-1.7102728985759015e-05,2.5341923445458674,0.002359244656871949,0.09444354544162119
60,Phe_278,"Overweight, obesity and other hyperalimentation",endocrine/metabolic,-5.1085604263498426e-05,0.0,-7.913354888474392e-05,0.9552655504013624
61,Phe_278.1,Obesity,endocrine/metabolic,-5.2362382012487586e-05,3.1812398402801363,0.012192245573418397,5.471354915515812e-18
62,Phe_280,Iron deficiency anemias,hematopoietic,0.0001420489178643833,2.1366226622768574,0.005215546834541904,0.00021799810978342783
63,Phe_280.1,"Iron deficiency anemias, unspecified or not due to blood loss",hematopoietic,0.0001408605402068178,2.130079388949333,0.005071189296515609,0.0003245686836216587
64,Phe_281,Other deficiency anemia,hematopoietic,0.00011575611334683777,0.0,-0.00011870091387922003,0.9329419380190136
65,Phe_281.1,Megaloblastic anemia,hematopoietic,9.235666264086512e-05,0.0,-0.00015826898755596532,0.9106705474340535
66,Phe_285,Other anemias,hematopoietic,0.00013778829204197626,2.6649533166789947,0.009037190514715516,1.490336926867394e-10
67,Phe_287,Purpura and other hemorrhagic conditions,hematopoietic,0.00011607669464959088,0.0,-0.0004862757962877899,0.730313646571012
68,Phe_287.3,Thrombocytopenia,hematopoietic,0.00011125271485653811,1.8865514932704281,0.0015809086952299465,0.26243008526131756
69,Phe_288,Diseases of white blood cells,hematopoietic,9.122702766938988e-05,0.0,-0.0011985960644297377,0.39551746875770455
70,Phe_289,Other diseases of blood and blood-forming organs,hematopoietic,-0.0003140280479389175,1.6939607948895143,0.0007530236132922528,0.5934805937271106
71,Phe_289.4,Lymphadenitis,hematopoietic,-0.0002959563750019015,1.563624086728153,0.0014281505531017708,0.31135665315431144
72,Phe_290,Delirium dementia and amnestic and other cognitive disorders,mental disorders,4.886893904889163e-05,3.593685189158264,0.0027325553836520973,0.05274028602839447
73,Phe_292,Neurological disorders,mental disorders,4.7602182395129154e-05,9.130367633698745,0.00930901654548504,4.137623446088439e-11
74,Phe_292.1,Aphasia__speech disturbance,mental disorders,2.622184391800462e-05,4.750821996953621,0.0073031098264084654,2.2541639615404675e-07
75,Phe_292.4,Altered mental status,mental disorders,4.863380451300214e-05,3.662342351892771,0.006536402913909857,3.59471739541247e-06
76,Phe_293,Symptoms involving head and neck,mental disorders,0.00015693664132382677,1.3557703981833307,0.0007489585667745063,0.5954760127065892
77,Phe_296,Mood disorders,mental disorders,0.000940708737469986,33.478014656895404,0.01372208439908864,2.297548689609861e-22
78,Phe_296.1,Bipolar,mental disorders,0.00012282258236794366,0.7936148203131786,-0.00032746734486260523,0.8164346151275375
79,Phe_296.2,Depression,mental disorders,0.0009298144217420686,2.271722423146474,0.0011913994315178877,0.39836073471244815
80,Phe_300,Anxiety disorders,mental disorders,-3.80087175341226e-05,2.4654351879109018,0.0013177817189427888,0.3502307807853
81,Phe_300.1,Anxiety disorder,mental disorders,7.613001730221849e-05,2.4687086694186986,0.0058069868801635385,3.847404960619736e-05
82,Phe_306,Other mental disorder,mental disorders,0.00018621119046991557,2.0985979537911903,0.009789549885119295,3.9286475596047116e-12
83,Phe_317,Alcohol-related disorders,mental disorders,0.000167917332019939,1.2771133712757188,0.0009866418930895493,0.48429892563707455
84,Phe_317.1,Alcoholism,mental disorders,0.00010630859907033376,1.3324314566956437,0.001483825597171787,0.29287015322442467
85,Phe_318,Tobacco use disorder,mental disorders,0.00014837053359487753,1.9271146321907664,0.006362692972125651,6.4707344032930074e-06
86,Phe_327,Sleep disorders,neurological,-5.788509142290049e-05,1.857174535710986,0.0012570463433567009,0.37288198545726603
87,Phe_327.3,Sleep apnea,neurological,-7.161311871365377e-05,2.5951193060568785,0.005264598223351203,0.00018999324348990723
88,Phe_331,Other cerebral degenerations,neurological,3.311974975707217e-05,6.1755561017574045,0.004158269738203838,0.0032014500626005925
89,Phe_332,Parkinson's disease,neurological,-8.775787554849936e-05,4.595021619573879,0.006274027205944131,8.685961043437892e-06
90,Phe_334,Degenerative disease of the spinal cord,neurological,-1.6359937897542287e-06,9.750584972206687,0.016342081074074796,4.895266022937745e-31
91,Phe_335,Multiple sclerosis,neurological,-0.00010730547366781927,9.333035688773323,0.013903722975036609,6.427207724289031e-23
92,Phe_339,Other headache syndromes,neurological,-2.3361639123702027e-05,1.5771100502495665,0.0024543015975879903,0.08189528881775043
93,Phe_340,Migraine,neurological,0.00011273330163622791,2.698440021837904,0.004395992671565152,0.0018318528158040239
94,Phe_342,Hemiplegia,neurological,4.5520154919409e-05,10.342801276114027,0.018379734465549292,8.258773255610228e-39
95,Phe_345,"Epilepsy, recurrent seizures, convulsions",neurological,4.956275853846779e-06,3.496435357400915,0.0068254842236860356,1.308454750626829e-06
96,Phe_345.3,Convulsions,neurological,-5.826978263950087e-05,4.5816250550853255,0.008207411055782536,5.951346919967455e-09
97,Phe_348,Other conditions of brain,neurological,8.611311181675479e-06,0.0,-0.0005988880398713254,0.6711747649926739
98,Phe_350,Abnormal movement,neurological,-1.4977103190398144e-05,8.481097046413502,0.021246843339487016,2.834593024862262e-51
99,Phe_350.2,Abnormality of gait,neurological,-5.674259354181288e-05,8.281294388159495,0.016416033674396004,2.6511302976325585e-31
100,Phe_351,Other peripheral nerve disorders,neurological,0.0002739001304920679,3.816493670886076,0.014782078330541385,1.0764471420935622e-25
101,Phe_352,Disorders of other cranial nerves,neurological,2.2556446391823366e-05,12.00155242417005,0.004482100955894466,0.0014867303349533816
102,Phe_353,Nerve root and plexus disorders,neurological,4.903855407632268e-06,6.4331962425386875,0.008563913207320332,1.2723685889262356e-09
103,Phe_357,Inflammatory and toxic neuropathy,neurological,4.87502736295251e-06,8.391586787348452,0.013978054261087062,3.798078360829765e-23
104,Phe_361,Retinal detachments and defects,sense organs,4.8333269961233164e-05,0.0,-0.002120536258100267,0.13278878280978762
105,Phe_361.1,Retinal detachment with retinal defect,sense organs,5.0978435404419366e-05,1.2895738033066653,0.0005099246438794519,0.7177463336210628
106,Phe_362,Other retinal disorders,sense organs,-1.3237182986021106e-05,0.0,-0.0015254373741709387,0.2795442615644903
107,Phe_362.2,Degeneration of macula and posterior pole of retina,sense organs,-1.4911975688678629e-05,0.9659563834183944,-8.500260107623457e-05,0.9519516312045678
108,Phe_362.29,Macular degeneration (senile) of retina NOS,sense organs,-1.5644432901178017e-05,0.9659563834183944,-8.500260107623457e-05,0.9519516312045678
109,Phe_365,Glaucoma,sense organs,7.447736472058877e-05,2.586138350591954,0.0048503417290230826,0.0005853747024054267
110,Phe_365.1,Open-angle glaucoma,sense organs,6.898963786309974e-05,1.3576996338975724,0.0006138235295267718,0.6634726795779776
111,Phe_365.11,Primary open angle glaucoma,sense organs,6.797974186368525e-05,1.3627900985131498,0.000621390760572172,0.6595838006874282
112,Phe_366,Cataract,sense organs,0.00011736368858523107,1.7379297226257178,0.004940049921951434,0.0004619619077371567
113,Phe_366.2,Senile cataract,sense organs,7.780897279716532e-05,2.117310027564785,0.005501005116568567,9.637179706300966e-05
114,Phe_367,Disorders of refraction and accommodation; blindness and low vision,sense organs,1.9440181832718015e-05,0.0,-0.000473215259614569,0.737285608126564
115,Phe_367.1,Myopia,sense organs,1.5978514430633076e-05,1.2226473397040127,0.0004027018250491541,0.7752879854849305
116,Phe_368,Visual disturbances,sense organs,5.814271344186319e-05,1.5336522687908685,0.0008614469956799725,0.5414262924402852
117,Phe_371,Inflammation of the eye,sense organs,-5.5687750928094985e-05,0.0,-0.000473215259614569,0.737285608126564
118,Phe_371.3,Inflammation of eyelids,sense organs,-6.524243615148325e-05,0.7714763838459826,-0.0005209729717051559,0.7119009392162094
119,Phe_374,Other disorders of eyelids,sense organs,5.931806894276114e-05,2.418563796505752,0.0036562990838229625,0.009545738506830647
120,Phe_374.1,Ectropion or entropion,sense organs,4.643518463622812e-05,0.8046581637963475,-0.0003078040948699391,0.8272776807388985
121,Phe_374.3,Ptosis of eyelid,sense organs,2.040296087116753e-05,6.157162784998633,0.010603679095256996,5.6096780495279284e-14
122,Phe_375,Disorders of lacrimal system,sense organs,0.0011552766698545232,0.0,-0.0019728792048775453,0.1619556669375175
123,Phe_378,Strabismus and other disorders of binocular eye movements,sense organs,3.367739797360717e-05,0.0,-0.000447702194462052,0.7509670337560517
124,Phe_379,Other disorders of eye,sense organs,3.2588947620736634e-05,2.802124574806223,0.0015199801962731008,0.2812680122667897
125,Phe_379.2,Disorders of vitreous body,sense organs,3.883370380452568e-05,1.2110086215726086,0.0003834881536995932,0.7857413313825481
126,Phe_379.3,Aphakia and other disorders of lens,sense organs,5.570485858281306e-05,1.181942914489339,0.000410391103064406,0.7711158401170166
127,Phe_380,Disorders of external ear,sense organs,2.069436330341996e-05,1.4407299625844001,0.0005186373064199667,0.7131352845670867
128,Phe_381,Otitis media and Eustachian tube disorders,sense organs,-2.3724299260714942e-05,1.7208854338343258,0.0015556160404843202,0.2701415680561208
129,Phe_381.1,Otitis media,sense organs,-2.436949128242016e-05,1.780496230877572,0.001169053094946304,0.4072675340733658
130,Phe_384,Other disorders of tympanic membrane,sense organs,3.920538039510717e-06,0.0,-0.0008851769434687259,0.5303452066918488
131,Phe_384.4,Perforation of tympanic membrane,sense organs,5.0821904868577765e-06,0.9139113196566273,-0.0001272614730390223,0.9281184597684458
132,Phe_386,Vertiginous syndromes and other disorders of vestibular system,sense organs,3.265843894560661e-05,0.0,-0.00039172772410104776,0.7812536761221465
133,Phe_386.9,Dizziness and giddiness (Light-headedness and vertigo),sense organs,4.489165238406633e-05,2.2701632450935247,0.00432090127809071,0.0021913787115699045
134,Phe_389,Hearing loss,sense organs,1.8559710621985243e-05,2.3497682987846793,0.003950931607746901,0.0050988099672808805
135,Phe_394,Rheumatic disease of the heart valves,circulatory system,-1.3172375090861437e-05,2.275786327302371,0.002070614669923043,0.14215673729188652
136,Phe_394.2,Mitral valve disease,circulatory system,3.091988644840038e-05,0.7721006819514619,-0.0006371091477574731,0.6515353925998264
137,Phe_394.3,Aortic valve disease,circulatory system,0.00010095387953352278,0.5989475315263773,-0.0007328703590453359,0.6034031255572259
138,Phe_394.7,Disease of tricuspid valve,circulatory system,-0.00024251025429875337,0.6220853579276407,-0.0006775709868121884,0.6310051424791727
139,Phe_395,Heart valve disorders,circulatory system,8.832972789019492e-05,0.7397380764425209,-0.0008599938824778042,0.5421085849391849
140,Phe_395.1,Nonrheumatic mitral valve disorders,circulatory system,3.322909427623366e-05,0.8002712666986949,-0.0005483448823878022,0.6974925201740073
141,Phe_395.6,Heart valve replaced,circulatory system,5.824938424281261e-05,1.1009645668213113,0.0001924858603192448,0.8914669373468032
142,Phe_396,Abnormal heart sounds,circulatory system,0.0,2.256944808330027,0.0020485609707299296,0.14645340999669024
143,Phe_401.1,Essential hypertension,circulatory system,0.00036441739391863867,2.059429195039548,0.016008948960983344,7.49671673279002e-30
144,Phe_401.2,Hypertensive heart and__or renal disease,circulatory system,0.00011010311489570657,0.0,-0.0002987383509224872,0.8322881231187014
145,Phe_401.22,Hypertensive chronic kidney disease,circulatory system,9.773823179712345e-05,2.448824941216603,0.00261858955288272,0.06341743166858414
146,Phe_402,Elevated blood pressure reading without diagnosis of hypertension,circulatory system,1.2719288894107528e-05,4.0331303889194645,0.005651656756310394,6.166552565807992e-05
147,Phe_411.1,Unstable angina (intermediate coronary syndrome),circulatory system,5.7609715531592056e-05,1.4816299979176304,0.0015902960405038322,0.25960704079909386
148,Phe_411.2,Myocardial infarction,circulatory system,4.058974587946615e-05,1.3841336873548922,0.0020443312224695657,0.14728872161895773
149,Phe_411.3,Angina pectoris,circulatory system,4.381801948295873e-05,1.8424221179560623,0.005149552140852895,0.0002618236947991108
150,Phe_411.4,Coronary atherosclerosis,circulatory system,4.200941082353375e-05,1.5400959564432566,0.0036857490116324505,0.008981936353272945
151,Phe_411.8,"Other chronic ischemic heart disease, unspecified",circulatory system,6.145092740386288e-05,2.151087131322317,0.006888878783427224,1.0426900766501183e-06
152,Phe_411.9,Other acute and subacute forms of ischemic heart disease,circulatory system,4.412502293288816e-05,3.1489221706980826,0.0038291285872635284,0.006639993995336945
153,Phe_414,Other forms of chronic heart disease,circulatory system,1.7138723152700923e-05,0.7835938139587467,-0.000489494043574639,0.7285990763907519
154,Phe_415,Pulmonary heart disease,circulatory system,-0.00010597150980345128,2.111281765196059,0.003255585340492031,0.021009914210699275
155,Phe_416,Cardiomegaly,circulatory system,1.6973881949163215e-05,2.0120090146258875,0.0026757164124434785,0.057861010117453725
156,Phe_418,Nonspecific chest pain,circulatory system,0.0004336221650392003,1.5202063965647905,0.004349179736209596,0.0020490072249530217
157,Phe_418.1,Precordial pain,circulatory system,8.343096911310893e-05,1.3290940870228367,0.0009924632090227245,0.481724493177371
158,Phe_420,Carditis,circulatory system,1.5253250178606518e-05,0.0,-0.00015324313577234645,0.9134958922528438
159,Phe_420.2,Pericarditis,circulatory system,1.3245804956742422e-05,2.9295672008336795,0.0031874299235702132,0.023852779948262733
160,Phe_425,Cardiomyopathy,circulatory system,2.607149886625507e-05,0.0,-0.00021307890178446354,0.8799393363037078
161,Phe_425.1,Primary__intrinsic cardiomyopathies,circulatory system,2.6235376594699675e-05,1.5686369383008945,0.0009075936718265441,0.5199841834245502
162,Phe_426,Cardiac conduction disorders,circulatory system,4.176932916636974e-05,0.0,-0.0006219910814953621,0.6592756812607812
163,Phe_426.2,Atrioventricular [AV] block,circulatory system,1.2889552972386684e-05,6.392786718402137,0.0030106114722687686,0.032830556808178916
164,Phe_426.3,Bundle branch block,circulatory system,3.1600120403616414e-05,0.0,-0.0008699840750543165,0.5374264850873072
165,Phe_426.31,Right bundle branch block,circulatory system,2.323933799714992e-05,2.902276555806902,0.0038700799201958212,0.0060804765206741865
166,Phe_426.32,Left bundle branch block,circulatory system,3.476562067702678e-05,1.2819931712751345,0.0006105865071606984,0.6651389995358452
167,Phe_426.9,Cardiac pacemaker__device in situ,circulatory system,3.848739172710893e-05,0.0,-0.0007265902161753338,0.6065103533163694
168,Phe_426.91,Cardiac pacemaker in situ,circulatory system,4.060074476448727e-05,2.3945017205523467,0.003377334904528336,0.01666065622684557
169,Phe_427,Cardiac dysrhythmias,circulatory system,5.39309211186109e-05,1.9834075423095032,0.007726243884934457,4.325581789667624e-08
170,Phe_427.1,"Paroxysmal tachycardia, unspecified",circulatory system,2.486361329446953e-06,8.05167441115206,0.0035076641272909557,0.012900659672167405
171,Phe_427.11,Paroxysmal supraventricular tachycardia,circulatory system,-3.6697034338361105e-05,0.0,-0.0023218005340070553,0.09979124756417693
172,Phe_427.2,Atrial fibrillation and flutter,circulatory system,2.965239965111168e-05,1.8682545122893441,0.005184787239497966,0.00023748995309613835
173,Phe_427.3,Other specified cardiac dysrhythmias,circulatory system,1.4891617769462728e-05,3.4915318167944234,0.007076826933644927,5.258236534288222e-07
174,Phe_427.4,Cardiac arrest and ventricular fibrillation,circulatory system,3.543712435219598e-06,1.9950306695693028,0.0017252463293981634,0.2213359806514873
175,Phe_427.7,Tachycardia NOS,circulatory system,7.622363975626465e-05,2.4709078520350105,0.0035064672149627534,0.01293145475361758
176,Phe_427.9,Palpitations,circulatory system,-6.615333310715772e-06,1.7958913809239814,0.0023840870999523017,0.09102412534202646
177,Phe_428,Congestive heart failure; nonhypertensive,circulatory system,2.845726124187217e-05,1.7066489305247965,0.0026682284656681966,0.05856544142090435
178,Phe_428.1,Congestive heart failure (CHF) NOS,circulatory system,2.429896794323152e-05,3.1742392605096277,0.005185296988089976,0.00023715401436076285
179,Phe_428.2,Heart failure NOS,circulatory system,2.0926047501071855e-05,1.0808534893475152,0.00027074776975430956,0.8478001027419383
180,Phe_430,Intracranial hemorrhage,circulatory system,-0.0001355632149204047,0.0,-0.0005324102839563727,0.7058675310522059
181,Phe_433,Cerebrovascular disease,circulatory system,6.370344908025392e-05,3.871805173362686,0.0054619030824510405,0.00010802104071669269
182,Phe_433.1,Occlusion and stenosis of precerebral arteries,circulatory system,2.949355482381552e-05,2.494440307768677,0.002316409693064044,0.1005806669785175
183,Phe_433.2,Occlusion of cerebral arteries,circulatory system,3.450146126158502e-05,3.367742043579154,0.00633612732528062,7.070281744097999e-06
184,Phe_433.21,"Cerebral artery occlusion, with cerebral infarction",circulatory system,3.4939629651329765e-05,3.7184203345620026,0.00564246532436963,6.338816047786961e-05
185,Phe_433.3,Cerebral ischemia,circulatory system,8.162443991541803e-05,3.6141038550057543,0.004346803149865701,0.0020606374778629906
186,Phe_433.31,Transient cerebral ischemia,circulatory system,9.383868215595957e-05,2.493625397508054,0.003279661840933863,0.020078719396728787
187,Phe_433.8,Late effects of cerebrovascular disease,circulatory system,9.630655356479801e-05,4.410674541225447,0.006075913530129134,1.654106883803994e-05
188,Phe_440,Atherosclerosis,circulatory system,7.418545172940777e-05,4.892940603700097,0.002484309802373105,0.07822729874351661
189,Phe_442,Other aneurysm,circulatory system,6.642934718195546e-05,0.0,-0.00027126774593475966,0.8475113816424351
190,Phe_442.1,Aortic aneurysm,circulatory system,6.142031029414212e-05,0.0,-0.0012103370876435564,0.3909051987173823
191,Phe_443,Peripheral vascular disease,circulatory system,0.0001154814605757487,3.9800965885523603,0.009244878526343328,5.616815467639521e-11
192,Phe_443.1,Raynaud's syndrome,circulatory system,-2.3885865634021415e-06,2.841238541512061,0.003088603044562355,0.02856516928757802
193,Phe_443.9,"Peripheral vascular disease, unspecified",circulatory system,8.949181787176469e-05,4.480579571690153,0.008717131486570419,6.431870406776969e-10
194,Phe_447,Other disorders of arteries and arterioles,circulatory system,7.104355579717059e-05,7.6728863507962926,0.007608139085077091,6.917883860740219e-08
195,Phe_451,Phlebitis and thrombophlebitis,circulatory system,-0.00011606051727744203,7.080693266950048,0.005588682539903801,7.441698552385308e-05
196,Phe_451.2,Phlebitis and thrombophlebitis of lower extremities,circulatory system,-0.00011065525175805764,2.494440307768677,0.0042443158940971195,0.0026236874868942944
197,Phe_454,Varicose veins,circulatory system,-0.00011396781176968594,3.4290149783343,0.0026198832679701386,0.06328688640855273
198,Phe_454.1,Varicose veins of lower extremity,circulatory system,-0.0001141047123211786,1.7730516473338334,0.0037175318830048325,0.008407008270309196
199,Phe_455,Hemorrhoids,circulatory system,-6.979769003599428e-05,1.3387061261748334,0.0024902998355765607,0.07751137578594963
200,Phe_458,Hypotension,circulatory system,-3.711769383852648e-05,6.591526201875779,0.00923657798836206,5.84257848842537e-11
201,Phe_458.1,Orthostatic hypotension,circulatory system,7.826334990831076e-06,3.1269919466497957,0.00416808006157311,0.003130169789214304
202,Phe_458.9,Hypotension NOS,circulatory system,-6.736467474151304e-05,2.9206795338583724,0.00597074856045308,2.3105983414800917e-05
203,Phe_459,Other disorders of circulatory system,circulatory system,-6.0394161666911735e-05,6.266820477645445,0.0029697041994596546,0.03527816124660297
204,Phe_459.9,Circulatory disease NEC,circulatory system,-4.996254632070274e-05,2.8643300579410425,0.012044097027672288,1.3649620053305565e-17
205,Phe_465,Acute upper respiratory infections of multiple or unspecified sites,respiratory,4.730515452542607e-05,3.266986535598422,0.003965553610448813,0.004937407607776542
206,Phe_470,Septal Deviations__Turbinate Hypertrophy,respiratory,1.0198201982139648e-05,1.6863821798999508,0.0021225466493208496,0.13242178696044357
207,Phe_471,Nasal polyps,respiratory,0.00015338947644156437,1.1967681627112186,0.0005098302612283291,0.7177963409578096
208,Phe_473,Diseases of the larynx and vocal cords,respiratory,1.2706399539543143e-05,2.3924110145031037,0.0025462509494061404,0.07107870464497743
209,Phe_473.4,Voice disturbance,respiratory,-1.163441957302773e-05,2.5700294080040913,0.002397411559942996,0.0892315244755069
210,Phe_474,Acute and chronic tonsillitis,respiratory,9.365059711486936e-05,0.0,-0.0009385125168974432,0.5058667078084821
211,Phe_474.2,Chronic tonsillitis and adenoiditis,respiratory,0.0001621234406979044,0.9205242814486435,-0.00011706186234204414,0.9338657540024159
212,Phe_475,Chronic sinusitis,respiratory,0.0001211812298927128,2.4986397022262,0.0035525532576693767,0.011791581369458284
213,Phe_476,Allergic rhinitis,respiratory,1.0470882177728342e-05,1.3088112725946761,0.0005397739024104451,0.7019928098470005
214,Phe_477,Epistaxis or throat hemorrhage,respiratory,-0.00012389056068240465,3.245317747352105,0.005295426518091465,0.00017416199121537433
215,Phe_479,Other upper respiratory disease,respiratory,-5.5802159981775484e-06,2.6618961959100793,0.0050083196198807646,0.0003848064736129057
216,Phe_480,Pneumonia,respiratory,7.008662620890382e-05,2.938929363072598,0.006222110358562444,1.0302004009641732e-05
217,Phe_480.1,Bacterial pneumonia,respiratory,5.929636355848655e-05,4.195793393674227,0.004930753736555509,0.00047352049696751906
218,Phe_480.11,Pneumococcal pneumonia,respiratory,5.608187062308843e-05,1.7845995789046447,0.003132552179860119,0.02637870457091699
219,Phe_495,Asthma,respiratory,0.00028641121380426285,1.9042852420377274,0.007193393956228724,3.409538566384358e-07
220,Phe_496,Chronic airway obstruction,respiratory,0.00011297549628841808,2.1015355694425133,0.004854467119543157,0.0005790839526624835
221,Phe_496.1,Emphysema,respiratory,7.91880149322333e-05,2.2921883909225684,0.0027007770227119384,0.055554461961224925
222,Phe_496.2,Chronic bronchitis,respiratory,0.00012737690595181382,2.712504385846536,0.0014680802489157535,0.2980219358215073
223,Phe_496.21,Obstructive chronic bronchitis,respiratory,0.00013624694740680074,3.433642528912349,0.006449116639129102,4.83877143843111e-06
224,Phe_496.3,Bronchiectasis,respiratory,0.0001329809691308862,2.8198707722400815,0.004059237881736338,0.004008392963502291
225,Phe_506,Empyema and pneumothorax,respiratory,-2.3674236783620527e-05,2.22926032177925,0.0020158848978595488,0.15300134224729636
226,Phe_507,Pleurisy; pleural effusion,respiratory,4.9133302324169224e-05,1.8449645513323387,0.003435633468911545,0.014873740627963636
227,Phe_508,Pulmonary collapse; interstitial and compensatory emphysema,respiratory,-2.7425460436307665e-05,2.8404455639676813,0.004374507502818417,0.0019287484554675973
228,Phe_509.1,Respiratory failure,respiratory,1.553759243302107e-05,2.8707775302173366,0.004135391023001337,0.0033734657703641847
229,Phe_509.2,Respiratory insufficiency,respiratory,3.9927100750198514e-05,4.254730959739216,0.006698334754479236,2.051038610141267e-06
230,Phe_512,Other symptoms of respiratory system,respiratory,1.084902085300556e-05,2.5648478971008575,0.0075343767688524,9.243504977948257e-08
231,Phe_512.7,Shortness of breath,respiratory,2.567268056370243e-05,2.852386899017994,0.007160168040965474,3.860257563271927e-07
232,Phe_512.8,Cough,respiratory,-3.7052690414792235e-05,2.469157000788921,0.003976754330174244,0.004816911777418141
233,Phe_514,Abnormal findings examination of lungs,respiratory,2.297465572327714e-06,2.499340976349755,0.0038010187612046854,0.007050416072365381
234,Phe_516,Abnormal sputum,respiratory,-1.4109996130168604e-05,9.493765350462876,0.003890805220361432,0.005813813999475332
235,Phe_516.1,Hemoptysis,respiratory,-1.2108837087986145e-05,0.8364001031965979,-0.00035810475023012036,0.7996105219620804
236,Phe_519,"Other diseases of respiratory system, not elsewhere classified",respiratory,-0.0023946434819916915,0.0,-0.00047815471942245363,0.7346462524642159
237,Phe_519.8,"Other diseases of respiratory system, NEC",respiratory,-0.00223194762454686,2.925777333820958,0.009115037322658642,1.0363716010625558e-10
238,Phe_520,Disorders of tooth development,digestive,-1.4189987208441556e-05,0.0,-0.00027979215185335726,0.8427810795728493
239,Phe_520.2,Disturbances in tooth eruption,digestive,-1.309151273644614e-05,0.4194410013063058,-0.001268896224149965,0.36839276335255755
240,Phe_521,Diseases of hard tissues of teeth,digestive,7.967511450577277e-06,0.0,-0.000216721755691417,0.877902708974021
241,Phe_521.1,Dental caries,digestive,7.713881146008545e-06,1.601886115796884,0.0016517473486388414,0.24164632147701084
242,Phe_522,Diseases of pulp and periapical tissues,digestive,5.2519535137500756e-05,0.0,-0.0011164937544524954,0.4286792490572663
243,Phe_522.5,Periapical abscess,digestive,7.496929295587086e-05,2.1984410546578776,0.0019791191126161574,0.16063244484125538
244,Phe_523,Gingival and periodontal diseases,digestive,1.4461075842359293e-05,1.8199779069556872,0.0008583648530204868,0.5428739864152028
245,Phe_523.3,Periodontitis (acute or chronic),digestive,1.289793829022614e-05,0.0,-0.00013122905902458246,0.9258837935795449
246,Phe_525,Other diseases of the teeth and supporting structures,digestive,-5.279062243593066e-05,1.3251714135021098,0.0008003365296580734,0.5704846092046629
247,Phe_528,"Diseases of the oral soft tissues, excluding lesions specific for gingiva and tongue",digestive,-4.953957458717543e-06,0.0,-0.0021111819837586238,0.13450676628785874
248,Phe_529,Diseases and other conditions of the tongue,digestive,2.165151894400135e-05,3.7610186458596457,0.004023765070544651,0.004339668546858241
249,Phe_530,Diseases of esophagus,digestive,-8.220373843488908e-05,2.8880012643859825,0.002219219163164175,0.11568433504667142
250,Phe_530.1,"Esophagitis, GERD and related diseases",digestive,-9.03942513749779e-05,2.1289837405419565,0.005190029467774038,0.00023405639123682962
251,Phe_530.11,GERD,digestive,-1.1835693328750331e-05,1.7184156109237996,0.0044820173148600075,0.0014870343373255648
252,Phe_530.12,Ulcer of esophagus,digestive,-0.0001765996635400973,1.1223330895121528,0.00040190020902294366,0.7757233123256818
253,Phe_530.14,Reflux esophagitis,digestive,-6.050765625020606e-05,1.1098677431384691,0.0005386955567390376,0.7025597521315214
254,Phe_530.2,Esophageal bleeding (varices__hemorrhage),digestive,-1.8852082289934973e-05,0.9763350398787609,-4.7923768438012524e-05,0.9728995434901623
255,Phe_530.3,Stricture and stenosis of esophagus,digestive,0.0,0.44496836549913443,-0.0011775862320841995,0.40385246956358767
256,Phe_530.9,Heartburn,digestive,0.0001082553470881427,1.703601683243422,0.0015260473961142926,0.2793520220468089
257,Phe_531,Peptic ulcer (excl. esophageal),digestive,-2.994332121721826e-05,2.4489371799617317,0.006053924070645135,1.774627349995547e-05
258,Phe_531.2,Gastric ulcer,digestive,1.160001624844738e-05,2.268775960859643,0.00396705216065876,0.004921129974338959
259,Phe_531.3,Duodenal ulcer,digestive,4.695443639922604e-06,2.6971686720042936,0.004393746074719452,0.001841771147689668
260,Phe_532,Dysphagia,digestive,2.48404688021201e-06,1.515684539668815,0.00206855707222389,0.14255347325755383
261,Phe_535,Gastritis and duodenitis,digestive,0.00012442106262008527,1.5394894509826593,0.003507018092471486,0.012917273284586736
262,Phe_535.1,Acute gastritis,digestive,2.2366108765057584e-05,2.2266590845309664,0.0020127977720815274,0.15363130360246985
263,Phe_535.6,Duodenitis,digestive,8.201298233350932e-05,2.684630223885364,0.007035394248381499,6.123828719054824e-07
264,Phe_535.8,Other specified gastritis,digestive,2.1896718912652707e-05,1.9928950528111937,0.004496400492466873,0.0014355908464727064
265,Phe_537,Other disorders of stomach and duodenum,digestive,4.351555053030624e-05,2.2176023654189865,0.0034795901261159444,0.013640308852690896
266,Phe_540,Appendiceal conditions,digestive,2.8458068108047516e-05,3.4290149783343,0.001851852727823526,0.1892734140618527
267,Phe_540.1,Appendicitis,digestive,2.1734290869935816e-05,3.4429352015210424,0.0026295574533174476,0.06231771415919178
268,Phe_540.11,Acute appendicitis,digestive,3.3124525361534295e-05,0.8207513270722745,-0.0003961042163240509,0.7788729822310347
269,Phe_550,Abdominal hernia,digestive,-0.00011313402393228252,2.241041497877907,0.0035277859251330685,0.012392577202063174
270,Phe_550.1,Inguinal hernia,digestive,-0.00011793299485371447,1.1311833855427966,0.0007753994824226476,0.5825521180013165
271,Phe_550.2,Diaphragmatic hernia,digestive,-9.484175386744973e-05,2.1269882396325186,0.009229432560676354,6.044014551051385e-11
272,Phe_550.4,Umbilical hernia,digestive,-0.00020251437200284912,2.3454361300922297,0.003941925908344703,0.0052005758299166075
273,Phe_550.5,Ventral hernia,digestive,-8.924767401953755e-05,2.305574106455543,0.0036583936422042006,0.00950462096428682
274,Phe_555,Inflammatory bowel disease and other gastroenteritis and colitis,digestive,-0.00012478032387063065,1.0261046595918901,8.182823846401731e-05,0.9537439133171625
275,Phe_555.1,Regional enteritis,digestive,-9.807734948933129e-05,1.0526806429143776,0.00010272243066559461,0.9419515267493915
276,Phe_555.2,Ulcerative colitis,digestive,-0.00011654090999194073,1.2261827055055665,0.0005789127910833363,0.6815299125598981
277,Phe_556,Ulceration of the lower GI tract,digestive,-5.658996712094563e-05,2.0787002564738972,0.001056501300991857,0.45390143133983596
278,Phe_557,Intestinal malabsorption (non-celiac),digestive,0.00015504217382120752,0.0,-0.0008284290682723592,0.5570344618329788
279,Phe_557.1,Celiac disease,digestive,0.00015574610029670368,4.097148331600725,0.006122697336644704,1.4231274743602938e-05
280,Phe_558,Noninfectious gastroenteritis,digestive,0.00022746106628126038,1.3066348281425477,0.0017712288365564724,0.20926856019854545
281,Phe_559,Ileostomy status,digestive,-8.361669810900822e-05,2.7358377569075816,0.003319376847960331,0.01862129286535136
282,Phe_560.4,Other intestinal obstruction,digestive,0.0002664835478616889,1.5314982627953757,0.0014920530687349996,0.2902020970608087
283,Phe_561,Symptoms involving digestive system,digestive,9.452962043157843e-05,1.7362121583085666,0.0043389362323535885,0.002099569022441464
284,Phe_561.2,Flatulence,digestive,-4.9358801811569875e-05,0.0,-0.0020499412343542496,0.14618161447403913
285,Phe_562,Diverticulosis and diverticulitis,digestive,0.00014860911421786857,1.3901749651114896,0.003269626830527144,0.02046236839153559
286,Phe_562.1,Diverticulosis,digestive,0.0001454140794182136,1.3901749651114896,0.003269626830527144,0.02046236839153559
287,Phe_563,Constipation,digestive,5.496444411727403e-05,2.5032156925494506,0.007834307986345162,2.7980813795806556e-08
288,Phe_564,Functional digestive disorders,digestive,4.7127182016507204e-05,0.0,-0.0013961339429049695,0.32232875203488387
289,Phe_564.1,Irritable Bowel Syndrome,digestive,1.0647786866323104e-05,1.6868141425484908,0.0024958437222374944,0.07685354032827417
290,Phe_564.8,Abnormal findings on exam of gastrointestinal tract__ abdominal area,digestive,0.00039220728744879295,0.9641262273300684,-7.31086998051714e-05,0.9586682432596842
291,Phe_564.9,Personal history of diseases of digestive system,digestive,8.552518245034309e-05,1.7620747273765722,0.004768595507073183,0.0007239276148037087
292,Phe_565,Anal and rectal conditions,digestive,-2.5416050989886204e-06,1.7358547596275289,0.0031902386697731117,0.023729342995910653
293,Phe_565.1,Anal and rectal polyp,digestive,2.0257137507642235e-05,1.270662864485815,0.001136376853483102,0.4205032954371176
294,Phe_568,Other disorders of peritoneum,digestive,-7.72741820944521e-05,3.573495946522543,0.0019219022660120707,0.1730754652563372
295,Phe_568.1,Peritoneal adhesions (postoperative) (postinfection),digestive,-6.175829242447298e-05,1.2749694898396726,0.0007723014428433495,0.5840595999237544
296,Phe_569,Other disorders of intestine,digestive,3.973384610899528e-05,1.8680830498708154,0.0025490352483910324,0.0707703840580787
297,Phe_571,Chronic liver disease and cirrhosis,digestive,-8.757999212277929e-05,3.608246312290996,0.007286326575581033,2.4023744232353077e-07
298,Phe_571.5,Other chronic nonalcoholic liver disease,digestive,-7.212668152514634e-05,4.864028545909725,0.00822405460046086,5.545463859767571e-09
299,Phe_572,Ascites (non malignant),digestive,-3.921458484805727e-05,1.5389087382605144,0.0010644966993270473,0.4504924080493087
300,Phe_573,Other disorders of liver,digestive,2.471886491187931e-05,2.494440307768677,0.0029935210564509224,0.03383485607071727
301,Phe_573.7,Abnormal results of function study of liver,digestive,8.080647463135232e-06,4.363806929459917,0.009960531588802403,1.6538228828051106e-12
302,Phe_574,Cholelithiasis and cholecystitis,digestive,1.3817693789246842e-05,1.8820689670827058,0.0053321441130777854,0.00015692553546270112
303,Phe_574.1,Cholelithiasis,digestive,1.464987202302159e-05,2.1415194946855736,0.005108476359071879,0.0002931374211483794
304,Phe_574.11,Cholelithiasis with acute cholecystitis,digestive,-2.2332449427906918e-07,3.418265715079334,0.00453152514808394,0.0013167801660215557
305,Phe_574.12,Cholelithiasis with other cholecystitis,digestive,-4.995915584033446e-07,1.5158852128502882,0.0017874355553079287,0.20513104951770988
306,Phe_574.2,Calculus of bile duct,digestive,-3.549389244359629e-06,2.0787002564738977,0.002595814431167925,0.0657522747839294
307,Phe_574.3,Cholecystitis without cholelithiasis,digestive,-5.608076632512206e-06,1.6500188806251952,0.0016030215595371313,0.2558137912704958
308,Phe_575,Other biliary tract disease,digestive,-1.5200709910231803e-06,1.7379297226257175,0.00224744911271649,0.11112419098271295
309,Phe_575.7,Other disorders of gallbladder,digestive,1.2381040817298542e-05,0.6251422884334277,-0.0006704381886261219,0.6346042843626827
310,Phe_575.8,Other disorders of biliary tract,digestive,-4.661505524241105e-07,1.5902056962025315,0.0009355883751073034,0.5071931737887125
311,Phe_577,Diseases of pancreas,digestive,2.368928297848702e-06,1.4041551401346857,0.00048176249445187436,0.7327204472312198
312,Phe_577.1,Acute pancreatitis,digestive,3.189946903931574e-06,1.4448206211948045,0.0007398706941834027,0.5999480300653688
313,Phe_578.1,Hematemesis,digestive,9.558161776993713e-06,3.2643518690374553,0.004692206074949087,0.0008803819634545123
314,Phe_578.2,Blood in stool,digestive,-4.75621739952426e-05,2.314830231020062,0.0032391308402081476,0.02166776321330991
315,Phe_578.9,Hemorrhage of gastrointestinal tract,digestive,2.797034098878585e-05,1.5389651519391048,0.0020521473443319343,0.14574799862259707
316,Phe_579,Other symptoms involving abdomen and pelvis,digestive,-1.2100635051681295e-05,2.3558602906704174,0.0021627312138093662,0.1252497516000505
317,Phe_579.8,Nonspecific abnormal findings in stool contents,digestive,-2.114080881418619e-05,1.3251714135021098,0.0006924455593767351,0.6235277427645685
318,Phe_580,Nephritis; nephrosis; renal sclerosis,genitourinary,0.00011234885866892693,3.5142667319392964,0.004646337980101668,0.0009888273080062998
319,Phe_580.1,Glomerulonephritis,genitourinary,4.870221338418635e-05,5.700513324699142,0.006814655234865664,1.3599324646530043e-06
320,Phe_585,Renal failure,genitourinary,2.0778433376762756e-05,3.355875753216075,0.01088164563970744,1.2198686972065586e-14
321,Phe_585.1,Acute renal failure,genitourinary,3.050325385046875e-05,2.99589169911845,0.007704789409594891,4.713129221285428e-08
322,Phe_585.2,Renal failure NOS,genitourinary,5.278318064426166e-06,4.337628786524198,0.005995845106116695,2.134486002498771e-05
323,Phe_585.3,Chronic renal failure [CKD],genitourinary,1.0121715963521612e-05,2.6409893231513917,0.004528085370433731,0.0013280013087189123
324,Phe_586,Other disorders of the kidney and ureters,genitourinary,1.1156293021519412e-05,0.7383427492524813,-0.0004304772155244707,0.7602487387354944
325,Phe_586.2,"Cyst of kidney, acquired",genitourinary,2.9885630314693434e-05,2.957146808372909,0.003599183867133082,0.01072983400922025
326,Phe_590,Pyelonephritis,genitourinary,-0.00010038253809429892,2.9919204067780467,0.003641691780691322,0.009836926426517147
327,Phe_591,Urinary tract infection,genitourinary,-5.428099877781475e-05,2.9631697063738196,0.010753309525362019,2.4791783456757468e-14
328,Phe_592,Cystitis and urethritis,genitourinary,6.305351997232114e-06,1.7543064449028158,0.0019772412462793812,0.16102979912649082
329,Phe_592.1,Cystitis,genitourinary,3.3086708115324024e-06,1.3557703981833307,0.0007489585667745063,0.5954760127065892
330,Phe_593,Hematuria,genitourinary,-9.852316684520343e-05,1.1734211658553018,0.0010329248684552584,0.4640380281074419
331,Phe_594,Urinary calculus,genitourinary,-0.0026699892687692866,5.739088226896355,0.004838626412097453,0.0006035878011540893
332,Phe_594.1,Calculus of kidney,genitourinary,-0.0012409222549097472,1.1315673177336227,0.000350663382195115,0.8036886206434013
333,Phe_594.3,Calculus of ureter,genitourinary,-0.0013065933750386572,2.2908125275426627,0.0029579391607321283,0.036010303390249396
334,Phe_594.8,Renal colic,genitourinary,-0.0003562904351126519,0.5144215758034878,-0.0009577929870626269,0.49716649905639365
335,Phe_595,Hydronephrosis,genitourinary,-9.314950613551544e-05,1.6548482041782444,0.0014412024780982213,0.3069552716867775
336,Phe_596,Other disorders of bladder,genitourinary,-5.5358543860301427e-05,2.2762149526582993,0.005259355416366648,0.00019281661120050162
337,Phe_596.1,Bladder neck obstruction,genitourinary,-7.240470956132516e-05,2.9527997453664034,0.003938554324325105,0.005239144987470498
338,Phe_596.5,Functional disorders of bladder,genitourinary,-2.976959720582134e-05,4.232486643885066,0.0058789482162302275,3.079987916165179e-05
339,Phe_597,Other disorders of urethra and urinary tract,genitourinary,0.00025812543569734127,3.530521434677221,0.003295485621937142,0.01948651120702722
340,Phe_597.1,Urethral stricture (not specified as infectious),genitourinary,0.00024464484249952606,1.5998715870409037,0.001647264953212429,0.242926075708286
341,Phe_598,Abnormal findings on examination of urine,genitourinary,-9.479519288624921e-05,2.2201824728831157,0.0032837189377765857,0.01992540342040827
342,Phe_599,Other symptoms__disorders or the urinary system,genitourinary,-0.00011074286730557911,2.449086847627428,0.005596385364233108,7.273302435009297e-05
343,Phe_599.2,Retention of urine,genitourinary,0.00019195067789970407,3.7420043958805778,0.011440482103277581,5.056691494510393e-16
344,Phe_599.3,Dysuria,genitourinary,-9.107428402775881e-06,3.67465209983254,0.004410563307558886,0.0017687082702016982
345,Phe_599.4,Urinary incontinence,genitourinary,-1.894940789765223e-05,2.1102505713892765,0.0048825113807577855,0.0005379598982419782
346,Phe_599.5,Frequency of urination and polyuria,genitourinary,0.00010201712139331009,3.717741171030576,0.008000331196911866,1.4170276885187795e-08
347,Phe_599.9,Other abnormality of urination,genitourinary,-1.4692708684297372e-05,1.5370494043036953,0.0010614686082788614,0.45178179576307453
348,Phe_611.3,Lump or mass in breast,genitourinary,5.851763077518969e-06,0.621477555916964,-0.0006789938666990102,0.6302882130820857
349,Phe_613,Other nonmalignant breast conditions,genitourinary,-6.0344636942351926e-05,0.0,-0.00016786994560571769,0.9052764184558572
350,Phe_681,Superficial cellulitis and abscess,dermatologic,-0.0002262613954477115,10.2870449350029,0.010016806751346554,1.2400709199958502e-12
351,Phe_681.3,Cellulitis and abscess of arm__hand,dermatologic,-0.0002046549066628218,4.35619513207004,0.012106976768248701,9.272270428019198e-18
352,Phe_686,Other local infections of skin and subcutaneous tissue,dermatologic,-2.5080825899053317e-05,3.083287825889543,0.0037516397335679466,0.007826843351693922
353,Phe_686.1,Carbuncle and furuncle,dermatologic,-3.0976900287348865e-05,3.346822862513367,0.005449656592996313,0.00011193462335761255
354,Phe_687,Symptoms affecting skin,dermatologic,0.0001292135727641458,0.0,-0.0007561938404235947,0.5919265448564845
355,Phe_687.1,Rash and other nonspecific skin eruption,dermatologic,6.404217317308199e-05,3.8632388611054522,0.006522439350096889,3.7706850491001176e-06
356,Phe_687.4,Disturbance of skin sensation,dermatologic,1.5737116453311274e-05,6.132391212157269,0.013134717510630556,1.2632144619282084e-20
357,Phe_689,Disorder of skin and subcutaneous tissue NOS,dermatologic,1.0467944091363422e-05,1.3667758162418797,0.001339443288053252,0.3423678508448389
358,Phe_695,Erythematous conditions,dermatologic,0.0001234728428325454,3.8140665376348535,0.00676906113059979,1.5988453706706414e-06
359,Phe_696,Psoriasis and related disorders,dermatologic,-4.82660458167891e-05,3.9902509628121696,0.007031131683245182,6.22029992225431e-07
360,Phe_696.4,Psoriasis,dermatologic,-4.4578617268473944e-05,4.758720287887876,0.007312383144665554,2.1761033065964658e-07
361,Phe_696.41,Psoriasis vulgaris,dermatologic,-5.360980107788958e-05,4.351760172047977,0.0068202799021437185,1.33295611577866e-06
362,Phe_701,Other hypertrophic and atrophic conditions of skin,dermatologic,-3.4517189298304444e-05,3.2647507877554114,0.004342944385588497,0.0020796500909022356
363,Phe_701.2,Scar conditions and fibrosis of skin,dermatologic,-3.4626084453704084e-05,2.3801020710234337,0.003102272097486052,0.02786898879548334
364,Phe_702,Degenerative skin conditions and other dermatoses,dermatologic,-1.4223730187573687e-05,0.0,-0.00013122905902458246,0.9258837935795449
365,Phe_702.1,Actinic keratosis,dermatologic,-4.8615202742863664e-05,0.991039644478337,-2.2085714802139526e-05,0.9875088364917904
366,Phe_702.2,Seborrheic keratosis,dermatologic,4.096901747173808e-05,1.7759393535998491,0.0020214136034821697,0.15187806367525697
367,Phe_703,"Diseases of nail, NOS",dermatologic,-0.00013598772460536875,2.499340976349755,0.0013390854324244828,0.3424968247830644
368,Phe_704,Diseases of hair and hair follicles,dermatologic,-9.348632841363871e-05,1.3403299064922003,0.0011049282125641215,0.43347724237900465
369,Phe_706,Diseases of sebaceous glands,dermatologic,-0.0001068833763766723,1.7506349799081795,0.003240223468577389,0.021623530822020308
370,Phe_706.2,Sebaceous cyst,dermatologic,-0.0001061769157791551,1.7672020239097417,0.0032958117116147004,0.019474469432150636
371,Phe_707,Chronic ulcer of skin,dermatologic,0.00012029428902898073,8.240228819385315,0.012859495098745847,7.784766538220415e-20
372,Phe_709,Diffuse diseases of connective tissue,dermatologic,0.00013752433600362827,2.5316707601234336,0.0038579048610573865,0.006242216258662168
373,Phe_709.7,Unspecified diffuse connective tissue disease,dermatologic,0.00019878882813027793,1.329788735500375,0.0007010507390029267,0.6192195312481752
374,Phe_714,Rheumatoid arthritis and other inflammatory polyarthropathies,musculoskeletal,0.00033308314270869433,4.164204769106466,0.003096551421755934,0.02815854907599756
375,Phe_714.1,Rheumatoid arthritis,musculoskeletal,0.0003198688499448314,6.346543062918561,0.013448051721308722,1.5220472503508726e-21
376,Phe_715,Other inflammatory spondylopathies,musculoskeletal,-2.6397637920061398e-05,4.738043042689108,0.003429197804732737,0.01506234026769642
377,Phe_716,Other arthropathies,musculoskeletal,0.0029331300891244504,0.0,-0.0003897236007306654,0.7823445514563667
378,Phe_716.2,Unspecified monoarthritis,musculoskeletal,0.0012126023078766208,5.609952252546245,0.02869276044089055,5.2746953431521404e-92
379,Phe_716.9,Arthropathy NOS,musculoskeletal,0.00418871809032372,5.133568673794327,0.03335409026174634,1.1683287416417567e-123
380,Phe_717,Polymyalgia Rheumatica,musculoskeletal,0.0001690662258659472,0.6487325634686514,-0.0006166726260661277,0.6620074276403991
381,Phe_720,Spinal stenosis,musculoskeletal,0.02552299333274626,17.053144195201412,0.021271012400424887,2.1868547362754723e-51
382,Phe_721,Spondylosis and allied disorders,musculoskeletal,0.00020142796219928084,10.813784940782245,0.015784293257583213,4.575994640636011e-29
383,Phe_721.1,Spondylosis without myelopathy,musculoskeletal,0.00017704985594960748,16.612458132150156,0.023597248309174496,7.949463259502817e-63
384,Phe_722,Intervertebral disc disorders,musculoskeletal,0.0008442919301081484,5.30391975141784,0.01705492758978224,1.1830944713594478e-33
385,Phe_722.6,Degeneration of intervertebral disc,musculoskeletal,0.00022205999791159308,4.4080545979280155,0.00891062256637029,2.6731992882817056e-10
386,Phe_722.9,Other and unspecified disc disorder,musculoskeletal,0.0001832226439360214,6.149966780893768,0.01559786127302986,2.0143150590530963e-28
387,Phe_724,Other and unspecified disorders of back,musculoskeletal,8.01000011773599e-05,8.737393935178746,0.008266166246988314,4.635050078763014e-09
388,Phe_726,Peripheral enthesopathies and allied syndromes,musculoskeletal,0.0008393290579865601,1.9977788728224217,0.004395722492862949,0.0018330430057731152
389,Phe_726.1,Enthesopathy,musculoskeletal,0.0009133612163165178,4.650007518594061,0.014474949324525655,1.051116148981504e-24
390,Phe_727,"Other disorders of synovium, tendon, and bursa",musculoskeletal,-0.00012207240413206042,5.840082128364308,0.006932421691736504,8.91123782656357e-07
391,Phe_727.1,Synovitis and tenosynovitis,musculoskeletal,-4.594451839987109e-06,3.712181374269114,0.006303629521116057,7.876112538639005e-06
392,Phe_727.4,"Ganglion and cyst of synovium, tendon, and bursa",musculoskeletal,-0.00011608902265741531,1.9006442584094003,0.0022673651103887332,0.10799329192312462
393,Phe_728,"Disorders of muscle, ligament, and fascia",musculoskeletal,0.00022403588941384778,49.56485286865034,0.016862797903617593,6.153913086126358e-33
394,Phe_728.7,Fasciitis,musculoskeletal,0.00020324434668613853,7.16712426457479,0.00459916779685521,0.0011131475430088541
395,Phe_728.71,Contracture of palmar fascia [Dupuytren's disease],musculoskeletal,0.00016630894151633473,1.7902681634703426,0.0018704315465616684,0.18487227556647604
396,Phe_729,Other disorders of soft tissues,musculoskeletal,-0.0002374701199488783,3.973031096071285,0.00471429744068969,0.0008321843613188761
397,Phe_729.1,"Rheumatism, unspecified and fibrositis",musculoskeletal,-7.238850045401327e-05,2.706733099919203,0.0014646931643121058,0.29913803404657563
398,Phe_733,Other disorders of bone and cartilage,musculoskeletal,8.256469954859467e-07,8.488170521848376,0.01027147889903713,3.30428633062797e-13
399,Phe_733.8,Malunion and nonunion of fracture,musculoskeletal,-5.5215774806718355e-06,28.782003551177045,0.016344970445769946,4.779608183383644e-31
400,Phe_735,Acquired foot deformities,musculoskeletal,-9.964291414373532e-05,74.468169188021,0.04162877884274736,1.487051217464414e-191
401,Phe_735.2,Acquired toe deformities,musculoskeletal,-0.00019869628017093934,17.20303660530122,0.03497086967905149,9.532545228229256e-136
402,Phe_735.21,Hammer toe (acquired),musculoskeletal,-1.9015025128598126e-05,9.916650221307547,0.018361017043617364,9.826917339381755e-39
403,Phe_735.23,Hallux rigidus,musculoskeletal,0.0013624886614445524,4.331299561641137,0.005988863882000924,2.1821489838284765e-05
404,Phe_735.3,Hallux valgus (Bunion),musculoskeletal,-0.00010481742267943175,7.365834201316704,0.024085887037203213,2.2265949711466065e-65
405,Phe_736,Other acquired deformities of limbs,musculoskeletal,0.6247813002537712,1272.1645569620255,1.0,0.0
406,Phe_737,Curvature of spine,musculoskeletal,0.0005931713447301541,0.0,-0.00023740820602579984,0.8663531482942566
407,Phe_737.3,Kyphoscoliosis and scoliosis,musculoskeletal,0.000530158602911341,3.553532282016831,0.002705430662217182,0.05513469446004754
408,Phe_738,Other acquired musculoskeletal deformity,musculoskeletal,0.0019375398982126339,2.601563511169786,0.001401970670067262,0.3203099252507289
409,Phe_738.4,Acquired spondylolisthesis,musculoskeletal,0.0019374183725467168,15.78367936677451,0.011747303647951568,8.246518250365477e-17
410,Phe_740,Osteoarthrosis,musculoskeletal,-0.0009190261429593186,3.535114448907839,0.01855207085368441,1.6526248031397152e-39
411,Phe_740.1,Osteoarthritis; localized,musculoskeletal,-0.0010811846592043183,3.696056323373231,0.012853980648432257,8.07053878374042e-20
412,Phe_740.11,"Osteoarthrosis, localized, primary",musculoskeletal,-8.231176124591389e-05,3.2569497106042635,0.009781404434161072,4.092487899056793e-12
413,Phe_740.9,Osteoarthrosis NOS,musculoskeletal,6.266580118712978e-05,3.9005045378552663,0.010658500854692948,4.164534747971407e-14
414,Phe_741,Symptoms and disorders of the joints,musculoskeletal,0.00020415028510552307,7.117004514472869,0.0064763443635164845,4.412098473442091e-06
415,Phe_741.4,Joint effusions,musculoskeletal,0.00016694627610437497,13.606038042374601,0.009649504429096662,7.894861441925496e-12
416,Phe_742,"Derangement of joint, non-traumatic",musculoskeletal,1.3460066225383013e-05,0.0,-0.00027979215185335726,0.8427810795728493
417,Phe_742.9,Other derangement of joint,musculoskeletal,1.419481408913104e-05,14.178125761481539,0.01639713884216612,3.1016648806596483e-31
418,Phe_743,"Osteoporosis, osteopenia and pathological fracture",musculoskeletal,0.00013715122582642423,5.688375534164279,0.014771712218086094,1.163397844935887e-25
419,Phe_743.1,Osteoporosis,musculoskeletal,0.0001319521834514386,4.530346904562071,0.01079009338465041,2.0248452784511937e-14
420,Phe_743.11,Osteoporosis NOS,musculoskeletal,0.00013151879814626694,4.534191394467503,0.010797208912818637,1.9469360279038444e-14
421,Phe_745,Pain in joint,musculoskeletal,0.0006497758282776991,12.87615948342131,0.02341118560697694,7.222271609392929e-62
422,Phe_747,Cardiac and circulatory congenital anomalies,congenital anomalies,8.794024846852841e-05,0.0,-0.00024710303290668176,0.8609500286335064
423,Phe_747.1,Cardiac congenital anomalies,congenital anomalies,7.558211656997697e-05,8.481097046413502,0.005128430946107174,0.00027751108704764137
424,Phe_747.13,Congenital anomalies of great vessels,congenital anomalies,7.205456990949947e-05,1.7516895792936666,0.0016076795798265287,0.25443499506616435
425,Phe_751,Genitourinary congenital anomalies,congenital anomalies,0.0,2.353680956451481,0.0024957975979942224,0.07685899457995674
426,Phe_939,Atopic__contact dermatitis due to other or unspecified,dermatologic,2.0007483357331316e-05,2.9898109446816106,0.004609050678412631,0.0010859618548669063
