,PheCode,description,category,f_score,RR,phi,pval
0,Phe_112,Candidiasis,infectious diseases,2.5692093563991e-05,2.1467685268370222,0.007114071360468119,4.581819401123689e-07
1,Phe_153,Colorectal cancer,neoplasms,-7.581430531673118e-05,0.0,-0.0006290617535629492,0.6556509655336129
2,Phe_153.2,Colon cancer,neoplasms,-6.695766088563519e-05,0.8898626239491884,-0.0007601386087707594,0.5899954281100703
3,Phe_153.3,"Malignant neoplasm of rectum, rectosigmoid junction, and anus",neoplasms,-7.3234831256389e-05,1.0722897479450653,0.00040834214643169746,0.7722269474516766
4,Phe_158,Neoplasm of unspecified nature of digestive system,neoplasms,-2.4682709954571157e-05,1.0656627897113018,0.0002703386517669216,0.8480272832673703
5,Phe_159,Malignant neoplasm of other and ill-defined sites within the digestive organs and peritoneum,neoplasms,-5.503868196958418e-05,1.1649313837949902,0.0014930767636289939,0.28987127482075814
6,Phe_165,Cancer within the respiratory system,neoplasms,0.00014362507369577912,1.7463992819850713,0.0032010686464409143,0.02325856783661045
7,Phe_165.1,Cancer of bronchus; lung,neoplasms,0.00014078857556860998,1.703031535424398,0.004459812198724553,0.0015697977805172849
8,Phe_172,Skin cancer,neoplasms,-0.00011380755208292967,1.451440358746576,0.006665794852191464,2.298190088182738e-06
9,Phe_172.2,Other non-epithelial cancer of skin,neoplasms,-0.00011660398984441713,1.4025966993576218,0.005353246773431398,0.0001477594129425298
10,Phe_174,Breast cancer,neoplasms,-3.8141761701254106e-05,1.3534861706686294,0.004990200331247418,0.0004040170561165611
11,Phe_189,Cancer of urinary organs (incl. kidney and bladder),neoplasms,-4.3087567534850935e-06,1.5514201914171042,0.003666317073803864,0.00935050405330064
12,Phe_189.11,"Malignant neoplasm of kidney, except pelvis",neoplasms,-8.732198239699621e-07,1.396141963303364,0.0015751209799342385,0.2641811459567429
13,Phe_189.2,Cancer of bladder,neoplasms,-3.707796073863571e-07,1.3606038042374602,0.0012381661876813635,0.3801042172150789
14,Phe_189.21,Malignant neoplasm of bladder,neoplasms,-4.162469149792856e-06,1.3783745839980968,0.0021445564169362726,0.1284551237406784
15,Phe_195,"Cancer, suspected or other",neoplasms,-5.2081848571322684e-05,1.4137256152341369,0.001478291222176831,0.29467411079202926
16,Phe_195.1,"Malignant neoplasm, other",neoplasms,-5.3298229340511693e-05,1.8669675393657512,0.013997743358393124,3.302546894392083e-23
17,Phe_197,Chemotherapy,neoplasms,6.501595338209445e-05,1.8453372386043077,0.014874099507038092,5.388879525401261e-26
18,Phe_198,Secondary malignant neoplasm,neoplasms,-3.4365667518367506e-05,1.1516022685557687,0.0006639234340642585,0.6378991353518242
19,Phe_198.1,Secondary malignancy of lymph nodes,neoplasms,-3.675788821860248e-05,1.030318937549784,0.0002857511364299309,0.8394777175189241
20,Phe_198.2,Secondary malignancy of respiratory organs,neoplasms,-1.1379157339735808e-05,1.4750972456217706,0.002990611660704167,0.03400841413923715
21,Phe_198.3,Secondary malignant neoplasm of digestive systems,neoplasms,-1.9826934777005055e-05,1.190190206490025,0.0009888333584709818,0.4833288922957918
22,Phe_198.4,Secondary malignant neoplasm of liver,neoplasms,1.331148763701023e-07,1.3899829901659682,0.0026581454082265405,0.05952524806303697
23,Phe_198.6,Secondary malignancy of bone,neoplasms,-6.577208133685249e-06,2.3135618368849453,0.00813154200716573,8.19804987314885e-09
24,Phe_199,Neoplasm of uncertain behavior,neoplasms,-1.3387970661791171e-05,2.6078239581217986,0.0067650511496083225,1.6216883982637755e-06
25,Phe_202,"Cancer of other lymphoid, histiocytic tissue",neoplasms,3.025806200865447e-05,1.2999399403542615,0.0012912325707983543,0.3600227612269321
26,Phe_202.2,Non-Hodgkins lymphoma,neoplasms,1.4991664222023084e-05,1.6751071812301437,0.0032228550087061887,0.022336034725911922
27,Phe_204,Leukemia,neoplasms,2.06770922015836e-06,1.7007547552968252,0.0018629441881570193,0.18663675979979916
28,Phe_208,Benign neoplasm of colon,neoplasms,-6.89804813430974e-05,1.5799904502530113,0.0108618153177493,1.361868741180352e-14
29,Phe_211,Benign neoplasm of other parts of digestive system,neoplasms,-4.683990604499726e-06,2.077472435885313,0.010339159067949936,2.3125780636836393e-13
30,Phe_214,Lipoma,neoplasms,0.00017398106907381256,1.168812326951352,0.0008857168131965525,0.5300944521237686
31,Phe_214.1,Lipoma of skin and subcutaneous tissue,neoplasms,0.0001634994983833359,1.754425491843852,0.00643776931421979,5.028018496320413e-06
32,Phe_215,Other benign neoplasm of connective and other soft tissue,neoplasms,-6.642111499022295e-06,1.1247476337634315,0.000499882012923108,0.7230740247700613
33,Phe_216,Benign neoplasm of skin,neoplasms,-2.1084331327181945e-05,2.1083376630162984,0.012551743310758492,5.688440070315854e-19
34,Phe_228,"Hemangioma and lymphangioma, any site",neoplasms,-2.8617805288670596e-05,1.563367880913516,0.0027097184603952287,0.05475027016976784
35,Phe_229,Benign neoplasm of unspecified sites,neoplasms,2.656820872371075e-05,1.4158965221786664,0.0023781776718003835,0.09182836317798265
36,Phe_241,Nontoxic nodular goiter,endocrine/metabolic,-5.702710465100911e-07,0.0,-0.00045077668030211847,0.7493140823446722
37,Phe_242,Thyrotoxicosis with or without goiter,endocrine/metabolic,6.826476220471049e-05,3.9841754915749705,0.014373517970432488,2.2080415933068173e-24
38,Phe_244,Hypothyroidism,endocrine/metabolic,0.00010831957552674389,2.5394343116803286,0.024120975797271824,1.453222922048453e-65
39,Phe_244.1,Secondary hypothyroidism,endocrine/metabolic,5.431185409345741e-05,4.3213543359936235,0.01449636804650183,8.980399922768474e-25
40,Phe_244.4,Hypothyroidism NOS,endocrine/metabolic,0.00010842959855092135,2.4953943414476054,0.02284621325123316,5.277349640405651e-59
41,Phe_250.1,Type 1 diabetes,endocrine/metabolic,0.00010809338919510125,2.921650542675442,0.012365057605335213,1.857775478953741e-18
42,Phe_250.2,Type 2 diabetes,endocrine/metabolic,9.655387267998524e-05,2.045751355939901,0.01928378957433591,1.511971585874568e-42
43,Phe_250.23,Type 2 diabetes with ophthalmic manifestations,endocrine/metabolic,0.00011456989726411071,4.261198948882103,0.01615085353794759,2.3604618743702853e-30
44,Phe_250.7,Diabetic retinopathy,endocrine/metabolic,0.00011137780767718612,4.275722390418496,0.016350774203106475,4.555425261993771e-31
45,Phe_260,Protein-calorie malnutrition,endocrine/metabolic,9.521543268342446e-07,0.5567947115555083,-0.0008404197434728963,0.5513409805947729
46,Phe_261,Vitamin deficiency,endocrine/metabolic,4.3836329228019865e-05,5.196750641184744,0.0026040924768138737,0.06489556550303933
47,Phe_272,Disorders of lipoid metabolism,endocrine/metabolic,5.252685649986688e-05,2.143819149842118,0.029021223144523968,4.436409324383196e-94
48,Phe_272.1,Hyperlipidemia,endocrine/metabolic,5.1948531076275395e-05,2.5307300212813915,0.014123264402443736,1.3483755086610892e-23
49,Phe_272.11,Hypercholesterolemia,endocrine/metabolic,5.310150698617266e-05,2.176736812933809,0.0286266183620292,1.3715837666395066e-91
50,Phe_274,Gout and other crystal arthropathies,endocrine/metabolic,-8.901720315764035e-06,2.2552474015442834,0.007871096230698022,2.4092997841671968e-08
51,Phe_274.1,Gout,endocrine/metabolic,-6.823472726162427e-06,2.2666163094822553,0.007455512341641996,1.256408440218478e-07
52,Phe_275,Disorders of mineral metabolism,endocrine/metabolic,-3.9680256986467865e-05,0.0,-0.00041365981685500066,0.7693442559738675
53,Phe_275.5,Disorders of calcium__phosphorus metabolism,endocrine/metabolic,-7.333566238162382e-05,1.7940833327052284,0.0035644068731189725,0.011513201880792578
54,Phe_276,"Disorders of fluid, electrolyte, and acid-base balance",endocrine/metabolic,5.262098335869916e-05,1.9242022644386754,0.011179675510944214,2.277241797111066e-15
55,Phe_276.1,Electrolyte imbalance,endocrine/metabolic,3.150935428406948e-05,3.118050384710846,0.003394079991559446,0.016129043798327185
56,Phe_276.12,Hyposmolality and__or hyponatremia,endocrine/metabolic,2.2655563942503477e-05,2.0288684010104823,0.006320301462270973,7.452325039939824e-06
57,Phe_276.14,Hypopotassemia,endocrine/metabolic,8.392420375675403e-06,1.7830493402305427,0.004241014932534844,0.0026439647419987016
58,Phe_276.5,Hypovolemia,endocrine/metabolic,0.00017789713986774588,1.943719720339229,0.006938972274690705,8.702436324339065e-07
59,Phe_277,Other disorders of metabolism,endocrine/metabolic,-4.67796550563565e-05,2.732952528431818,0.006965099838121702,7.915522951146189e-07
60,Phe_278,"Overweight, obesity and other hyperalimentation",endocrine/metabolic,4.9325603448360996e-05,46.770755770662696,0.009466648188298827,1.93544153620857e-11
61,Phe_278.1,Obesity,endocrine/metabolic,4.86015482266385e-05,1.900556889873243,0.01315645681242304,1.09244019248645e-20
62,Phe_280,Iron deficiency anemias,hematopoietic,0.00014508836247739172,1.613892786345487,0.0073624707101505905,1.7976013934779953e-07
63,Phe_280.1,"Iron deficiency anemias, unspecified or not due to blood loss",hematopoietic,0.00013901511733920867,1.6408174564735758,0.007515929764538606,9.9342084949466e-08
64,Phe_281,Other deficiency anemia,hematopoietic,0.00012816936002259325,0.0,-0.00031024270170703234,0.8259311050795968
65,Phe_281.1,Megaloblastic anemia,hematopoietic,0.0004763868954719175,0.0,-0.00041365981685500066,0.7693442559738675
66,Phe_285,Other anemias,hematopoietic,6.167688869401859e-05,1.7016923268267574,0.00995464129942267,1.7042679235878712e-12
67,Phe_287,Purpura and other hemorrhagic conditions,hematopoietic,4.605697651632566e-05,4.955841671063596,0.005027696644926194,0.0003652090690161753
68,Phe_287.3,Thrombocytopenia,hematopoietic,3.944807634896843e-05,2.3119503594000346,0.0061145955580466285,1.4607918310445655e-05
69,Phe_288,Diseases of white blood cells,hematopoietic,2.745008293529969e-05,2.2466301898571603,0.003905332346727715,0.005633235016397891
70,Phe_289,Other diseases of blood and blood-forming organs,hematopoietic,-9.738640133934094e-06,2.2420069344125926,0.003522452869540996,0.012525482746833285
71,Phe_289.4,Lymphadenitis,hematopoietic,-8.42908714361841e-06,1.7015909179100488,0.004646392753955866,0.0009886907340125694
72,Phe_290,Delirium dementia and amnestic and other cognitive disorders,mental disorders,0.001704871515542068,3.9636233703951436,0.008160602667580915,7.253983635893352e-09
73,Phe_292,Neurological disorders,mental disorders,0.00040108464096583364,2.909185765639306,0.005713330103935215,5.12034459966373e-05
74,Phe_292.1,Aphasia__speech disturbance,mental disorders,0.0001200795121830495,3.4156236579405124,0.01229300796203577,2.919821058841595e-18
75,Phe_292.4,Altered mental status,mental disorders,0.0005439008473875256,2.594975195859851,0.010234729260505374,4.006998033901215e-13
76,Phe_293,Symptoms involving head and neck,mental disorders,5.174699831197644e-07,1.7279426643513038,0.00400527802532916,0.00452198166475663
77,Phe_296,Mood disorders,mental disorders,7.217148865608283e-05,0.0,-0.001104277246944906,0.43374821705276934
78,Phe_296.1,Bipolar,mental disorders,6.479306656832834e-05,1.283788679918377,0.0011768796943363224,0.40413458188622786
79,Phe_296.2,Depression,mental disorders,5.028249995715009e-05,1.002230480799915,5.461488958332085e-06,0.9969109911687338
80,Phe_300,Anxiety disorders,mental disorders,-4.4534597383501665e-05,1.4502559928887657,0.0010582392757405676,0.45315917041889775
81,Phe_300.1,Anxiety disorder,mental disorders,-2.44431400846354e-05,2.2547029643297716,0.012965928476931657,3.8705060815357864e-20
82,Phe_306,Other mental disorder,mental disorders,3.0821881628439045e-05,1.8070357767745349,0.018795948094544653,1.6532691208124877e-40
83,Phe_317,Alcohol-related disorders,mental disorders,0.0005896275594774396,1.2911991805177305,0.0027098155432879216,0.05474159210803614
84,Phe_317.1,Alcoholism,mental disorders,0.000275291090686967,1.6580029438520452,0.0076763734349963204,5.278560118178361e-08
85,Phe_318,Tobacco use disorder,mental disorders,9.60621127137719e-05,1.6542605084811297,0.011735612194305328,8.844098671154717e-17
86,Phe_327,Sleep disorders,neurological,1.5830080235068842e-05,2.048354267328293,0.004018256044379232,0.004393287141934278
87,Phe_327.3,Sleep apnea,neurological,1.6716701586282018e-05,2.8622639405039094,0.01606426303354756,4.783666954203478e-30
88,Phe_331,Other cerebral degenerations,neurological,0.0003979981595144624,2.270425037410811,0.0026677933916180925,0.05860658916960307
89,Phe_332,Parkinson's disease,neurological,-4.3974590057118986e-05,2.7994879615050943,0.008208075600419012,5.934600760587099e-09
90,Phe_334,Degenerative disease of the spinal cord,neurological,1.2424246815483401e-06,1.9399952799373164,0.004588211809174304,0.0011440197516475903
91,Phe_335,Multiple sclerosis,neurological,-1.8129871385326446e-05,1.4780825751450966,0.002084866689202744,0.1394319713046018
92,Phe_339,Other headache syndromes,neurological,-5.607776714084123e-05,2.9156656391168454,0.021292983284374376,1.7269758983241603e-51
93,Phe_340,Migraine,neurological,6.310508849842312e-06,2.865990219272284,0.012623030134226528,3.603594875018009e-19
94,Phe_342,Hemiplegia,neurological,2.7499603956122624e-05,3.270150403477229,0.011672510246711815,1.2886361492268895e-16
95,Phe_345,"Epilepsy, recurrent seizures, convulsions",neurological,2.6415602320981507e-07,1.8985169361452934,0.006420767156924486,5.324897477742233e-06
96,Phe_345.3,Convulsions,neurological,4.947749808161374e-06,1.6282736102631672,0.0037628975549979684,0.007643378969745867
97,Phe_348,Other conditions of brain,neurological,1.573257252654026e-05,0.8169564326753309,-0.00028651517067376184,0.8390543784301582
98,Phe_350,Abnormal movement,neurological,-1.393875863127253e-05,3.154733330413327,0.015994481571580264,8.429323366642777e-30
99,Phe_350.2,Abnormality of gait,neurological,-2.8365158406489552e-05,3.07358965386872,0.012218839845973987,4.637922578414858e-18
100,Phe_351,Other peripheral nerve disorders,neurological,4.2662740039525156e-05,1.9038448819587401,0.01239847109702253,1.5050418205328976e-18
101,Phe_352,Disorders of other cranial nerves,neurological,1.2624895272416966e-05,12.354539260175052,0.012090511913136218,1.0262225556657862e-17
102,Phe_353,Nerve root and plexus disorders,neurological,1.6275650130540453e-05,2.2468883935337325,0.00513679174597039,0.00027119876364302794
103,Phe_357,Inflammatory and toxic neuropathy,neurological,1.90213943129111e-05,3.2908183479797852,0.011322627128221645,1.0023200534192189e-15
104,Phe_361,Retinal detachments and defects,sense organs,-2.9706787159264907e-05,1.6376315045750245,0.003533970994612045,0.012240004115387101
105,Phe_361.1,Retinal detachment with retinal defect,sense organs,-4.207723613233203e-05,1.706788857317645,0.00325299904881882,0.021112146792751908
106,Phe_362,Other retinal disorders,sense organs,-1.0574100992816756e-05,2.2722634382508193,0.005072463616203164,0.00032344434689143126
107,Phe_362.2,Degeneration of macula and posterior pole of retina,sense organs,-1.2086455050596462e-05,3.5986610362646063,0.016958743463372724,2.707267419064377e-33
108,Phe_362.29,Macular degeneration (senile) of retina NOS,sense organs,-1.2325412905094349e-05,3.5986610362646063,0.016958743463372724,2.707267419064377e-33
109,Phe_365,Glaucoma,sense organs,3.4505161745388414e-05,5.387788230399904,0.03506908557970698,1.6844270959760652e-136
110,Phe_365.1,Open-angle glaucoma,sense organs,3.602857296604976e-05,6.489005603186927,0.02461876267242703,3.1955508739235347e-68
111,Phe_365.11,Primary open angle glaucoma,sense organs,3.6424992160782767e-05,6.513335029658436,0.024681483582201166,1.4649925768733418e-68
112,Phe_366,Cataract,sense organs,4.5490360190566446e-05,3.647165713618358,0.046317485545243,1.105944839725588e-236
113,Phe_366.2,Senile cataract,sense organs,2.4898972719365028e-05,3.6492461063322463,0.03409087657093603,4.2621460597689724e-129
114,Phe_367,Disorders of refraction and accommodation; blindness and low vision,sense organs,-0.000831613336298829,3.924818666069597,0.0036174721608634194,0.010337200760337405
115,Phe_367.1,Myopia,sense organs,-0.0015234701985097137,6.382938317572419,0.025446789774837063,9.20261816257868e-73
116,Phe_368,Visual disturbances,sense organs,-0.00015210891556475587,4.961816163735163,0.016715217469516718,2.156724832861217e-32
117,Phe_371,Inflammation of the eye,sense organs,6.462828089906421e-05,3.924818666069597,0.0036174721608634194,0.010337200760337405
118,Phe_371.3,Inflammation of eyelids,sense organs,7.166106485354207e-05,5.33226324128841,0.02581347385226548,8.042402902235068e-75
119,Phe_374,Other disorders of eyelids,sense organs,0.09481156578455163,10.225545463167698,0.06214875116602553,0.0
120,Phe_374.1,Ectropion or entropion,sense organs,1.0638566506023897e-05,15.856499110104496,0.06118474013566635,0.0
121,Phe_374.3,Ptosis of eyelid,sense organs,0.4880557042913871,187.08302308265075,1.0000000000000002,
122,Phe_375,Disorders of lacrimal system,sense organs,-6.630494873081049e-06,10.813610469207381,0.050603064913258826,3.7626785028582364e-282
123,Phe_378,Strabismus and other disorders of binocular eye movements,sense organs,1.1446712839432767e-05,20.46220564966493,0.022773448097412337,1.2195403362789353e-58
124,Phe_379,Other disorders of eye,sense organs,5.1847984203962646e-06,9.477774297138694,0.01868884585277762,4.56063245378795e-40
125,Phe_379.2,Disorders of vitreous body,sense organs,7.132518415046535e-06,3.739879566621291,0.013014597369483683,2.8066043576918595e-20
126,Phe_379.3,Aphakia and other disorders of lens,sense organs,9.920897588758023e-07,3.2445491770295587,0.01323242453811558,6.563957452215561e-21
127,Phe_380,Disorders of external ear,sense organs,9.764698324889437e-06,2.9662087464972946,0.00604739464901779,1.8119955927448784e-05
128,Phe_381,Otitis media and Eustachian tube disorders,sense organs,-4.760676404038375e-06,2.1511067922929072,0.006492310618523651,4.178921025901705e-06
129,Phe_381.1,Otitis media,sense organs,-4.449181344861469e-06,2.0947014480912616,0.004285550623032519,0.0023820942306247528
130,Phe_384,Other disorders of tympanic membrane,sense organs,4.2108214233372875e-06,2.9933283693224126,0.004611651198350141,0.001078911141009401
131,Phe_384.4,Perforation of tympanic membrane,sense organs,8.26399312965267e-06,1.4783859582680738,0.0018483185835298818,0.1901192894455284
132,Phe_386,Vertiginous syndromes and other disorders of vestibular system,sense organs,2.3313363601084678e-05,1.9090104396188854,0.000930680664903533,0.5094235372234228
133,Phe_386.9,Dizziness and giddiness (Light-headedness and vertigo),sense organs,3.4410705325226126e-05,2.3369327523021584,0.011886989428616952,3.5562062062181153e-17
134,Phe_389,Hearing loss,sense organs,4.998842484784327e-05,3.2136537027496344,0.016935478869582642,3.305116663385949e-33
135,Phe_394,Rheumatic disease of the heart valves,circulatory system,5.857294137812623e-05,1.8964886060853092,0.003802888818386472,0.007022420654054692
136,Phe_394.2,Mitral valve disease,circulatory system,3.5410069055701195e-05,1.7031632690105776,0.005137768158413268,0.0002704704219183814
137,Phe_394.3,Aortic valve disease,circulatory system,5.789322306754053e-05,2.7304960996055434,0.008265023621919556,4.657712108657794e-09
138,Phe_394.7,Disease of tricuspid valve,circulatory system,-2.0708830882841495e-06,1.6466965356908136,0.0030304639940582005,0.03169609279041758
139,Phe_395,Heart valve disorders,circulatory system,3.5905557195590634e-05,1.7133639270543684,0.006160888971457824,1.2577110376119516e-05
140,Phe_395.1,Nonrheumatic mitral valve disorders,circulatory system,3.475815667925841e-05,1.7260752811148323,0.0052100562211851295,0.00022136347549677534
141,Phe_395.6,Heart valve replaced,circulatory system,3.8502995621199185e-05,1.70001881641526,0.003488085093931073,0.01341264023017203
142,Phe_396,Abnormal heart sounds,circulatory system,0.0,2.102056439130908,0.00469444260117099,0.0008753872397462402
143,Phe_401.1,Essential hypertension,circulatory system,1.600463720993065e-05,1.90320120081604,0.03567162556703058,3.649471813462798e-141
144,Phe_401.2,Hypertensive heart and__or renal disease,circulatory system,-0.000657796389960236,0.0,-0.0007807976372279718,0.579929766078236
145,Phe_401.22,Hypertensive chronic kidney disease,circulatory system,-0.00048204651083524577,2.790940190357158,0.008460189889317194,2.0060438573486525e-09
146,Phe_402,Elevated blood pressure reading without diagnosis of hypertension,circulatory system,4.7358704412609944e-05,2.0335111204635954,0.005033236793382583,0.00035977987075619367
147,Phe_411.1,Unstable angina (intermediate coronary syndrome),circulatory system,5.6298038985885065e-05,1.9337450340469071,0.008058241247456932,1.114126658490655e-08
148,Phe_411.2,Myocardial infarction,circulatory system,5.8816374595315616e-05,1.7140974456407334,0.0099328495440666,1.9043594052801982e-12
149,Phe_411.3,Angina pectoris,circulatory system,4.9282968736528624e-05,2.257870242593213,0.020096621512626683,4.651951979938172e-46
150,Phe_411.4,Coronary atherosclerosis,circulatory system,3.830874272952873e-05,1.7785710223631037,0.013886748773863922,7.244780714075342e-23
151,Phe_411.8,"Other chronic ischemic heart disease, unspecified",circulatory system,1.3810037321765863e-05,2.1288580910145343,0.017657418302039766,5.961918339840893e-36
152,Phe_411.9,Other acute and subacute forms of ischemic heart disease,circulatory system,2.8472983959373524e-05,1.7596918012724578,0.0035380520260736084,0.012140246964745565
153,Phe_414,Other forms of chronic heart disease,circulatory system,-4.469831816021428e-05,2.477539264722508,0.008735027615888624,5.934789180983692e-10
154,Phe_415,Pulmonary heart disease,circulatory system,-1.9362643693638297e-05,1.6214091987616792,0.004758061871429068,0.0007438475619259337
155,Phe_416,Cardiomegaly,circulatory system,1.1853144634142026e-05,2.1134548472961003,0.007694418836032994,4.912326812987086e-08
156,Phe_418,Nonspecific chest pain,circulatory system,4.296803609316987e-05,1.5831681260743768,0.012743037405146472,1.6615148689184832e-19
157,Phe_418.1,Precordial pain,circulatory system,-6.144405923477405e-06,1.7916709506435302,0.006240028274832389,9.714272843626287e-06
158,Phe_420,Carditis,circulatory system,-0.031163121231530047,0.0,-0.0004005239968787908,0.776470844520636
159,Phe_420.2,Pericarditis,circulatory system,-0.02118898670710827,1.7232748240198115,0.0031227095872749153,0.026855386972935897
160,Phe_425,Cardiomyopathy,circulatory system,-6.609702904099563e-06,6.451138726987958,0.003035814252096045,0.03139616697175225
161,Phe_425.1,Primary__intrinsic cardiomyopathies,circulatory system,-8.927718780581722e-06,1.73011427018481,0.003045753411716015,0.030845455124820616
162,Phe_426,Cardiac conduction disorders,circulatory system,1.7262003968465044e-05,2.272263438250819,0.002068277061982181,0.14260752911079605
163,Phe_426.2,Atrioventricular [AV] block,circulatory system,-9.082000019098721e-06,1.8802313877653347,0.0012843572146891968,0.36258632009157854
164,Phe_426.3,Bundle branch block,circulatory system,1.7420105442031302e-05,3.4860190636518777,0.005652795427166753,6.14552308846139e-05
165,Phe_426.31,Right bundle branch block,circulatory system,1.648359615090847e-05,1.7783557327248174,0.0041387759580010135,0.0033474963816767533
166,Phe_426.32,Left bundle branch block,circulatory system,1.015483917832778e-05,1.9481268779180967,0.0053656529710792225,0.0001426084809264997
167,Phe_426.9,Cardiac pacemaker__device in situ,circulatory system,2.1014030849988463e-05,1.1102850034578682,0.000209437052823495,0.8819761960049534
168,Phe_426.91,Cardiac pacemaker in situ,circulatory system,5.583580447251461e-05,2.6158422157294545,0.010228254733133098,4.145172607862921e-13
169,Phe_427,Cardiac dysrhythmias,circulatory system,7.628674742782671e-06,1.8779942415572437,0.01802910037961301,2.0828301651150797e-37
170,Phe_427.1,"Paroxysmal tachycardia, unspecified",circulatory system,3.4894428831469346e-05,2.368139532691782,0.0017787038807985354,0.2073527613522147
171,Phe_427.11,Paroxysmal supraventricular tachycardia,circulatory system,2.2864775981869615e-05,1.6957817881760742,0.0042222648805305555,0.002761885777977379
172,Phe_427.2,Atrial fibrillation and flutter,circulatory system,1.9229877660678147e-06,2.009060458987622,0.01574884069509759,6.073831134990164e-29
173,Phe_427.3,Other specified cardiac dysrhythmias,circulatory system,0.00012961464082476688,2.4939512977103027,0.011090626721517243,3.777466022829085e-15
174,Phe_427.4,Cardiac arrest and ventricular fibrillation,circulatory system,-7.337855638319987e-06,1.4669343158597814,0.002116011133004808,0.13361772288343027
175,Phe_427.7,Tachycardia NOS,circulatory system,5.5343041537654753e-05,1.972573495322067,0.006059743721933916,1.7419410406341887e-05
176,Phe_427.9,Palpitations,circulatory system,-1.7242895386388187e-05,2.2448642261549767,0.00974625599006162,4.879698574620657e-12
177,Phe_428,Congestive heart failure; nonhypertensive,circulatory system,-0.0003192579352078954,2.070566717180819,0.01056526891939184,6.905510569525848e-14
178,Phe_428.1,Congestive heart failure (CHF) NOS,circulatory system,-5.0315120706612574e-05,2.1265328379231163,0.007021948968841439,6.433126651286625e-07
179,Phe_428.2,Heart failure NOS,circulatory system,-4.619972567108982e-05,2.1458120744399194,0.01002829327381388,1.1690692061222446e-12
180,Phe_430,Intracranial hemorrhage,circulatory system,-5.849803099222345e-06,3.1008235870052614,0.002923368288531755,0.03823705178552237
181,Phe_433,Cerebrovascular disease,circulatory system,6.754826901032533e-05,2.76557512383049,0.008776527711402513,4.921948759087802e-10
182,Phe_433.1,Occlusion and stenosis of precerebral arteries,circulatory system,0.00011507802812690006,2.8123591705235085,0.007342240088091594,1.9421188852548713e-07
183,Phe_433.2,Occlusion of cerebral arteries,circulatory system,-1.0723554784530768e-06,2.4350095658231625,0.010036720199783243,1.119532036617511e-12
184,Phe_433.21,"Cerebral artery occlusion, with cerebral infarction",circulatory system,2.7206722526790676e-05,1.9138928192598545,0.004957869198044767,0.0004405383846178252
185,Phe_433.3,Cerebral ischemia,circulatory system,0.00029736449780048014,2.6574293051512896,0.007203269441518475,3.2856719202166823e-07
186,Phe_433.31,Transient cerebral ischemia,circulatory system,0.00019323542236219683,2.4447307818706405,0.008291284441518875,4.163128878432311e-09
187,Phe_433.8,Late effects of cerebrovascular disease,circulatory system,-7.715119135529507e-06,2.6871756658726462,0.007855595617515974,2.566259495954934e-08
188,Phe_440,Atherosclerosis,circulatory system,6.828536189788769e-05,0.7195500887794261,-0.00046776830698219484,0.74019973316391
189,Phe_442,Other aneurysm,circulatory system,0.00012871911294669587,0.0,-0.0007089990770450981,0.6152517520447283
190,Phe_442.1,Aortic aneurysm,circulatory system,0.00013921426570247838,2.203333248296744,0.003806622137817789,0.00696682992967545
191,Phe_443,Peripheral vascular disease,circulatory system,5.704509339619438e-05,2.1563990804850244,0.009376183916947061,2.997776066889197e-11
192,Phe_443.1,Raynaud's syndrome,circulatory system,1.1984702858167201e-06,2.0891459864059274,0.0047751348943781725,0.0007118116358962632
193,Phe_443.9,"Peripheral vascular disease, unspecified",circulatory system,5.5502232500207466e-05,2.1179210160300093,0.0073178021214625145,2.1317037209884453e-07
194,Phe_447,Other disorders of arteries and arterioles,circulatory system,8.36645386566098e-05,2.482404407610565,0.004417524063235591,0.0017392543804313771
195,Phe_451,Phlebitis and thrombophlebitis,circulatory system,-1.5798101016375786e-05,0.0,-0.0024021706435140918,0.08859819708726448
196,Phe_451.2,Phlebitis and thrombophlebitis of lower extremities,circulatory system,-1.562029315911272e-05,1.35726899099178,0.002651990486181863,0.06011752407002226
197,Phe_454,Varicose veins,circulatory system,-4.730928844964793e-05,1.008533817157147,2.405706231190378e-05,0.9863939921178847
198,Phe_454.1,Varicose veins of lower extremity,circulatory system,-4.7228159706802785e-05,1.3689001688974447,0.004636631241281949,0.0010133079625945184
199,Phe_455,Hemorrhoids,circulatory system,0.00011513363634027928,1.545997126681144,0.010492197488849971,1.0233574392043074e-13
200,Phe_458,Hypotension,circulatory system,7.654621926344058e-06,1.6155701475185733,0.002657699034252338,0.05956803831463195
201,Phe_458.1,Orthostatic hypotension,circulatory system,1.379159899097649e-05,3.2189622980218484,0.011364952928036073,7.845799720857729e-16
202,Phe_458.9,Hypotension NOS,circulatory system,6.61485065996488e-06,2.3623143288560366,0.011068753340699436,4.274918092104602e-15
203,Phe_459,Other disorders of circulatory system,circulatory system,-1.3649592398357407e-05,1.843182493425131,0.0012426069253759517,0.3783978140138029
204,Phe_459.9,Circulatory disease NEC,circulatory system,-1.0627759321511577e-05,2.416501364671623,0.023917509346064066,1.7105541399762195e-64
205,Phe_465,Acute upper respiratory infections of multiple or unspecified sites,respiratory,1.505752010845627e-05,2.402195982057663,0.006410783555680161,5.506968586230239e-06
206,Phe_470,Septal Deviations__Turbinate Hypertrophy,respiratory,-1.0920189143309012e-05,1.7669813282039923,0.006199027269166801,1.1109336706486895e-05
207,Phe_471,Nasal polyps,respiratory,0.00015327498018146896,1.4519613738775814,0.003060691873725153,0.030033347703412334
208,Phe_473,Diseases of the larynx and vocal cords,respiratory,-2.062807624560389e-06,1.6711694586602561,0.003207845557251805,0.022968120705093027
209,Phe_473.4,Voice disturbance,respiratory,-2.779431715382756e-05,2.3936548407881246,0.0055620840419534695,8.051973950002963e-05
210,Phe_474,Acute and chronic tonsillitis,respiratory,-6.805988313373811e-06,1.331551765712817,0.0008132778147723059,0.5642693772313538
211,Phe_474.2,Chronic tonsillitis and adenoiditis,respiratory,-5.509136071858967e-06,0.6768560893004731,-0.0012440116674755262,0.3778590096924618
212,Phe_475,Chronic sinusitis,respiratory,9.545417611697937e-05,1.994712367323437,0.006162946422741155,1.249341846013808e-05
213,Phe_476,Allergic rhinitis,respiratory,3.0246752078984576e-06,3.175792058501788,0.009939937102790846,1.8368762831168087e-12
214,Phe_477,Epistaxis or throat hemorrhage,respiratory,-4.75243463842804e-05,2.386263049523607,0.008545083194726785,1.3825437214788131e-09
215,Phe_479,Other upper respiratory disease,respiratory,6.129204305211759e-06,2.120382999193078,0.008824744990453172,3.955973122718648e-10
216,Phe_480,Pneumonia,respiratory,0.00012781580340154132,1.4406516485649994,0.0036958865580189373,0.008794853161387901
217,Phe_480.1,Bacterial pneumonia,respiratory,0.00010419311967791146,1.851085320738629,0.0034320628238490762,0.014978121182805178
218,Phe_480.11,Pneumococcal pneumonia,respiratory,0.00010144033871607166,1.8745793896057192,0.009126347324686193,9.828477629617412e-11
219,Phe_495,Asthma,respiratory,0.00014824754685143336,1.8302741559501268,0.017262251250228306,1.9555516031798057e-34
220,Phe_496,Chronic airway obstruction,respiratory,0.00011917952824797308,2.4878472550017983,0.01713755642262357,5.78856488875996e-34
221,Phe_496.1,Emphysema,respiratory,0.00014861840093248864,1.8202672516149805,0.0044809054424039775,0.0014910810028553826
222,Phe_496.2,Chronic bronchitis,respiratory,8.251141504134768e-05,3.1911816304076894,0.004909576064184172,0.0005008669670642547
223,Phe_496.21,Obstructive chronic bronchitis,respiratory,7.515452821078518e-05,1.7252370549682146,0.0050230897991881355,0.0003697818884494783
224,Phe_496.3,Bronchiectasis,respiratory,7.263565250529082e-05,1.7179884956924865,0.004185708205275236,0.0030057118699971593
225,Phe_506,Empyema and pneumothorax,respiratory,9.636997168437501e-05,1.4206070678005025,0.0018027933401546,0.2012654493817504
226,Phe_507,Pleurisy; pleural effusion,respiratory,5.615555861943804e-05,1.4108552451364944,0.0043662106262848345,0.0019674097165525363
227,Phe_508,Pulmonary collapse; interstitial and compensatory emphysema,respiratory,-1.4268026616992557e-05,1.775278477479801,0.004816276681853823,0.0006398048696384267
228,Phe_509.1,Respiratory failure,respiratory,0.0020217925626523,2.834591258828042,0.010599399630813718,5.741292724826532e-14
229,Phe_509.2,Respiratory insufficiency,respiratory,0.000604599893675713,2.9199134037425987,0.010327159976509357,2.464023794160724e-13
230,Phe_512,Other symptoms of respiratory system,respiratory,1.2217238159594817e-05,2.0940188206553656,0.013767259796495526,1.6762316890208177e-22
231,Phe_512.7,Shortness of breath,respiratory,9.301036472496159e-06,2.117318006273861,0.011287969386540782,1.224102769445309e-15
232,Phe_512.8,Cough,respiratory,1.423743907730917e-06,1.6138281050907983,0.004342650058423252,0.0020811068619625847
233,Phe_514,Abnormal findings examination of lungs,respiratory,1.8640664050932454e-05,1.6539756461138082,0.004333199553547143,0.002128382579132662
234,Phe_516,Abnormal sputum,respiratory,1.7905390459160988e-05,1.396141963303364,0.00047428303654352286,0.7367147874015267
235,Phe_516.1,Hemoptysis,respiratory,1.88533842805771e-05,2.0295002504035096,0.005889806463222235,2.9776686818872985e-05
236,Phe_519,"Other diseases of respiratory system, not elsewhere classified",respiratory,3.324968753216386e-05,5.125562276237008,0.005155836124264162,0.0002573193293769159
237,Phe_519.8,"Other diseases of respiratory system, NEC",respiratory,4.2868474785721985e-05,2.0168501841596678,0.01257931125631374,4.769286931728607e-19
238,Phe_520,Disorders of tooth development,digestive,-8.605735065566651e-07,0.0,-0.0007312788947499903,0.6041898574756461
239,Phe_520.2,Disturbances in tooth eruption,digestive,-4.383098739612589e-07,0.8018725024973491,-0.0011318060452409724,0.42237466733875706
240,Phe_521,Diseases of hard tissues of teeth,digestive,2.211869259517259e-06,0.0,-0.0005664349229257882,0.6880291585070513
241,Phe_521.1,Dental caries,digestive,9.358055392869902e-07,1.3349050964974032,0.0024021413594283838,0.0886020830360056
242,Phe_522,Diseases of pulp and periapical tissues,digestive,0.03708946248963197,1.6472719013566737,0.0018888199600130833,0.18059126220575747
243,Phe_522.5,Periapical abscess,digestive,0.06155715340012409,2.0475676489460626,0.004521524036887099,0.0013496505241062295
244,Phe_523,Gingival and periodontal diseases,digestive,1.2477064662704788e-08,2.6764380984642457,0.0045867472419829245,0.0011482061145697653
245,Phe_523.3,Periodontitis (acute or chronic),digestive,1.1347639748249263e-06,0.0,-0.00034298689440322275,0.8079011781173167
246,Phe_525,Other diseases of the teeth and supporting structures,digestive,-3.143134361309981e-06,1.1692688942665674,0.0010888923565428455,0.4401808682922008
247,Phe_528,"Diseases of the oral soft tissues, excluding lesions specific for gingiva and tongue",digestive,-7.633251443767747e-06,1.3877582072538561,0.0021396078422822565,0.12933882344482836
248,Phe_529,Diseases and other conditions of the tongue,digestive,1.3785542590723161e-05,1.3827274433307524,0.0014578082114168342,0.3014153227672578
249,Phe_530,Diseases of esophagus,digestive,-4.12455976227826e-05,1.9111773073142533,0.00279929275058832,0.04721683171454074
250,Phe_530.1,"Esophagitis, GERD and related diseases",digestive,-4.179940556714594e-05,1.6223539199317045,0.0074776834575353,1.1528984251857761e-07
251,Phe_530.11,GERD,digestive,-1.0589941107926575e-05,2.092739599700399,0.017818123386323076,1.4099899881226341e-36
252,Phe_530.12,Ulcer of esophagus,digestive,-1.2353704276208971e-05,1.5679653456419782,0.004876897605767674,0.000545967495207207
253,Phe_530.14,Reflux esophagitis,digestive,-3.1068032662962336e-05,1.6321584457918665,0.008101149478921413,9.312956340383442e-09
254,Phe_530.2,Esophageal bleeding (varices__hemorrhage),digestive,-3.4003198196101105e-05,1.220418799848451,0.0011666519965469755,0.40823157832543633
255,Phe_530.3,Stricture and stenosis of esophagus,digestive,0.0,1.5050400597764841,0.0028005821824216804,0.04711509739328154
256,Phe_530.9,Heartburn,digestive,-5.151446736716033e-06,2.567929007830158,0.008888225379581335,2.961949224545767e-10
257,Phe_531,Peptic ulcer (excl. esophageal),digestive,-2.394359003953138e-08,1.8178385229407814,0.00893104931829044,2.4339448108145653e-10
258,Phe_531.2,Gastric ulcer,digestive,5.599866807418665e-06,1.9108674536652075,0.007443645208484664,1.315449786537831e-07
259,Phe_531.3,Duodenal ulcer,digestive,6.083486791845581e-06,1.983212258826687,0.006652804229238707,2.404640068118769e-06
260,Phe_532,Dysphagia,digestive,1.8418776328691665e-05,2.4704172031366713,0.015415992225041688,8.40928078164911e-28
261,Phe_535,Gastritis and duodenitis,digestive,6.489982638814062e-05,1.920710273284817,0.015643198259718993,1.4070129977738234e-28
262,Phe_535.1,Acute gastritis,digestive,1.6397369885600538e-05,1.2006495063647367,0.0008605217867302979,0.5418606640102812
263,Phe_535.6,Duodenitis,digestive,3.6068708149652213e-05,1.7336806433019296,0.008008264775152546,1.3712348796709175e-08
264,Phe_535.8,Other specified gastritis,digestive,3.3159612251111164e-05,1.875665932057594,0.010364482075227898,2.0223501049731193e-13
265,Phe_537,Other disorders of stomach and duodenum,digestive,1.1288346374479694e-05,1.8117666384142048,0.006063191940037322,1.7228454783508726e-05
266,Phe_540,Appendiceal conditions,digestive,-1.3363271746527442e-05,1.008533817157147,1.700462650774383e-05,0.9903824211597541
267,Phe_540.1,Appendicitis,digestive,-1.2301487778137417e-05,1.7720990007828898,0.0021721570301973183,0.1236121130411378
268,Phe_540.11,Acute appendicitis,digestive,-9.648407726168932e-06,1.086288521125069,0.000498372480558829,0.7238760121872742
269,Phe_550,Abdominal hernia,digestive,-5.084922882626592e-05,2.3435728082383345,0.009982162523456704,1.4808318692933714e-12
270,Phe_550.1,Inguinal hernia,digestive,-4.7785134476834207e-05,1.1994746425647302,0.003081639829275264,0.028925536876629954
271,Phe_550.2,Diaphragmatic hernia,digestive,-4.453855284194914e-05,1.9099292793491642,0.019476493380986365,2.2905509814612082e-43
272,Phe_550.4,Umbilical hernia,digestive,1.7326659395042884e-05,1.9660273443420158,0.007397454489811034,1.5718700774604895e-07
273,Phe_550.5,Ventral hernia,digestive,-1.9102112896327226e-05,2.298039550552094,0.009506580762051195,1.593474253900648e-11
274,Phe_555,Inflammatory bowel disease and other gastroenteritis and colitis,digestive,-0.00021997283143814525,1.2977205988956257,0.002439167152446065,0.08379746068292426
275,Phe_555.1,Regional enteritis,digestive,-0.001204024203444394,1.548059768991732,0.002793120390786619,0.04770638450879585
276,Phe_555.2,Ulcerative colitis,digestive,-0.00014413291694217602,1.1270061631484989,0.0008496226039064366,0.5469907174437422
277,Phe_556,Ulceration of the lower GI tract,digestive,-2.5717318325807755e-05,2.1398384993113653,0.0029178306838007237,0.0386043961132392
278,Phe_557,Intestinal malabsorption (non-celiac),digestive,4.52240842956983e-05,3.8441717071777552,0.006158268954561425,1.268446060548071e-05
279,Phe_557.1,Celiac disease,digestive,4.550111807095036e-05,1.4309893069929005,0.0022268696299655743,0.11443422041231892
280,Phe_558,Noninfectious gastroenteritis,digestive,3.190320726582483e-05,1.7293696254827837,0.011011548024473914,5.901383464026115e-15
281,Phe_559,Ileostomy status,digestive,-0.00011105516836039438,1.1265214293148864,0.0006323521951971677,0.6539669053640331
282,Phe_560.4,Other intestinal obstruction,digestive,2.3276580810087405e-05,2.1771298833855828,0.008636828920542133,9.209611278162351e-10
283,Phe_561,Symptoms involving digestive system,digestive,5.399311137832074e-05,1.8401031495258138,0.012940778572496347,4.5677191762868785e-20
284,Phe_561.2,Flatulence,digestive,4.082182164197157e-06,1.9619193431888473,0.00515380022924372,0.0002587706420173606
285,Phe_562,Diverticulosis and diverticulitis,digestive,5.596462372241255e-05,1.8581096755901936,0.018794427378784083,1.677328453966161e-40
286,Phe_562.1,Diverticulosis,digestive,5.5506632393471736e-05,1.8581096755901936,0.018794427378784083,1.677328453966161e-40
287,Phe_563,Constipation,digestive,7.361792049150406e-06,2.1640991281398994,0.01585684624164711,2.5583846913348833e-29
288,Phe_564,Functional digestive disorders,digestive,1.5495364270787582e-05,2.1088263471474322,0.004046114175303918,0.004128179934032402
289,Phe_564.1,Irritable Bowel Syndrome,digestive,1.4827164972690387e-06,1.8942832616854708,0.008493775390794447,1.732078026574993e-09
290,Phe_564.8,Abnormal findings on exam of gastrointestinal tract__ abdominal area,digestive,1.543078594989294e-05,1.8431824934251309,0.004491186611735483,0.0014540464320413476
291,Phe_564.9,Personal history of diseases of digestive system,digestive,1.194226867023813e-05,1.7039670937643323,0.011513113761526635,3.305642878906887e-16
292,Phe_565,Anal and rectal conditions,digestive,-8.648013670942946e-05,1.4518638154972898,0.0051201908351571485,0.0002838668011136463
293,Phe_565.1,Anal and rectal polyp,digestive,-0.00023417421520961667,1.291047830226229,0.0031937843060354156,0.023574313303634874
294,Phe_568,Other disorders of peritoneum,digestive,-3.2703944699307e-05,1.5765423293481808,0.0011253471615210815,0.4250273548215384
295,Phe_568.1,Peritoneal adhesions (postoperative) (postinfection),digestive,-4.71489424430702e-05,1.574962310978419,0.004220746090551035,0.002771644862478449
296,Phe_569,Other disorders of intestine,digestive,0.00014290576687041242,1.820007383146199,0.006293320338951871,8.149589215078596e-06
297,Phe_571,Chronic liver disease and cirrhosis,digestive,-8.98944455489766e-05,2.084596083781563,0.007919095377869672,1.980114696983661e-08
298,Phe_571.5,Other chronic nonalcoholic liver disease,digestive,-3.5216226862683204e-05,2.2759491859203256,0.007097845620715802,4.865495983330274e-07
299,Phe_572,Ascites (non malignant),digestive,-6.656326692663148e-05,0.7543670285590758,-0.0012681285105719678,0.3686825817729755
300,Phe_573,Other disorders of liver,digestive,-5.3783853654805295e-05,1.7607813937190662,0.003983007629582897,0.004750803126467647
301,Phe_573.7,Abnormal results of function study of liver,digestive,-7.271535602436942e-05,1.2159214354532275,0.001671070321571731,0.23618382169378022
302,Phe_574,Cholelithiasis and cholecystitis,digestive,-7.22175777083356e-05,1.5600036892931517,0.008847849666553425,3.5613220997724024e-10
303,Phe_574.1,Cholelithiasis,digestive,-7.268309489055068e-05,1.7845995789046447,0.00917706139254321,7.74260207095801e-11
304,Phe_574.11,Cholelithiasis with acute cholecystitis,digestive,-8.522646072641526e-05,1.5918394261398858,0.0028986233061144237,0.0399018702078639
305,Phe_574.12,Cholelithiasis with other cholecystitis,digestive,-8.496091094684817e-05,1.3127764098213281,0.002832427579350641,0.044660445671889794
306,Phe_574.2,Calculus of bile duct,digestive,-9.055346124692909e-05,1.018970713957793,0.00011931747312911661,0.9325944510294384
307,Phe_574.3,Cholecystitis without cholelithiasis,digestive,-0.00028769446216908904,1.4558990123163487,0.0029385261127745257,0.037246705270952446
308,Phe_575,Other biliary tract disease,digestive,-8.893110304798638e-05,1.2778895019306749,0.002212047840105465,0.1168658805550077
309,Phe_575.7,Other disorders of gallbladder,digestive,-8.48409831516207e-05,1.2870576526570572,0.0013418653383728484,0.3414957417633232
310,Phe_575.8,Other disorders of biliary tract,digestive,-8.789865105618023e-05,1.1692688942665674,0.0007013036329622474,0.6190931157125494
311,Phe_577,Diseases of pancreas,digestive,-7.956601522883077e-05,1.858440626648849,0.0026745003205122624,0.057974933096327265
312,Phe_577.1,Acute pancreatitis,digestive,-8.02075741682687e-05,1.8060257764935057,0.0035040262829860837,0.012994458545875408
313,Phe_578.1,Hematemesis,digestive,8.245278724961667e-05,1.5087340571181516,0.0027553164559105518,0.05079872019691145
314,Phe_578.2,Blood in stool,digestive,-1.6568087327538617e-05,1.6048192778080261,0.0038943227931333346,0.005769616448339359
315,Phe_578.9,Hemorrhage of gastrointestinal tract,digestive,1.02088886521615e-05,1.5636544324514967,0.00560929514398708,6.999129382550699e-05
316,Phe_579,Other symptoms involving abdomen and pelvis,digestive,2.8063584225745303e-06,1.2703168234007154,0.0011269591992200997,0.42436437520454007
317,Phe_579.8,Nonspecific abnormal findings in stool contents,digestive,-1.2221679461575743e-06,1.8188627244146602,0.004557554689156189,0.0012346618582151536
318,Phe_580,Nephritis; nephrosis; renal sclerosis,genitourinary,-0.0004825230877534842,2.4978856673097938,0.007234784926872841,2.9187565587892946e-07
319,Phe_580.1,Glomerulonephritis,genitourinary,-0.010797114723826023,2.514932349131975,0.005740362933158846,4.716913623217574e-05
320,Phe_585,Renal failure,genitourinary,3.3639553410683674e-06,2.1291480619144005,0.01363140437087333,4.313128595285722e-22
321,Phe_585.1,Acute renal failure,genitourinary,2.1609317545884267e-05,2.0026014031540442,0.010115785695661421,7.445081057833655e-13
322,Phe_585.2,Renal failure NOS,genitourinary,5.513559621935997e-06,2.2781663794769944,0.006001326753967454,2.0977574095031587e-05
323,Phe_585.3,Chronic renal failure [CKD],genitourinary,-2.1911681664703126e-05,2.6021512448697535,0.01155473191066986,2.5879846964495167e-16
324,Phe_586,Other disorders of the kidney and ureters,genitourinary,5.934114687479751e-07,2.171596321330828,0.005037823019214799,0.0003553426879124046
325,Phe_586.2,"Cyst of kidney, acquired",genitourinary,1.8134924836663208e-05,2.087397747086759,0.00522656757218855,0.00021138762649215145
326,Phe_590,Pyelonephritis,genitourinary,2.2460153518732072e-07,1.7599531804576745,0.003631328624782459,0.010048282793067001
327,Phe_591,Urinary tract infection,genitourinary,2.1937593814838316e-06,1.9963899868524024,0.014264651588928885,4.869853993160105e-24
328,Phe_592,Cystitis and urethritis,genitourinary,1.2799195334241843e-05,1.7199082793164864,0.004932152796458453,0.0004717638721692824
329,Phe_592.1,Cystitis,genitourinary,9.988695052529857e-06,1.8608613308398658,0.004736621632613275,0.0007859748360317343
330,Phe_593,Hematuria,genitourinary,-3.516222250439781e-05,1.4926607477424056,0.007669412638631943,5.426788850785977e-08
331,Phe_594,Urinary calculus,genitourinary,-1.6246591702625983e-05,0.8439835627788758,-0.00041633715011852955,0.7678940854942621
332,Phe_594.1,Calculus of kidney,genitourinary,5.246267048177799e-06,1.0400434905639915,0.00027894709006096686,0.8432497649039717
333,Phe_594.3,Calculus of ureter,genitourinary,3.604794309243983e-05,1.5159788785208799,0.003090334575096251,0.02847615998116289
334,Phe_594.8,Renal colic,genitourinary,-1.5539072394723976e-05,1.2860539395087196,0.0014747137031737988,0.2958441757222294
335,Phe_595,Hydronephrosis,genitourinary,3.724775775403115e-06,1.3993201726507212,0.0022969583518548755,0.10347051986849772
336,Phe_596,Other disorders of bladder,genitourinary,-1.405064516957458e-05,2.06127824660233,0.011431032655376018,5.343194395525082e-16
337,Phe_596.1,Bladder neck obstruction,genitourinary,-1.801635621003112e-05,1.5198233983503544,0.002740201284267008,0.0520812702212354
338,Phe_596.5,Functional disorders of bladder,genitourinary,-2.8149595646517835e-05,2.4007802391785034,0.006658561469229672,2.3568916968597103e-06
339,Phe_597,Other disorders of urethra and urinary tract,genitourinary,6.991138213043735e-05,1.3845182096773416,0.0013088016189692494,0.35352378801438056
340,Phe_597.1,Urethral stricture (not specified as infectious),genitourinary,6.576246277001736e-05,1.3332263225340866,0.002391618906477984,0.09000731183423478
341,Phe_598,Abnormal findings on examination of urine,genitourinary,-4.368074933998706e-05,1.5508627567933528,0.0038746467806139214,0.006020788210215621
342,Phe_599,Other symptoms__disorders or the urinary system,genitourinary,-4.4688723444941055e-05,1.680745875822745,0.006871407863223362,1.110232549711821e-06
343,Phe_599.2,Retention of urine,genitourinary,-1.7056756339803803e-05,1.90883496297217,0.009910800100120354,2.1302297833818916e-12
344,Phe_599.3,Dysuria,genitourinary,-2.4852673862274866e-06,1.945404052852521,0.00407466333141033,0.0038716364343294213
345,Phe_599.4,Urinary incontinence,genitourinary,3.486587917172226e-05,2.668846310874673,0.01918165665827744,4.080004675323014e-42
346,Phe_599.5,Frequency of urination and polyuria,genitourinary,1.6937520630759225e-05,1.6060095132209289,0.004662585681666952,0.000949072167612952
347,Phe_599.9,Other abnormality of urination,genitourinary,-7.935450510290192e-06,1.5822567397243925,0.0030078415278881557,0.03299157530395468
348,Phe_611.3,Lump or mass in breast,genitourinary,7.237215512352363e-06,1.55369388979241,0.002595920916836251,0.06574119549789154
349,Phe_613,Other nonmalignant breast conditions,genitourinary,-7.417618345217128e-05,0.0,-0.0004387533655648433,0.7557847215181217
350,Phe_681,Superficial cellulitis and abscess,dermatologic,2.069425563610026e-05,2.7734679971821548,0.00499945444467917,0.0003940963487342318
351,Phe_681.3,Cellulitis and abscess of arm__hand,dermatologic,2.2931135892199306e-05,1.7616965607636188,0.007181547076543625,3.564085211151037e-07
352,Phe_686,Other local infections of skin and subcutaneous tissue,dermatologic,8.077037099780504e-06,2.08575352927822,0.005110349604580062,0.0002916361631466721
353,Phe_686.1,Carbuncle and furuncle,dermatologic,-8.156735607624355e-07,1.1484196096859591,0.0009007984333464762,0.5231138854732379
354,Phe_687,Symptoms affecting skin,dermatologic,4.818340897915166e-06,1.5376686828711024,0.0010626625800597435,0.45127314308236977
355,Phe_687.1,Rash and other nonspecific skin eruption,dermatologic,1.2757729687939678e-05,1.5339330772036355,0.0031789727633370385,0.02422781876909508
356,Phe_687.4,Disturbance of skin sensation,dermatologic,-3.169937056891529e-05,2.7054667112458537,0.011407533220106946,6.126880104637121e-16
357,Phe_689,Disorder of skin and subcutaneous tissue NOS,dermatologic,-3.409511223502979e-05,1.8982997447803887,0.008574176623399881,1.2159708182838335e-09
358,Phe_695,Erythematous conditions,dermatologic,4.3158940785536275e-05,1.5806960249556212,0.0036508201470575015,0.00965404467384146
359,Phe_696,Psoriasis and related disorders,dermatologic,-6.343291992821848e-05,1.4936768309992081,0.0030339460203106655,0.03150061885616643
360,Phe_696.4,Psoriasis,dermatologic,-6.0871193652504616e-05,1.7884079513304105,0.004008828133611991,0.00448644244173547
361,Phe_696.41,Psoriasis vulgaris,dermatologic,-5.3030679268068556e-05,1.6354654241356776,0.0033796264380997923,0.016587009055150058
362,Phe_701,Other hypertrophic and atrophic conditions of skin,dermatologic,-5.654906511306441e-05,2.640607254802171,0.008222729191607377,5.576773850314236e-09
363,Phe_701.2,Scar conditions and fibrosis of skin,dermatologic,-5.8146935829257195e-05,2.0417542275936316,0.006120423328637849,1.4336045581163633e-05
364,Phe_702,Degenerative skin conditions and other dermatoses,dermatologic,-4.565054566456727e-05,0.0,-0.00034298689440322275,0.8079011781173167
365,Phe_702.1,Actinic keratosis,dermatologic,-5.847630279836751e-05,1.8946346144438797,0.005763408820007237,4.3969648913851925e-05
366,Phe_702.2,Seborrheic keratosis,dermatologic,-3.0107131381193436e-05,1.3928936106665484,0.0026751607433408062,0.05791304185834213
367,Phe_703,"Diseases of nail, NOS",dermatologic,4.913437582666079e-06,2.572851005065924,0.003671495249269232,0.009250992981879643
368,Phe_704,Diseases of hair and hair follicles,dermatologic,-4.652454880936068e-05,1.2389604177658993,0.0020277174020146755,0.15060498199663808
369,Phe_706,Diseases of sebaceous glands,dermatologic,-5.1553857442040945e-05,1.303321997909582,0.003422138509586775,0.015271635146489066
370,Phe_706.2,Sebaceous cyst,dermatologic,-5.1131161731292776e-05,1.3156559185357453,0.0035441663731718698,0.011992135548203628
371,Phe_707,Chronic ulcer of skin,dermatologic,0.00010793581297885499,1.864305162756859,0.004012233906915046,0.004452586159288398
372,Phe_709,Diffuse diseases of connective tissue,dermatologic,8.546645314627971e-05,2.1407510103984912,0.007509732456115054,1.0177268798590619e-07
373,Phe_709.7,Unspecified diffuse connective tissue disease,dermatologic,6.057363889331304e-05,1.629643058211244,0.003498288035535274,0.013143641136649033
374,Phe_714,Rheumatoid arthritis and other inflammatory polyarthropathies,musculoskeletal,0.0001525678835722236,3.0619152714018134,0.005273901835964476,0.00018507846391980248
375,Phe_714.1,Rheumatoid arthritis,musculoskeletal,0.00015340103905620307,2.006627586069839,0.006617632423012002,2.7171402413364453e-06
376,Phe_715,Other inflammatory spondylopathies,musculoskeletal,6.129235637209817e-05,2.7870841427582986,0.00428490059813245,0.002385739196243345
377,Phe_716,Other arthropathies,musculoskeletal,0.00011646389182086453,0.0,-0.0010186012799589816,0.47025742936186343
378,Phe_716.2,Unspecified monoarthritis,musculoskeletal,7.548256070291431e-05,1.824503702044169,0.013412694298277404,1.937303678335682e-21
379,Phe_716.9,Arthropathy NOS,musculoskeletal,0.00012309082360662394,2.0943401610356367,0.023079361579580855,3.54041323961192e-60
380,Phe_717,Polymyalgia Rheumatica,musculoskeletal,0.00019845767534843264,2.385046189222983,0.0063551901175575454,6.634943895923235e-06
381,Phe_720,Spinal stenosis,musculoskeletal,1.1101804504205395e-05,1.8390645700707406,0.002905834986385655,0.0394104415437505
382,Phe_721,Spondylosis and allied disorders,musculoskeletal,8.140409441410152e-06,3.7484758723299794,0.011553885104528353,2.600927184370664e-16
383,Phe_721.1,Spondylosis without myelopathy,musculoskeletal,7.864682349862455e-06,2.3144291515379476,0.005192479245444054,0.00023246785357939798
384,Phe_722,Intervertebral disc disorders,musculoskeletal,3.229164662815842e-05,2.0546030600901246,0.010922505021902767,9.716534109461053e-15
385,Phe_722.6,Degeneration of intervertebral disc,musculoskeletal,-2.1005986976393103e-05,2.2904597420606354,0.008818474763665093,4.0702415365884643e-10
386,Phe_722.9,Other and unspecified disc disorder,musculoskeletal,1.0624504678813768e-05,1.841114004784374,0.006658294510690301,2.3590854782932903e-06
387,Phe_724,Other and unspecified disorders of back,musculoskeletal,-5.671159072776321e-06,1.7988752219485653,0.002230672889369907,0.11381672274408494
388,Phe_726,Peripheral enthesopathies and allied syndromes,musculoskeletal,0.001233579512040676,2.0410743901900905,0.011987406633665487,1.9310539971818158e-17
389,Phe_726.1,Enthesopathy,musculoskeletal,0.0004891421179181483,1.918508003995099,0.009520368291709247,1.4897482925521478e-11
390,Phe_727,"Other disorders of synovium, tendon, and bursa",musculoskeletal,-4.816748866630758e-06,1.5745319463727305,0.0021507698259642517,0.12735220803684222
391,Phe_727.1,Synovitis and tenosynovitis,musculoskeletal,-0.0003146670202113574,1.7469088820089949,0.004537191258616606,0.001298486940420675
392,Phe_727.4,"Ganglion and cyst of synovium, tendon, and bursa",musculoskeletal,5.714355357668472e-06,2.37580532301175,0.009052586250640269,1.387347514435494e-10
393,Phe_728,"Disorders of muscle, ligament, and fascia",musculoskeletal,7.65730155572223e-05,4.859299300848072,0.0035023821410208626,0.013037048993274862
394,Phe_728.7,Fasciitis,musculoskeletal,7.194288662331505e-05,3.6889610185311423,0.005241173939295013,0.00020291618517557827
395,Phe_728.71,Contracture of palmar fascia [Dupuytren's disease],musculoskeletal,7.02725733564871e-05,1.7376132174859207,0.00456292713622225,0.0012183128533168174
396,Phe_729,Other disorders of soft tissues,musculoskeletal,2.3876130085442597e-05,1.168538557668025,0.0006984966258531882,0.6204969010114751
397,Phe_729.1,"Rheumatism, unspecified and fibrositis",musculoskeletal,2.8314318456659287e-06,3.5824408675401207,0.00579240527786064,4.0235953194448045e-05
398,Phe_733,Other disorders of bone and cartilage,musculoskeletal,-3.694826177996372e-06,3.120650927150139,0.007602806730337944,7.064976690248954e-08
399,Phe_733.8,Malunion and nonunion of fracture,musculoskeletal,5.0167557088377315e-06,2.5395885486332683,0.00236740609002301,0.09330899263600734
400,Phe_735,Acquired foot deformities,musculoskeletal,-2.0741015219092235e-05,2.7378003377948894,0.00257360470750897,0.06809694582995127
401,Phe_735.2,Acquired toe deformities,musculoskeletal,2.5451374228338284e-05,2.972583531063078,0.011127380364484907,3.0668423738352898e-15
402,Phe_735.21,Hammer toe (acquired),musculoskeletal,-6.56422628196903e-05,2.2916628662685508,0.006951710670938232,8.309805029845678e-07
403,Phe_735.23,Hallux rigidus,musculoskeletal,-4.418626201815832e-06,2.1838485184745227,0.0055625560589516706,8.040743200592484e-05
404,Phe_735.3,Hallux valgus (Bunion),musculoskeletal,-4.362769126839872e-05,2.437224551906262,0.014212793976760167,7.083401664116181e-24
405,Phe_736,Other acquired deformities of limbs,musculoskeletal,2.040296087116755e-05,6.157162784998633,0.010603679095256995,5.609678049527989e-14
406,Phe_737,Curvature of spine,musculoskeletal,6.447848027415735e-07,0.0,-0.0006205020739756741,0.6600400320923497
407,Phe_737.3,Kyphoscoliosis and scoliosis,musculoskeletal,1.1033318447269732e-06,4.441915352521038,0.00953109397879114,1.4136577748764678e-11
408,Phe_738,Other acquired musculoskeletal deformity,musculoskeletal,-1.0094953026011706e-05,7.651657385793489,0.015218510386751833,3.8954191258268294e-27
409,Phe_738.4,Acquired spondylolisthesis,musculoskeletal,-8.787070913881481e-06,1.856903454914648,0.0017796519090773628,0.20711070090451988
410,Phe_740,Osteoarthrosis,musculoskeletal,5.002281009287505e-05,1.974336886534781,0.01863594754282351,7.512082604747904e-40
411,Phe_740.1,Osteoarthritis; localized,musculoskeletal,3.923060364319911e-05,1.7499262363173118,0.009344901753166124,3.484172236841352e-11
412,Phe_740.11,"Osteoarthrosis, localized, primary",musculoskeletal,7.253834435415996e-05,1.5326822167549476,0.006033857418338416,1.8918719042005578e-05
413,Phe_740.9,Osteoarthrosis NOS,musculoskeletal,7.782473492708804e-05,3.0665731377934504,0.01984818805985547,5.704987864359984e-45
414,Phe_741,Symptoms and disorders of the joints,musculoskeletal,6.546961662841327e-05,2.093236621903785,0.0030251911057697033,0.03199408198730232
415,Phe_741.4,Joint effusions,musculoskeletal,9.701571876046342e-05,2.501109934260038,0.003003214876969311,0.033262032874998605
416,Phe_742,"Derangement of joint, non-traumatic",musculoskeletal,6.501562247255083e-07,0.0,-0.0007312788947499903,0.6041898574756461
417,Phe_742.9,Other derangement of joint,musculoskeletal,7.281907449092954e-07,2.4641127660328874,0.004761419703575496,0.0007374430239087234
418,Phe_743,"Osteoporosis, osteopenia and pathological fracture",musculoskeletal,4.6814252640810395e-05,2.7187088950049865,0.014153318598229905,1.0868150308079202e-23
419,Phe_743.1,Osteoporosis,musculoskeletal,4.954124319199643e-05,2.7600852989979,0.014060120644989486,2.1180864038113214e-23
420,Phe_743.11,Osteoporosis NOS,musculoskeletal,3.993194205917671e-05,2.7624275302428067,0.014072790381010286,1.9349019659549818e-23
421,Phe_745,Pain in joint,musculoskeletal,0.0001145399196003676,2.4237476674675404,0.007335469636980478,1.9929448422468456e-07
422,Phe_747,Cardiac and circulatory congenital anomalies,congenital anomalies,5.749509571034965e-05,0.0,-0.0006458409630019807,0.6470817773696262
423,Phe_747.1,Cardiac congenital anomalies,congenital anomalies,5.4974294271166434e-05,1.870830230826508,0.001560271701810723,0.2687105556541171
424,Phe_747.13,Congenital anomalies of great vessels,congenital anomalies,6.987564600081868e-05,1.803209861037598,0.004489908687487557,0.0014586031471813443
425,Phe_751,Genitourinary congenital anomalies,congenital anomalies,0.0,1.5575829858870092,0.002686891116457182,0.056822853657544456
426,Phe_939,Atopic__contact dermatitis due to other or unspecified,dermatologic,5.239205687743967e-07,1.9785513604510658,0.005924214902570839,2.6743486965992613e-05
