,PheCode,description,category,f_score,RR,phi,pval
0,Phe_112,Candidiasis,infectious diseases,-0.00014844876658691013,3.3299050367698935,0.012936581001962186,4.695605842427484e-20
1,Phe_153,Colorectal cancer,neoplasms,4.764184135469053e-05,0.0,-0.0005630307585426247,0.6898062907947362
2,Phe_153.2,Colon cancer,neoplasms,5.127193998696494e-05,2.21928598693363,0.007531864331256778,9.334766111960196e-08
3,Phe_153.3,"Malignant neoplasm of rectum, rectosigmoid junction, and anus",neoplasms,3.6417016459207004e-05,2.202325833291072,0.006078669275781714,1.6395651419667148e-05
4,Phe_158,Neoplasm of unspecified nature of digestive system,neoplasms,5.504535888832516e-05,2.362422575602647,0.005020413454949954,0.00037246299011403747
5,Phe_159,Malignant neoplasm of other and ill-defined sites within the digestive organs and peritoneum,neoplasms,4.137928751305437e-05,2.3489641534045926,0.01092994767764016,9.321283496846337e-15
6,Phe_165,Cancer within the respiratory system,neoplasms,-4.562039868575709e-05,2.994377506124125,0.007655436911766098,5.7366762292833726e-08
7,Phe_165.1,Cancer of bronchus; lung,neoplasms,-4.681603746451452e-05,1.9362693733771357,0.005315956542188091,0.00016431664602355447
8,Phe_172,Skin cancer,neoplasms,0.0005863684797749398,2.286215395744497,0.016998245793207797,1.9280772911937365e-33
9,Phe_172.2,Other non-epithelial cancer of skin,neoplasms,0.0005880786458373348,2.1716915638993783,0.013944379599311121,4.8218264770253124e-23
10,Phe_174,Breast cancer,neoplasms,-3.983067059873493e-06,1.220389980412464,0.0027846860499593272,0.04838223591152628
11,Phe_189,Cancer of urinary organs (incl. kidney and bladder),neoplasms,-7.48055729646561e-05,2.048393233235953,0.0062389342058433595,9.749221876089732e-06
12,Phe_189.11,"Malignant neoplasm of kidney, except pelvis",neoplasms,-4.1676451937770057e-05,1.8992338887986,0.0032001812173496854,0.023296836704276673
13,Phe_189.2,Cancer of bladder,neoplasms,-0.00010123872511305782,1.908730058242593,0.002792687681320055,0.047740863758251255
14,Phe_189.21,Malignant neoplasm of bladder,neoplasms,-0.00011599845233035024,1.4844257727643893,0.002457432512870803,0.08150618547996986
15,Phe_195,"Cancer, suspected or other",neoplasms,0.0002923923178899975,3.1340282699010764,0.006824747622520909,1.3118960803375552e-06
16,Phe_195.1,"Malignant neoplasm, other",neoplasms,0.00029701580010976834,2.7696071618225284,0.025572365126870843,1.8291322697728323e-73
17,Phe_197,Chemotherapy,neoplasms,-0.000141566584698526,1.7982693672926113,0.012571554592295421,5.011937634815166e-19
18,Phe_198,Secondary malignant neoplasm,neoplasms,6.823532798383325e-05,2.2193155561236395,0.004779332574239086,0.0007041338778653894
19,Phe_198.1,Secondary malignancy of lymph nodes,neoplasms,7.143021364895499e-05,1.8843579900245075,0.007460036143741151,1.234583513718836e-07
20,Phe_198.2,Secondary malignancy of respiratory organs,neoplasms,2.012642653712706e-05,2.600559652792609,0.009017542847041385,1.6326721124642498e-10
21,Phe_198.3,Secondary malignant neoplasm of digestive systems,neoplasms,-2.351350219578549e-05,2.1334601490407596,0.00527448491343816,0.00018477445856949376
22,Phe_198.4,Secondary malignant neoplasm of liver,neoplasms,-5.8705760954870376e-06,2.3832658674236127,0.008438739296360308,2.2026504253076034e-09
23,Phe_198.6,Secondary malignancy of bone,neoplasms,0.000156609541735808,2.3604306510026443,0.007537678948249419,9.124870302750923e-08
24,Phe_199,Neoplasm of uncertain behavior,neoplasms,1.7809969641353835e-05,4.8071719985369015,0.014337516354667288,2.8700390021078974e-24
25,Phe_202,"Cancer of other lymphoid, histiocytic tissue",neoplasms,-0.000133688466113593,2.1613362301402326,0.004474731554063929,0.0015137360791776992
26,Phe_202.2,Non-Hodgkins lymphoma,neoplasms,-0.00014530609303900168,2.1987674772927557,0.005122026627862103,0.00028243913151694273
27,Phe_204,Leukemia,neoplasms,8.943465734036478e-06,3.5346852930418393,0.0060311020265349955,1.9085357791144508e-05
28,Phe_208,Benign neoplasm of colon,neoplasms,-1.29832700872761e-05,1.7428871158440562,0.012452118289666502,1.0720755953076476e-18
29,Phe_211,Benign neoplasm of other parts of digestive system,neoplasms,-4.077888046419869e-05,2.2874194961941163,0.011057016807779088,4.567868930583559e-15
30,Phe_214,Lipoma,neoplasms,0.0001308667331362418,1.9129534619898434,0.004287244108233756,0.0023726220698528063
31,Phe_214.1,Lipoma of skin and subcutaneous tissue,neoplasms,0.00013493868974802964,2.4308195971797106,0.010928052569406477,9.420397551830134e-15
32,Phe_215,Other benign neoplasm of connective and other soft tissue,neoplasms,1.577323769613331e-05,3.272594399569799,0.008150719834964926,7.56251621365562e-09
33,Phe_216,Benign neoplasm of skin,neoplasms,0.00022625452211973198,3.40582756059679,0.024385703741253765,5.696622325640872e-67
34,Phe_228,"Hemangioma and lymphangioma, any site",neoplasms,0.4994543463211446,233.28922934076138,0.9999999999999998,0.0
35,Phe_229,Benign neoplasm of unspecified sites,neoplasms,-5.6292150066033414e-05,3.070605190401598,0.010597297994635636,5.807035317154884e-14
36,Phe_241,Nontoxic nodular goiter,endocrine/metabolic,-7.44714676678938e-05,0.0,-0.0004034598110699327,0.7748764173703887
37,Phe_242,Thyrotoxicosis with or without goiter,endocrine/metabolic,-0.00014570383314398713,1.6200640926441763,0.0026730934354889965,0.05810696199660525
38,Phe_244,Hypothyroidism,endocrine/metabolic,-0.0005000726093190981,1.6045674424002445,0.008478466455191583,1.8521077119017534e-09
39,Phe_244.1,Secondary hypothyroidism,endocrine/metabolic,-0.000159201829403527,3.022902690049302,0.007902378516057575,2.120405912054524e-08
40,Phe_244.4,Hypothyroidism NOS,endocrine/metabolic,-0.0004891595548091241,1.5502798144268217,0.007524556635461302,9.605194746065429e-08
41,Phe_250.1,Type 1 diabetes,endocrine/metabolic,-0.00023679769146327362,1.7609025639984588,0.004382174007060509,0.0018936459351234188
42,Phe_250.2,Type 2 diabetes,endocrine/metabolic,-0.000178209894775723,1.7084785054048535,0.011693094674435562,1.1399793280058794e-16
43,Phe_250.23,Type 2 diabetes with ophthalmic manifestations,endocrine/metabolic,-0.0001903724694142443,1.6349661276619283,0.0028145410256185787,0.04602551844686375
44,Phe_250.7,Diabetic retinopathy,endocrine/metabolic,-0.00018787694974020024,1.609585023480889,0.0027233556481417983,0.05354245398240521
45,Phe_260,Protein-calorie malnutrition,endocrine/metabolic,2.2358620057032257e-05,3.471565912808949,0.004194713940968077,0.0029438873839753798
46,Phe_261,Vitamin deficiency,endocrine/metabolic,-0.00041531088074848495,6.480256370576704,0.003043567604921516,0.03096585032699293
47,Phe_272,Disorders of lipoid metabolism,endocrine/metabolic,7.674561024337453e-06,1.549301564004982,0.012474065631596235,9.327726300506375e-19
48,Phe_272.1,Hyperlipidemia,endocrine/metabolic,1.073434017152096e-05,1.6374307827644048,0.005263908872446546,0.0001903622428884141
49,Phe_272.11,Hypercholesterolemia,endocrine/metabolic,-0.00016158482528577672,1.5864921813179422,0.012770025803501778,1.3946365985020094e-19
50,Phe_274,Gout and other crystal arthropathies,endocrine/metabolic,-0.0001902540993399385,1.7896160059017312,0.004431601227835704,0.0016810616938955816
51,Phe_274.1,Gout,endocrine/metabolic,-0.00017742273633588045,1.9567596123642614,0.005040505484895133,0.0003527711721787342
52,Phe_275,Disorders of mineral metabolism,endocrine/metabolic,0.00017228429894138326,0.0,-0.00037023900935533196,0.7929723269692458
53,Phe_275.5,Disorders of calcium__phosphorus metabolism,endocrine/metabolic,3.9513897701096245e-05,1.7400368730797333,0.002973126522784708,0.03506758897321137
54,Phe_276,"Disorders of fluid, electrolyte, and acid-base balance",endocrine/metabolic,-3.062880806515247e-05,2.4344746905680053,0.015530802612067374,3.4182229634632617e-28
55,Phe_276.1,Electrolyte imbalance,endocrine/metabolic,-5.235169001279343e-05,0.0,-0.0014342492334433034,0.3092948962258073
56,Phe_276.12,Hyposmolality and__or hyponatremia,endocrine/metabolic,-2.195319234771603e-05,2.996008938451559,0.010974362108077304,7.271087538121153e-15
57,Phe_276.14,Hypopotassemia,endocrine/metabolic,-1.8134868457054132e-06,1.8813647527480755,0.004272432321352658,0.002456649743523755
58,Phe_276.5,Hypovolemia,endocrine/metabolic,-1.5574915639934598e-05,2.283950497042419,0.008449660146279504,2.100318094243337e-09
59,Phe_277,Other disorders of metabolism,endocrine/metabolic,0.0008494755962887527,2.4785044285871063,0.005318659032726925,0.00016306035331363958
60,Phe_278,"Overweight, obesity and other hyperalimentation",endocrine/metabolic,2.2059996521456696e-05,0.0,-0.0001851172942867229,0.8955974322604112
61,Phe_278.1,Obesity,endocrine/metabolic,2.1469346119820417e-05,1.8473541474235857,0.011079791568943849,4.016313809933933e-15
62,Phe_280,Iron deficiency anemias,hematopoietic,-0.000162094175889416,2.101544321109233,0.011824202687104267,5.196331079339423e-17
63,Phe_280.1,"Iron deficiency anemias, unspecified or not due to blood loss",hematopoietic,-0.00016573191087291745,2.1390736225631923,0.011957462130856356,2.3179414666678777e-17
64,Phe_281,Other deficiency anemia,hematopoietic,-0.000156660981855934,0.0,-0.0002776773229099901,0.8439541032298439
65,Phe_281.1,Megaloblastic anemia,hematopoietic,-0.00014383500310012447,0.0,-0.00037023900935533196,0.7929723269692458
66,Phe_285,Other anemias,hematopoietic,-0.00017954105043113626,1.9547939834507015,0.012123482827308952,8.374554431736475e-18
67,Phe_287,Purpura and other hemorrhagic conditions,hematopoietic,-0.00011391666085371401,0.0,-0.0011375460971303896,0.42002536910117794
68,Phe_287.3,Thrombocytopenia,hematopoietic,-7.52943580194416e-05,2.9982797641422616,0.008335765026846811,3.439596311673544e-09
69,Phe_288,Diseases of white blood cells,hematopoietic,-0.00013886701374985302,2.5468256478249063,0.004337111256219618,0.002108696274151556
70,Phe_289,Other diseases of blood and blood-forming organs,hematopoietic,-7.217680704014969e-06,1.8638287297530869,0.002192742600953469,0.12009372419557057
71,Phe_289.4,Lymphadenitis,hematopoietic,-4.65137639108161e-06,1.9498116513239643,0.005629998661613064,6.579752750808698e-05
72,Phe_290,Delirium dementia and amnestic and other cognitive disorders,mental disorders,-1.2882568443780953e-05,2.3065319285103527,0.0032200164421476414,0.022454400982363353
73,Phe_292,Neurological disorders,mental disorders,-1.737395253173794e-05,2.2324328166580036,0.0033009825122275833,0.019284390168252723
74,Phe_292.1,Aphasia__speech disturbance,mental disorders,-8.727348106945621e-06,2.7104142827972275,0.007790566569980026,3.339915844842942e-08
75,Phe_292.4,Altered mental status,mental disorders,-1.412480037757166e-05,2.8085068175019687,0.010386791535631481,1.7965241076859925e-13
76,Phe_293,Symptoms involving head and neck,mental disorders,1.1445218914597573e-05,1.823219554350533,0.004054058504919997,0.0040552857584097955
77,Phe_296,Mood disorders,mental disorders,7.161396208035863e-06,4.0927934972063404,0.003056806071598641,0.030242805080731974
78,Phe_296.1,Bipolar,mental disorders,-2.946958568265432e-06,1.3097960474528088,0.0011498778657583414,0.41500424550458515
79,Phe_296.2,Depression,mental disorders,9.194980140713382e-06,2.0829395476853696,0.0023733163144113666,0.09249423667952807
80,Phe_300,Anxiety disorders,mental disorders,-9.763985989103746e-05,1.3563327287253568,0.0007495816175324988,0.5951699757697202
81,Phe_300.1,Anxiety disorder,mental disorders,-8.883731275034175e-05,1.7631909887872885,0.007058863296661044,5.617964897947745e-07
82,Phe_306,Other mental disorder,mental disorders,5.043597626237235e-07,1.691272223303473,0.014409847857477292,1.6935733471138515e-24
83,Phe_317,Alcohol-related disorders,mental disorders,-4.1260589294479894e-05,1.434455043003803,0.0036185390495385127,0.010314695441062982
84,Phe_317.1,Alcoholism,mental disorders,-4.2148576331321544e-05,1.9547276709184,0.00996888548194325,1.5847826165102786e-12
85,Phe_318,Tobacco use disorder,mental disorders,-4.5468314739811246e-05,1.6601290892282745,0.01059797165338967,5.785881985793912e-14
86,Phe_327,Sleep disorders,neurological,7.2389953068918115e-06,1.0217046540471302,7.445969401419645e-05,0.9579051658397025
87,Phe_327.3,Sleep apnea,neurological,9.278476660567331e-06,1.6656232314872952,0.005139097812868405,0.0002694815321263723
88,Phe_331,Other cerebral degenerations,neurological,-9.796230609723712e-06,2.831179967727687,0.0034417000396731847,0.014697865784706858
89,Phe_332,Parkinson's disease,neurological,6.62079826294706e-05,1.9260204692735718,0.0037805225148403116,0.007363885556564016
90,Phe_334,Degenerative disease of the spinal cord,neurological,-7.890820020173506e-06,3.89165982218583,0.012632922335317223,3.3817221026548785e-19
91,Phe_335,Multiple sclerosis,neurological,0.00017826813536282708,0.7899183837723297,-0.0008199781223510156,0.5610643203996989
92,Phe_339,Other headache syndromes,neurological,1.715256204271141e-05,2.1484175906702543,0.011424980821038438,5.535024852780498e-16
93,Phe_340,Migraine,neurological,-1.9827820361375733e-06,2.364232114459755,0.008260025053813663,4.75812420322624e-09
94,Phe_342,Hemiplegia,neurological,6.709320890057967e-06,2.465658521487722,0.006744989373953254,1.7407625023918055e-06
95,Phe_345,"Epilepsy, recurrent seizures, convulsions",neurological,1.2999664256665947e-05,2.268774746231506,0.008114915821541268,8.790808104696972e-09
96,Phe_345.3,Convulsions,neurological,4.392857235613589e-06,2.520531889636077,0.008150944751360302,7.555354701941899e-09
97,Phe_348,Other conditions of brain,neurological,-1.2302449895493007e-05,3.056190777389887,0.002880682524410512,0.041147019253350396
98,Phe_350,Abnormal movement,neurological,6.988654083874463e-05,1.8754624319551405,0.00581638294709089,3.7377786608837004e-05
99,Phe_350.2,Abnormality of gait,neurological,0.0001453632255159571,2.2417749874654684,0.0065492097980402175,3.4402698707732603e-06
100,Phe_351,Other peripheral nerve disorders,neurological,-0.00013039399417098178,1.6330246053853295,0.007772015568094142,3.5992840665751696e-08
101,Phe_352,Disorders of other cranial nerves,neurological,1.7395155896815804e-05,2.200841786233598,0.00114445785625364,0.4172067261310233
102,Phe_353,Nerve root and plexus disorders,neurological,1.5786350573850326e-05,2.3594359478205953,0.005012587496260313,0.00038040748944115284
103,Phe_357,Inflammatory and toxic neuropathy,neurological,-8.984620057982824e-06,2.7699248866317316,0.007829792060123877,2.849809604594956e-08
104,Phe_361,Retinal detachments and defects,sense organs,-7.827530937340213e-05,1.225258557461982,0.001117412054868682,0.4282996180870855
105,Phe_361.1,Retinal detachment with retinal defect,sense organs,-5.734684451941765e-05,1.0641677972969348,0.00026433228698876466,0.8513640218428312
106,Phe_362,Other retinal disorders,sense organs,5.9891212874209404e-06,1.101905941555553,0.00036364719308682966,0.7965766328148257
107,Phe_362.2,Degeneration of macula and posterior pole of retina,sense organs,6.610538089890926e-06,1.0628210903907125,0.0003669343301353564,0.7947787281864336
108,Phe_362.29,Macular degeneration (senile) of retina NOS,sense organs,7.212379816898366e-06,1.0628210903907125,0.0003669343301353564,0.7947787281864336
109,Phe_365,Glaucoma,sense organs,-5.122140817142316e-05,2.2921862276408875,0.009243633776492469,5.650118711472238e-11
110,Phe_365.1,Open-angle glaucoma,sense organs,-5.522548209762053e-05,2.614233626550688,0.006480041354484744,4.357022134308524e-06
111,Phe_365.11,Primary open angle glaucoma,sense organs,-5.353529846060549e-05,2.62403525235993,0.0065071552598971565,3.972753599145503e-06
112,Phe_366,Cataract,sense organs,-0.00012571629327200263,1.2834180760513014,0.0044384387490723765,0.0016534476411891091
113,Phe_366.2,Senile cataract,sense organs,-6.62120826030716e-05,1.3356549978899859,0.0038658751274527245,0.006135903380834967
114,Phe_367,Disorders of refraction and accommodation; blindness and low vision,sense organs,-1.105538807844543e-05,3.2627864243463125,0.0025048899845285326,0.07578989157081786
115,Phe_367.1,Myopia,sense organs,-8.438987540528516e-06,1.345252643964025,0.0014607955985935196,0.30042579120734747
116,Phe_368,Visual disturbances,sense organs,-9.580333230984891e-06,2.9530282195033086,0.007375051717066331,1.7130321147172218e-07
117,Phe_371,Inflammation of the eye,sense organs,3.666416961870399e-05,3.2627864243463125,0.0025048899845285326,0.07578989157081786
118,Phe_371.3,Inflammation of eyelids,sense organs,5.2257997079987725e-05,1.9098875658582648,0.004852417787148299,0.0005822010410244605
119,Phe_374,Other disorders of eyelids,sense organs,-6.603898132182067e-05,2.2175782256726366,0.00734135229898492,1.9487114606824783e-07
120,Phe_374.1,Ectropion or entropion,sense organs,-3.4181257751977144e-06,1.3280221784104063,0.0012091180011332987,0.3913825716036632
121,Phe_374.3,Ptosis of eyelid,sense organs,-2.8617805288670607e-05,1.563367880913516,0.002709718460395229,0.05475027016976779
122,Phe_375,Disorders of lacrimal system,sense organs,7.482669344108958e-05,1.1315564883141214,0.0006071543604606326,0.6669075718735611
123,Phe_378,Strabismus and other disorders of binocular eye movements,sense organs,-3.808358216252259e-05,0.0,-0.0010473107809906548,0.45783793380003557
124,Phe_379,Other disorders of eye,sense organs,-3.044952802934598e-05,2.055411712253404,0.002082386698539038,0.13990319601780746
125,Phe_379.2,Disorders of vitreous body,sense organs,-4.812892775246478e-05,2.33178192106425,0.0056620176441199,5.977687574665514e-05
126,Phe_379.3,Aphakia and other disorders of lens,sense organs,-4.375272382660523e-05,1.5172108442725267,0.0027290831180954394,0.05304186101272195
127,Phe_380,Disorders of external ear,sense organs,-2.2411903226280908e-05,0.7926021381905822,-0.0005709286041539537,0.6856858846419353
128,Phe_381,Otitis media and Eustachian tube disorders,sense organs,2.2451594372060927e-06,1.7356655547841562,0.003713666803086853,0.008475120940342647
129,Phe_381.1,Otitis media,sense organs,6.388161372009924e-08,1.95904181391822,0.0033603717078606625,0.017214819606924007
130,Phe_384,Other disorders of tympanic membrane,sense organs,0.00010132007318222959,1.399735376044568,0.000827730634159016,0.5573669770251501
131,Phe_384.4,Perforation of tympanic membrane,sense organs,9.936089643591379e-05,1.5083355345307845,0.001757873891411194,0.21272318880612315
132,Phe_386,Vertiginous syndromes and other disorders of vestibular system,sense organs,7.029517244054872e-07,4.761004680423701,0.0034464702521570913,0.014560863387320239
133,Phe_386.9,Dizziness and giddiness (Light-headedness and vertigo),sense organs,-1.1878119276181717e-05,2.049486709376627,0.008351761748047339,3.2106014733075824e-09
134,Phe_389,Hearing loss,sense organs,-1.5769826890426486e-05,2.2406797055263374,0.008495448614494031,1.7194280569649922e-09
135,Phe_394,Rheumatic disease of the heart valves,circulatory system,-0.00014039294203570891,2.3648878347006224,0.005182086488608414,0.00023927728646116849
136,Phe_394.2,Mitral valve disease,circulatory system,-0.000171965318896676,2.123814549936124,0.007349398845619463,1.8897411605911695e-07
137,Phe_394.3,Aortic valve disease,circulatory system,-4.019393473202153e-05,1.6475228060788232,0.002768008270261523,0.04974232878871281
138,Phe_394.7,Disease of tricuspid valve,circulatory system,4.936655508309542e-06,1.0267007648248667,0.0001119879089215846,0.9367261374033584
139,Phe_395,Heart valve disorders,circulatory system,-0.00010923436982310997,2.0008816006839543,0.007736664842490524,4.148669802257458e-08
140,Phe_395.1,Nonrheumatic mitral valve disorders,circulatory system,-0.00016338871439427764,2.152385424825645,0.007401118448130971,1.5498803001631202e-07
141,Phe_395.6,Heart valve replaced,circulatory system,-4.547651344931245e-05,1.8170515483053675,0.0036438933251143214,0.00979253946709494
142,Phe_396,Abnormal heart sounds,circulatory system,0.0,2.0693899704975878,0.004077135484760862,0.0038501175920175397
143,Phe_401.1,Essential hypertension,circulatory system,0.0002003024178777144,1.504439405801414,0.017831432739737953,1.2505646557806673e-36
144,Phe_401.2,Hypertensive heart and__or renal disease,circulatory system,-9.568543226573913e-05,0.0,-0.0006988393165962245,0.6203254470041948
145,Phe_401.22,Hypertensive chronic kidney disease,circulatory system,-8.033626958434341e-05,2.582123327640766,0.006689261936965591,2.1172560882169815e-06
146,Phe_402,Elevated blood pressure reading without diagnosis of hypertension,circulatory system,1.9729340529991155e-05,1.4791889541533785,0.002088708562701892,0.13870438797289422
147,Phe_411.1,Unstable angina (intermediate coronary syndrome),circulatory system,-4.4222061638893335e-05,1.6302057080152201,0.00486780455064385,0.0005591739773494947
148,Phe_411.2,Myocardial infarction,circulatory system,-7.179864344167638e-05,1.2156742753255045,0.002685057341958715,0.05699214490367825
149,Phe_411.3,Angina pectoris,circulatory system,-0.00012183445734260358,1.49478747844076,0.007075298230950383,5.287963479204849e-07
150,Phe_411.4,Coronary atherosclerosis,circulatory system,0.00016460802412467438,1.187835492103574,0.0029986020939603126,0.033533566257978396
151,Phe_411.8,"Other chronic ischemic heart disease, unspecified",circulatory system,-0.00010627278139538498,1.4392672498401786,0.006149722517796108,1.3040745014394027e-05
152,Phe_411.9,Other acute and subacute forms of ischemic heart disease,circulatory system,-5.6484756797108024e-05,1.1548971749542645,0.0006456677762455984,0.6471699882828973
153,Phe_414,Other forms of chronic heart disease,circulatory system,6.598941358983163e-05,1.4369524443533193,0.0023120555513956803,0.10122190180646284
154,Phe_415,Pulmonary heart disease,circulatory system,0.0001751014519344172,1.8067762552668223,0.005528971545359399,8.877899311724214e-05
155,Phe_416,Cardiomegaly,circulatory system,-2.7924166432550097e-05,1.5285557277184996,0.003269134854589948,0.02048134045607813
156,Phe_418,Nonspecific chest pain,circulatory system,-4.77937360165888e-05,1.5816218938356703,0.01137519276684797,7.393422037529882e-16
157,Phe_418.1,Precordial pain,circulatory system,2.1270647705217658e-05,1.381130732645984,0.0026887762158050083,0.05664926054475617
158,Phe_420,Carditis,circulatory system,0.00013070984413230468,0.0,-0.0003584820226312221,0.7994039095326186
159,Phe_420.2,Pericarditis,circulatory system,9.344057643361452e-05,2.551810798776319,0.0059966107357235215,2.1293195355336604e-05
160,Phe_425,Cardiomyopathy,circulatory system,-1.4382023769497052e-06,0.0,-0.000498455968724167,0.7238316484961734
161,Phe_425.1,Primary__intrinsic cardiomyopathies,circulatory system,-7.649922013340495e-07,1.1506250522355679,0.0005623930601560815,0.6901393897408801
162,Phe_426,Cardiac conduction disorders,circulatory system,1.1394184878282725e-05,3.7779632281904676,0.00404200644145634,0.004166335433200682
163,Phe_426.2,Atrioventricular [AV] block,circulatory system,-4.213306142108659e-05,2.344615370258908,0.0017560055738336244,0.21320974596096517
164,Phe_426.3,Bundle branch block,circulatory system,-9.303754145352085e-06,1.4490014244767788,0.0009137878365462917,0.5171397556577653
165,Phe_426.31,Right bundle branch block,circulatory system,-4.071279556342652e-06,1.5966563224842982,0.0028395980947015682,0.04412287548340236
166,Phe_426.32,Left bundle branch block,circulatory system,6.839383422364275e-06,1.253821857390723,0.0012856536295255527,0.3621020638098199
167,Phe_426.9,Cardiac pacemaker__device in situ,circulatory system,2.626276608214804e-05,0.0,-0.0016997141764674962,0.22824799356813763
168,Phe_426.91,Cardiac pacemaker in situ,circulatory system,2.2068590228614565e-05,1.8191416108852054,0.0046408807902838375,0.0010025222503066554
169,Phe_427,Cardiac dysrhythmias,circulatory system,4.305431249707015e-05,1.4612481815928433,0.008477267667725307,1.861841699220775e-09
170,Phe_427.1,"Paroxysmal tachycardia, unspecified",circulatory system,-7.001441478266801e-05,1.4765141097516543,0.0005544825271048816,0.6942763951836116
171,Phe_427.11,Paroxysmal supraventricular tachycardia,circulatory system,-3.59060848565619e-05,1.4324777240222188,0.0023489566427722253,0.095889447624622
172,Phe_427.2,Atrial fibrillation and flutter,circulatory system,6.596044393439784e-05,1.5095815207456336,0.007118424975534738,4.5084617001703105e-07
173,Phe_427.3,Other specified cardiac dysrhythmias,circulatory system,1.6294401912781573e-05,1.4634885980992676,0.0030796229212526334,0.02903064622621309
174,Phe_427.4,Cardiac arrest and ventricular fibrillation,circulatory system,6.87959307322243e-06,1.5853423844380017,0.0023741653830818893,0.09237765875925638
175,Phe_427.7,Tachycardia NOS,circulatory system,-0.00013296903906528538,1.6182660192894103,0.0034478315951660776,0.014521972152792566
176,Phe_427.9,Palpitations,circulatory system,4.926962561764733e-05,1.60548437344092,0.004242849299907942,0.002632678915462644
177,Phe_428,Congestive heart failure; nonhypertensive,circulatory system,7.738512605060967e-05,1.6691459673346816,0.005910531321190158,2.7912759193815364e-05
178,Phe_428.1,Congestive heart failure (CHF) NOS,circulatory system,4.717284898382292e-05,1.9403040976498038,0.0052459117676399505,0.00020023754589158207
179,Phe_428.2,Heart failure NOS,circulatory system,6.937749497830012e-05,1.5856532155701708,0.0045876788006340265,0.0011455416836018374
180,Phe_430,Intracranial hemorrhage,circulatory system,1.660695190639123e-05,2.5777815396769213,0.0019650773827515826,0.16362165942536488
181,Phe_433,Cerebrovascular disease,circulatory system,8.586834124684202e-06,2.02860199426749,0.004576386851476855,0.0011782273367567182
182,Phe_433.1,Occlusion and stenosis of precerebral arteries,circulatory system,-5.435628654416035e-05,1.219812963873262,0.0007970332769739115,0.5720762519711311
183,Phe_433.2,Occlusion of cerebral arteries,circulatory system,4.113251407015936e-05,1.698333238086284,0.00437158144907749,0.001942302749605373
184,Phe_433.21,"Cerebral artery occlusion, with cerebral infarction",circulatory system,3.7732558762679305e-06,1.7047075582079751,0.003421744431280277,0.015283393923329903
185,Phe_433.3,Cerebral ischemia,circulatory system,-2.0311168599247555e-05,3.181216763737655,0.00848461837857693,1.802929899811133e-09
186,Phe_433.31,Transient cerebral ischemia,circulatory system,-2.1690208284678046e-05,1.371841270216826,0.0019099909879250496,0.1757541195846404
187,Phe_433.8,Late effects of cerebrovascular disease,circulatory system,2.3018030213249754e-05,2.888672973511161,0.00787071925953165,2.4130040173344175e-08
188,Phe_440,Atherosclerosis,circulatory system,-5.6260887874854225e-05,0.897266266695236,-0.00015336540187090456,0.9134271457284474
189,Phe_442,Other aneurysm,circulatory system,-4.378575156119098e-05,9.927201248543037,0.005664998967485294,5.92436520957654e-05
190,Phe_442.1,Aortic aneurysm,circulatory system,-4.026709156796858e-05,1.998194683860911,0.0028262328822496246,0.04512929751272933
191,Phe_443,Peripheral vascular disease,circulatory system,-0.00014558218132863622,1.5365666348806943,0.0038938649366717683,0.005775352114446225
192,Phe_443.1,Raynaud's syndrome,circulatory system,1.5363874827196133e-06,1.8235897324235957,0.003231835988736297,0.021965100603871544
193,Phe_443.9,"Peripheral vascular disease, unspecified",circulatory system,-8.976015876846998e-05,1.4085387431895027,0.002393545179672063,0.08974873338136115
194,Phe_447,Other disorders of arteries and arterioles,circulatory system,-4.682591516837629e-05,4.221156140062027,0.008591378313253186,1.1268661236975e-09
195,Phe_451,Phlebitis and thrombophlebitis,circulatory system,0.00019788019226733578,2.164093036556228,0.0025028244358911264,0.07603169200428683
196,Phe_451.2,Phlebitis and thrombophlebitis of lower extremities,circulatory system,0.00019946337298246776,1.783976459664646,0.005208569944835496,0.00022228281308290978
197,Phe_454,Varicose veins,circulatory system,0.00019123827628486623,2.5152477556955404,0.0038231536190032837,0.006725389867016835
198,Phe_454.1,Varicose veins of lower extremity,circulatory system,0.00019014043650376994,1.2517958647553051,0.002832573164522544,0.04464947651850535
199,Phe_455,Hemorrhoids,circulatory system,-6.0901317041219434e-05,1.6751191955139784,0.011611689001671192,1.8487865751505268e-16
200,Phe_458,Hypotension,circulatory system,-2.0100238651585633e-05,2.2831991357472328,0.0049586236412072745,0.000439652137074649
201,Phe_458.1,Orthostatic hypotension,circulatory system,-5.114235603591546e-05,2.7715639700459156,0.008121072674417102,8.566599949959376e-09
202,Phe_458.9,Hypotension NOS,circulatory system,-1.2814833995545772e-05,2.0658606730733213,0.0077510522295456165,3.915908596191557e-08
203,Phe_459,Other disorders of circulatory system,circulatory system,0.00017972416772883538,1.1492080263091693,0.00019680821134382374,0.8890453792880317
204,Phe_459.9,Circulatory disease NEC,circulatory system,0.00017485145695980074,1.9996746234375578,0.015107634269444779,9.134019117373247e-27
205,Phe_465,Acute upper respiratory infections of multiple or unspecified sites,respiratory,-2.624182994721114e-06,1.7972976066314437,0.003262583956392577,0.02073542862941218
206,Phe_470,Septal Deviations__Turbinate Hypertrophy,respiratory,5.258226979352436e-06,1.5848978298212453,0.0042311420437701214,0.0027054701640189427
207,Phe_471,Nasal polyps,respiratory,-0.00016686706571817319,1.4813756331609966,0.0029177040154739773,0.03861283378776126
208,Phe_473,Diseases of the larynx and vocal cords,respiratory,1.7791193337001644e-05,2.5226385871356425,0.006513537780549719,3.887140209106184e-06
209,Phe_473.4,Voice disturbance,respiratory,8.959981586495801e-05,2.042262613757507,0.003723045284724428,0.00831069522903953
210,Phe_474,Acute and chronic tonsillitis,respiratory,1.2136965918323441e-05,0.4151053902860523,-0.0012841153551707838,0.3626767079470812
211,Phe_474.2,Chronic tonsillitis and adenoiditis,respiratory,1.6271608442147848e-05,1.6880552050706323,0.0023707764336914744,0.0928436700548097
212,Phe_475,Chronic sinusitis,respiratory,-0.00017380032841162103,1.440056971239268,0.002440274152509523,0.08365712554307482
213,Phe_476,Allergic rhinitis,respiratory,5.750464828416742e-06,1.200047476032723,0.0008179714870734143,0.5620232590903973
214,Phe_477,Epistaxis or throat hemorrhage,respiratory,0.00016782552087058657,2.3805023402118506,0.007616345471045405,6.697290146282036e-08
215,Phe_479,Other upper respiratory disease,respiratory,4.469650867441335e-06,1.5864481158308097,0.004134320010000407,0.00338172075828096
216,Phe_480,Pneumonia,respiratory,-5.464001969927303e-05,2.1557606284376534,0.008676208279186266,7.726090600358496e-10
217,Phe_480.1,Bacterial pneumonia,respiratory,-4.6209556243608544e-05,3.2315790344036865,0.008054400882986715,1.1320951500692688e-08
218,Phe_480.11,Pneumococcal pneumonia,respiratory,-4.294155260299598e-05,2.454445799677349,0.013584202156882254,5.976817159179005e-22
219,Phe_495,Asthma,respiratory,-0.00017544228963393816,1.6337916144256897,0.011794003229466618,6.231853143227435e-17
220,Phe_496,Chronic airway obstruction,respiratory,-0.00010330041736475052,1.8498196098714044,0.008761049575168586,5.278254849748638e-10
221,Phe_496.1,Emphysema,respiratory,-6.229553871018413e-05,1.8495001965754054,0.0041534857985017016,0.003236743231167903
222,Phe_496.2,Chronic bronchitis,respiratory,-0.00013664997933669906,2.4870919972362624,0.002982237939630621,0.03451219628497963
223,Phe_496.21,Obstructive chronic bronchitis,respiratory,-0.0001457376892902639,1.6790947680846522,0.004209787565917642,0.002842998365638967
224,Phe_496.3,Bronchiectasis,respiratory,0.00010921765325292142,2.1423013460677898,0.005960339424699703,2.387627853025088e-05
225,Phe_506,Empyema and pneumothorax,respiratory,-4.9496047178003435e-05,1.9077390249828619,0.0034823243970329362,0.013566659487822421
226,Phe_507,Pleurisy; pleural effusion,respiratory,-5.349814412498618e-05,1.9848643702974962,0.0093676598491263,3.123299495513234e-11
227,Phe_508,Pulmonary collapse; interstitial and compensatory emphysema,respiratory,2.7705760703696042e-05,3.12528133082795,0.01181704712538337,5.4251811356058165e-17
228,Phe_509.1,Respiratory failure,respiratory,-3.396848178813798e-05,1.6545335414238396,0.0033846416430350747,0.016426823154912652
229,Phe_509.2,Respiratory insufficiency,respiratory,-4.071260082128014e-05,1.3003858937612118,0.0014461643059234359,0.3052929034627008
230,Phe_512,Other symptoms of respiratory system,respiratory,-4.18456127580405e-06,2.092207354349153,0.012301743033868636,2.7644544862119802e-18
231,Phe_512.7,Shortness of breath,respiratory,1.4128739033822737e-06,2.291544853656849,0.011678507885654794,1.243452654441869e-16
232,Phe_512.8,Cough,respiratory,-1.2589165666943265e-05,1.8111736588888094,0.005136422552596285,0.0002714746371269335
233,Phe_514,Abnormal findings examination of lungs,respiratory,-1.2945984111700156e-05,2.1197695200412996,0.006640711237137422,2.5079769438738808e-06
234,Phe_516,Abnormal sputum,respiratory,-1.6176199506321127e-05,0.0,-0.001071582424616679,0.4474834033528793
235,Phe_516.1,Hemoptysis,respiratory,-1.9621942505254944e-05,1.6871673390850592,0.0035186487624182155,0.012621054912943342
236,Phe_519,"Other diseases of respiratory system, not elsewhere classified",respiratory,1.4494660188981236e-07,3.1957428676816626,0.0024560447663125604,0.08167846610548744
237,Phe_519.8,"Other diseases of respiratory system, NEC",respiratory,-5.4183362574934e-06,1.978448258028593,0.010833694778516563,1.591493658805928e-14
238,Phe_520,Disorders of tooth development,digestive,-4.528181595877266e-05,0.0,-0.0006545184292087118,0.6426683675697658
239,Phe_520.2,Disturbances in tooth eruption,digestive,-4.638746945483825e-05,0.9999208643026369,-4.046117856591258e-07,0.9997711516962188
240,Phe_521,Diseases of hard tissues of teeth,digestive,5.723063560295815e-06,0.0,-0.0005069777053104944,0.7193082977327709
241,Phe_521.1,Dental caries,digestive,5.268446521092787e-06,1.3708496162730996,0.0023807482740806148,0.09147782069764035
242,Phe_522,Diseases of pulp and periapical tissues,digestive,-5.316660426015678e-06,1.1737822859912521,0.0004538874292917677,0.7476428058063713
243,Phe_522.5,Periapical abscess,digestive,-5.8181654450808615e-06,1.2094487696237628,0.0008091320783660022,0.5662568725101422
244,Phe_523,Gingival and periodontal diseases,digestive,8.286617407682717e-06,3.6712182013567602,0.006541321452716631,3.534630778293693e-06
245,Phe_523.3,Periodontitis (acute or chronic),digestive,-3.792951199511965e-06,0.0,-0.0003069844418807147,0.8277303996363012
246,Phe_525,Other diseases of the teeth and supporting structures,digestive,1.0888292258846943e-05,1.8833245076988545,0.005085889404961791,0.0003118182002722363
247,Phe_528,"Diseases of the oral soft tissues, excluding lesions specific for gingiva and tongue",digestive,3.8497414868705214e-05,2.719372860559917,0.008491454550880156,1.749774365774011e-09
248,Phe_529,Diseases and other conditions of the tongue,digestive,-8.326363650176608e-05,1.8966604011444015,0.003056874565227627,0.030239102211882352
249,Phe_530,Diseases of esophagus,digestive,0.00013513160979335508,2.9128053606678495,0.00525962818983747,0.00019266874955596025
250,Phe_530.1,"Esophagitis, GERD and related diseases",digestive,0.00014031304853466835,1.863332502721736,0.009284244710999954,4.6571763943703145e-11
251,Phe_530.11,GERD,digestive,7.090929866873086e-05,1.9399737517994928,0.013718285801145152,2.3591660251425735e-22
252,Phe_530.12,Ulcer of esophagus,digestive,7.678382475998883e-05,1.3034834164018427,0.0023323601015172238,0.09825925926421054
253,Phe_530.14,Reflux esophagitis,digestive,0.00010753452758315168,1.643874174939933,0.0073851708590491295,1.6478151746439722e-07
254,Phe_530.2,Esophageal bleeding (varices__hemorrhage),digestive,-9.134744386526363e-05,2.4170411328474892,0.006712958957352047,1.948472464924411e-06
255,Phe_530.3,Stricture and stenosis of esophagus,digestive,0.0,1.22397287167241,0.0011116210240706102,0.4306969372078796
256,Phe_530.9,Heartburn,digestive,7.07245241698529e-05,1.562030327022172,0.002851591123062879,0.043235972915666776
257,Phe_531,Peptic ulcer (excl. esophageal),digestive,0.0004090014295282531,1.817727059672263,0.007992490586559741,1.4637418874375358e-08
258,Phe_531.2,Gastric ulcer,digestive,0.0001814502315701571,1.9667704159726964,0.0070711926978048525,5.368603315200076e-07
259,Phe_531.3,Duodenal ulcer,digestive,0.0003964735568249333,1.7036433709219323,0.00426136661731869,0.0025211933800803835
260,Phe_532,Dysphagia,digestive,-8.519375495198912e-07,1.7603238115466506,0.007134578802923847,4.246046641613531e-07
261,Phe_535,Gastritis and duodenitis,digestive,-0.0001569324199894995,1.739401288366531,0.01124401984299777,1.5759118879105854e-15
262,Phe_535.1,Acute gastritis,digestive,-3.340903277022001e-05,1.6332968215222499,0.0024309158364945187,0.08484950043306336
263,Phe_535.6,Duodenitis,digestive,4.799196365470224e-05,1.819394852185037,0.008005038657408883,1.3896799837471984e-08
264,Phe_535.8,Other specified gastritis,digestive,-1.3469150543159276e-05,1.8272830683853793,0.008763995116228015,5.208563525471294e-10
265,Phe_537,Other disorders of stomach and duodenum,digestive,3.878835430226079e-06,2.1688713942197455,0.007814041042578984,3.0375946773528324e-08
266,Phe_540,Appendiceal conditions,digestive,0.00013901332821964095,1.2576238778477702,0.0004594610670978696,0.7446512905321684
267,Phe_540.1,Appendicitis,digestive,0.0001257157201884163,0.0,-0.002518007780287206,0.07426888451556618
268,Phe_540.11,Acute appendicitis,digestive,7.432654943814992e-05,1.0535642615389225,0.00027689492067703057,0.8443881629934389
269,Phe_550,Abdominal hernia,digestive,0.00015938941115667835,2.1004706497700183,0.007317803352052565,2.1316937384572867e-07
270,Phe_550.1,Inguinal hernia,digestive,0.000160559447134936,1.2227814342084085,0.0030804347818476204,0.028988297374396288
271,Phe_550.2,Diaphragmatic hernia,digestive,0.0001419542712065236,1.6311039214198897,0.01209046060802607,1.0265467752945348e-17
272,Phe_550.4,Umbilical hernia,digestive,5.1107841139324144e-05,1.720422045285851,0.004937631967976876,0.00046494271778360256
273,Phe_550.5,Ventral hernia,digestive,6.103060207755127e-05,2.1609554067005683,0.007610107558963288,6.864336852335513e-08
274,Phe_555,Inflammatory bowel disease and other gastroenteritis and colitis,digestive,0.0001893564454718299,1.279534408386173,0.0020497778339888455,0.1462137704073026
275,Phe_555.1,Regional enteritis,digestive,0.00010679452298077618,1.2547620940959443,0.0011620782745019214,0.41007169019303114
276,Phe_555.2,Ulcerative colitis,digestive,0.000190771574577467,1.2929282589969906,0.0017538860435705379,0.21376269725021974
277,Phe_556,Ulceration of the lower GI tract,digestive,-0.00019525870197933192,0.7623831024207888,-0.0005444185650128408,0.6995527682467083
278,Phe_557,Intestinal malabsorption (non-celiac),digestive,-0.0001761064902809705,1.5978714338408313,0.0011586425771477114,0.41145718609710424
279,Phe_557.1,Celiac disease,digestive,-0.0001779061709069899,1.2209178669202485,0.0010216402113507736,0.4689340691557833
280,Phe_558,Noninfectious gastroenteritis,digestive,-3.27227236430031e-05,1.6772726554383217,0.009151727610708054,8.72384231450407e-11
281,Phe_559,Ileostomy status,digestive,0.00013428057280076837,2.1071285230778445,0.004952583661904581,0.00044679424814363566
282,Phe_560.4,Other intestinal obstruction,digestive,1.459116099055337e-05,1.9191128416876435,0.006035838430790246,1.879977003320601e-05
283,Phe_561,Symptoms involving digestive system,digestive,-8.177908745481808e-05,1.6907403321792676,0.00952316805256154,1.46950783889013e-11
284,Phe_561.2,Flatulence,digestive,-8.727492466791475e-07,2.2717303231684625,0.00609849664313806,1.5384737771617572e-05
285,Phe_562,Diverticulosis and diverticulitis,digestive,-0.00011907415947551189,1.5805656868885969,0.01138089727968513,7.152656967254865e-16
286,Phe_562.1,Diverticulosis,digestive,-0.00011886900160906426,1.5805656868885969,0.01138089727968513,7.152656967254865e-16
287,Phe_563,Constipation,digestive,-5.872491404827608e-05,2.1421824171771062,0.013925191017097884,5.5228426394753e-23
288,Phe_564,Functional digestive disorders,digestive,-6.281831077725016e-05,3.005336287803689,0.006549386941823679,3.438178851071691e-06
289,Phe_564.1,Irritable Bowel Syndrome,digestive,1.4558270915728899e-05,1.9403274860791389,0.007993622613692613,1.4569060536290737e-08
290,Phe_564.8,Abnormal findings on exam of gastrointestinal tract__ abdominal area,digestive,-6.557152190093951e-06,2.5636179048435315,0.007454336515761683,1.2621420096410662e-07
291,Phe_564.9,Personal history of diseases of digestive system,digestive,-6.034362977570008e-05,2.154192254143442,0.01689497028657515,4.6751155762242554e-33
292,Phe_565,Anal and rectal conditions,digestive,-6.189284025441511e-07,1.3528626637533494,0.0035786821816531445,0.011185702312676299
293,Phe_565.1,Anal and rectal polyp,digestive,1.2058261857597795e-05,1.8852938719084504,0.008694958518439965,7.104321488646899e-10
294,Phe_568,Other disorders of peritoneum,digestive,0.0010912892776288054,1.3106136479818054,0.000542643612816261,0.7004848626278444
295,Phe_568.1,Peritoneal adhesions (postoperative) (postinfection),digestive,0.0014523811525684533,1.4495823029792747,0.0029539143390549544,0.03626372556540886
296,Phe_569,Other disorders of intestine,digestive,-3.901727651785743e-05,3.1687597230573314,0.014897464353283697,4.517612231254394e-26
297,Phe_571,Chronic liver disease and cirrhosis,digestive,-0.00011872640849780732,2.6939801605395863,0.011070180477822253,4.24058216201775e-15
298,Phe_571.5,Other chronic nonalcoholic liver disease,digestive,-0.000160195646044012,2.6758931415520077,0.008344077583813284,3.318685125507064e-09
299,Phe_572,Ascites (non malignant),digestive,-0.00019208374637741068,2.8220471291221134,0.008419281894969797,2.397137344271057e-09
300,Phe_573,Other disorders of liver,digestive,0.0016862191231376703,4.848756531396217,0.01803476694598331,1.9779383763577276e-37
301,Phe_573.7,Abnormal results of function study of liver,digestive,0.0020764541172148955,2.6112894419799972,0.011161212290677595,2.529999810501508e-15
302,Phe_574,Cholelithiasis and cholecystitis,digestive,0.0019934156864338535,1.8930041473450108,0.01262813344556925,3.4873936802110185e-19
303,Phe_574.1,Cholelithiasis,digestive,0.002011089109594912,1.888754482037427,0.009304139432895773,4.235215117661828e-11
304,Phe_574.11,Cholelithiasis with acute cholecystitis,digestive,0.0022259478179690846,1.6715753109951554,0.0029438891212243113,0.03690157876296972
305,Phe_574.12,Cholelithiasis with other cholecystitis,digestive,0.002183420994884066,2.1003134642091585,0.008918259217286,2.581179130722917e-10
306,Phe_574.2,Calculus of bile duct,digestive,0.0024163727652013883,1.5247662048415775,0.0029540991664523575,0.03625205472891528
307,Phe_574.3,Cholecystitis without cholelithiasis,digestive,0.002335261945778717,2.239092473568916,0.0071483113777990005,4.0346084121753656e-07
308,Phe_575,Other biliary tract disease,digestive,0.00467329155154756,3.1073360465470268,0.015013951572581296,1.8676793479341304e-26
309,Phe_575.7,Other disorders of gallbladder,digestive,0.002354189572860313,2.980599490348794,0.008286579637636049,4.247809585500328e-09
310,Phe_575.8,Other disorders of biliary tract,digestive,0.009381144511057114,3.2077269034354687,0.008186780026975888,6.494722230910724e-09
311,Phe_577,Diseases of pancreas,digestive,0.0021633933486739326,3.0899235674273027,0.0058277596834693385,3.609010923190159e-05
312,Phe_577.1,Acute pancreatitis,digestive,0.002232963637974417,2.649508567186387,0.006418179216220599,5.3715325138556505e-06
313,Phe_578.1,Hematemesis,digestive,-4.114565025996643e-05,2.3089476510999107,0.006345148514370416,6.860964572369054e-06
314,Phe_578.2,Blood in stool,digestive,-2.6469047859498052e-05,1.9405394694318594,0.005420285798769475,0.00012187257979956577
315,Phe_578.9,Hemorrhage of gastrointestinal tract,digestive,-2.2915375226721144e-05,1.6676344338666544,0.00594665759691519,2.4925978248469212e-05
316,Phe_579,Other symptoms involving abdomen and pelvis,digestive,7.986572132689143e-06,1.7280683654871212,0.002716727751199936,0.05412666431299581
317,Phe_579.8,Nonspecific abnormal findings in stool contents,digestive,9.246879514613805e-06,1.4580576833797585,0.002281811680803831,0.10576622793970843
318,Phe_580,Nephritis; nephrosis; renal sclerosis,genitourinary,-0.00013170440573870586,1.7185210264512807,0.003106170433070988,0.027673142847678096
319,Phe_580.1,Glomerulonephritis,genitourinary,-1.3132646847048383e-05,1.7422645955247302,0.002517350557131622,0.07434449131757903
320,Phe_585,Renal failure,genitourinary,-2.9631586152526132e-05,1.98686184168722,0.010663134920794392,4.060702449487855e-14
321,Phe_585.1,Acute renal failure,genitourinary,-7.843821850950054e-05,1.8978785516910581,0.00810826154964797,9.039544586716244e-09
322,Phe_585.2,Renal failure NOS,genitourinary,6.644436899198204e-06,2.0453999649944983,0.004393202324658571,0.0018441791137904613
323,Phe_585.3,Chronic renal failure [CKD],genitourinary,-1.1820287015896505e-05,2.4699503210252916,0.009488506497352382,1.7402204300150998e-11
324,Phe_586,Other disorders of the kidney and ureters,genitourinary,-7.879923568251452e-06,2.978736532499565,0.007615382454006712,6.722819504372367e-08
325,Phe_586.2,"Cyst of kidney, acquired",genitourinary,-6.53435299941106e-06,2.928316686285708,0.008295552954002416,4.0877239815589285e-09
326,Phe_590,Pyelonephritis,genitourinary,-7.417866619938885e-05,3.2919458514688813,0.009802162750536558,3.687556785117711e-12
327,Phe_591,Urinary tract infection,genitourinary,5.800930060085155e-05,2.085083302162701,0.013903807118751572,6.423391530648086e-23
328,Phe_592,Cystitis and urethritis,genitourinary,-2.0344015421747667e-05,2.5736343388546414,0.009649437956121155,7.8974590548417e-12
329,Phe_592.1,Cystitis,genitourinary,-1.3100522994935011e-05,2.4033348670984296,0.006910916563078455,9.631177040747485e-07
330,Phe_593,Hematuria,genitourinary,0.0002541940428092393,1.689176267421461,0.009602477465115174,9.958255671423732e-12
331,Phe_594,Urinary calculus,genitourinary,3.046415299761723e-05,0.7016217423782297,-0.0007126574382520844,0.6134292773277188
332,Phe_594.1,Calculus of kidney,genitourinary,-6.225716254993326e-07,1.1931626139287328,0.0012043475162330447,0.39325400920519105
333,Phe_594.3,Calculus of ureter,genitourinary,5.394110318805254e-05,0.9802068459695856,-0.0001061029407253573,0.9400447418107014
334,Phe_594.8,Renal colic,genitourinary,-3.00012902182602e-05,1.9810245920566067,0.004526666682627468,0.0013326549569766045
335,Phe_595,Hydronephrosis,genitourinary,7.3181454599877456e-06,1.0621298246408648,0.0003198680319135742,0.8206211224587501
336,Phe_596,Other disorders of bladder,genitourinary,9.396183082628043e-05,2.0431206637810346,0.010056100188585899,1.0132919192064281e-12
337,Phe_596.1,Bladder neck obstruction,genitourinary,0.0001098222261519361,0.9927201248543037,-3.4347047625122665e-05,0.9805752391879838
338,Phe_596.5,Functional disorders of bladder,genitourinary,7.846633639552891e-05,2.2175782256726366,0.0051801951339036515,0.00024053647390199145
339,Phe_597,Other disorders of urethra and urinary tract,genitourinary,5.262646174930269e-05,1.294852336766483,0.0008982564117553499,0.5242871517886968
340,Phe_597.1,Urethral stricture (not specified as infectious),genitourinary,3.8613652236389834e-05,1.4180229827881115,0.0026852929856700856,0.056970367170650564
341,Phe_598,Abnormal findings on examination of urine,genitourinary,0.0001395721579052295,1.6794381693379419,0.004277376580374699,0.002428302741553479
342,Phe_599,Other symptoms__disorders or the urinary system,genitourinary,0.0001199569936668775,1.8962546983847983,0.008097127798310452,9.471103779627985e-09
343,Phe_599.2,Retention of urine,genitourinary,1.723111356026855e-05,1.7369636525968994,0.007192975800243507,3.4148816852706053e-07
344,Phe_599.3,Dysuria,genitourinary,8.969532557834609e-05,1.2129422669363674,0.0008214383683470316,0.5603669904916824
345,Phe_599.4,Urinary incontinence,genitourinary,-2.2818658658352632e-05,1.6833509954919335,0.007029953322212567,6.247226205908722e-07
346,Phe_599.5,Frequency of urination and polyuria,genitourinary,-2.717401800033594e-05,1.789616005901731,0.005437536270010713,0.00011593929409631648
347,Phe_599.9,Other abnormality of urination,genitourinary,1.741218833477513e-05,1.5972279093004202,0.0027613366776797596,0.05029531271832515
348,Phe_611.3,Lump or mass in breast,genitourinary,-9.57904015362312e-06,1.25363044589564,0.0010642948287380716,0.45057830142179733
349,Phe_613,Other nonmalignant breast conditions,genitourinary,1.7691112883080688e-05,0.0,-0.00039269855276995977,0.7807253936390491
350,Phe_681,Superficial cellulitis and abscess,dermatologic,8.281613198839843e-05,2.5152477556955404,0.0038231536190032837,0.006725389867016835
351,Phe_681.3,Cellulitis and abscess of arm__hand,dermatologic,8.638611186509914e-05,1.6547358813457453,0.005525110893266376,8.979244608336675e-05
352,Phe_686,Other local infections of skin and subcutaneous tissue,dermatologic,2.048424690410203e-05,2.4878153395524722,0.006267686042595515,8.869502531048718e-06
353,Phe_686.1,Carbuncle and furuncle,dermatologic,6.222028023449007e-05,1.159285851737195,0.0008652714596753002,0.5396326113532213
354,Phe_687,Symptoms affecting skin,dermatologic,-8.739396137373095e-06,1.2782971470726652,0.0004922981919795783,0.7271062294976485
355,Phe_687.1,Rash and other nonspecific skin eruption,dermatologic,-0.00012685998368576435,2.337851372075653,0.00712929669811171,4.330188218660641e-07
356,Phe_687.4,Disturbance of skin sensation,dermatologic,-2.3381660350863677e-05,1.9117459140963817,0.005458347245978481,0.00010914386382840507
357,Phe_689,Disorder of skin and subcutaneous tissue NOS,dermatologic,0.00021156802907424727,2.9241218909848326,0.01643775752176406,2.2129205227200842e-31
358,Phe_695,Erythematous conditions,dermatologic,-0.00016398929270548536,2.2890194211685495,0.007253370906658573,2.721267389678942e-07
359,Phe_696,Psoriasis and related disorders,dermatologic,-0.0006857511713094642,1.8625886574112687,0.004744688300640606,0.0007698715749360049
360,Phe_696.4,Psoriasis,dermatologic,-0.0006977655719834824,1.842267397121557,0.0038331452116274626,0.006583136577836322
361,Phe_696.41,Psoriasis vulgaris,dermatologic,-0.0006544730455091447,1.8620577028338994,0.004103476495113604,0.0036274870360814373
362,Phe_701,Other hypertrophic and atrophic conditions of skin,dermatologic,0.00029622409214114453,2.4945383804615204,0.0067043591620001815,2.0081736908627536e-06
363,Phe_701.2,Scar conditions and fibrosis of skin,dermatologic,0.0003093226468302587,3.273469074005071,0.011954848616694127,2.3551316579356644e-17
364,Phe_702,Degenerative skin conditions and other dermatoses,dermatologic,0.00023728745773545873,0.0,-0.0003069844418807147,0.8277303996363012
365,Phe_702.1,Actinic keratosis,dermatologic,0.0003099423807956183,2.6048914208394547,0.009253759849806805,5.384705493844859e-11
366,Phe_702.2,Seborrheic keratosis,dermatologic,8.793145255923962e-05,4.342284399083506,0.020368411395846518,2.8926520559596906e-47
367,Phe_703,"Diseases of nail, NOS",dermatologic,2.8440710354569155e-05,0.916657089747589,-0.00017412570500210746,0.9017640646180551
368,Phe_704,Diseases of hair and hair follicles,dermatologic,0.00014788198796048487,1.8609766940187165,0.006539005384193448,3.562803734780654e-06
369,Phe_706,Diseases of sebaceous glands,dermatologic,0.00015489374667138132,2.006443874952794,0.01016300353381959,5.826744357691221e-13
370,Phe_706.2,Sebaceous cyst,dermatologic,0.00015372512160073505,2.025431753262384,0.010304947069992874,2.7705216783247914e-13
371,Phe_707,Chronic ulcer of skin,dermatologic,-0.0001483007148137223,2.324755648637383,0.005504194302856034,9.547593966817258e-05
372,Phe_709,Diffuse diseases of connective tissue,dermatologic,-0.00016771877994603345,1.6829322514632037,0.004023926741905004,0.004338104021041951
373,Phe_709.7,Unspecified diffuse connective tissue disease,dermatologic,-0.000144991122249556,1.62570891526663,0.00311151807353601,0.02740641776452952
374,Phe_714,Rheumatoid arthritis and other inflammatory polyarthropathies,musculoskeletal,-0.00018807244555386912,1.9090771631813537,0.002081137690875895,0.1401409843332522
375,Phe_714.1,Rheumatoid arthritis,musculoskeletal,-0.00048458265942211967,1.6875499253883959,0.004045543654683662,0.004133460297935686
376,Phe_715,Other inflammatory spondylopathies,musculoskeletal,-0.0008977873252604589,2.6065835680531997,0.003447767019103661,0.014523814908734852
377,Phe_716,Other arthropathies,musculoskeletal,-5.187914043660793e-06,2.405043601451148,0.0012809520084850804,0.3638602141422371
378,Phe_716.2,Unspecified monoarthritis,musculoskeletal,-2.661910077748184e-05,1.4541009461114283,0.0066117231910675575,2.7733296131008197e-06
379,Phe_716.9,Arthropathy NOS,musculoskeletal,-9.377980717830603e-06,1.6155511443243478,0.011619152090372599,1.7688655013599583e-16
380,Phe_717,Polymyalgia Rheumatica,musculoskeletal,-0.00017417279035131814,2.498252838427327,0.006153018763541701,1.2902214315674827e-05
381,Phe_720,Spinal stenosis,musculoskeletal,-7.609677635172801e-06,2.293281074842158,0.004008734811934512,0.004487373412992946
382,Phe_721,Spondylosis and allied disorders,musculoskeletal,-1.990711273466491e-05,2.9745439078057005,0.007429194885647105,1.390972828456726e-07
383,Phe_721.1,Spondylosis without myelopathy,musculoskeletal,-3.6008851125678276e-05,3.527397282128351,0.008936139523801977,2.377658979199846e-10
384,Phe_722,Intervertebral disc disorders,musculoskeletal,-8.327022395987976e-05,2.6094992096282033,0.014919794231569347,3.8159402655183245e-26
385,Phe_722.6,Degeneration of intervertebral disc,musculoskeletal,0.00015448504105296327,3.610621013127977,0.015967307353798428,1.0503077112545228e-29
386,Phe_722.9,Other and unspecified disc disorder,musculoskeletal,-1.573561471671291e-05,2.0541696644300464,0.007468914557387632,1.192811336957339e-07
387,Phe_724,Other and unspecified disorders of back,musculoskeletal,1.2595013866240659e-05,1.6022611905272073,0.0015051530260707497,0.2859878162247572
388,Phe_726,Peripheral enthesopathies and allied syndromes,musculoskeletal,3.045444937600489e-05,1.5425356101546337,0.005591271270183079,7.384697609086196e-05
389,Phe_726.1,Enthesopathy,musculoskeletal,-3.010983704391641e-05,1.444882017442019,0.004127190312446432,0.003437144324679752
390,Phe_727,"Other disorders of synovium, tendon, and bursa",musculoskeletal,-2.403450239814783e-05,0.7139685672249774,-0.0009583681102827467,0.49690820774078814
391,Phe_727.1,Synovitis and tenosynovitis,musculoskeletal,-1.2615782421370922e-05,1.225330063651504,0.0012251166494601337,0.385145955126148
392,Phe_727.4,"Ganglion and cyst of synovium, tendon, and bursa",musculoskeletal,-0.00010813105977042416,1.5103386361702678,0.0030054739946652116,0.03312973677631784
393,Phe_728,"Disorders of muscle, ligament, and fascia",musculoskeletal,-8.565472286389453e-05,0.0,-0.0008122578342764929,0.5647580514639673
394,Phe_728.7,Fasciitis,musculoskeletal,-0.00010401716477591143,1.9714582761191102,0.0016947555270915714,0.22960802820846743
395,Phe_728.71,Contracture of palmar fascia [Dupuytren's disease],musculoskeletal,-0.00011064350225183216,1.1162164083290018,0.0006434593748715374,0.6482952492959116
396,Phe_729,Other disorders of soft tissues,musculoskeletal,7.11137264330025e-05,2.4771498430936565,0.005479342300996708,0.00010267031437762695
397,Phe_729.1,"Rheumatism, unspecified and fibrositis",musculoskeletal,1.2465508619193615e-05,3.474520436990063,0.004967735216316869,0.00042907933909570514
398,Phe_733,Other disorders of bone and cartilage,musculoskeletal,-1.6652561642268977e-05,1.751128493800544,0.0024102264092806846,0.08753441580635192
399,Phe_733.8,Malunion and nonunion of fracture,musculoskeletal,-1.076120083481333e-05,2.111214745165261,0.0015293430851891744,0.2783149885047669
400,Phe_735,Acquired foot deformities,musculoskeletal,0.00012717602149653245,1.1379962406866408,0.00018291446887125335,0.8968327944847179
401,Phe_735.2,Acquired toe deformities,musculoskeletal,4.286131164469334e-05,1.6562115673279205,0.0033131435433634737,0.018843727617616716
402,Phe_735.21,Hammer toe (acquired),musculoskeletal,3.7470343458363426e-05,1.4721295095742182,0.0022742725009323,0.10692386958342874
403,Phe_735.23,Hallux rigidus,musculoskeletal,3.849502366813221e-05,1.134675239984248,0.0005663760284676749,0.6880598895504337
404,Phe_735.3,Hallux valgus (Bunion),musculoskeletal,0.0001608776922917291,1.3507448976416423,0.0031044526124919284,0.027759296563855236
405,Phe_736,Other acquired deformities of limbs,musculoskeletal,-2.0637184327191567e-05,1.771816931701985,0.001420361452824358,0.3140030346746927
406,Phe_737,Curvature of spine,musculoskeletal,4.1431993103718574e-06,6.480256370576704,0.003043567604921516,0.03096585032699293
407,Phe_737.3,Kyphoscoliosis and scoliosis,musculoskeletal,4.210943850559212e-06,0.9774688380199499,-5.5842518408306e-05,0.9684237348627668
408,Phe_738,Other acquired musculoskeletal deformity,musculoskeletal,1.3100149997135365e-05,2.3853704431570697,0.0028369196224428098,0.044323036769581756
409,Phe_738.4,Acquired spondylolisthesis,musculoskeletal,1.306776069269585e-05,4.631051699072186,0.00674954416295077,1.7130124363042394e-06
410,Phe_740,Osteoarthrosis,musculoskeletal,4.692395684257498e-05,1.4276473382911588,0.007320941694905646,2.1063819606902078e-07
411,Phe_740.1,Osteoarthritis; localized,musculoskeletal,4.872469982890168e-05,1.4878139626324067,0.005440630838894199,0.00011490416492611706
412,Phe_740.11,"Osteoarthrosis, localized, primary",musculoskeletal,4.121497674679549e-05,1.0750655729989005,0.0007610382569085947,0.5895554223176132
413,Phe_740.9,Osteoarthrosis NOS,musculoskeletal,3.818450437734299e-05,1.8982260406264784,0.007721373624554435,4.410749294482167e-08
414,Phe_741,Symptoms and disorders of the joints,musculoskeletal,-7.616851965861572e-05,0.9788359273038939,-5.241755117485727e-05,0.9703594692750901
415,Phe_741.4,Joint effusions,musculoskeletal,-0.00014966986399908986,4.99014394311789,0.007144984819923326,4.0848744440314154e-07
416,Phe_742,"Derangement of joint, non-traumatic",musculoskeletal,2.8778503810429225e-06,0.0,-0.0006545184292087118,0.6426683675697658
417,Phe_742.9,Other derangement of joint,musculoskeletal,-1.834402102105372e-06,1.8908954759129595,0.0025931493534078684,0.06603006407583724
418,Phe_743,"Osteoporosis, osteopenia and pathological fracture",musculoskeletal,-0.00015181162426623364,2.272539602329359,0.00937920665713895,2.954460801763823e-11
419,Phe_743.1,Osteoporosis,musculoskeletal,-0.00015629858279208673,2.33407911329573,0.009538404951292987,1.3639873984645593e-11
420,Phe_743.11,Osteoporosis NOS,musculoskeletal,-0.00014613918569330407,2.336059832163089,0.009548468020048238,1.2984051341270716e-11
421,Phe_745,Pain in joint,musculoskeletal,9.693562655513427e-06,1.605634371980949,0.00279282840638609,0.04772964817547512
422,Phe_747,Cardiac and circulatory congenital anomalies,congenital anomalies,-3.4423823060696846e-05,11.963550222603148,0.00633746592619996,7.038841041359815e-06
423,Phe_747.1,Cardiac congenital anomalies,congenital anomalies,-3.494901436672707e-05,0.7776307644692045,-0.0003565991286904482,0.8004352119574261
424,Phe_747.13,Congenital anomalies of great vessels,congenital anomalies,-3.35916848928543e-05,1.7667342669524098,0.003836120053151097,0.006541308757949179
425,Phe_751,Genitourinary congenital anomalies,congenital anomalies,0.0,1.8343741437525178,0.003598655151593176,0.01074137965833707
426,Phe_939,Atopic__contact dermatitis due to other or unspecified,dermatologic,-6.34373771640026e-05,1.7818801300998224,0.00423668520026,0.002670778728352096
