,PheCode,description,category,f_score,RR,phi,pval
0,Phe_112,Candidiasis,infectious diseases,-0.00014128949904600318,2.755707852435761,0.007934368988392348,1.8598435914207807e-08
1,Phe_153,Colorectal cancer,neoplasms,3.9639218180775744e-05,0.0,-0.0004582589663443319,0.7452961650754057
2,Phe_153.2,Colon cancer,neoplasms,2.8738535818854823e-05,1.9115633373408134,0.004583134534686732,0.0011585934028187314
3,Phe_153.3,"Malignant neoplasm of rectum, rectosigmoid junction, and anus",neoplasms,4.2703188642204424e-05,1.7783951732888763,0.00320306182199964,0.02317281443424239
4,Phe_158,Neoplasm of unspecified nature of digestive system,neoplasms,8.881716083382856e-05,2.0030582597372684,0.0030083797867658216,0.03296023318607451
5,Phe_159,Malignant neoplasm of other and ill-defined sites within the digestive organs and peritoneum,neoplasms,2.087797094381217e-05,2.0498823855757955,0.006923682963568673,9.197308966654405e-07
6,Phe_165,Cancer within the respiratory system,neoplasms,-7.176404648588042e-05,3.692919545373261,0.008413270319171799,2.4605381439475688e-09
7,Phe_165.1,Cancer of bronchus; lung,neoplasms,-7.509105203677997e-05,1.977137380874091,0.00451559602906964,0.001369489552167084
8,Phe_172,Skin cancer,neoplasms,1.8495979450327275e-05,1.3281927528723825,0.0035301912804668887,0.012333042949483472
9,Phe_172.2,Other non-epithelial cancer of skin,neoplasms,3.426620050337479e-05,1.3401554630449553,0.0032948996644658877,0.019508165675124332
10,Phe_174,Breast cancer,neoplasms,-0.0001932455016071691,0.9197760734109334,-0.0008250250930973525,0.5586559606381684
11,Phe_189,Cancer of urinary organs (incl. kidney and bladder),neoplasms,2.8839172212279897e-05,2.401498574817799,0.006788248104626156,1.4937594584027592e-06
12,Phe_189.11,"Malignant neoplasm of kidney, except pelvis",neoplasms,4.485847722620195e-06,3.1013731837029623,0.006086728666205262,1.5977326889376024e-05
13,Phe_189.2,Cancer of bladder,neoplasms,2.8787113698179378e-05,1.9180800305362937,0.002296396450110395,0.10355497133568148
14,Phe_189.21,Malignant neoplasm of bladder,neoplasms,3.392684787942558e-05,1.177655745473277,0.0007335208559849823,0.6030816885219762
15,Phe_195,"Cancer, suspected or other",neoplasms,-4.651204806599677e-06,1.1810176510438977,0.0004711793000111801,0.7383744091336595
16,Phe_195.1,"Malignant neoplasm, other",neoplasms,-2.6715982630701306e-06,1.9209952129639842,0.010832538777891023,1.6017070656491463e-14
17,Phe_197,Chemotherapy,neoplasms,-0.00015849346985588074,1.7471277814405288,0.009576642102775031,1.1307845866019205e-11
18,Phe_198,Secondary malignant neoplasm,neoplasms,1.6203706944090758e-05,3.3452804113998034,0.007482121632245572,1.1331931098997112e-07
19,Phe_198.1,Secondary malignancy of lymph nodes,neoplasms,1.0789872259151953e-05,1.3341192232955494,0.0022939985595726454,0.10391598011217819
20,Phe_198.2,Secondary malignancy of respiratory organs,neoplasms,-1.2311803060805672e-05,1.3385187815052983,0.00155230826076347,0.27116145167341743
21,Phe_198.3,Secondary malignant neoplasm of digestive systems,neoplasms,8.143323919553194e-06,1.2583825250039302,0.0009786238302767192,0.48785703055356655
22,Phe_198.4,Secondary malignant neoplasm of liver,neoplasms,-8.396642682644062e-06,1.387976804079742,0.0019264445844174556,0.17206204929856028
23,Phe_198.6,Secondary malignancy of bone,neoplasms,4.02721082397816e-05,1.9766610770001154,0.004404371640250581,0.0017952924506264827
24,Phe_199,Neoplasm of uncertain behavior,neoplasms,6.085434202350853e-06,2.3443200373221367,0.00412052876877554,0.0034896745046081304
25,Phe_202,"Cancer of other lymphoid, histiocytic tissue",neoplasms,-0.00024199013881938346,3.665121077457886,0.008358046933583385,3.1247506244952335e-09
26,Phe_202.2,Non-Hodgkins lymphoma,neoplasms,-0.00023048829840664983,2.9828765790620966,0.006895748490889029,1.0172302459232525e-06
27,Phe_204,Leukemia,neoplasms,-5.6888785179606644e-05,3.729600059376127,0.00528628409699434,0.00017872254177978903
28,Phe_208,Benign neoplasm of colon,neoplasms,7.473368941298317e-05,1.5648598962830478,0.0077061951594450465,4.6867377622567783e-08
29,Phe_211,Benign neoplasm of other parts of digestive system,neoplasms,0.00017127223135005365,1.2047007870468156,0.001430922954677308,0.3104182771841331
30,Phe_214,Lipoma,neoplasms,3.524667005372222e-05,1.3730886591109743,0.0014260031019929073,0.31208478629142505
31,Phe_214.1,Lipoma of skin and subcutaneous tissue,neoplasms,2.562227026933252e-05,1.6750128280956023,0.004196128429843048,0.002934283037358937
32,Phe_215,Other benign neoplasm of connective and other soft tissue,neoplasms,1.462244144628802e-05,1.6443126514283524,0.0018808299956599142,0.1824422756479326
33,Phe_216,Benign neoplasm of skin,neoplasms,-0.00014250805499572126,1.2309031187169077,0.001904931864146736,0.1769011441955417
34,Phe_228,"Hemangioma and lymphangioma, any site",neoplasms,6.388161372011611e-08,1.95904181391822,0.003360371707860662,0.017214819606924014
35,Phe_229,Benign neoplasm of unspecified sites,neoplasms,-3.332546411744401e-05,1.2728292404019497,0.001136495217203035,0.4204548999464275
36,Phe_241,Nontoxic nodular goiter,endocrine/metabolic,-0.00010258459509683606,0.0,-0.0003283818391395922,0.8159311651283974
37,Phe_242,Thyrotoxicosis with or without goiter,endocrine/metabolic,-0.0002866642193360674,1.7908000285099657,0.002774745036770838,0.04918912562187023
38,Phe_244,Hypothyroidism,endocrine/metabolic,-0.00048692189857819256,1.6818365941433748,0.007782725389727516,3.4472549981775685e-08
39,Phe_244.1,Secondary hypothyroidism,endocrine/metabolic,-0.00028128922441131743,2.97167328674637,0.0062689764541048795,8.831854488409386e-06
40,Phe_244.4,Hypothyroidism NOS,endocrine/metabolic,-0.00043799479379983514,1.6475357149034475,0.007206757524623608,3.24296862538252e-07
41,Phe_250.1,Type 1 diabetes,endocrine/metabolic,-0.00022597679431355852,1.922073950433298,0.004322203134035671,0.002184630169450981
42,Phe_250.2,Type 2 diabetes,endocrine/metabolic,-0.0001257711335465003,2.2812905660137166,0.017211917900207974,3.033314093806278e-34
43,Phe_250.23,Type 2 diabetes with ophthalmic manifestations,endocrine/metabolic,-0.00021650690810500335,2.926549323858121,0.0069504993560307,8.34639426747415e-07
44,Phe_250.7,Diabetic retinopathy,endocrine/metabolic,-0.00021784402856906755,3.0327555463417037,0.0073915254497947955,1.6080946341079667e-07
45,Phe_260,Protein-calorie malnutrition,endocrine/metabolic,-2.372953495095452e-06,2.0931428904661935,0.0015100312570537479,0.2844290997771743
46,Phe_261,Vitamin deficiency,endocrine/metabolic,-7.275666554314221e-05,0.0,-0.0004520234101406899,0.7486441241935125
47,Phe_272,Disorders of lipoid metabolism,endocrine/metabolic,5.110077007526246e-05,1.7400544960405024,0.01367853986951962,3.110530772322048e-22
48,Phe_272.1,Hyperlipidemia,endocrine/metabolic,5.3822435316954075e-05,1.7052863977458115,0.0047404512834988925,0.0007782912241512211
49,Phe_272.11,Hypercholesterolemia,endocrine/metabolic,5.5462007649760266e-05,1.749457469325031,0.013281752721433851,4.708098008053809e-21
50,Phe_274,Gout and other crystal arthropathies,endocrine/metabolic,1.9697700871844215e-05,1.5414707094720899,0.002473423881248419,0.07954214903610748
51,Phe_274.1,Gout,endocrine/metabolic,1.9282684767910445e-05,1.6386207157424069,0.002738376188178484,0.052237949871343864
52,Phe_275,Disorders of mineral metabolism,endocrine/metabolic,0.00011825241777190513,0.0,-0.00030134294290900485,0.8308479136870093
53,Phe_275.5,Disorders of calcium__phosphorus metabolism,endocrine/metabolic,8.288321889656916e-05,1.6861119075039344,0.0022435401107406784,0.11174703688595694
54,Phe_276,"Disorders of fluid, electrolyte, and acid-base balance",endocrine/metabolic,4.202107982186474e-06,1.848000029420603,0.0074726686840867,1.1755628639990787e-07
55,Phe_276.1,Electrolyte imbalance,endocrine/metabolic,1.144566674662764e-06,2.9304000466526707,0.002253464889533478,0.11017101683448773
56,Phe_276.12,Hyposmolality and__or hyponatremia,endocrine/metabolic,6.962531409982464e-06,1.5053424897188377,0.0022614212558717496,0.10892029905399875
57,Phe_276.14,Hypopotassemia,endocrine/metabolic,1.8292852600360335e-05,1.5468387343034626,0.0021575339235555624,0.12615993286945734
58,Phe_276.5,Hypovolemia,endocrine/metabolic,8.854754218264264e-06,2.318558278670245,0.007062673694044038,5.539731269490018e-07
59,Phe_277,Other disorders of metabolism,endocrine/metabolic,6.403004674009188e-05,2.5684781285401894,0.0045923696380871515,0.0011322116473202238
60,Phe_278,"Overweight, obesity and other hyperalimentation",endocrine/metabolic,0.00031572949287705693,0.0,-0.00015066967238499615,0.9149430221727481
61,Phe_278.1,Obesity,endocrine/metabolic,0.00031292765486505764,2.125093443574117,0.01197385721554726,2.0975098296151692e-17
62,Phe_280,Iron deficiency anemias,hematopoietic,-0.0002656452712303854,1.6107245084280655,0.005335732988839078,0.00015532981630332314
63,Phe_280.1,"Iron deficiency anemias, unspecified or not due to blood loss",hematopoietic,-0.00023819575622560703,1.570107503867481,0.004871052679726926,0.0005544227035316468
64,Phe_281,Other deficiency anemia,hematopoietic,-0.00024210529652509249,0.0,-0.0002260056329841879,0.8727160119759735
65,Phe_281.1,Megaloblastic anemia,hematopoietic,-0.00021211858080450574,0.0,-0.00030134294290900485,0.8308479136870093
66,Phe_285,Other anemias,hematopoietic,-0.0002632535947384252,1.7058999169047522,0.007295242096387968,2.3225081697946626e-07
67,Phe_287,Purpura and other hemorrhagic conditions,hematopoietic,-0.00028648886417516974,2.3287947390617254,0.0012302850729996207,0.3831442458670681
68,Phe_287.3,Thrombocytopenia,hematopoietic,-0.00028910068417547553,1.9120751663774225,0.0030966965813259734,0.028151169677067246
69,Phe_288,Diseases of white blood cells,hematopoietic,-0.0002276898125154128,1.5355808104730153,0.0012222584729162393,0.3862556549127012
70,Phe_289,Other diseases of blood and blood-forming organs,hematopoietic,-3.0308048734110726e-05,1.8729587515223465,0.0018035682586210005,0.20107181793104822
71,Phe_289.4,Lymphadenitis,hematopoietic,-2.3712622144031133e-05,2.1610619813072796,0.0056015091961568704,7.163290328710238e-05
72,Phe_290,Delirium dementia and amnestic and other cognitive disorders,mental disorders,5.521726333107439e-05,1.4900339220267818,0.0009829763219652604,0.4859238157123136
73,Phe_292,Neurological disorders,mental disorders,1.5174347053126078e-05,1.6825263425756962,0.0014879153957403392,0.2915418361152541
74,Phe_292.1,Aphasia__speech disturbance,mental disorders,1.212187290860944e-05,2.042768497251654,0.0038657563761883987,0.006137475325285407
75,Phe_292.4,Altered mental status,mental disorders,4.8265442509439864e-05,2.024667920220636,0.004789864797867612,0.0006852074062855479
76,Phe_293,Symptoms involving head and neck,mental disorders,1.6448328372895985e-05,2.6233066136997265,0.00650659450376032,3.980361193550013e-06
77,Phe_296,Mood disorders,mental disorders,7.710829097478126e-05,0.0,-0.0008044439943715289,0.5685084120642575
78,Phe_296.1,Bipolar,mental disorders,-1.5085970426223586e-05,2.1936868721043075,0.003606160976220933,0.010578503987676888
79,Phe_296.2,Depression,mental disorders,7.789233407923035e-05,0.627942867139858,-0.0006636512178874867,0.6380369656792269
80,Phe_300,Anxiety disorders,mental disorders,0.00011365993605924973,2.044465148827445,0.0017882820495613398,0.2049165888117925
81,Phe_300.1,Anxiety disorder,mental disorders,0.00010666723015690929,1.6880253562578964,0.005179464149329282,0.0002410247974361955
82,Phe_306,Other mental disorder,mental disorders,4.1534988683946255e-05,1.7784286276488175,0.013207114357800977,7.78058249566639e-21
83,Phe_317,Alcohol-related disorders,mental disorders,-4.219016013349343e-05,1.0149208343281932,0.00010114871719126768,0.9428392978413865
84,Phe_317.1,Alcoholism,mental disorders,-5.852771825114137e-05,1.5865523939337698,0.004984857625830109,0.00040985033825414124
85,Phe_318,Tobacco use disorder,mental disorders,-1.0094776745792152e-05,2.093585321852891,0.014289775481809697,4.059471791532144e-24
86,Phe_327,Sleep disorders,neurological,0.008253734727271462,1.7967416344439737,0.0022246656107283015,0.11479327013365453
87,Phe_327.3,Sleep apnea,neurological,0.013375525692911195,2.6643882108571564,0.010459041674732075,1.2222588469477258e-13
88,Phe_331,Other cerebral degenerations,neurological,3.5605494031371966e-05,0.8535145766949528,-0.0002240862704574405,0.873787876417621
89,Phe_332,Parkinson's disease,neurological,7.986261798287686e-05,1.451591354379032,0.0015005681046216135,0.2874580653670692
90,Phe_334,Degenerative disease of the spinal cord,neurological,2.0123392691801467e-05,1.4268855051329505,0.0015179130126049666,0.2819228504948916
91,Phe_335,Multiple sclerosis,neurological,-3.873606918884596e-07,1.3891286902868192,0.0012361931070299498,0.3808639106546218
92,Phe_339,Other headache syndromes,neurological,0.0003421587775225955,1.5880676778105325,0.004761697513215335,0.0007369154461933541
93,Phe_340,Migraine,neurological,2.516663694453269e-06,1.6575442168197998,0.003240387202629789,0.021616909225160463
94,Phe_342,Hemiplegia,neurological,-3.970892399693917e-06,2.1441951560873203,0.004285755857068796,0.0023809444556196465
95,Phe_345,"Epilepsy, recurrent seizures, convulsions",neurological,1.729263307083702e-06,2.155981429672578,0.006017681538157289,1.991717695888347e-05
96,Phe_345.3,Convulsions,neurological,1.318835403719266e-05,1.7941224775424518,0.003464804664561055,0.014044715509540982
97,Phe_348,Other conditions of brain,neurological,-4.4772271481262076e-05,0.0,-0.001140278251568486,0.41890985069619024
98,Phe_350,Abnormal movement,neurological,9.866174465685805e-06,1.5858635546590925,0.0031680411243427365,0.024720156392844146
99,Phe_350.2,Abnormality of gait,neurological,1.7957886456441442e-05,1.6350651221248629,0.002726108312263745,0.05330137507196089
100,Phe_351,Other peripheral nerve disorders,neurological,-0.00014100703092124081,1.9444066191907134,0.009437369147469897,2.2308583028094018e-11
101,Phe_352,Disorders of other cranial nerves,neurological,-5.3837293508086724e-05,3.317434015078496,0.0017976297222673642,0.20255917335430867
102,Phe_353,Nerve root and plexus disorders,neurological,1.9944009115321383e-05,0.8891226437378521,-0.00033275525960576934,0.8135245510493826
103,Phe_357,Inflammatory and toxic neuropathy,neurological,4.098669423117991e-05,2.6288549231184914,0.005864846467157393,3.2178651165556015e-05
104,Phe_361,Retinal detachments and defects,sense organs,-2.6537926800964435e-05,1.477512628564372,0.0019279499946997997,0.1717271655141478
105,Phe_361.1,Retinal detachment with retinal defect,sense organs,-3.8553052010321656e-05,1.4258408741949133,0.0014277733677247272,0.31148446367654975
106,Phe_362,Other retinal disorders,sense organs,-6.063218457732601e-06,2.1355142040383837,0.003298011418027636,0.01939340882000471
107,Phe_362.2,Degeneration of macula and posterior pole of retina,sense organs,-6.760026384124533e-06,1.869047865746578,0.004131477796721139,0.0034037167744471472
108,Phe_362.29,Macular degeneration (senile) of retina NOS,sense organs,-7.235016411300459e-06,1.869047865746578,0.004131477796721139,0.0034037167744471472
109,Phe_365,Glaucoma,sense organs,3.270608739669931e-05,1.9658451947729252,0.005623464999073264,6.709461702285149e-05
110,Phe_365.1,Open-angle glaucoma,sense organs,1.9165506821483833e-05,2.064102487503482,0.0034767518622578412,0.013717132700169669
111,Phe_365.11,Primary open angle glaucoma,sense organs,1.9072329905034026e-05,2.0718414898669124,0.003495466394232183,0.013217551905517745
112,Phe_366,Cataract,sense organs,-0.00019484034519376205,1.6878688793302934,0.008767730596368529,5.121472743158091e-10
113,Phe_366.2,Senile cataract,sense organs,-6.88883115160293e-05,1.2407525661880692,0.002256859268298789,0.10963604947164436
114,Phe_367,Disorders of refraction and accommodation; blindness and low vision,sense organs,-1.9160015961823517e-05,2.4590769622260176,0.0013146257724752192,0.3513858438228641
115,Phe_367.1,Myopia,sense organs,-6.353099542669597e-06,1.3518424049911408,0.0012116563681295461,0.3903889902590686
116,Phe_368,Visual disturbances,sense organs,-0.00011274053283350787,1.9076745330831129,0.0027897517078950083,0.04797536225535262
117,Phe_371,Inflammation of the eye,sense organs,0.00023198010130232792,12.29538481113009,0.010177121815481412,5.413849210885016e-13
118,Phe_371.3,Inflammation of eyelids,sense organs,0.00022467346308408247,0.9596216041191281,-0.00017526627943601576,0.9011238837413499
119,Phe_374,Other disorders of eyelids,sense organs,-5.2669594393122795e-05,1.7548973663414282,0.003704639500062531,0.008636131207573476
120,Phe_374.1,Ectropion or entropion,sense organs,-4.334124007897452e-05,2.446633815042078,0.0043401320272755586,0.0020936081581220058
121,Phe_374.3,Ptosis of eyelid,sense organs,-4.449181344861467e-06,2.0947014480912616,0.00428555062303252,0.0023820942306247432
122,Phe_375,Disorders of lacrimal system,sense organs,-5.5165401221036515e-06,1.8477866098537454,0.0031845806296569596,0.02397856755116914
123,Phe_378,Strabismus and other disorders of binocular eye movements,sense organs,-6.716014693259971e-05,2.7472500437368788,0.001489393603067843,0.29106273015082673
124,Phe_379,Other disorders of eye,sense organs,-3.999279470997618e-05,1.5491101568207952,0.000881815642581777,0.5319077919095927
125,Phe_379.2,Disorders of vitreous body,sense organs,-6.912510032299081e-05,1.506345573719602,0.0017521205012928994,0.2142240880454136
126,Phe_379.3,Aphakia and other disorders of lens,sense organs,-6.257920558202609e-05,0.9801276092861209,-8.534500500047505e-05,0.9517583203184025
127,Phe_380,Disorders of external ear,sense organs,0.03298944633161478,5.57539306724404,0.01025143794994832,3.670970890536522e-13
128,Phe_381,Otitis media and Eustachian tube disorders,sense organs,0.2708179840287604,169.93743659113966,0.694108341303678,0.0
129,Phe_381.1,Otitis media,sense organs,0.3620121143027529,351.64800559832054,0.9999999999999997,0.0
130,Phe_384,Other disorders of tympanic membrane,sense organs,0.010093140608609831,94.94496151154652,0.15833203259382608,0.0
131,Phe_384.4,Perforation of tympanic membrane,sense organs,0.01342291850268983,33.345931565357986,0.09104073593866623,0.0
132,Phe_386,Vertiginous syndromes and other disorders of vestibular system,sense organs,2.3704137088390843e-05,0.0,-0.0007458465933379075,0.5970056597283762
133,Phe_386.9,Dizziness and giddiness (Light-headedness and vertigo),sense organs,2.4023116292462853e-05,2.220426665411495,0.007904814659477424,2.09937659954832e-08
134,Phe_389,Hearing loss,sense organs,-9.13395439214725e-06,16.562660034645685,0.08673398878891309,0.0
135,Phe_394,Rheumatic disease of the heart valves,circulatory system,1.352009152413514e-05,1.467821132491499,0.0014456607171304558,0.3054613486995078
136,Phe_394.2,Mitral valve disease,circulatory system,7.583513060070532e-06,1.3516714761011712,0.0018718591237821018,0.18453725584681
137,Phe_394.3,Aortic valve disease,circulatory system,2.9416943024392954e-05,1.8211525713660668,0.002857031452592299,0.042838646306383545
138,Phe_394.7,Disease of tricuspid valve,circulatory system,1.6944138421012854e-05,1.8915051645875431,0.003043337709279414,0.030978536493035932
139,Phe_395,Heart valve disorders,circulatory system,1.0379356170240587e-05,1.6869289409426629,0.004321770907942593,0.002186868621487107
140,Phe_395.1,Nonrheumatic mitral valve disorders,circulatory system,7.734713638465322e-06,1.4009880701128308,0.0020960898744496245,0.13731470844779523
141,Phe_395.6,Heart valve replaced,circulatory system,-5.989401943257346e-06,1.6737897280750869,0.0024457915100473474,0.08296052190353867
142,Phe_396,Abnormal heart sounds,circulatory system,0.0,1.8715742462358866,0.0027045952179873003,0.055209857862644075
143,Phe_401.1,Essential hypertension,circulatory system,8.336947456500972e-05,1.6331269500293537,0.018215742762519374,3.765588999338448e-38
144,Phe_401.2,Hypertensive heart and__or renal disease,circulatory system,3.993749475612033e-06,6.169263256110886,0.0029402538715948123,0.03713521974215974
145,Phe_401.22,Hypertensive chronic kidney disease,circulatory system,5.677976100177279e-07,3.5537093924758087,0.008787962440879041,4.673909272519282e-10
146,Phe_402,Elevated blood pressure reading without diagnosis of hypertension,circulatory system,3.6777296833613005e-05,1.2740869768055092,0.0009723851084930234,0.49063526008593683
147,Phe_411.1,Unstable angina (intermediate coronary syndrome),circulatory system,6.255981755649502e-05,1.3822239265038074,0.0024029654113911295,0.08849278517345786
148,Phe_411.2,Myocardial infarction,circulatory system,4.4897020986876e-05,1.8123071925699392,0.008231033441770787,5.383403566169356e-09
149,Phe_411.3,Angina pectoris,circulatory system,6.0300768651215785e-05,1.79018558103244,0.009196741947429948,7.055620375726326e-11
150,Phe_411.4,Coronary atherosclerosis,circulatory system,0.00028896530141917014,1.477460019960898,0.006203789377699135,1.0937988470447518e-05
151,Phe_411.8,"Other chronic ischemic heart disease, unspecified",circulatory system,5.0368939942351386e-05,2.0248445619864905,0.011677867581286508,1.248200944190059e-16
152,Phe_411.9,Other acute and subacute forms of ischemic heart disease,circulatory system,-2.8818847951785184e-05,1.2185821976179425,0.0007415821253892777,0.5991046974238711
153,Phe_414,Other forms of chronic heart disease,circulatory system,3.705404607810965e-05,1.5161909696262665,0.002223071054983976,0.1150535862479705
154,Phe_415,Pulmonary heart disease,circulatory system,2.4224268420245605e-05,1.29687628839506,0.0016559438588585938,0.24045249688181447
155,Phe_416,Cardiomegaly,circulatory system,-2.9243466963144297e-06,1.5095598975074762,0.0025651699527410336,0.0690052251119887
156,Phe_418,Nonspecific chest pain,circulatory system,2.9189997539549442e-05,1.6551168169851447,0.010428350437342226,1.4399748455379812e-13
157,Phe_418.1,Precordial pain,circulatory system,1.4039342439711574e-05,1.8981522154880612,0.005157146678036761,0.00025638912685020844
158,Phe_420,Carditis,circulatory system,1.2625034161251976e-05,0.0,-0.0002917737595175673,0.8361419484073944
159,Phe_420.2,Pericarditis,circulatory system,8.501242783944369e-06,1.4171191935453331,0.0013119162528497526,0.35237943979557795
160,Phe_425,Cardiomyopathy,circulatory system,-1.7589195310629547e-05,24.25158659298762,0.009433182649753315,2.2765546951449504e-11
161,Phe_425.1,Primary__intrinsic cardiomyopathies,circulatory system,-1.7637644961365843e-05,2.1679901701499418,0.0035494476902544004,0.011865494813713878
162,Phe_426,Cardiac conduction disorders,circulatory system,3.460743955671112e-05,1.4236761360255892,0.0005017453557233586,0.7220844835990097
163,Phe_426.2,Atrioventricular [AV] block,circulatory system,-3.4145534173119596e-05,1.767075405016686,0.0008153512227145628,0.5632766322338434
164,Phe_426.3,Bundle branch block,circulatory system,2.2961883967853843e-05,2.912198804126878,0.0031674483829865095,0.024747098135510456
165,Phe_426.31,Right bundle branch block,circulatory system,1.0464593499821e-05,1.2033581940626936,0.0007877223277297405,0.576573970531099
166,Phe_426.32,Left bundle branch block,circulatory system,1.4092105007391483e-05,2.4805536169179474,0.00610376707230374,1.512618778860252e-05
167,Phe_426.9,Cardiac pacemaker__device in situ,circulatory system,3.8081980912168186e-05,2.0869317839662935,0.001503685580940586,0.2864578287061171
168,Phe_426.91,Cardiac pacemaker in situ,circulatory system,3.9296285351206956e-05,1.891089032526596,0.004109049504200709,0.0035819121534349896
169,Phe_427,Cardiac dysrhythmias,circulatory system,3.7367561868232255e-05,1.4619938963606323,0.006910927182725369,9.630808072368453e-07
170,Phe_427.1,"Paroxysmal tachycardia, unspecified",circulatory system,-6.660214990364882e-06,0.0,-0.0009470893443853727,0.5019865938761532
171,Phe_427.11,Paroxysmal supraventricular tachycardia,circulatory system,3.001459050654243e-08,1.9536000311017807,0.004215570574384076,0.0028051374937454903
172,Phe_427.2,Atrial fibrillation and flutter,circulatory system,4.906050970457378e-05,1.3071816637661293,0.003492564054739137,0.013293959647891422
173,Phe_427.3,Other specified cardiac dysrhythmias,circulatory system,2.3197310618692902e-05,1.7234268065002964,0.003912298075222096,0.005548455753299051
174,Phe_427.4,Cardiac arrest and ventricular fibrillation,circulatory system,3.901000420798381e-06,1.4705614452621871,0.0015534460927802507,0.27081032810436934
175,Phe_427.7,Tachycardia NOS,circulatory system,-6.427690861288222e-05,1.9514317735755857,0.0043184427671751,0.0022041752458904855
176,Phe_427.9,Palpitations,circulatory system,4.524362937855052e-05,1.5512970072274594,0.0031442650780447354,0.025820984440156285
177,Phe_428,Congestive heart failure; nonhypertensive,circulatory system,3.268528932900942e-05,2.0835488313818877,0.007789919974613445,3.3486431119253293e-08
178,Phe_428.1,Congestive heart failure (CHF) NOS,circulatory system,2.6748864617068888e-05,2.1447896099703496,0.005198250240114095,0.00022876560146671044
179,Phe_428.2,Heart failure NOS,circulatory system,2.905969307403153e-05,2.290542092540745,0.008228174544770176,5.44922694840645e-09
180,Phe_430,Intracranial hemorrhage,circulatory system,2.760669527808666e-06,1.9428066607642016,0.0009557279319176625,0.4980945169656791
181,Phe_433,Cerebrovascular disease,circulatory system,4.25223205244172e-05,2.446246995466577,0.0052371701863806065,0.0002052060036133321
182,Phe_433.1,Occlusion and stenosis of precerebral arteries,circulatory system,0.00024796646733530226,2.298352977766801,0.0038317289499124546,0.006603134337710439
183,Phe_433.2,Occlusion of cerebral arteries,circulatory system,0.00019241172986564505,1.3963521069423712,0.0020194629146433377,0.15227367004510708
184,Phe_433.21,"Cerebral artery occlusion, with cerebral infarction",circulatory system,-3.075536316756918e-05,2.1841491030951583,0.004679763222761737,0.0009086556850655048
185,Phe_433.3,Cerebral ischemia,circulatory system,3.1684427181156066e-05,1.7982000286277753,0.0025271095888713623,0.07322826076782801
186,Phe_433.31,Transient cerebral ischemia,circulatory system,6.287641582124906e-06,1.2636811700691035,0.0011023809390172789,0.43453814294149484
187,Phe_433.8,Late effects of cerebrovascular disease,circulatory system,-4.739053349111259e-06,1.9158633291637077,0.0031064700905398123,0.027658137795911468
188,Phe_440,Atherosclerosis,circulatory system,-2.4658691130703117e-05,5.4099693168972385,0.005358321210206881,0.00014563173633943443
189,Phe_442,Other aneurysm,circulatory system,-6.237164785122033e-05,0.0,-0.0005164917153928661,0.7142698424488314
190,Phe_442.1,Aortic aneurysm,circulatory system,-7.125234574571285e-05,1.8824839700124223,0.0020336600990018354,0.14941229092672792
191,Phe_443,Peripheral vascular disease,circulatory system,-0.0002144190722299292,2.084526296976706,0.006405841030330228,5.5992964730133485e-06
192,Phe_443.1,Raynaud's syndrome,circulatory system,-1.8788508029241675e-05,1.5707336933481653,0.0018228492382219394,0.19629768994073565
193,Phe_443.9,"Peripheral vascular disease, unspecified",circulatory system,-7.394398470376005e-05,2.388552490856517,0.00662139555339157,2.6819287555694593e-06
194,Phe_447,Other disorders of arteries and arterioles,circulatory system,-1.3188518746345777e-05,5.51438368248271,0.009800052081101516,3.726865681832213e-12
195,Phe_451,Phlebitis and thrombophlebitis,circulatory system,2.154781969682797e-05,0.6524081736518006,-0.000608262581225776,0.6663363069002961
196,Phe_451.2,Phlebitis and thrombophlebitis of lower extremities,circulatory system,2.175550605018725e-05,1.1721600186610683,0.0009309505852488905,0.509300735600555
197,Phe_454,Varicose veins,circulatory system,0.00023860090504518897,2.369595725056068,0.002812608864665905,0.046175059026207665
198,Phe_454.1,Varicose veins of lower extremity,circulatory system,0.0002420367252460146,1.1272340249144768,0.0011649697778244373,0.4089078004470217
199,Phe_455,Hemorrhoids,circulatory system,5.602242703988575e-05,1.1536579570851742,0.002151041771088646,0.12730410503037976
200,Phe_458,Hypotension,circulatory system,-1.512164703644943e-05,1.8220103917011425,0.0025853732208247506,0.06684612651158836
201,Phe_458.1,Orthostatic hypotension,circulatory system,-4.434902506101001e-06,1.2965309505878264,0.0011063828565312992,0.4328720778802043
202,Phe_458.9,Hypotension NOS,circulatory system,-6.385981110169852e-06,1.7876497496798844,0.004661999410790896,0.0009504805318667337
203,Phe_459,Other disorders of circulatory system,circulatory system,2.5065808523852265e-05,10.39353711128041,0.010084608298420509,8.747636102967106e-13
204,Phe_459.9,Circulatory disease NEC,circulatory system,2.426983271575629e-05,1.6390608571892014,0.007860657296347051,2.513944088438128e-08
205,Phe_465,Acute upper respiratory infections of multiple or unspecified sites,respiratory,-3.1616715098158785e-05,4.1540339644383,0.010504767667179643,9.565805810232302e-14
206,Phe_470,Septal Deviations__Turbinate Hypertrophy,respiratory,5.311441888812923e-06,6.467759506447983,0.032193326167400525,2.47747254379341e-115
207,Phe_471,Nasal polyps,respiratory,-9.022814349459609e-05,10.172320011428369,0.04524964523266672,5.567131234688384e-226
208,Phe_473,Diseases of the larynx and vocal cords,respiratory,4.813259907643285e-06,1.3226065090674959,0.001123238758018128,0.4258953863585191
209,Phe_473.4,Voice disturbance,respiratory,4.074832630921813e-06,1.4208000226194768,0.0012234205283771454,0.38580424642681066
210,Phe_474,Acute and chronic tonsillitis,respiratory,-1.5923469771971169e-06,0.6257081950148052,-0.0006688297594279653,0.6354170813948874
211,Phe_474.2,Chronic tonsillitis and adenoiditis,respiratory,-5.193000031450345e-07,6.615664360026289,0.0157487942699603,6.076081262519041e-29
212,Phe_475,Chronic sinusitis,respiratory,1.3911581586023069e-05,10.952000174358467,0.04491784782966401,1.047043885397442e-222
213,Phe_476,Allergic rhinitis,respiratory,1.0989595067736903e-05,2.8942222682989343,0.006303980727981316,7.866952214244497e-06
214,Phe_477,Epistaxis or throat hemorrhage,respiratory,0.0005535420372847754,2.4918367743645162,0.006698994887949371,2.0462990908867483e-06
215,Phe_479,Other upper respiratory disease,respiratory,1.9216426102740613e-05,8.768206591204853,0.044573230476198294,2.48454267739284e-219
216,Phe_480,Pneumonia,respiratory,-7.173120811576939e-05,2.653742842186617,0.010104362086288694,7.898595979383853e-13
217,Phe_480.1,Bacterial pneumonia,respiratory,-5.307279368857069e-05,2.3195778733398456,0.0038764558641551706,0.005997290048513197
218,Phe_480.11,Pneumococcal pneumonia,respiratory,-4.863698617297264e-05,2.6074100615506732,0.01221918180923523,4.628066886195602e-18
219,Phe_495,Asthma,respiratory,-0.00016028368636683516,2.4438930115624635,0.021868984561156025,3.24883522957524e-54
220,Phe_496,Chronic airway obstruction,respiratory,-7.909631261761925e-05,2.323601259425592,0.01110619798654914,3.458520994243302e-15
221,Phe_496.1,Emphysema,respiratory,-8.936022912585171e-05,1.900800030261192,0.0035847303128252995,0.011049461729211223
222,Phe_496.2,Chronic bronchitis,respiratory,-0.0002119028907244405,4.498695167569132,0.005710700837082176,5.161282239126183e-05
223,Phe_496.21,Obstructive chronic bronchitis,respiratory,-0.0002305737902437315,1.9773279667022072,0.00493115862387374,0.0004730115041606896
224,Phe_496.3,Bronchiectasis,respiratory,-9.5083596985796e-05,6.124331953105646,0.021762380995773416,1.0510085854354785e-53
225,Phe_506,Empyema and pneumothorax,respiratory,-5.0701142994665934e-05,1.6432149794314042,0.0020083676560752966,0.15453875948273857
226,Phe_507,Pleurisy; pleural effusion,respiratory,-2.5201182185940482e-05,2.039918818128128,0.008050687583486904,1.1497367520615971e-08
227,Phe_508,Pulmonary collapse; interstitial and compensatory emphysema,respiratory,3.853436536774798e-05,2.649873332725273,0.007466584651737529,1.2036390522261993e-07
228,Phe_509.1,Respiratory failure,respiratory,-4.109436731404282e-05,1.4737021511212658,0.001993723801723863,0.1575673621894783
229,Phe_509.2,Respiratory insufficiency,respiratory,-6.243613851122195e-05,1.1760802862820083,0.0006899659990986912,0.6247715457664014
230,Phe_512,Other symptoms of respiratory system,respiratory,1.872575059038387e-05,2.3224805709010323,0.012123547122680508,8.371231061605275e-18
231,Phe_512.7,Shortness of breath,respiratory,1.6607861542803538e-05,2.140074345409382,0.00839053953657533,2.7153657372925406e-09
232,Phe_512.8,Cough,respiratory,2.024020121909997e-05,2.9575743408096833,0.010088904673558188,8.555666934827422e-13
233,Phe_514,Abnormal findings examination of lungs,respiratory,1.79315328049322e-05,2.6770845219911434,0.00809505408739822,9.553666785800201e-09
234,Phe_516,Abnormal sputum,respiratory,2.3117123533223224e-06,5.2484776954973205,0.003705422843530267,0.008622052000339341
235,Phe_516.1,Hemoptysis,respiratory,1.7013752829265948e-06,1.9651597945994244,0.004022457645985083,0.004352339560980803
236,Phe_519,"Other diseases of respiratory system, not elsewhere classified",respiratory,2.7236729321927945e-05,7.225643950650421,0.005667844506298336,5.8738917840018275e-05
237,Phe_519.8,"Other diseases of respiratory system, NEC",respiratory,2.674946398155435e-05,2.552569251504267,0.013991638064275337,3.448932942607081e-23
238,Phe_520,Disorders of tooth development,digestive,4.906849870919492e-06,0.0,-0.0005327221191234314,0.7057032884402269
239,Phe_520.2,Disturbances in tooth eruption,digestive,5.246905815179048e-06,1.043465891983147,0.0001808812462145671,0.8979732641872316
240,Phe_521,Diseases of hard tissues of teeth,digestive,3.3167845777908967e-06,0.0,-0.0004126365667775857,0.7698987101569769
241,Phe_521.1,Dental caries,digestive,2.188551177748386e-06,1.6235584728568837,0.0032581545337183396,0.02090878487637259
242,Phe_522,Diseases of pulp and periapical tissues,digestive,-1.3736197402517296e-06,0.8846490706875987,-0.00024521249532311626,0.8620031603194256
243,Phe_522.5,Periapical abscess,digestive,7.985098659175138e-07,1.417935506444841,0.001314103962273982,0.35157705640481496
244,Phe_523,Gingival and periodontal diseases,digestive,2.7370120295530622e-06,1.0061459387648655,1.2249636607127606e-05,0.9930716962074482
245,Phe_523.3,Periodontitis (acute or chronic),digestive,-4.281039842613097e-06,0.0,-0.0002498591256083175,0.8594151792901589
246,Phe_525,Other diseases of the teeth and supporting structures,digestive,6.150242804446113e-06,1.6483500262421271,0.0030383305103598842,0.031255953952063875
247,Phe_528,"Diseases of the oral soft tissues, excluding lesions specific for gingiva and tongue",digestive,2.2431695932001946e-06,1.8632003122482543,0.003469784166726566,0.013907351465353922
248,Phe_529,Diseases and other conditions of the tongue,digestive,-5.2876695512507965e-05,1.819317102134696,0.002273424301805905,0.10705473653912138
249,Phe_530,Diseases of esophagus,digestive,0.00026125252845055676,0.7982928617442009,-0.0004514237269831332,0.7489663536962367
250,Phe_530.1,"Esophagitis, GERD and related diseases",digestive,0.000263269392539623,1.4444692151459995,0.0038903531239248357,0.005819516576447383
251,Phe_530.11,GERD,digestive,0.00012013477115244798,2.226559765291181,0.014569736071772851,5.22876064795106e-25
252,Phe_530.12,Ulcer of esophagus,digestive,0.00012603111270042698,1.0341067654707263,0.00021334379888922935,0.8797912120958891
253,Phe_530.14,Reflux esophagitis,digestive,0.00020012922255141787,1.4631351148980518,0.004323605906280171,0.00217737982537923
254,Phe_530.2,Esophageal bleeding (varices__hemorrhage),digestive,0.00010365312545873667,1.889129730766112,0.00342827394148445,0.015089586616255798
255,Phe_530.3,Stricture and stenosis of esophagus,digestive,0.0,1.96794966406895,0.003910145850463341,0.005574526552713522
256,Phe_530.9,Heartburn,digestive,-7.684225641808806e-06,1.4127137821157838,0.0017043364233421932,0.2269854021412329
257,Phe_531,Peptic ulcer (excl. esophageal),digestive,-6.364103649088788e-06,1.6439681259065309,0.005122913064429496,0.00028175217376497243
258,Phe_531.2,Gastric ulcer,digestive,-4.518669969371687e-06,1.767361895841105,0.004568234615794653,0.0012023581064035903
259,Phe_531.3,Duodenal ulcer,digestive,-2.0828800229843277e-05,1.9881159327113527,0.004870606578077626,0.000555073013653228
260,Phe_532,Dysphagia,digestive,-5.8430247871594125e-06,1.8853248910156184,0.006761627973269306,1.641436580453755e-06
261,Phe_535,Gastritis and duodenitis,digestive,-0.00023955621545395005,1.6747104142950036,0.008350984239388825,3.2213799535943325e-09
262,Phe_535.1,Acute gastritis,digestive,-4.0980465965332106e-05,1.230973181791087,0.0007216107953267036,0.6089790946459985
263,Phe_535.6,Duodenitis,digestive,-0.00016557263911723923,1.4841552672284377,0.003849760510627208,0.006352561421399057
264,Phe_535.8,Other specified gastritis,digestive,2.1800034069873805e-06,1.459806085745358,0.003964619895559275,0.004947574463916239
265,Phe_537,Other disorders of stomach and duodenum,digestive,-9.017537142218886e-05,1.2940755580802032,0.0016000985719441035,0.2566816560115233
266,Phe_540,Appendiceal conditions,digestive,2.64074892691793e-05,0.0,-0.0014515815976712467,0.3034847728330486
267,Phe_540.1,Appendicitis,digestive,2.7401278363247855e-05,2.379215193493373,0.0028266234033413103,0.04509961846267659
268,Phe_540.11,Acute appendicitis,digestive,2.1577475197361e-05,1.2477832456714597,0.001042535025603672,0.4598910356836452
269,Phe_550,Abdominal hernia,digestive,0.00027965989437574374,1.6518990280602255,0.003528267092572849,0.012380647640364173
270,Phe_550.1,Inguinal hernia,digestive,0.00026771883146214595,1.1355163041128846,0.0015251179121358795,0.2796449712373367
271,Phe_550.2,Diaphragmatic hernia,digestive,0.00027634804830140567,1.4342071919272856,0.006770454600860947,1.590980069737092e-06
272,Phe_550.4,Umbilical hernia,digestive,0.00017041593658853133,1.4911327671020225,0.0027397408319031723,0.05212076171290206
273,Phe_550.5,Ventral hernia,digestive,0.00015204262662905623,1.8410890345461806,0.004487413370591359,0.001467538698859818
274,Phe_555,Inflammatory bowel disease and other gastroenteritis and colitis,digestive,0.00018634261396858212,1.4181642426130041,0.0024957280618954207,0.07686721791036442
275,Phe_555.1,Regional enteritis,digestive,0.00015508916666425593,1.4548945204729853,0.0016888463027356219,0.23123629874967394
276,Phe_555.2,Ulcerative colitis,digestive,0.00013243109496101992,1.6099547244260457,0.002972463643108442,0.035108291332847964
277,Phe_556,Ulceration of the lower GI tract,digestive,-5.0361988609737504e-05,2.298352977766801,0.0024211808686055076,0.08610441494815704
278,Phe_557,Intestinal malabsorption (non-celiac),digestive,-0.0003928717098638227,2.4085479835501404,0.0022217345896507366,0.1152721258000276
279,Phe_557.1,Celiac disease,digestive,-0.0003906233453408231,1.5572174160956223,0.0020973488347565492,0.13707875962416718
280,Phe_558,Noninfectious gastroenteritis,digestive,0.00019562448299896223,1.5650967675558627,0.006215001202463905,1.0544477086143948e-05
281,Phe_559,Ileostomy status,digestive,0.0001139284227449006,1.9662039022701792,0.0035178832172106586,0.012640365868364742
282,Phe_560.4,Other intestinal obstruction,digestive,-1.0997955888601398e-05,1.6227737015973858,0.0033287247634564087,0.018292019811899297
283,Phe_561,Symptoms involving digestive system,digestive,-0.00013892393798458196,1.6052452606257748,0.0067916747654613524,1.4757045068937618e-06
284,Phe_561.2,Flatulence,digestive,4.132401604410298e-06,1.4487371017159272,0.001751453417105596,0.21439860458576473
285,Phe_562,Diverticulosis and diverticulitis,digestive,-4.0898543954200226e-05,1.562690262858005,0.00897787158774702,1.9617092088147674e-10
286,Phe_562.1,Diverticulosis,digestive,-3.991130544268142e-05,1.562690262858005,0.00897787158774702,1.9617092088147674e-10
287,Phe_563,Constipation,digestive,3.137553654303823e-05,2.13869754761366,0.01129933608234112,1.1465020123134833e-15
288,Phe_564,Functional digestive disorders,digestive,6.651526582982549e-05,0.8493913178703394,-0.0004003522699283646,0.7765641378712327
289,Phe_564.1,Irritable Bowel Syndrome,digestive,0.00046109816385326056,1.6955062950738695,0.0048122083827976695,0.0006466110579768126
290,Phe_564.8,Abnormal findings on exam of gastrointestinal tract__ abdominal area,digestive,8.785184025823342e-06,1.8655066609990478,0.0033583629050643353,0.017281503297691684
291,Phe_564.9,Personal history of diseases of digestive system,digestive,3.038653042804206e-05,1.7859143201425722,0.009363394662291852,3.188024185923736e-11
292,Phe_565,Anal and rectal conditions,digestive,2.0270868438041847e-05,1.9192795802739648,0.007588289409023943,7.480952887016175e-08
293,Phe_565.1,Anal and rectal polyp,digestive,2.433183253368268e-05,1.3730013838852066,0.0029817371036750732,0.03454252872782282
294,Phe_568,Other disorders of peritoneum,digestive,4.296551921548154e-05,3.9511011864979833,0.00419620901140861,0.0029337367522712632
295,Phe_568.1,Peritoneal adhesions (postoperative) (postinfection),digestive,3.5326592830597336e-05,1.9735706868616907,0.005206369998546779,0.00022365017301259033
296,Phe_569,Other disorders of intestine,digestive,-3.546901358825244e-05,1.2909251306839962,0.001626525977435582,0.2489091889192394
297,Phe_571,Chronic liver disease and cirrhosis,digestive,5.2638678326687205e-05,2.208486258822515,0.006427867978081229,5.198922330047139e-06
298,Phe_571.5,Other chronic nonalcoholic liver disease,digestive,5.995285169208916e-05,2.5667737634913905,0.006349172848083556,6.769512642108733e-06
299,Phe_572,Ascites (non malignant),digestive,3.218357699928085e-05,1.417935506444841,0.001571822725644314,0.26518262154787364
300,Phe_573,Other disorders of liver,digestive,0.0003013730551211925,1.9306165013241126,0.0035492753644179023,0.011869608225871207
301,Phe_573.7,Abnormal results of function study of liver,digestive,7.478033088259411e-05,1.9680606921010897,0.005457820438768282,0.00010931114679469627
302,Phe_574,Cholelithiasis and cholecystitis,digestive,-1.0227916220025796e-05,1.3557665418029035,0.004094771190006797,0.0036997332243222784
303,Phe_574.1,Cholelithiasis,digestive,-1.1802731282579855e-05,1.1839051090284138,0.0015669929794592528,0.26665383023821815
304,Phe_574.11,Cholelithiasis with acute cholecystitis,digestive,-4.452326460960652e-06,2.047211855252202,0.003736286123646623,0.008083412747506829
305,Phe_574.12,Cholelithiasis with other cholecystitis,digestive,-6.815407950579833e-06,1.4432792497746505,0.002924286478868667,0.0381764305637861
306,Phe_574.2,Calculus of bile duct,digestive,-4.889050521512213e-06,1.0534117814764503,0.00024472319000256703,0.8622757698906616
307,Phe_574.3,Cholecystitis without cholelithiasis,digestive,-3.855922483240096e-06,1.6419362129104458,0.0030141889179436986,0.03262359385944173
308,Phe_575,Other biliary tract disease,digestive,-9.779424102602874e-07,1.9215738010837187,0.005344045962793372,0.00015169208953546269
309,Phe_575.7,Other disorders of gallbladder,digestive,-8.665508991157235e-06,1.9008000302611918,0.003067509296853377,0.029668878515783426
310,Phe_575.8,Other disorders of biliary tract,digestive,1.1733701271783602e-06,1.0989000174947516,0.00029849907509969564,0.8324204590303157
311,Phe_577,Diseases of pancreas,digestive,-3.3247913519252696e-06,1.940662282551438,0.002134930845201213,0.1301783587870802
312,Phe_577.1,Acute pancreatitis,digestive,1.6143739031626418e-06,1.19811926950024,0.0006274264634710727,0.6564885654159722
313,Phe_578.1,Hematemesis,digestive,-7.140536201985022e-06,2.191354873596572,0.004700450779244621,0.0008620992618040333
314,Phe_578.2,Blood in stool,digestive,0.00020763730900678738,1.6453506890485492,0.0030270513571273717,0.031888679717606304
315,Phe_578.9,Hemorrhage of gastrointestinal tract,digestive,-1.1772751781107043e-05,1.1988439649783278,0.0014415359237979232,0.30684336934502576
316,Phe_579,Other symptoms involving abdomen and pelvis,digestive,4.1018877477598096e-05,1.9536000311017803,0.0028961367479935743,0.040072513806805585
317,Phe_579.8,Nonspecific abnormal findings in stool contents,digestive,4.0255927031252306e-05,1.4652000233263354,0.0018861585844031567,0.18120626035818796
318,Phe_580,Nephritis; nephrosis; renal sclerosis,genitourinary,-0.00025596677819365795,4.20941443165577,0.011292509146216252,1.1925080082216619e-15
319,Phe_580.1,Glomerulonephritis,genitourinary,-0.00014953904236653096,3.939298046284397,0.008113484819901446,8.843730872164664e-09
320,Phe_585,Renal failure,genitourinary,-1.9398338239382593e-06,2.120277392814715,0.00985219433383523,2.866164657866092e-12
321,Phe_585.1,Acute renal failure,genitourinary,-2.1651852825332916e-05,2.0326474312041647,0.007589987681947044,7.431092328860389e-08
322,Phe_585.2,Renal failure NOS,genitourinary,1.4673442743817675e-06,3.254414080062391,0.00771100991816196,4.597426980344423e-08
323,Phe_585.3,Chronic renal failure [CKD],genitourinary,8.31133115352423e-06,2.847056719604422,0.009704078117540637,6.021848349583223e-12
324,Phe_586,Other disorders of the kidney and ureters,genitourinary,2.061377555425302e-05,3.4695392310919613,0.007735680546788601,4.165075051704465e-08
325,Phe_586.2,"Cyst of kidney, acquired",genitourinary,-8.325363411700859e-06,1.798292915658543,0.0027951692236171787,0.04754341302930742
326,Phe_590,Pyelonephritis,genitourinary,6.352428018950366e-05,1.4886321967943952,0.0017008988444605461,0.22792391942946533
327,Phe_591,Urinary tract infection,genitourinary,0.00016539790746720554,1.8667192756966258,0.00903915761755003,1.4767730551392392e-10
328,Phe_592,Cystitis and urethritis,genitourinary,8.32010186712029e-06,1.9396810237553876,0.004689834323766896,0.0008857075337479507
329,Phe_592.1,Cystitis,genitourinary,5.554601508889082e-06,1.7488710757998178,0.003001651311404986,0.0333538612654037
330,Phe_593,Hematuria,genitourinary,0.0005223710581510755,1.4433737258797457,0.005028075456390088,0.00036483541762686965
331,Phe_594,Urinary calculus,genitourinary,0.00018055936261305162,1.5863819801427992,0.0011399166957006966,0.4190573711278839
332,Phe_594.1,Calculus of kidney,genitourinary,0.00014516196195302024,1.8767071679696892,0.004448997430774408,0.001611624237000046
333,Phe_594.3,Calculus of ureter,genitourinary,9.84290854806319e-05,1.688585861216425,0.003004341989256842,0.03319597169785189
334,Phe_594.8,Renal colic,genitourinary,6.137956252205083e-05,1.2797541651374382,0.0010506402479865402,0.4564096409860733
335,Phe_595,Hydronephrosis,genitourinary,0.00039186911267992424,1.0292136749219136,0.00012241531451259014,0.9308487325316624
336,Phe_596,Other disorders of bladder,genitourinary,0.00015244649907765752,1.7219791214909752,0.005664981964481571,5.924668035150626e-05
337,Phe_596.1,Bladder neck obstruction,genitourinary,0.00019014103227925518,1.904476626064405,0.003473295066316919,0.013811214431061227
338,Phe_596.5,Functional disorders of bladder,genitourinary,7.347459166631495e-05,1.504197742578367,0.0017459387084687022,0.2158452406005313
339,Phe_597,Other disorders of urethra and urinary tract,genitourinary,2.8151058426754946e-05,1.626494012943203,0.0015534294237926091,0.27081546973701576
340,Phe_597.1,Urethral stricture (not specified as infectious),genitourinary,4.0857033468295354e-05,1.6215166889882733,0.0032495495414542625,0.02124917546046524
341,Phe_598,Abnormal findings on examination of urine,genitourinary,0.0002280313522025674,1.4575288190157265,0.002344362960251661,0.0965407514476209
342,Phe_599,Other symptoms__disorders or the urinary system,genitourinary,0.0002526921042748741,1.0530635461767888,0.00039018868261214517,0.782091361966243
343,Phe_599.2,Retention of urine,genitourinary,7.396258540640809e-05,2.0363842589111307,0.00823307721527233,5.336822464070803e-09
344,Phe_599.3,Dysuria,genitourinary,2.9020184696896933e-05,1.4220312184796322,0.001325063035759304,0.34757505049468695
345,Phe_599.4,Urinary incontinence,genitourinary,1.9199539273783e-05,1.5166041545253932,0.004325590018642589,0.0021671624364284128
346,Phe_599.5,Frequency of urination and polyuria,genitourinary,4.672409857005643e-06,1.4772427632440859,0.0026748807503607164,0.057939274570087684
347,Phe_599.9,Other abnormality of urination,genitourinary,8.106752017911617e-06,1.8410890345461806,0.003165192207310801,0.02484988037319007
348,Phe_611.3,Lump or mass in breast,genitourinary,-6.649642532067889e-06,0.5153610243258239,-0.001655227735411651,0.24065592531855867
349,Phe_613,Other nonmalignant breast conditions,genitourinary,-3.0258178988375456e-05,0.0,-0.00031962309367091716,0.8207561461517827
350,Phe_681,Superficial cellulitis and abscess,dermatologic,0.0002254714048011821,2.369595725056068,0.002812608864665905,0.046175059026207665
351,Phe_681.3,Cellulitis and abscess of arm__hand,dermatologic,0.00022372343262823144,1.7201810228608072,0.00494647000947773,0.0004541336396014626
352,Phe_686,Other local infections of skin and subcutaneous tissue,dermatologic,6.204470578877461e-05,1.3636374429406515,0.0012468254174463585,0.3767811873744925
353,Phe_686.1,Carbuncle and furuncle,dermatologic,4.4543343338413246e-05,1.4390739778943256,0.0019412958493961166,0.1687796374470417
354,Phe_687,Symptoms affecting skin,dermatologic,1.1729778131409058e-06,3.853676773680225,0.004108687559307186,0.0035848561717032722
355,Phe_687.1,Rash and other nonspecific skin eruption,dermatologic,-1.7217555731183044e-05,1.7085842968639926,0.003073329992495016,0.029360712206459152
356,Phe_687.4,Disturbance of skin sensation,dermatologic,-1.7416718532626157e-05,1.271323230651918,0.0013220660861339854,0.3486665794728334
357,Phe_689,Disorder of skin and subcutaneous tissue NOS,dermatologic,-1.6217311223744127e-05,1.1334005194168144,0.0009275692860509696,0.510840193369178
358,Phe_695,Erythematous conditions,dermatologic,-0.00028037367001002093,1.341802147281681,0.0015654314764510333,0.26713068501167175
359,Phe_696,Psoriasis and related disorders,dermatologic,0.00013213091982815133,1.6043250896986394,0.0027055366357347623,0.05512516631401768
360,Phe_696.4,Psoriasis,dermatologic,0.00012441187171848144,1.6077007737246574,0.0022509918427573664,0.1105620757032044
361,Phe_696.41,Psoriasis vulgaris,dermatologic,0.00013210715232291406,1.470212110065194,0.0018217478820704862,0.19656813849033972
362,Phe_701,Other hypertrophic and atrophic conditions of skin,dermatologic,5.832962989910103e-06,2.2560821573887115,0.0045861377607575695,0.0011499524427576605
363,Phe_701.2,Scar conditions and fibrosis of skin,dermatologic,2.0053954150293995e-06,0.9868512785733972,-5.627524631398762e-05,0.9681791772614894
364,Phe_702,Degenerative skin conditions and other dermatoses,dermatologic,-6.535619627271423e-05,0.0,-0.0002498591256083175,0.8594151792901589
365,Phe_702.1,Actinic keratosis,dermatologic,-1.2748133425207657e-05,1.5523282511481302,0.0025920816453587053,0.06614162558657287
366,Phe_702.2,Seborrheic keratosis,dermatologic,-3.370087600262529e-05,1.1454332429912721,0.0007213670397103663,0.6091000606955255
367,Phe_703,"Diseases of nail, NOS",dermatologic,4.075252682259203e-05,2.072581565412498,0.001823910001178081,0.19603746724735716
368,Phe_704,Diseases of hair and hair follicles,dermatologic,0.00020649423732608475,0.8468344505679001,-0.0009468043455390708,0.5021152724899818
369,Phe_706,Diseases of sebaceous glands,dermatologic,0.000245317147513067,1.0282989756895928,0.000232585202968969,0.8690434482541903
370,Phe_706.2,Sebaceous cyst,dermatologic,0.0002434170481303032,1.0380302301044362,0.0003110618904357417,0.8254788714596657
371,Phe_707,Chronic ulcer of skin,dermatologic,-8.232052632907185e-05,2.1025291814548313,0.003728437948301266,0.008217447525426042
372,Phe_709,Diffuse diseases of connective tissue,dermatologic,-0.00028704685645680386,2.0119164499406397,0.0048528397324458395,0.000581557976929188
373,Phe_709.7,Unspecified diffuse connective tissue disease,dermatologic,-0.0002539722397851611,1.2252543749070401,0.0009117002411327074,0.5180975011952283
374,Phe_714,Rheumatoid arthritis and other inflammatory polyarthropathies,musculoskeletal,-2.3617584654950637e-05,1.7265859522012463,0.0013538355490449341,0.33720652231402193
375,Phe_714.1,Rheumatoid arthritis,musculoskeletal,-2.2999066374469707e-05,1.8420075124880844,0.004032435867396255,0.0042564777251730464
376,Phe_715,Other inflammatory spondylopathies,musculoskeletal,0.0019519761429886192,1.9645139977559805,0.0016846976694221954,0.2323843334861537
377,Phe_716,Other arthropathies,musculoskeletal,5.4698971906743376e-05,3.6252371711167064,0.0019480067273703729,0.16731191180435342
378,Phe_716.2,Unspecified monoarthritis,musculoskeletal,-2.3673677390046113e-05,1.341940319871474,0.004052205109707428,0.0040721865421696505
379,Phe_716.9,Arthropathy NOS,musculoskeletal,5.386498855279913e-05,1.4922450577315416,0.007562589161100368,8.276238293367148e-08
380,Phe_717,Polymyalgia Rheumatica,musculoskeletal,-6.163144987334624e-05,2.869132121148969,0.00624772609206636,9.471734881672472e-06
381,Phe_720,Spinal stenosis,musculoskeletal,-1.126345544926994e-05,2.199764110087796,0.0030268376081486565,0.03190077562671081
382,Phe_721,Spondylosis and allied disorders,musculoskeletal,8.040335761368711e-06,2.775606601565371,0.0054375161089609755,0.00011594606668487906
383,Phe_721.1,Spondylosis without myelopathy,musculoskeletal,1.2678631275604267e-05,0.9667299122977884,-9.57434830423876e-05,0.9458890595203763
384,Phe_722,Intervertebral disc disorders,musculoskeletal,-0.00014769260466192244,1.2157852542549215,0.0016280685222385095,0.2484606552620272
385,Phe_722.6,Degeneration of intervertebral disc,musculoskeletal,-1.5274058728154884e-05,1.2184615578597384,0.001087531217131456,0.4407526037982915
386,Phe_722.9,Other and unspecified disc disorder,musculoskeletal,-1.2115695228591239e-05,1.0928287466798634,0.0005353136451474998,0.7043388708014833
387,Phe_724,Other and unspecified disorders of back,musculoskeletal,1.3360331209837405e-05,0.9660659494459354,-6.902562223594935e-05,0.9609747012873007
388,Phe_726,Peripheral enthesopathies and allied syndromes,musculoskeletal,6.584042486063625e-05,1.366018370371193,0.0030701814784210545,0.029527060984817742
389,Phe_726.1,Enthesopathy,musculoskeletal,7.502849210789267e-05,1.3210454063496657,0.002424124686090627,0.0857233618573827
390,Phe_727,"Other disorders of synovium, tendon, and bursa",musculoskeletal,4.696642873809331e-05,1.0761989459780277,0.00020780041310900825,0.882891811816179
391,Phe_727.1,Synovitis and tenosynovitis,musculoskeletal,1.561115528002034e-05,1.026110316890343,0.00011554450473300453,0.9347210592594567
392,Phe_727.4,"Ganglion and cyst of synovium, tendon, and bursa",musculoskeletal,2.534567913484161e-05,0.8756175438205193,-0.0005962007313572102,0.6725642872520996
393,Phe_728,"Disorders of muscle, ligament, and fascia",musculoskeletal,-0.000181778945654472,4.566857215562604,0.0023580797204639853,0.09460638583452996
394,Phe_728.7,Fasciitis,musculoskeletal,-0.00020648488887356058,0.0,-0.001419913068949452,0.31415582416260524
395,Phe_728.71,Contracture of palmar fascia [Dupuytren's disease],musculoskeletal,-0.0002119318300728483,1.2866377913814147,0.0012917128564068666,0.359844107265917
396,Phe_729,Other disorders of soft tissues,musculoskeletal,9.698280053640827e-05,1.757141814357629,0.002285914386918133,0.1051404470481629
397,Phe_729.1,"Rheumatism, unspecified and fibrositis",musculoskeletal,2.592080809492135e-05,2.2445617378616203,0.0020335866855439796,0.14942698080658937
398,Phe_733,Other disorders of bone and cartilage,musculoskeletal,1.5203865081866227e-05,2.05299085837218,0.0027500909351309967,0.05123909030610897
399,Phe_733.8,Malunion and nonunion of fracture,musculoskeletal,-4.185520030158321e-06,4.77350233843874,0.0042269820314889415,0.0027317752091634844
400,Phe_735,Acquired foot deformities,musculoskeletal,0.0002368774085401107,0.0,-0.0010788464948861696,0.4444105585448719
401,Phe_735.2,Acquired toe deformities,musculoskeletal,0.00017418932119157295,1.3076835907983522,0.0012643856436049138,0.3700975767979454
402,Phe_735.21,Hammer toe (acquired),musculoskeletal,-1.4648628261077415e-07,1.566360826718577,0.002220513465739477,0.11547208994257206
403,Phe_735.23,Hallux rigidus,musculoskeletal,4.654951162504784e-05,1.7103502217817146,0.002431467539976673,0.08477882676248003
404,Phe_735.3,Hallux valgus (Bunion),musculoskeletal,0.0002715405417614452,1.1746398138235847,0.0012581017972950151,0.372480766851206
405,Phe_736,Other acquired deformities of limbs,musculoskeletal,-2.4369491282420154e-05,1.780496230877572,0.001169053094946304,0.4072675340733658
406,Phe_737,Curvature of spine,musculoskeletal,1.2581635603339663e-05,0.0,-0.0004520234101406899,0.7486441241935125
407,Phe_737.3,Kyphoscoliosis and scoliosis,musculoskeletal,1.2322716568117119e-05,1.4733854983169854,0.000954938066566132,0.498449719137654
408,Phe_738,Other acquired musculoskeletal deformity,musculoskeletal,2.3746309833567025e-05,2.876466303462744,0.0031275245938621726,0.02662127210454539
409,Phe_738.4,Acquired spondylolisthesis,musculoskeletal,1.8537810343599662e-05,0.8725756962737481,-0.0001927849513024738,0.8912993414629715
410,Phe_740,Osteoarthrosis,musculoskeletal,0.00019367226780786972,1.2955683982952986,0.004118300408440397,0.0035074088405883364
411,Phe_740.1,Osteoarthritis; localized,musculoskeletal,0.00020878558829141394,1.2210000194386128,0.00200616289609725,0.15499189282216685
412,Phe_740.11,"Osteoarthrosis, localized, primary",musculoskeletal,0.00027217149705231536,1.2603871168398584,0.0021486418373909306,0.12772910565979573
413,Phe_740.9,Osteoarthrosis NOS,musculoskeletal,0.00013979155628155227,1.7001849327277287,0.004898922139787706,0.0005151743710885845
414,Phe_741,Symptoms and disorders of the joints,musculoskeletal,-7.569564805644401e-06,0.983630784890407,-3.2997739457604424e-05,0.9813381900845617
415,Phe_741.4,Joint effusions,musculoskeletal,-2.3528065062442453e-05,2.8207059272592554,0.0026535752235117413,0.05996456278213654
416,Phe_742,"Derangement of joint, non-traumatic",musculoskeletal,9.555556338126005e-06,0.0,-0.0005327221191234314,0.7057032884402269
417,Phe_742.9,Other derangement of joint,musculoskeletal,6.0197320663419584e-06,0.7125592818608318,-0.0006809699012123516,0.6292931496070067
418,Phe_743,"Osteoporosis, osteopenia and pathological fracture",musculoskeletal,-0.00025348989013454276,2.5831696355034723,0.009497320628216638,1.667076140226807e-11
419,Phe_743.1,Osteoporosis,musculoskeletal,-0.0002791782198423829,2.6834255132990372,0.009796409403307609,3.795675096984017e-12
420,Phe_743.11,Osteoporosis NOS,musculoskeletal,-0.00027263203505181966,2.6857026904148715,0.009805452054931094,3.627106130725476e-12
421,Phe_745,Pain in joint,musculoskeletal,6.187003599427316e-05,1.9931465904358248,0.003727571169873262,0.00823237206123074
422,Phe_747,Cardiac and circulatory congenital anomalies,congenital anomalies,3.15597243868705e-05,0.0,-0.00047048228643978296,0.7387472823875723
423,Phe_747.1,Cardiac congenital anomalies,congenital anomalies,3.0245042777196247e-05,1.1721600186610683,0.00022470706421663983,0.8734411698521323
424,Phe_747.13,Congenital anomalies of great vessels,congenital anomalies,3.281449010630887e-05,1.089443046604091,0.00036422751490223474,0.7962591461294009
425,Phe_751,Genitourinary congenital anomalies,congenital anomalies,0.0,1.7891434142375233,0.0027702194912979554,0.04956017749548133
426,Phe_939,Atopic__contact dermatitis due to other or unspecified,dermatologic,-6.867513374341439e-06,2.066086989414339,0.004701728122011159,0.0008592984461525411
