,PheCode,description,category,f_score,RR,phi,pval
0,Phe_112,Candidiasis,infectious diseases,3.344616838849015e-05,3.158200802328748,0.018203687900221015,4.2076420860248235e-38
1,Phe_153,Colorectal cancer,neoplasms,-9.519155830138993e-05,0.0,-0.0008552997803928341,0.5443155724414692
2,Phe_153.2,Colon cancer,neoplasms,-8.138735565194901e-05,2.09536874388413,0.01027882541635588,3.1790868760899423e-13
3,Phe_153.3,"Malignant neoplasm of rectum, rectosigmoid junction, and anus",neoplasms,-9.282774070670138e-05,1.4395538675629076,0.003375861974810282,0.01670814589495727
4,Phe_158,Neoplasm of unspecified nature of digestive system,neoplasms,-2.5039755807132746e-05,1.9302517048786547,0.005207321207980584,0.00022305798991893928
5,Phe_159,Malignant neoplasm of other and ill-defined sites within the digestive organs and peritoneum,neoplasms,-7.724807090384446e-05,2.276169449905928,0.01570768766508639,8.430862002730668e-29
6,Phe_165,Cancer within the respiratory system,neoplasms,0.0003644026308776748,2.9062638465909263,0.011115573257401408,3.2794361801914757e-15
7,Phe_165.1,Cancer of bronchus; lung,neoplasms,0.00035553567801905884,2.367982145047924,0.011799056290434495,6.045409283347038e-17
8,Phe_172,Skin cancer,neoplasms,-0.00015033822318845412,1.5307103573634493,0.010654527726759948,4.255633309371698e-14
9,Phe_172.2,Other non-epithelial cancer of skin,neoplasms,-6.916272051707934e-05,1.594192221918399,0.010742344990787456,2.6330402578810912e-14
10,Phe_174,Breast cancer,neoplasms,-0.0003942470925185673,1.2220236738104275,0.00426157284953378,0.0025199764244244623
11,Phe_189,Cancer of urinary organs (incl. kidney and bladder),neoplasms,7.093086659785886e-05,2.603485836092429,0.014495645648941416,9.028232442032404e-25
12,Phe_189.11,"Malignant neoplasm of kidney, except pelvis",neoplasms,3.511812519786024e-05,2.482874648880549,0.008016643784542433,1.3244325658612576e-08
13,Phe_189.2,Cancer of bladder,neoplasms,8.054295215996587e-05,2.2180346863332905,0.0056863471690735395,5.555496803059225e-05
14,Phe_189.21,Malignant neoplasm of bladder,neoplasms,7.232231522939981e-05,2.144867768515531,0.008822586547243745,3.994950521873339e-10
15,Phe_195,"Cancer, suspected or other",neoplasms,-2.6037366090783307e-05,1.5364220119437149,0.0026060290806153067,0.06469647787221638
16,Phe_195.1,"Malignant neoplasm, other",neoplasms,-2.8200592359563237e-05,2.1120846037811085,0.024412828322623877,4.0796225125473536e-67
17,Phe_197,Chemotherapy,neoplasms,4.041200238065465e-06,1.9126460529959708,0.021833740330364258,4.79261420297691e-54
18,Phe_198,Secondary malignant neoplasm,neoplasms,-0.0012989118998116321,1.4222149289816612,0.0025140329328433683,0.07472711070618164
19,Phe_198.1,Secondary malignancy of lymph nodes,neoplasms,-0.0015371448600533738,1.418336952159031,0.00536074680026692,0.00014462492514246512
20,Phe_198.2,Secondary malignancy of respiratory organs,neoplasms,-0.00037519565526374104,2.0177200619965925,0.00871025610708965,6.633448757850062e-10
21,Phe_198.3,Secondary malignant neoplasm of digestive systems,neoplasms,-0.0002035203341941261,1.4551718618091167,0.0032176251286254397,0.02255453990184568
22,Phe_198.4,Secondary malignant neoplasm of liver,neoplasms,1.953713480009287e-07,1.4398085234595213,0.004075883766040171,0.003860999551477019
23,Phe_198.6,Secondary malignancy of bone,neoplasms,-0.00010215996249463809,1.800049229001511,0.006733861471289476,1.8103881997021483e-06
24,Phe_199,Neoplasm of uncertain behavior,neoplasms,6.982714177525578e-05,2.2796467609536597,0.007320618412217065,2.1089758640103034e-07
25,Phe_202,"Cancer of other lymphoid, histiocytic tissue",neoplasms,5.0330665097373654e-05,4.4148779584659446,0.01998805051361882,1.3964883024349274e-45
26,Phe_202.2,Non-Hodgkins lymphoma,neoplasms,-2.3346208067297776e-05,3.353531865529048,0.015276124953716538,2.4956505474834218e-27
27,Phe_204,Leukemia,neoplasms,7.048987233151719e-06,3.5426942906712275,0.00919079369629101,7.256711281024671e-11
28,Phe_208,Benign neoplasm of colon,neoplasms,-0.00010406998513712535,1.7600447938960462,0.019352890496873266,7.701464432424478e-43
29,Phe_211,Benign neoplasm of other parts of digestive system,neoplasms,0.00011626397450119408,1.9215106556145853,0.01202276861456715,1.555569082215712e-17
30,Phe_214,Lipoma,neoplasms,0.00015069017985398236,1.6672068610666084,0.004759664216897172,0.0007407849227161952
31,Phe_214.1,Lipoma of skin and subcutaneous tissue,neoplasms,0.00016064619562523625,1.2559948822952602,0.0029701297256321305,0.03525192042168402
32,Phe_215,Other benign neoplasm of connective and other soft tissue,neoplasms,-0.00032817532136950663,0.9507274039616086,-0.00026845142727718017,0.849075409776503
33,Phe_216,Benign neoplasm of skin,neoplasms,9.015642528369554e-06,1.0762256012402913,0.0011737021376181515,0.4054048005654509
34,Phe_228,"Hemangioma and lymphangioma, any site",neoplasms,-0.00017196531889667575,2.123814549936124,0.007349398845619462,1.889741160591194e-07
35,Phe_229,Benign neoplasm of unspecified sites,neoplasms,0.00012111336658861965,1.0704565778070063,0.0005477793203313077,0.697789149320418
36,Phe_241,Nontoxic nodular goiter,endocrine/metabolic,7.408824449246735e-07,0.0,-0.000612895623497847,0.6639501674714522
37,Phe_242,Thyrotoxicosis with or without goiter,endocrine/metabolic,6.179350957484109e-05,5.5536439484193885,0.029821045557159538,3.129020544957526e-99
38,Phe_244,Hypothyroidism,endocrine/metabolic,0.00011087400154040604,2.394013858745829,0.02969790963568459,1.9843452260785746e-98
39,Phe_244.1,Secondary hypothyroidism,endocrine/metabolic,6.514763841643039e-05,4.066396924944365,0.018196901586052996,4.4788087691030674e-38
40,Phe_244.4,Hypothyroidism NOS,endocrine/metabolic,0.00011032570771771386,2.3377359574726775,0.0277877877764957,2.0789431289236205e-86
41,Phe_250.1,Type 1 diabetes,endocrine/metabolic,8.238464585738141e-05,3.519200878563252,0.022039899479333307,4.8875315541118076e-55
42,Phe_250.2,Type 2 diabetes,endocrine/metabolic,0.00013009631556334491,2.8012231358297863,0.04516027140929926,4.265705749134532e-225
43,Phe_250.23,Type 2 diabetes with ophthalmic manifestations,endocrine/metabolic,8.77074506837581e-05,4.452909466649547,0.023250294376642763,4.800449767104364e-61
44,Phe_250.7,Diabetic retinopathy,endocrine/metabolic,8.681281050678699e-05,4.252269315649024,0.022072057197778713,3.416639033410211e-55
45,Phe_260,Protein-calorie malnutrition,endocrine/metabolic,-5.2758266628424016e-05,5.748626605204089,0.01224290313192181,3.992557547112096e-18
46,Phe_261,Vitamin deficiency,endocrine/metabolic,0.00016605619286330314,11.29554701373435,0.008685958355430172,7.396425872129339e-10
47,Phe_272,Disorders of lipoid metabolism,endocrine/metabolic,0.0004342675142765987,3.774708061513577,0.09571956680903608,0.0
48,Phe_272.1,Hyperlipidemia,endocrine/metabolic,0.00043275653645104164,5.863997607436362,0.06101757192090705,0.0
49,Phe_272.11,Hypercholesterolemia,endocrine/metabolic,0.0004235456315778285,3.7585355436781414,0.09124191076873037,0.0
50,Phe_274,Gout and other crystal arthropathies,endocrine/metabolic,0.00043279180059129256,4.957662004384227,0.03374191070457326,1.659601279852445e-126
51,Phe_274.1,Gout,endocrine/metabolic,0.00043343097992485367,5.337224917020797,0.0347111850571189,9.10644478606272e-134
52,Phe_275,Disorders of mineral metabolism,endocrine/metabolic,-2.6995377778680985e-06,6.353745195225572,0.0030111064714846893,0.03280185319157496
53,Phe_275.5,Disorders of calcium__phosphorus metabolism,endocrine/metabolic,2.4848484799984374e-05,3.9537423484408456,0.018026809975777457,2.1267795962930963e-37
54,Phe_276,"Disorders of fluid, electrolyte, and acid-base balance",endocrine/metabolic,0.00011627487843146592,5.899633676768008,0.08058437842703435,0.0
55,Phe_276.1,Electrolyte imbalance,endocrine/metabolic,0.00010774719104611611,2.5414980780902283,0.003358565739124363,0.01727475980395052
56,Phe_276.12,Hyposmolality and__or hyponatremia,endocrine/metabolic,0.0001491557431649057,5.65744435191318,0.03890010003406719,1.6511966273172367e-167
57,Phe_276.14,Hypopotassemia,endocrine/metabolic,3.872342227333707e-05,5.366212950806347,0.032152197905535404,4.8264839301948985e-115
58,Phe_276.5,Hypovolemia,endocrine/metabolic,0.00010799099642583765,4.895113181376584,0.03894011975354918,7.532205134194981e-168
59,Phe_277,Other disorders of metabolism,endocrine/metabolic,-0.0005412928873535875,4.5227190234274985,0.01925057756350729,2.0892231182867e-42
60,Phe_278,"Overweight, obesity and other hyperalimentation",endocrine/metabolic,0.0003314883062902996,0.0,-0.000281211601227934,0.841993954728983
61,Phe_278.1,Obesity,endocrine/metabolic,0.0003269693818740956,2.9499649481557855,0.03873286973282571,4.349357894396639e-166
62,Phe_280,Iron deficiency anemias,hematopoietic,6.792949899636724e-05,3.3759879806679884,0.03874363535097938,3.524968928641295e-166
63,Phe_280.1,"Iron deficiency anemias, unspecified or not due to blood loss",hematopoietic,6.832837208360651e-05,3.396229292679974,0.038212181453386146,1.053123133014281e-161
64,Phe_281,Other deficiency anemia,hematopoietic,7.625663381178982e-05,0.0,-0.00042181950044742485,0.7649271240181703
65,Phe_281.1,Megaloblastic anemia,hematopoietic,7.695783428702247e-05,0.0,-0.0005624299180637081,0.690120135539783
66,Phe_285,Other anemias,hematopoietic,7.325936967765434e-05,4.063034413705438,0.05908208913911957,0.0
67,Phe_287,Purpura and other hemorrhagic conditions,hematopoietic,3.8153657046745664e-05,8.078934287968938,0.012232722532683973,4.253994822967005e-18
68,Phe_287.3,Thrombocytopenia,hematopoietic,2.2080067472012185e-05,5.477474849467819,0.028373216240955675,5.229029758679537e-90
69,Phe_288,Diseases of white blood cells,hematopoietic,6.577376944287596e-05,4.217333055346231,0.013703814107307921,2.609265759560032e-22
70,Phe_289,Other diseases of blood and blood-forming organs,hematopoietic,-5.031469029117904e-06,3.6548840537116467,0.010237450351648228,3.950285723592612e-13
71,Phe_289.4,Lymphadenitis,hematopoietic,8.585826491845812e-05,2.224123195182206,0.01102255223087957,5.547184686150331e-15
72,Phe_290,Delirium dementia and amnestic and other cognitive disorders,mental disorders,0.0005273790505289015,7.753722950105782,0.02528526691686462,7.26747869565477e-72
73,Phe_292,Neurological disorders,mental disorders,0.00043233813274337623,5.8369333850876055,0.019680508489781857,3.04390147842239e-44
74,Phe_292.1,Aphasia__speech disturbance,mental disorders,0.00014150793595378136,3.4167857979304315,0.01672215051012944,2.0338280132247783e-32
75,Phe_292.4,Altered mental status,mental disorders,0.0005269617793436505,4.7357933305423785,0.03259345106290677,3.6063763849040405e-118
76,Phe_293,Symptoms involving head and neck,mental disorders,0.00021450843969488364,1.3723186780451677,0.002785321921416805,0.0483310041733027
77,Phe_296,Mood disorders,mental disorders,5.379667885324659e-05,1.783507423221213,0.0011763764415245058,0.40433559679192455
78,Phe_296.1,Bipolar,mental disorders,0.00014465133061728497,2.029393349941043,0.0058042143077292755,3.880332011334907e-05
79,Phe_296.2,Depression,mental disorders,4.3064475427157833e-05,1.452284616051559,0.001505738191724923,0.2858005371399948
80,Phe_300,Anxiety disorders,mental disorders,0.00015665335219054494,2.5611996135793,0.004988935491645468,0.0004053909861418776
81,Phe_300.1,Anxiety disorder,mental disorders,0.0002215513657707449,2.7203452005296285,0.02417148747504781,7.854191311472251e-66
82,Phe_306,Other mental disorder,mental disorders,0.001976242352394782,3.654117182016816,0.08404591737080007,0.0
83,Phe_317,Alcohol-related disorders,mental disorders,0.0031874196143621717,2.5896554641853,0.020113037694928268,3.937566105680931e-46
84,Phe_317.1,Alcoholism,mental disorders,0.0013183797929915884,2.7274213986595104,0.027400067435154486,4.576375895466328e-84
85,Phe_318,Tobacco use disorder,mental disorders,0.00038448031173979064,2.460380722395529,0.03561608782866862,9.896148401351159e-141
86,Phe_327,Sleep disorders,neurological,0.00010431630729167118,2.151925379988807,0.006003146827661879,2.085696028370911e-05
87,Phe_327.3,Sleep apnea,neurological,0.00011608601479000116,3.0810526023183304,0.024407747946494526,4.343000646219942e-67
88,Phe_331,Other cerebral degenerations,neurological,0.00032137187833902606,2.7142212484458756,0.004894350885640468,0.0005214292464588279
89,Phe_332,Parkinson's disease,neurological,-0.0001975915705676793,2.2031562286850277,0.007461729571625932,1.2265083586747682e-07
90,Phe_334,Degenerative disease of the spinal cord,neurological,0.009691249568663298,2.612540855746493,0.010701720190611597,3.2894245686579515e-14
91,Phe_335,Multiple sclerosis,neurological,-8.599352099620037e-05,1.376883834631275,0.0022346420392901863,0.11317509221683777
92,Phe_339,Other headache syndromes,neurological,8.422158633712052e-05,2.1514851347332495,0.017402042249681705,5.739809618677837e-35
93,Phe_340,Migraine,neurological,-3.62116132500299e-05,2.3480255635431764,0.012398737440271174,1.5025145392274903e-18
94,Phe_342,Hemiplegia,neurological,0.00011367961126992302,4.711069608167253,0.02594381341419012,1.4676122492453484e-75
95,Phe_345,"Epilepsy, recurrent seizures, convulsions",neurological,4.152380746598762e-06,3.2883653779941224,0.022233667219708833,5.607463797940135e-56
96,Phe_345.3,Convulsions,neurological,3.76077140073273e-05,3.508670816090952,0.02042877539106214,1.553067890846864e-47
97,Phe_348,Other conditions of brain,neurological,-9.204683402591742e-08,8.434666110692461,0.015822667422168327,3.3656340593522446e-29
98,Phe_350,Abnormal movement,neurological,0.0017154534863067985,4.026530288425304,0.030545465087133933,5.115771493726185e-104
99,Phe_350.2,Abnormality of gait,neurological,0.00391870805027734,5.010516979743911,0.03213161790388841,6.73619872774982e-115
100,Phe_351,Other peripheral nerve disorders,neurological,-1.1215020992569664e-05,1.357458973474075,0.006666924146277256,2.289153089024724e-06
101,Phe_352,Disorders of other cranial nerves,neurological,-1.2546945620765698e-05,1.918111757049229,0.0013292167371487331,0.3460658151227095
102,Phe_353,Nerve root and plexus disorders,neurological,0.00033700606830209244,1.9920718184778023,0.0055568998390725325,8.176301919367234e-05
103,Phe_357,Inflammatory and toxic neuropathy,neurological,0.00011614071228927998,3.978774475814078,0.02001793412837305,1.0325009707174574e-45
104,Phe_361,Retinal detachments and defects,sense organs,1.986174063112139e-05,1.6729749253535118,0.005071275168004375,0.0003244928041124044
105,Phe_361.1,Retinal detachment with retinal defect,sense organs,8.303117693684805e-05,1.2366133578137959,0.0014806710329177296,0.29389748883390615
106,Phe_362,Other retinal disorders,sense organs,-0.00015243367666594926,1.7835074232212131,0.0042472721368324,0.0026056485572008097
107,Phe_362.2,Degeneration of macula and posterior pole of retina,sense organs,-0.0001754217643813338,2.1356045606832597,0.010076187564951801,9.136230887543031e-13
108,Phe_362.29,Macular degeneration (senile) of retina NOS,sense organs,-0.00017651322712751097,2.1356045606832597,0.010076187564951801,9.136230887543031e-13
109,Phe_365,Glaucoma,sense organs,0.0004191654669364574,2.342156453466177,0.014585019235034934,4.670046289896097e-25
110,Phe_365.1,Open-angle glaucoma,sense organs,0.0004090802712735318,2.115654750171162,0.006803422559566738,1.4153850360593005e-06
111,Phe_365.11,Primary open angle glaucoma,sense organs,0.0004343808926829271,2.1235870390041547,0.00683893816725224,1.2471059371431565e-06
112,Phe_366,Cataract,sense organs,0.00010984339729164144,2.0869486507431207,0.025858179897487794,4.491650293277135e-75
113,Phe_366.2,Senile cataract,sense organs,0.000225329460359392,2.2063201476796874,0.021105882898595493,1.279630318770667e-50
114,Phe_367,Disorders of refraction and accommodation; blindness and low vision,sense organs,1.7157077699101465e-05,0.710908553311952,-0.0004861458397719571,0.7303829112677399
115,Phe_367.1,Myopia,sense organs,1.933167295372683e-05,1.7586531631186588,0.004876204947973765,0.000546963175099515
116,Phe_368,Visual disturbances,sense organs,3.027016964719048e-05,3.492836418351851,0.014300017592016235,3.768824858278125e-24
117,Phe_371,Inflammation of the eye,sense organs,-1.5623052328609896e-05,3.5545427665597606,0.004295804503073584,0.00232526684957289
118,Phe_371.3,Inflammation of eyelids,sense organs,7.143672108729536e-05,0.9555662876991763,-0.000359972474902574,0.7985878039503377
119,Phe_374,Other disorders of eyelids,sense organs,8.205100841403759e-05,1.6669521614850362,0.006108859215257404,1.4880322673630767e-05
120,Phe_374.1,Ectropion or entropion,sense organs,1.9969139082656634e-05,1.9933318259531205,0.0055621931790534995,8.049375922583039e-05
121,Phe_374.3,Ptosis of eyelid,sense organs,3.5410069055701154e-05,1.7031632690105776,0.005137768158413268,0.0002704704219183814
122,Phe_375,Disorders of lacrimal system,sense organs,-0.0001645914590677477,1.4381961638344058,0.003072144625142755,0.02942324510079158
123,Phe_378,Strabismus and other disorders of binocular eye movements,sense organs,1.6741861571331827e-05,0.0,-0.0015909693518396653,0.25940536804664144
124,Phe_379,Other disorders of eye,sense organs,1.595394848924409e-05,2.687046426174691,0.005056531827770881,0.0003377667501957767
125,Phe_379.2,Disorders of vitreous body,sense organs,-3.040411344297106e-05,2.4193223018469574,0.009166538558679176,8.136325378256554e-11
126,Phe_379.3,Aphakia and other disorders of lens,sense organs,1.4560800326372482e-06,2.046421493661999,0.00838768344770715,2.74914777907139e-09
127,Phe_380,Disorders of external ear,sense organs,-1.4706789476826182e-05,2.532863316783014,0.006410135325172873,5.518994158154964e-06
128,Phe_381,Otitis media and Eustachian tube disorders,sense organs,4.015471471152919e-06,1.4439353301290443,0.0034043049953463634,0.015811809662660624
129,Phe_381.1,Otitis media,sense organs,7.583513060070536e-06,1.3516714761011712,0.0018718591237821016,0.18453725584681
130,Phe_384,Other disorders of tympanic membrane,sense organs,4.870266323167627e-05,1.2199190774833097,0.00069177615582984,0.6238634250037296
131,Phe_384.4,Perforation of tympanic membrane,sense organs,8.117639120232056e-05,0.9494102015854302,-0.00026575805373774933,0.8505717170087495
132,Phe_386,Vertiginous syndromes and other disorders of vestibular system,sense organs,0.00041588089335413707,2.0746923086450844,0.0014960325420433306,0.28891749638915204
133,Phe_386.9,Dizziness and giddiness (Light-headedness and vertigo),sense organs,0.0006548139422524396,3.8235853034823477,0.03413408815108253,2.0277579459773486e-129
134,Phe_389,Hearing loss,sense organs,0.0002356241451232514,2.891693417258184,0.019677215005921008,3.1452286999554437e-44
135,Phe_394,Rheumatic disease of the heart valves,circulatory system,0.0864661747669106,23.520602368491563,0.1298894674337419,0.0
136,Phe_394.2,Mitral valve disease,circulatory system,0.21895141233042478,101.65992312360913,1.0000000000000002,
137,Phe_394.3,Aortic valve disease,circulatory system,0.008259985041460605,15.794620824289558,0.096073230138983,0.0
138,Phe_394.7,Disease of tricuspid valve,circulatory system,8.509099549375089e-06,72.52901116740624,0.4557386846045597,0.0
139,Phe_395,Heart valve disorders,circulatory system,0.09531004317153334,70.49248921349259,0.8160094446974713,0.0
140,Phe_395.1,Nonrheumatic mitral valve disorders,circulatory system,0.14027818146998716,100.2743297071624,0.9685516845159529,0.0
141,Phe_395.6,Heart valve replaced,circulatory system,0.008744378419229707,31.716488347954215,0.20810092000941166,0.0
142,Phe_396,Abnormal heart sounds,circulatory system,0.0,8.596906568111242,0.043998924556239764,9.16837813029832e-214
143,Phe_401.1,Essential hypertension,circulatory system,0.0006037070029712173,2.790512910482283,0.09614814959898493,0.0
144,Phe_401.2,Hypertensive heart and__or renal disease,circulatory system,0.0003704481808465388,26.752611348318197,0.027339139647184686,1.0609063080150609e-83
145,Phe_401.22,Hypertensive chronic kidney disease,circulatory system,0.0004570059756097058,8.072130565637877,0.04542284975589815,1.063588607731904e-227
146,Phe_402,Elevated blood pressure reading without diagnosis of hypertension,circulatory system,0.0005534969812754095,2.3481232243224937,0.008926616523575895,2.4840197562140486e-10
147,Phe_411.1,Unstable angina (intermediate coronary syndrome),circulatory system,0.0007550385528967876,6.112323227551402,0.059986751461652776,0.0
148,Phe_411.2,Myocardial infarction,circulatory system,0.0007863686825844686,7.416523052137552,0.12135040097056543,0.0
149,Phe_411.3,Angina pectoris,circulatory system,0.0007308291310006277,5.202118421931374,0.09128103942510518,0.0
150,Phe_411.4,Coronary atherosclerosis,circulatory system,0.0006869707940210232,7.047600866002029,0.1466596157751324,0.0
151,Phe_411.8,"Other chronic ischemic heart disease, unspecified",circulatory system,0.0008046017447318866,6.601716056971419,0.11913353427351883,0.0
152,Phe_411.9,Other acute and subacute forms of ischemic heart disease,circulatory system,0.0003766096479382113,10.618932563901748,0.06090861646440984,0.0
153,Phe_414,Other forms of chronic heart disease,circulatory system,0.0007132736346706741,24.54615944838607,0.1892650445963972,0.0
154,Phe_415,Pulmonary heart disease,circulatory system,0.00015600637320216273,3.43053032115443,0.025303379542961368,5.768028227647836e-72
155,Phe_416,Cardiomegaly,circulatory system,0.00011891063808603893,23.24442887507737,0.20900157150860968,0.0
156,Phe_418,Nonspecific chest pain,circulatory system,0.0006136867916139032,3.3370139379192274,0.06943294092533608,0.0
157,Phe_418.1,Precordial pain,circulatory system,0.00032043693387553306,4.443085617974211,0.03689901302272581,6.538096626978535e-151
158,Phe_420,Carditis,circulatory system,4.0417930205260884e-05,13.554656416481219,0.006836887796483447,1.2562733641349816e-06
159,Phe_420.2,Pericarditis,circulatory system,5.4054746782570686e-05,13.226909974631932,0.0717744779179439,0.0
160,Phe_425,Cardiomyopathy,circulatory system,0.00017493585818475213,10.516543771407843,0.007205967343994505,3.252595314381664e-07
161,Phe_425.1,Primary__intrinsic cardiomyopathies,circulatory system,0.00018071088885940795,22.43788685465603,0.12159366705538292,0.0
162,Phe_426,Cardiac conduction disorders,circulatory system,0.001038937764071715,10.701044539327278,0.02144249149469395,3.4416950482886066e-52
163,Phe_426.2,Atrioventricular [AV] block,circulatory system,-6.181706255900621e-05,11.238785470951765,0.020312458995341103,5.139892435528886e-47
164,Phe_426.3,Bundle branch block,circulatory system,0.00047715715284471,11.36570569083829,0.03204665960288873,2.6615358882280274e-114
165,Phe_426.31,Right bundle branch block,circulatory system,0.0003823608960522745,8.65848774893097,0.05536838938199485,0.0
166,Phe_426.32,Left bundle branch block,circulatory system,0.00037313601613554314,13.898417437456809,0.09924705528701125,0.0
167,Phe_426.9,Cardiac pacemaker__device in situ,circulatory system,0.0023768471049138216,11.161475239090617,0.026237285390878846,3.087664027445236e-77
168,Phe_426.91,Cardiac pacemaker in situ,circulatory system,0.002266895680955661,15.799794451585397,0.12737475102548879,0.0
169,Phe_427,Cardiac dysrhythmias,circulatory system,0.0014150304385133964,8.25013654014629,0.20242010886361825,0.0
170,Phe_427.1,"Paroxysmal tachycardia, unspecified",circulatory system,0.0002471157404459521,7.077589584555067,0.010743102241519701,2.6221186178236036e-14
171,Phe_427.11,Paroxysmal supraventricular tachycardia,circulatory system,0.0002533114802650298,9.066162734707833,0.06655251574015973,0.0
172,Phe_427.2,Atrial fibrillation and flutter,circulatory system,0.0015332405217907514,11.276366874243381,0.21807007930953298,0.0
173,Phe_427.3,Other specified cardiac dysrhythmias,circulatory system,0.0002581248886346175,8.450070065557789,0.07519779135033063,0.0
174,Phe_427.4,Cardiac arrest and ventricular fibrillation,circulatory system,0.00010465359775879532,11.372307134580426,0.06390908557246774,0.0
175,Phe_427.7,Tachycardia NOS,circulatory system,0.0001214395016043164,5.754335271147688,0.040276035153486184,1.9802547764856475e-179
176,Phe_427.9,Palpitations,circulatory system,0.0009439775378851556,5.650763328734229,0.04950683312585186,3.890355934968396e-270
177,Phe_428,Congestive heart failure; nonhypertensive,circulatory system,0.0006324058164686251,19.77509963500055,0.2519266709977769,0.0
178,Phe_428.1,Congestive heart failure (CHF) NOS,circulatory system,0.0007176017985576841,23.92827134237432,0.19431673525213797,0.0
179,Phe_428.2,Heart failure NOS,circulatory system,0.0005851004272794446,20.671714755806104,0.2340889585376657,0.0
180,Phe_430,Intracranial hemorrhage,circulatory system,-3.409042712736356e-05,2.8082851691604738,0.0034212589495371377,0.015297891016462081
181,Phe_433,Cerebrovascular disease,circulatory system,0.0009847501149984612,4.464196624123706,0.02341338144850311,7.037329254913324e-62
182,Phe_433.1,Occlusion and stenosis of precerebral arteries,circulatory system,0.0007026427156516112,5.847106689462487,0.026698814031279536,6.521268608548867e-80
183,Phe_433.2,Occlusion of cerebral arteries,circulatory system,0.000932822211856841,5.6290846468179785,0.04402072822273142,5.6527414203492295e-214
184,Phe_433.21,"Cerebral artery occlusion, with cerebral infarction",circulatory system,0.00032067546454113665,5.274281725813847,0.031527390281323085,1.0915004184901039e-110
185,Phe_433.3,Cerebral ischemia,circulatory system,0.0007702475040621061,4.794189556397477,0.022420162203208895,6.855159407248112e-57
186,Phe_433.31,Transient cerebral ischemia,circulatory system,0.0005646721862438223,4.549954089491817,0.027700187196640823,7.07961648910549e-86
187,Phe_433.8,Late effects of cerebrovascular disease,circulatory system,-5.2531469223048676e-05,5.387623464203159,0.027776226557940074,2.4443988504147334e-86
188,Phe_440,Atherosclerosis,circulatory system,0.0013093427554654357,6.255995269145179,0.011919431208130335,2.921116173529137e-17
189,Phe_442,Other aneurysm,circulatory system,0.0004009902116614257,8.65190835094546,0.007376332904635048,1.7046390477892573e-07
190,Phe_442.1,Aortic aneurysm,circulatory system,0.0003378203809856417,12.190483286771117,0.04813132025808566,1.9585381835147422e-255
191,Phe_443,Peripheral vascular disease,circulatory system,0.00025029664175805214,5.33994985615533,0.04784407592405673,2.0401131920031925e-252
192,Phe_443.1,Raynaud's syndrome,circulatory system,4.708038350329327e-05,3.121884853042157,0.012648715988265507,3.055144540421711e-19
193,Phe_443.9,"Peripheral vascular disease, unspecified",circulatory system,0.0005982379597197078,6.36813103340344,0.04777687374832034,1.0305043996097379e-251
194,Phe_447,Other disorders of arteries and arterioles,circulatory system,0.0007476532376177467,6.621997404915433,0.022778648152370306,1.1487814059354214e-58
195,Phe_451,Phlebitis and thrombophlebitis,circulatory system,0.0001325810198486039,3.206342658815131,0.0072061267459899245,3.25065111769973e-07
196,Phe_451.2,Phlebitis and thrombophlebitis of lower extremities,circulatory system,0.00013528656383913278,2.591331373739057,0.016060621334107923,4.9275013799366044e-30
197,Phe_454,Varicose veins,circulatory system,-5.2498986253150035e-05,1.5070878091101085,0.0019436027667313403,0.16827400933109576
198,Phe_454.1,Varicose veins of lower extremity,circulatory system,-5.8553646839841076e-05,1.6931513328601104,0.011845321292625726,4.5749958312333035e-17
199,Phe_455,Hemorrhoids,circulatory system,-4.495826097517057e-05,1.48195059706654,0.0125922605485218,4.389796492099779e-19
200,Phe_458,Hypotension,circulatory system,1.0281932272879968e-05,5.9696673336834385,0.029172970034215595,4.790384555292469e-95
201,Phe_458.1,Orthostatic hypotension,circulatory system,-1.6606209617583277e-05,5.663969498079003,0.03247868960882142,2.367678900356204e-117
202,Phe_458.9,Hypotension NOS,circulatory system,1.729075949306505e-05,7.718685537263207,0.07422167978589943,0.0
203,Phe_459,Other disorders of circulatory system,circulatory system,0.00023252517055546046,6.0094535836616245,0.010037547765785372,1.1147797944855753e-12
204,Phe_459.9,Circulatory disease NEC,circulatory system,0.00024168367118408715,5.280565607028994,0.09827095851809908,0.0
205,Phe_465,Acute upper respiratory infections of multiple or unspecified sites,respiratory,3.4531084899441385e-05,3.446099088935903,0.015205528553306,4.305519486942498e-27
206,Phe_470,Septal Deviations__Turbinate Hypertrophy,respiratory,-3.13196084368784e-05,1.246534268624205,0.0027092003938160095,0.0547965985897426
207,Phe_471,Nasal polyps,respiratory,9.089730961535772e-05,1.2432539986894815,0.0022397696614827704,0.11235041261163757
208,Phe_473,Diseases of the larynx and vocal cords,respiratory,1.7237576721851984e-05,1.7684142715437414,0.004993462199269852,0.0004004939045460152
209,Phe_473.4,Voice disturbance,respiratory,-8.197561372830404e-05,2.0537358206789724,0.0057179340510191135,5.049401429384863e-05
210,Phe_474,Acute and chronic tonsillitis,respiratory,-0.0006667053849523393,0.3617790858491428,-0.0021285491912215763,0.13133069985105794
211,Phe_474.2,Chronic tonsillitis and adenoiditis,respiratory,-0.0004138516034359851,1.029840031642929,0.0001561898600164268,0.9118392198213785
212,Phe_475,Chronic sinusitis,respiratory,8.45407273242504e-05,1.511777756888688,0.004311191957198695,0.0022423155603128716
213,Phe_476,Allergic rhinitis,respiratory,0.00032457761886810026,1.5165317749921117,0.003208398990856181,0.02294454120991378
214,Phe_477,Epistaxis or throat hemorrhage,respiratory,-6.024008317148732e-05,5.2155459425661155,0.03533048131889965,1.6321372731779326e-138
215,Phe_479,Other upper respiratory disease,respiratory,6.110016078233316e-06,1.790349125629385,0.008464079047492166,1.9722769459427506e-09
216,Phe_480,Pneumonia,respiratory,0.00036106222591549236,5.8869753726285285,0.055729925559964325,0.0
217,Phe_480.1,Bacterial pneumonia,respiratory,0.0002863999950198885,5.498755736237434,0.024666050805649566,1.7752365077741575e-68
218,Phe_480.11,Pneumococcal pneumonia,respiratory,0.0002915579845797306,5.36821437736894,0.061976461594975815,0.0
219,Phe_495,Asthma,respiratory,0.00010591352909315358,2.0054268334239542,0.0284217925140789,2.608535226848998e-90
220,Phe_496,Chronic airway obstruction,respiratory,0.0002458349691279267,4.231981601907905,0.050615613912575054,2.7317052803270164e-282
221,Phe_496.1,Emphysema,respiratory,0.0003830989279070664,4.579275816378791,0.026584631921266193,3.023605387537949e-79
222,Phe_496.2,Chronic bronchitis,respiratory,0.00015649540540447796,1.5173122854270022,0.0015759538163301623,0.2639286780591699
223,Phe_496.21,Obstructive chronic bronchitis,respiratory,0.0001324164510380299,5.533446107942738,0.042691802654735024,2.3082837037915478e-201
224,Phe_496.3,Bronchiectasis,respiratory,4.623733103423222e-05,3.7341833699615776,0.02167225891993603,2.8230947149651563e-53
225,Phe_506,Empyema and pneumothorax,respiratory,0.0002535113838145482,5.40365245575259,0.025663004165738263,5.67091517007629e-74
226,Phe_507,Pleurisy; pleural effusion,respiratory,0.0001822297343706079,7.725485794755563,0.09717724567729157,0.0
227,Phe_508,Pulmonary collapse; interstitial and compensatory emphysema,respiratory,-6.977852424257078e-05,6.525755601013146,0.0466735088913725,2.630570932837119e-240
228,Phe_509.1,Respiratory failure,respiratory,0.00032680268149860837,7.1771512456706645,0.04852385107181203,1.3765751500601337e-259
229,Phe_509.2,Respiratory insufficiency,respiratory,0.00035342702260061557,7.0644391022351956,0.04435218117408735,3.5200979733525543e-217
230,Phe_512,Other symptoms of respiratory system,respiratory,9.728152860539438e-05,5.286542164659319,0.07334236225546621,0.0
231,Phe_512.7,Shortness of breath,respiratory,8.370422051048602e-05,6.707861679520654,0.07840387807295368,0.0
232,Phe_512.8,Cough,respiratory,6.0031968863417664e-05,3.3981643485355657,0.023068113869078647,4.0358210772089487e-60
233,Phe_514,Abnormal findings examination of lungs,respiratory,5.7622758129930184e-05,3.495183997373595,0.02247888522455716,3.5240833846772675e-57
234,Phe_516,Abnormal sputum,respiratory,7.132525807619335e-05,3.7932807135675053,0.004547015180438565,0.0012673249729694546
235,Phe_516.1,Hemoptysis,respiratory,7.114608622248267e-05,3.6760655961857354,0.02081595793971737,2.753287883832481e-49
236,Phe_519,"Other diseases of respiratory system, not elsewhere classified",respiratory,0.007172033971397235,4.177805059874348,0.005399683309648221,0.00012933388181186051
237,Phe_519.8,"Other diseases of respiratory system, NEC",respiratory,0.009531653660143198,4.654116072282523,0.061462087901958576,0.0
238,Phe_520,Disorders of tooth development,digestive,0.0001781940236180435,0.0,-0.0009942786611060314,0.48092314901045063
239,Phe_520.2,Disturbances in tooth eruption,digestive,0.00017939797607100007,1.0390562534889165,0.0003033492428180759,0.8297389168944322
240,Phe_521,Diseases of hard tissues of teeth,digestive,3.598233228577396e-05,3.3886641041203047,0.0018396287320551828,0.19221098523520225
241,Phe_521.1,Dental caries,digestive,3.209998778975993e-05,2.880186699199839,0.01833592650980627,1.2402446168894758e-38
242,Phe_522,Diseases of pulp and periapical tissues,digestive,0.0002284328349759921,1.406615288502768,0.0016132905588398824,0.25278099444432656
243,Phe_522.5,Periapical abscess,digestive,0.00014671124694833586,2.283834678468178,0.007534196583115852,9.250021142939268e-08
244,Phe_523,Gingival and periodontal diseases,digestive,2.0671306384680385e-05,2.7632883252483174,0.006559423899033428,3.321672233763129e-06
245,Phe_523.3,Periodontitis (acute or chronic),digestive,1.4516685565085703e-05,0.0,-0.00046633993212773017,0.740964534578836
246,Phe_525,Other diseases of the teeth and supporting structures,digestive,-1.205633933714708e-05,1.9061235585676712,0.007925383625021149,1.929710651948804e-08
247,Phe_528,"Diseases of the oral soft tissues, excluding lesions specific for gingiva and tongue",digestive,-4.527601816595797e-06,1.4363818173593663,0.003273896217240668,0.020298370706506284
248,Phe_529,Diseases and other conditions of the tongue,digestive,3.111073449883486e-05,1.5027335273260778,0.002603596724413734,0.06494661124272365
249,Phe_530,Diseases of esophagus,digestive,-2.3348861458296123e-05,3.2309623694223113,0.009318859167534029,3.947325558740043e-11
250,Phe_530.1,"Esophagitis, GERD and related diseases",digestive,-3.020838462914379e-05,1.9951513894638033,0.01625713007168302,9.86891400663882e-31
251,Phe_530.11,GERD,digestive,8.343681873756415e-05,2.291532247699759,0.028633577593920236,1.240508792763599e-91
252,Phe_530.12,Ulcer of esophagus,digestive,5.134685143946878e-05,1.6741525348984303,0.007870549422876605,2.4146746894532877e-08
253,Phe_530.14,Reflux esophagitis,digestive,2.8595419521835765e-05,1.6032536027144588,0.010511040382244515,9.248787959273556e-14
254,Phe_530.2,Esophageal bleeding (varices__hemorrhage),digestive,0.00012187039429369096,2.5356465859687622,0.011051190188210824,4.7205586874417436e-15
255,Phe_530.3,Stricture and stenosis of esophagus,digestive,0.0,1.9912401871011236,0.007473541905216757,1.171585551363213e-07
256,Phe_530.9,Heartburn,digestive,-2.650593247481031e-05,1.8718767230661209,0.006719993083888997,1.9009116936719396e-06
257,Phe_531,Peptic ulcer (excl. esophageal),digestive,-0.000192452290693912,2.5067851608993363,0.02237233624776554,1.1770925324896876e-56
258,Phe_531.2,Gastric ulcer,digestive,-8.167589229369269e-05,2.653574517331562,0.018372968504335715,8.794611329661847e-39
259,Phe_531.3,Duodenal ulcer,digestive,-0.00025655337440416514,2.1074377467320624,0.010188303190193664,5.107354600770687e-13
260,Phe_532,Dysphagia,digestive,5.612355040799631e-06,2.2609037708189486,0.017973718281331267,3.448375248581797e-37
261,Phe_535,Gastritis and duodenitis,digestive,7.765211805059464e-05,2.150902850958198,0.026586814512499512,2.93641535536204e-79
262,Phe_535.1,Acute gastritis,digestive,5.101076677697395e-05,2.4317717900046527,0.00834877304531534,3.2522263162186363e-09
263,Phe_535.6,Duodenitis,digestive,4.783973665100506e-05,2.0706948282816064,0.015889935950596866,1.960734248512317e-29
264,Phe_535.8,Other specified gastritis,digestive,1.035035404854502e-05,1.9190131959575312,0.014789584659190334,1.01753543212451e-25
265,Phe_537,Other disorders of stomach and duodenum,digestive,-4.5001600895786056e-05,2.146219566235405,0.011640268947881725,1.560723717391877e-16
266,Phe_540,Appendiceal conditions,digestive,0.000773553846577195,2.192127722341976,0.003229770255349354,0.02204994199844457
267,Phe_540.1,Appendicitis,digestive,0.0007877531747005216,1.513205892232342,0.0019630661799888084,0.16405321631575018
268,Phe_540.11,Acute appendicitis,digestive,0.0007940797791994356,0.7870445661182643,-0.0016723024764085592,0.23583848435186938
269,Phe_550,Abdominal hernia,digestive,-4.9946111620864155e-05,2.467377269001279,0.014822801648354355,7.929344004793558e-26
270,Phe_550.1,Inguinal hernia,digestive,-5.626791789305085e-05,1.9743948004632066,0.02046700144242258,1.0464865865298432e-47
271,Phe_550.2,Diaphragmatic hernia,digestive,-1.0797198345829688e-05,1.8542151906016109,0.024859677902214633,1.580733524151698e-69
272,Phe_550.4,Umbilical hernia,digestive,0.00016936130711279085,1.8930037307309224,0.009297608065149194,4.369443448578331e-11
273,Phe_550.5,Ventral hernia,digestive,0.00011013551681612706,2.57936977719991,0.01572697944070931,7.23034238013063e-29
274,Phe_555,Inflammatory bowel disease and other gastroenteritis and colitis,digestive,-7.914796618254779e-05,1.6891389065545637,0.007676522508784972,5.2754289401330676e-08
275,Phe_555.1,Regional enteritis,digestive,-4.331463806899187e-05,1.8927168144652096,0.006185866259145352,1.1596320416987802e-05
276,Phe_555.2,Ulcerative colitis,digestive,-8.647863396408408e-05,1.7882347922948114,0.007169385641232253,3.7297599737718174e-07
277,Phe_556,Ulceration of the lower GI tract,digestive,-3.6166709606240042e-06,1.328887883968747,0.0011446948244866618,0.4171102876579621
278,Phe_557,Intestinal malabsorption (non-celiac),digestive,8.685447873809426e-05,3.249403935457827,0.006622094442488053,2.675437672935439e-06
279,Phe_557.1,Celiac disease,digestive,8.795301671092056e-05,1.8007393790011283,0.005625285425086568,6.673080737113266e-05
280,Phe_558,Noninfectious gastroenteritis,digestive,0.00018947933755505158,2.1181222366554584,0.022951711057424568,1.5593553275827492e-59
281,Phe_559,Ileostomy status,digestive,-5.60663195690648e-05,2.142510207766386,0.007763903151674767,3.71875056724245e-08
282,Phe_560.4,Other intestinal obstruction,digestive,7.347919582170837e-05,2.202903631089444,0.012000127133102768,1.78667547426355e-17
283,Phe_561,Symptoms involving digestive system,digestive,0.00013543413452025301,1.7653777416636913,0.0160298220305986,6.3288256229025e-30
284,Phe_561.2,Flatulence,digestive,1.711972715704612e-05,2.056043389016814,0.007693000557304802,4.940195501255066e-08
285,Phe_562,Diverticulosis and diverticulitis,digestive,1.6696835976121817e-05,1.930501697004914,0.027709491001568207,6.2168339148244406e-86
286,Phe_562.1,Diverticulosis,digestive,1.629281245656503e-05,1.930501697004914,0.027709491001568207,6.2168339148244406e-86
287,Phe_563,Constipation,digestive,7.670901163203076e-05,2.6792490621093106,0.031100476621296946,9.209077042938337e-108
288,Phe_564,Functional digestive disorders,digestive,-6.255746511293541e-05,2.0462947488649186,0.005191032189403479,0.00023340495740489038
289,Phe_564.1,Irritable Bowel Syndrome,digestive,-7.376832049310616e-05,2.0831951459755973,0.013988058974778962,3.5377165703721084e-23
290,Phe_564.8,Abnormal findings on exam of gastrointestinal tract__ abdominal area,digestive,0.00014519170780101078,1.9261069178402643,0.0067069601712043195,1.989934133239955e-06
291,Phe_564.9,Personal history of diseases of digestive system,digestive,-8.495411352365304e-05,2.432157657102087,0.03184610668023829,6.721879389784278e-113
292,Phe_565,Anal and rectal conditions,digestive,-0.00021464751884996673,1.4651651891429256,0.007166562103231881,3.769274853782691e-07
293,Phe_565.1,Anal and rectal polyp,digestive,-0.00017567938548963247,1.6800241540449348,0.010145901335224274,6.368465437296703e-13
294,Phe_568,Other disorders of peritoneum,digestive,-0.0004987946927722024,2.5700542362710177,0.004166727085535813,0.0031399135265251514
295,Phe_568.1,Peritoneal adhesions (postoperative) (postinfection),digestive,-0.0007078601891232144,1.7116523436326254,0.007103016322127877,4.773305743852452e-07
296,Phe_569,Other disorders of intestine,digestive,0.00019025671772825622,2.2765254443980023,0.013320380505852268,3.6263069388689e-21
297,Phe_571,Chronic liver disease and cirrhosis,digestive,0.00010101265796180718,2.6980247020244725,0.016856857861527016,6.473874223739855e-33
298,Phe_571.5,Other chronic nonalcoholic liver disease,digestive,0.00031337428965362644,2.367471271908868,0.010342760320806773,2.2689363962309986e-13
299,Phe_572,Ascites (non malignant),digestive,0.00017896546029394627,4.017206639561974,0.021179062828281713,5.858552200108931e-51
300,Phe_573,Other disorders of liver,digestive,-0.0007368711641765781,3.109597648486868,0.015016750588543026,1.828305078088217e-26
301,Phe_573.7,Abnormal results of function study of liver,digestive,-0.0010903737929785992,4.29471421031315,0.03466903837824642,1.902539400505747e-133
302,Phe_574,Cholelithiasis and cholecystitis,digestive,-0.0016777958193885873,1.7455281339703355,0.016015332629184347,7.118487861958373e-30
303,Phe_574.1,Cholelithiasis,digestive,-0.0012495715537395305,1.9394839040816814,0.014940667111561643,3.2582152885074145e-26
304,Phe_574.11,Cholelithiasis with acute cholecystitis,digestive,-0.0013099470465448308,1.8210465405035228,0.005467398656563075,0.00010630712394938764
305,Phe_574.12,Cholelithiasis with other cholecystitis,digestive,-0.0013271020878558892,1.3324946894263612,0.0040938753635375354,0.0037072415263807367
306,Phe_574.2,Calculus of bile duct,digestive,-0.0031119880700328263,2.0210169902024693,0.008731290138673645,6.035402437293592e-10
307,Phe_574.3,Cholecystitis without cholelithiasis,digestive,-0.0013451471218172237,2.004190442903838,0.008800392983495818,4.418105952734126e-10
308,Phe_575,Other biliary tract disease,digestive,-0.0013333036940121482,2.135275024624987,0.012287075811697303,3.0302170970306413e-18
309,Phe_575.7,Other disorders of gallbladder,digestive,-0.0013472693675817562,1.948273710968431,0.0060269639762282595,1.9338244691754245e-05
310,Phe_575.8,Other disorders of biliary tract,digestive,-0.0013249618170600675,2.22381081832895,0.006893952689954294,1.0238272920151847e-06
311,Phe_577,Diseases of pancreas,digestive,-0.0011669319881254928,2.3563558339909405,0.005745543411310281,4.6431249625051515e-05
312,Phe_577.1,Acute pancreatitis,digestive,-0.001202318268445864,1.5586700308560177,0.0033021658253127393,0.01924112010291227
313,Phe_578.1,Hematemesis,digestive,7.523034523560327e-05,3.1675562556843024,0.015961589251223398,1.1000100654637959e-29
314,Phe_578.2,Blood in stool,digestive,3.1366694615489406e-05,3.8581618861572484,0.02502178131386132,2.0567820801256518e-70
315,Phe_578.9,Hemorrhage of gastrointestinal tract,digestive,2.1766292252743346e-05,2.560224611822995,0.021110939882406313,1.2124828557284783e-50
316,Phe_579,Other symptoms involving abdomen and pelvis,digestive,8.919692692769393e-05,1.819838129990534,0.00464716732809558,0.0009867612674766377
317,Phe_579.8,Nonspecific abnormal findings in stool contents,digestive,3.492894032040685e-05,1.6943320520601524,0.005254278394479992,0.00019558823953810822
318,Phe_580,Nephritis; nephrosis; renal sclerosis,genitourinary,5.548061435382211e-05,7.348346192636573,0.04169007161601338,4.106534570475027e-192
319,Phe_580.1,Glomerulonephritis,genitourinary,1.7833615279635882e-05,6.681159996174462,0.02926902203586273,1.1638582791907768e-95
320,Phe_585,Renal failure,genitourinary,0.00012795880199891754,7.370880769137172,0.10457172313096831,0.0
321,Phe_585.1,Acute renal failure,genitourinary,0.00010921802951671504,7.8677076020519605,0.0942124261478255,0.0
322,Phe_585.2,Renal failure NOS,genitourinary,0.00021556269309694405,8.814157971749843,0.04988467528580216,3.011127377787935e-274
323,Phe_585.3,Chronic renal failure [CKD],genitourinary,1.793855427980628e-05,9.919070763565767,0.08745830393567218,0.0
324,Phe_586,Other disorders of the kidney and ureters,genitourinary,5.886632419573247e-05,3.2450933092272214,0.01312575767039122,1.3410517238385167e-20
325,Phe_586.2,"Cyst of kidney, acquired",genitourinary,3.0345155509905034e-05,4.631646892660947,0.023733229297016267,1.5674128209119182e-63
326,Phe_590,Pyelonephritis,genitourinary,2.8634528590132294e-05,2.295238151426735,0.008414986500699585,2.4422738172666703e-09
327,Phe_591,Urinary tract infection,genitourinary,6.013562718936984e-05,3.3536045275054427,0.04581317430054016,1.346228688391907e-231
328,Phe_592,Cystitis and urethritis,genitourinary,-4.2334388961305904e-05,1.775719181198413,0.007225850365810027,3.018550409651858e-07
329,Phe_592.1,Cystitis,genitourinary,-4.5856227722096764e-05,1.950137068801028,0.007107990445113146,4.686211710710231e-07
330,Phe_593,Hematuria,genitourinary,-3.618320804304007e-05,2.1191848568865623,0.023688690169760687,2.670501557925788e-63
331,Phe_594,Urinary calculus,genitourinary,0.00012753849084803687,2.1402089078654556,0.00413698853955142,0.003361186771603447
332,Phe_594.1,Calculus of kidney,genitourinary,5.991634422248861e-05,2.1475856563804463,0.010869263023815693,1.3067259514643861e-14
333,Phe_594.3,Calculus of ureter,genitourinary,-1.8722882417015862e-05,1.6475497745122731,0.0052731704826292185,0.00018546044219652774
334,Phe_594.8,Renal colic,genitourinary,1.9798308440056447e-05,1.7265332677685339,0.005092609397999633,0.00030614701915295976
335,Phe_595,Hydronephrosis,genitourinary,5.1417418015483535e-05,2.4133900448856807,0.011053987721147759,4.6466308608517104e-15
336,Phe_596,Other disorders of bladder,genitourinary,1.7311531726841703e-05,2.134867958994711,0.016619831520062904,4.822824169811316e-32
337,Phe_596.1,Bladder neck obstruction,genitourinary,-1.7482944242364832e-05,2.398938224580332,0.010026520767637376,1.179759334228778e-12
338,Phe_596.5,Functional disorders of bladder,genitourinary,7.808247381051074e-05,2.029333066155696,0.006652599982321168,2.4063509580431446e-06
339,Phe_597,Other disorders of urethra and urinary tract,genitourinary,5.003116928868468e-05,1.5987221952834,0.002770813847882808,0.049511312358836976
340,Phe_597.1,Urethral stricture (not specified as infectious),genitourinary,6.0802688969367395e-05,2.194712236791394,0.011658456830919607,1.4009459774649868e-16
341,Phe_598,Abnormal findings on examination of urine,genitourinary,-6.571698933782147e-05,1.907232414622685,0.008676255735092332,7.724451853734042e-10
342,Phe_599,Other symptoms__disorders or the urinary system,genitourinary,-3.37890544481671e-05,2.2506528434852506,0.017164160335328013,4.595162131002668e-34
343,Phe_599.2,Retention of urine,genitourinary,6.260149663039189e-06,3.18650921823244,0.032419034936123796,6.280660625962646e-117
344,Phe_599.3,Dysuria,genitourinary,-5.61076522045736e-05,3.112637738620037,0.012380106593436026,1.689808872369291e-18
345,Phe_599.4,Urinary incontinence,genitourinary,0.00016959678774242334,1.8465226145865805,0.013229194875648642,6.708053197896805e-21
346,Phe_599.5,Frequency of urination and polyuria,genitourinary,-0.00010183731483044612,2.005346428739687,0.010516911095828384,8.961453586859596e-14
347,Phe_599.9,Other abnormality of urination,genitourinary,-0.0022547550288030925,2.0471188707935792,0.007354641237443846,1.8522535355884693e-07
348,Phe_611.3,Lump or mass in breast,genitourinary,4.342273260611238e-06,1.7382009327436834,0.004705669221144314,0.0008507099323625467
349,Phe_613,Other nonmalignant breast conditions,genitourinary,-0.0003722001488858839,5.647773506867175,0.0027726209227610437,0.04936299153661437
350,Phe_681,Superficial cellulitis and abscess,dermatologic,0.0002308919013910472,4.384255444683952,0.012971418613191442,3.732906971125158e-20
351,Phe_681.3,Cellulitis and abscess of arm__hand,dermatologic,0.0002058079787272849,3.5681054098661886,0.032921069988387695,1.614951139740066e-120
352,Phe_686,Other local infections of skin and subcutaneous tissue,dermatologic,1.699886801033642e-05,3.0059405286185936,0.01283696905643949,9.019063182025322e-20
353,Phe_686.1,Carbuncle and furuncle,dermatologic,-6.94353461489973e-05,1.7235532128527713,0.005970791317600835,2.3102868631908162e-05
354,Phe_687,Symptoms affecting skin,dermatologic,0.000272258138169863,3.0637237105745223,0.005545711588564609,8.450830169806024e-05
355,Phe_687.1,Rash and other nonspecific skin eruption,dermatologic,6.129539049401149e-05,3.642839638197959,0.021394191156063724,5.8024751610236595e-52
356,Phe_687.4,Disturbance of skin sensation,dermatologic,-0.00018979106320186312,2.6217430162029833,0.014748763475128044,1.3814336864388917e-25
357,Phe_689,Disorder of skin and subcutaneous tissue NOS,dermatologic,-2.997798190659457e-05,1.7596620332963264,0.00985863187236779,2.774475599173644e-12
358,Phe_695,Erythematous conditions,dermatologic,6.424062084147234e-05,2.521409922117316,0.013005076430725454,2.989016464527127e-20
359,Phe_696,Psoriasis and related disorders,dermatologic,3.218405912117148e-05,2.5509190860785873,0.012959233761640777,4.0450952719162456e-20
360,Phe_696.4,Psoriasis,dermatologic,3.436455105958422e-05,2.661918186528419,0.011489500850544194,3.7966304329633914e-16
361,Phe_696.41,Psoriasis vulgaris,dermatologic,3.108901530212947e-05,2.5115526427345474,0.01093012502296868,9.31206102837512e-15
362,Phe_701,Other hypertrophic and atrophic conditions of skin,dermatologic,-4.597385273053003e-05,1.9566708898898255,0.006519270453083432,3.8117535831060523e-06
363,Phe_701.2,Scar conditions and fibrosis of skin,dermatologic,-4.6833209455605126e-05,0.9826808908113137,-0.0001383460678216516,0.92187675224022
364,Phe_702,Degenerative skin conditions and other dermatoses,dermatologic,-3.233912449543832e-05,0.0,-0.00046633993212773017,0.740964534578836
365,Phe_702.1,Actinic keratosis,dermatologic,-5.0950663350898705e-05,2.085467132372143,0.00950770035951003,1.5847939755992998e-11
366,Phe_702.2,Seborrheic keratosis,dermatologic,-1.7424526905248814e-05,1.4901291663069745,0.0045374363172076115,0.0012977010775805798
367,Phe_703,"Diseases of nail, NOS",dermatologic,-2.838683467632704e-05,1.9972479984991975,0.0031650723285866866,0.024855351891523932
368,Phe_704,Diseases of hair and hair follicles,dermatologic,-6.446508471903952e-05,1.1169738693593418,0.0013495699354324263,0.33873100791492006
369,Phe_706,Diseases of sebaceous glands,dermatologic,-6.443256164771038e-05,1.0754425513205406,0.001157271137189261,0.4120110144668121
370,Phe_706.2,Sebaceous cyst,dermatologic,-6.490018796699775e-05,1.0679675896819507,0.0010375931887058477,0.46202095051672076
371,Phe_707,Chronic ulcer of skin,dermatologic,5.1543174281275586e-05,6.990069452445472,0.03780733572128011,2.45561105103183e-158
372,Phe_709,Diffuse diseases of connective tissue,dermatologic,6.96197890256863e-05,2.200102813869153,0.010741801833529413,2.6409016250789016e-14
373,Phe_709.7,Unspecified diffuse connective tissue disease,dermatologic,7.255071591399291e-05,2.16071613607671,0.00876823632048056,5.10979181879927e-10
374,Phe_714,Rheumatoid arthritis and other inflammatory polyarthropathies,musculoskeletal,9.045270364344243e-05,3.327657058055946,0.008094784670300031,9.564444611600679e-09
375,Phe_714.1,Rheumatoid arthritis,musculoskeletal,9.252783825425045e-05,3.1190248301830694,0.018940652564104925,4.158970587596236e-41
376,Phe_715,Other inflammatory spondylopathies,musculoskeletal,1.1143463246263575e-05,1.7037975942504326,0.0022943972188689266,0.10385589168891478
377,Phe_716,Other arthropathies,musculoskeletal,0.0010024294950456828,0.0,-0.0013849347001662791,0.32622557875657954
378,Phe_716.2,Unspecified monoarthritis,musculoskeletal,0.00037179547535137985,1.7630134225558065,0.016876433540492754,5.4776060046118964e-33
379,Phe_716.9,Arthropathy NOS,musculoskeletal,0.0010211672542588751,2.191414343452354,0.03416326400873084,1.2273317338407926e-129
380,Phe_717,Polymyalgia Rheumatica,musculoskeletal,7.95405135599531e-05,2.85124720642453,0.01154925009320738,2.672906621701872e-16
381,Phe_720,Spinal stenosis,musculoskeletal,-0.0008747598232972741,2.63461820427584,0.007696920054762488,4.863549638331931e-08
382,Phe_721,Spondylosis and allied disorders,musculoskeletal,0.0034854062977205144,2.839317828588962,0.010512789666741467,9.162237390713891e-14
383,Phe_721.1,Spondylosis without myelopathy,musculoskeletal,0.0019080544654077867,2.934513244805212,0.01039045040465645,1.761932069945247e-13
384,Phe_722,Intervertebral disc disorders,musculoskeletal,0.00019548363245862135,1.8297545650680107,0.011684441421043067,1.2002901734358548e-16
385,Phe_722.6,Degeneration of intervertebral disc,musculoskeletal,0.0003484383685538861,1.9021607237265743,0.00838219984545714,2.815159292612066e-09
386,Phe_722.9,Other and unspecified disc disorder,musculoskeletal,0.00015692399650934897,1.7025228838035371,0.007561251637174437,8.319794642071762e-08
387,Phe_724,Other and unspecified disorders of back,musculoskeletal,0.00013630156476086621,3.770354291672317,0.010517616476717596,8.927525678602441e-14
388,Phe_726,Peripheral enthesopathies and allied syndromes,musculoskeletal,0.0003815362058270609,1.6132494619169315,0.009600762567640706,1.004272420034703e-11
389,Phe_726.1,Enthesopathy,musculoskeletal,0.0004424218624211964,1.5792433991179002,0.008163134961055269,7.1769193209371716e-09
390,Phe_727,"Other disorders of synovium, tendon, and bursa",musculoskeletal,9.99254335617306e-05,1.1667167917782229,0.0008485631661573823,0.5474906552060655
391,Phe_727.1,Synovitis and tenosynovitis,musculoskeletal,3.6058772253057462e-06,1.7205356116630668,0.005951137603160282,2.4577520863230675e-05
392,Phe_727.4,"Ganglion and cyst of synovium, tendon, and bursa",musculoskeletal,0.00010112425034652117,1.1897451162374575,0.0016975062103444633,0.22885287363046136
393,Phe_728,"Disorders of muscle, ligament, and fascia",musculoskeletal,4.948154288842632e-05,2.640517483730108,0.0020242353807229554,0.15130718310449973
394,Phe_728.7,Fasciitis,musculoskeletal,5.4539442957334394e-05,0.8590979418896547,-0.0003734104628421809,0.7912397934170069
395,Phe_728.71,Contracture of palmar fascia [Dupuytren's disease],musculoskeletal,5.884635428181591e-05,1.888419624587167,0.007472364799393561,1.1769500478668258e-07
396,Phe_729,Other disorders of soft tissues,musculoskeletal,0.000304722781402818,2.7304039314898145,0.009750740802476565,4.771540925925293e-12
397,Phe_729.1,"Rheumatism, unspecified and fibrositis",musculoskeletal,3.5109227993299525e-05,2.8118702140572744,0.005525616241470236,8.965916912898628e-05
398,Phe_733,Other disorders of bone and cartilage,musculoskeletal,5.13215690740517e-05,1.9501069489933363,0.004631293852377626,0.001027006870305605
399,Phe_733.8,Malunion and nonunion of fracture,musculoskeletal,-1.5827816173218754e-05,0.9199993042860557,-0.00016725801232028413,0.9056200946921039
400,Phe_735,Acquired foot deformities,musculoskeletal,1.821177486795859e-05,1.9836082560704225,0.0019805654998669136,0.16032689649038637
401,Phe_735.2,Acquired toe deformities,musculoskeletal,0.0001863289049545157,1.3059760239003204,0.002346767184925152,0.09619943441722681
402,Phe_735.21,Hammer toe (acquired),musculoskeletal,-0.00038479445313160276,1.471691537424186,0.0034516414698045244,0.014413617002323579
403,Phe_735.23,Hallux rigidus,musculoskeletal,-6.002085356714536e-06,0.4944548790058811,-0.0032297080684250625,0.022052500481191152
404,Phe_735.3,Hallux valgus (Bunion),musculoskeletal,-5.903012712746079e-05,1.1432638053094895,0.0019262666024576131,0.17210167428544254
405,Phe_736,Other acquired deformities of limbs,musculoskeletal,3.091988644840039e-05,0.7721006819514619,-0.0006371091477574731,0.6515353925998264
406,Phe_737,Curvature of spine,musculoskeletal,4.343160876717804e-05,5.647773506867175,0.003921148344256552,0.005442401356119363
407,Phe_737.3,Kyphoscoliosis and scoliosis,musculoskeletal,4.3664822647814955e-05,2.6976795242298515,0.006391802632561936,5.869689478599507e-06
408,Phe_738,Other acquired musculoskeletal deformity,musculoskeletal,3.950758111203508e-05,0.6236805099607923,-0.0011706418998671912,0.40663037375627475
409,Phe_738.4,Acquired spondylolisthesis,musculoskeletal,8.306814108601823e-05,1.7658051162909776,0.002162452186985119,0.12529848611152708
410,Phe_740,Osteoarthrosis,musculoskeletal,0.00033570349590029795,1.996505921217377,0.025914766363553356,2.1457195993312048e-75
411,Phe_740.1,Osteoarthritis; localized,musculoskeletal,0.00030539967162352994,2.132322650551892,0.01918454335353621,3.967406105642909e-42
412,Phe_740.11,"Osteoarthrosis, localized, primary",musculoskeletal,0.00031226750505998675,1.5268942199825235,0.008114754001736927,8.796777215655266e-09
413,Phe_740.9,Osteoarthrosis NOS,musculoskeletal,0.0007383528940287372,2.493545284163998,0.01950354516778523,1.7548410857155313e-43
414,Phe_741,Symptoms and disorders of the joints,musculoskeletal,0.00011873313469258395,0.995271974636733,-1.7788671709089185e-05,0.9899389991490553
415,Phe_741.4,Joint effusions,musculoskeletal,9.528163955169158e-05,2.7181797626633464,0.00467377268689521,0.0009225659090868694
416,Phe_742,"Derangement of joint, non-traumatic",musculoskeletal,2.8738093843967517e-05,4.066396924944366,0.0030488530289533356,0.030675415977696532
417,Phe_742.9,Other derangement of joint,musculoskeletal,1.342642059444539e-05,1.4419847251575768,0.001954313703272395,0.1659412833928516
418,Phe_743,"Osteoporosis, osteopenia and pathological fracture",musculoskeletal,7.183459564934203e-05,3.2631179412081504,0.025338927283232244,3.6631994981564174e-72
419,Phe_743.1,Osteoporosis,musculoskeletal,6.531558098464706e-05,3.3616559282862104,0.025650570932563385,6.660767180852489e-74
420,Phe_743.11,Osteoporosis NOS,musculoskeletal,6.09453469560905e-05,3.3645086573495897,0.025670536090128985,5.144101926126548e-74
421,Phe_745,Pain in joint,musculoskeletal,0.0008359668211078248,1.4816830900606999,0.003374282019838187,0.016759218311472056
422,Phe_747,Cardiac and circulatory congenital anomalies,congenital anomalies,0.0021258518326171894,7.819994086431472,0.005988729047286692,2.183079439154447e-05
423,Phe_747.1,Cardiac congenital anomalies,congenital anomalies,0.0016009455705340697,6.77732820824061,0.014074042378775303,1.9176751715777075e-23
424,Phe_747.13,Congenital anomalies of great vessels,congenital anomalies,0.0014411592051663262,9.483593516866808,0.06447827465566677,0.0
425,Phe_751,Genitourinary congenital anomalies,congenital anomalies,0.0,2.3040408108496058,0.008543912985127534,1.389689361923133e-09
426,Phe_939,Atopic__contact dermatitis due to other or unspecified,dermatologic,5.511601992971932e-05,2.6579709629850807,0.013647376683021191,3.8613788880006002e-22
