,PheCode,description,category,f_score,RR,phi,pval
0,Phe_112,Candidiasis,infectious diseases,0.0007523068311101416,4.418112767744654,0.04627900048869196,2.7150439667503295e-236
1,Phe_153,Colorectal cancer,neoplasms,-1.788743528928374e-05,0.0,-0.0013729300582868119,0.33043650540357794
2,Phe_153.2,Colon cancer,neoplasms,-7.867929093611006e-07,5.000281816403792,0.06025648394898103,0.0
3,Phe_153.3,"Malignant neoplasm of rectum, rectosigmoid junction, and anus",neoplasms,-4.525466829494129e-05,1.891169608080437,0.010986591982953426,6.789226027990133e-15
4,Phe_158,Neoplasm of unspecified nature of digestive system,neoplasms,-0.0006218157508224213,3.2458352593513644,0.02018003158444173,1.991261304603541e-46
5,Phe_159,Malignant neoplasm of other and ill-defined sites within the digestive organs and peritoneum,neoplasms,8.082706478390305e-05,3.715692274487663,0.05365553417125334,0.0
6,Phe_165,Cancer within the respiratory system,neoplasms,0.000634605090708417,2.9453256428295904,0.018208376229383216,4.029902175164891e-38
7,Phe_165.1,Cancer of bronchus; lung,neoplasms,0.0006476209016425595,2.2205130520487306,0.016898156384374186,4.549459058619138e-33
8,Phe_172,Skin cancer,neoplasms,-0.00016465023148479134,1.2842644549348894,0.00916071245406168,8.362666722624359e-11
9,Phe_172.2,Other non-epithelial cancer of skin,neoplasms,-0.00024547063936379294,1.3041528707949637,0.008826613415670892,3.9225328588934403e-10
10,Phe_174,Breast cancer,neoplasms,-2.304154534213078e-05,1.2129658726998949,0.006561614315264116,3.29675454274389e-06
11,Phe_189,Cancer of urinary organs (incl. kidney and bladder),neoplasms,-0.0001860567173260969,2.267136761943285,0.018387639455848696,7.673717023593102e-39
12,Phe_189.11,"Malignant neoplasm of kidney, except pelvis",neoplasms,-4.9620867817407286e-05,2.5550768143596536,0.013494911627411336,1.104481973989544e-21
13,Phe_189.2,Cancer of bladder,neoplasms,-0.0001950445168609517,2.0397123845696643,0.007791426625819096,3.3283416296745024e-08
14,Phe_189.21,Malignant neoplasm of bladder,neoplasms,-0.00023271388093104472,2.026099339040649,0.012692876639964143,2.2983745136519207e-19
15,Phe_195,"Cancer, suspected or other",neoplasms,-7.356179599630568e-05,2.018427152776746,0.00794205132898776,1.8020614509010155e-08
16,Phe_195.1,"Malignant neoplasm, other",neoplasms,-8.983587493376858e-05,2.1732169346645644,0.04134172985892002,6.0062542191127315e-189
17,Phe_197,Chemotherapy,neoplasms,0.0014130369845929847,2.7063758206576343,0.06552854159457713,0.0
18,Phe_198,Secondary malignant neoplasm,neoplasms,-0.0003334569066952382,2.1972279464446576,0.01144311535158259,4.979586449013795e-16
19,Phe_198.1,Secondary malignancy of lymph nodes,neoplasms,-0.0003222765784736503,2.0937568994710634,0.02249831149962735,2.826739130662481e-57
20,Phe_198.2,Secondary malignancy of respiratory organs,neoplasms,-8.534441171606897e-05,2.4074326142356353,0.019335715729201983,9.109339216115681e-43
21,Phe_198.3,Secondary malignant neoplasm of digestive systems,neoplasms,-8.34882502967609e-05,2.7082236290437884,0.019383616827030842,5.701224609579544e-43
22,Phe_198.4,Secondary malignant neoplasm of liver,neoplasms,3.90258128304402e-05,2.5767868071013,0.0234563902901039,4.2319031180318955e-62
23,Phe_198.6,Secondary malignancy of bone,neoplasms,-0.0002482807041328733,1.8692859221794982,0.011744652355784547,8.378440770414782e-17
24,Phe_199,Neoplasm of uncertain behavior,neoplasms,1.618168055968653e-05,2.1854061263246405,0.010885663077543555,1.1929286419266252e-14
25,Phe_202,"Cancer of other lymphoid, histiocytic tissue",neoplasms,0.001655932451777197,2.5519604447527646,0.014581625895852124,4.788751545146798e-25
26,Phe_202.2,Non-Hodgkins lymphoma,neoplasms,0.0015401801045947172,2.907695552932721,0.019876148804589818,4.3092602614491654e-45
27,Phe_204,Leukemia,neoplasms,9.487013045998162e-05,2.18540612632464,0.006877903688025965,1.0846421249899152e-06
28,Phe_208,Benign neoplasm of colon,neoplasms,1.413459777508049e-05,3.2067199185724595,0.09019530234013141,0.0
29,Phe_211,Benign neoplasm of other parts of digestive system,neoplasms,-0.0005294664667802972,5.7270635048987915,0.09899781678849215,0.0
30,Phe_214,Lipoma,neoplasms,-0.00019347450997139894,1.5801029587053725,0.006642796452844147,2.489859324133528e-06
31,Phe_214.1,Lipoma of skin and subcutaneous tissue,neoplasms,-0.00015768061168543732,1.2047167839370225,0.0038126561378540335,0.0068778163853044855
32,Phe_215,Other benign neoplasm of connective and other soft tissue,neoplasms,-0.00011513163997894262,1.4987866553284104,0.004362195759439568,0.0019863722168429123
33,Phe_216,Benign neoplasm of skin,neoplasms,-5.4576440839194116e-05,1.1459093280267365,0.0036063688830088396,0.010574023865600359
34,Phe_228,"Hemangioma and lymphangioma, any site",neoplasms,-0.00016573191087291747,2.1390736225631923,0.011957462130856356,2.3179414666678777e-17
35,Phe_229,Benign neoplasm of unspecified sites,neoplasms,8.505422408914853e-05,1.1601805036098782,0.0019990506384060342,0.1564605178199304
36,Phe_241,Nontoxic nodular goiter,endocrine/metabolic,0.0004451465777116926,0.0,-0.0009838220976815311,0.4855486350874342
37,Phe_242,Thyrotoxicosis with or without goiter,endocrine/metabolic,0.0016616030421428265,3.6541474349888077,0.027900943709954346,4.245709968245905e-87
38,Phe_244,Hypothyroidism,endocrine/metabolic,0.001415088372837038,2.7009817297201075,0.05816858398902027,0.0
39,Phe_244.1,Secondary hypothyroidism,endocrine/metabolic,0.0018379534861700491,3.7018522552954467,0.02573716609886989,2.168627167965682e-74
40,Phe_244.4,Hypothyroidism NOS,endocrine/metabolic,0.0013964546419599152,2.7103828111299437,0.05703046974852245,0.0
41,Phe_250.1,Type 1 diabetes,endocrine/metabolic,0.0014897363771708228,5.005615281534834,0.056253053092460654,0.0
42,Phe_250.2,Type 2 diabetes,endocrine/metabolic,0.0010846078228086045,3.612136842467202,0.10512717744400732,0.0
43,Phe_250.23,Type 2 diabetes with ophthalmic manifestations,endocrine/metabolic,0.0015427857368052187,6.2301145592770615,0.05653072026796773,0.0
44,Phe_250.7,Diabetic retinopathy,endocrine/metabolic,0.001538112469944611,6.1161215005808165,0.055734898409679046,0.0
45,Phe_260,Protein-calorie malnutrition,endocrine/metabolic,-1.0643806380308035e-05,5.7236827118026286,0.01954911778292536,1.1193378004333058e-43
46,Phe_261,Vitamin deficiency,endocrine/metabolic,0.0006906519100928687,6.6776298304364,0.007688921793525769,5.021198593004305e-08
47,Phe_272,Disorders of lipoid metabolism,endocrine/metabolic,0.00023652933358532638,2.312748571007235,0.07269340896150933,0.0
48,Phe_272.1,Hyperlipidemia,endocrine/metabolic,0.00022693956179040172,3.2109889230582382,0.04452236120644884,7.785177049999324e-219
49,Phe_272.11,Hypercholesterolemia,endocrine/metabolic,0.00021552779081398255,2.3187982179151856,0.07002033622789049,0.0
50,Phe_274,Gout and other crystal arthropathies,endocrine/metabolic,8.446831233166767e-05,2.7332545114169813,0.023720473958966978,1.8259956849282083e-63
51,Phe_274.1,Gout,endocrine/metabolic,9.004914754509866e-05,2.9000703643833763,0.02440940728881538,4.255164256618905e-67
52,Phe_275,Disorders of mineral metabolism,endocrine/metabolic,-0.0007076689199710394,0.0,-0.000902814379111377,0.5221843878642618
53,Phe_275.5,Disorders of calcium__phosphorus metabolism,endocrine/metabolic,-0.0003742025914796011,3.8422164181520047,0.027844118144572952,9.435289882481829e-87
54,Phe_276,"Disorders of fluid, electrolyte, and acid-base balance",endocrine/metabolic,8.030766492544027e-05,4.31940380022823,0.08763495925744509,0.0
55,Phe_276.1,Electrolyte imbalance,endocrine/metabolic,7.405863090580678e-05,4.17351864402275,0.011098951988679634,3.603498206744394e-15
56,Phe_276.12,Hyposmolality and__or hyponatremia,endocrine/metabolic,4.827784434668839e-05,4.6080219549073105,0.0483729159807639,5.492332691770077e-258
57,Phe_276.14,Hypopotassemia,endocrine/metabolic,-2.46611888884579e-05,4.068262748601649,0.03626839634799402,7.318002008241109e-146
58,Phe_276.5,Hypovolemia,endocrine/metabolic,0.00011449564593164812,4.490889512337447,0.05602003263752271,0.0
59,Phe_277,Other disorders of metabolism,endocrine/metabolic,-0.00023590930670809227,5.29421647911093,0.03766862314808567,3.4338298723149176e-157
60,Phe_278,"Overweight, obesity and other hyperalimentation",endocrine/metabolic,-5.715454252424892e-05,0.0,-0.000451401799597644,0.7489781368333981
61,Phe_278.1,Obesity,endocrine/metabolic,-5.6976612757625827e-05,2.7573271183140875,0.056031923863072285,0.0
62,Phe_280,Iron deficiency anemias,hematopoietic,0.002330845653228446,38.362088709061766,0.9779515273128934,0.0
63,Phe_280.1,"Iron deficiency anemias, unspecified or not due to blood loss",hematopoietic,0.011352962346585612,40.0657789826184,0.9999999999999999,0.0
64,Phe_281,Other deficiency anemia,hematopoietic,0.0016280060464609913,8.903506440581866,0.005351512170067239,0.00014849340823036312
65,Phe_281.1,Megaloblastic anemia,hematopoietic,0.0013043687693419335,5.0082223728273005,0.0036186807928644095,0.01031170874217788
66,Phe_285,Other anemias,hematopoietic,0.0017082597308199989,8.578582445892497,0.23465077868832154,0.0
67,Phe_287,Purpura and other hemorrhagic conditions,hematopoietic,0.001662012389735731,3.98004426979653,0.008266240045329507,4.633590108396888e-09
68,Phe_287.3,Thrombocytopenia,hematopoietic,0.0015152184886281987,4.099662011567974,0.031529697677239836,1.0522045177536595e-110
69,Phe_288,Diseases of white blood cells,hematopoietic,0.001593317295141572,4.3739933387138,0.023068518881422674,4.0168378157685016e-60
70,Phe_289,Other diseases of blood and blood-forming organs,hematopoietic,0.00017291366468554623,3.947893002281973,0.018246854904665072,2.826659784951671e-38
71,Phe_289.4,Lymphadenitis,hematopoietic,0.00014361430271677756,2.8759113724003376,0.02711436308399433,2.3217423356401545e-82
72,Phe_290,Delirium dementia and amnestic and other cognitive disorders,mental disorders,0.00020104442695615982,4.300846331467512,0.019837167515866925,6.371404664596787e-45
73,Phe_292,Neurological disorders,mental disorders,0.0002574992052980427,3.929896981548695,0.01913588763368582,6.355099880733744e-42
74,Phe_292.1,Aphasia__speech disturbance,mental disorders,4.031199642412104e-05,2.776342361036213,0.019729255332688832,1.8735290018460173e-44
75,Phe_292.4,Altered mental status,mental disorders,0.00021199881007825363,4.06844340362626,0.04297300012046941,5.3348245673501476e-204
76,Phe_293,Symptoms involving head and neck,mental disorders,-4.395055951092148e-05,1.5798584252471202,0.006963259781443992,7.968620479611455e-07
77,Phe_296,Mood disorders,mental disorders,-0.00029211532427054403,1.0543626048057473,0.000131018768779,0.9260022209827989
78,Phe_296.1,Bipolar,mental disorders,0.0004200786828154607,2.724372993827452,0.015607140732939978,1.871840788209663e-28
79,Phe_296.2,Depression,mental disorders,-0.0003038674311656994,2.933387389798847,0.010332052031294376,2.4011376025385943e-13
80,Phe_300,Anxiety disorders,mental disorders,-0.00043942355959587825,3.2611680567247534,0.01159878098098971,1.9955037002336253e-16
81,Phe_300.1,Anxiety disorder,mental disorders,-0.00035797347766205003,2.6394063368183915,0.036974681282879604,1.5987393665947716e-151
82,Phe_306,Other mental disorder,mental disorders,0.00016525450772722294,2.487207308074247,0.07559587394009566,0.0
83,Phe_317,Alcohol-related disorders,mental disorders,0.0004736380223599532,2.3026887657220767,0.026457291422378338,1.6601092714423038e-78
84,Phe_317.1,Alcoholism,mental disorders,0.0005659518703517174,2.088507815159048,0.02771500369579014,5.755966090260296e-86
85,Phe_318,Tobacco use disorder,mental disorders,0.00036335649295096884,1.9704018692219856,0.03798934445485353,7.595767293086233e-160
86,Phe_327,Sleep disorders,neurological,1.059709058870695e-05,1.7254605547259019,0.006068739209977181,1.6925437136954687e-05
87,Phe_327.3,Sleep apnea,neurological,7.230641392685708e-06,2.5219898762190223,0.02865407995433191,9.226216654296367e-92
88,Phe_331,Other cerebral degenerations,neurological,0.00013847822394825725,4.570610709182197,0.01636442626393583,4.068399977214789e-31
89,Phe_332,Parkinson's disease,neurological,-0.0006065389622765889,2.915002495639419,0.01906412507604311,1.2704924820465728e-41
90,Phe_334,Degenerative disease of the spinal cord,neurological,-0.00011977788127397452,2.4566933911794875,0.015518190092863544,3.7747557015227795e-28
91,Phe_335,Multiple sclerosis,neurological,-0.00042876387723582177,1.695786356487799,0.0066222628701360624,2.673875621079187e-06
92,Phe_339,Other headache syndromes,neurological,4.159520269396683e-05,2.355767045466981,0.03288948015522582,2.7268995846103003e-120
93,Phe_340,Migraine,neurological,-3.8413807792393936e-05,2.200171223886422,0.017719546295648883,3.41960418717892e-36
94,Phe_342,Hemiplegia,neurological,6.933158667293855e-05,3.4528232293963823,0.027525233711591542,8.08776277568397e-85
95,Phe_345,"Epilepsy, recurrent seizures, convulsions",neurological,-2.579233849509407e-05,2.6597578436664224,0.02588573585587533,3.1351393555809736e-75
96,Phe_345.3,Convulsions,neurological,-2.964113627056668e-05,2.6333750291696965,0.02135082301895377,9.26526240571714e-52
97,Phe_348,Other conditions of brain,neurological,0.00019986769333755819,1.9245570690340719,0.0031585081862290387,0.02515655022908387
98,Phe_350,Abnormal movement,neurological,-0.00016256393755376112,3.7316166699497537,0.04425389741744939,3.1596271589863855e-216
99,Phe_350.2,Abnormality of gait,neurological,-0.0003185328086537291,4.446233377488341,0.044320736805851316,7.107367403000126e-217
100,Phe_351,Other peripheral nerve disorders,neurological,0.0017336975888430455,1.883091612183065,0.026438397181471642,2.135874860466803e-78
101,Phe_352,Disorders of other cranial nerves,neurological,0.0001839735712506866,1.511916188023336,0.0011896772818487612,0.39904294763472625
102,Phe_353,Nerve root and plexus disorders,neurological,-2.4029463714374414e-05,2.279342672841755,0.011502874855304757,3.5103409615797095e-16
103,Phe_357,Inflammatory and toxic neuropathy,neurological,4.427396037256352e-05,3.8233395071364082,0.030456135085932284,2.0199493155185345e-103
104,Phe_361,Retinal detachments and defects,sense organs,0.00023756743445375324,1.2204911664873253,0.0026671014837463445,0.0586720767939773
105,Phe_361.1,Retinal detachment with retinal defect,sense organs,0.00031193969053742814,1.259036136301237,0.002602014593211332,0.06510973885581044
106,Phe_362,Other retinal disorders,sense organs,-8.83058721557136e-05,2.6764589198915125,0.014587804748663717,4.574786656846372e-25
107,Phe_362.2,Degeneration of macula and posterior pole of retina,sense organs,-0.00010153604958170034,2.271509615820431,0.018110015285089945,9.943706697137686e-38
108,Phe_362.29,Macular degeneration (senile) of retina NOS,sense organs,-0.0001023408758100204,2.271509615820431,0.018110015285089945,9.943706697137686e-38
109,Phe_365,Glaucoma,sense organs,0.0002821833491103081,1.9547593337276128,0.016654355388144165,3.606029846663431e-32
110,Phe_365.1,Open-angle glaucoma,sense organs,0.0003232796035594073,1.539346897944784,0.005279537329521436,0.00018215981285218475
111,Phe_365.11,Primary open angle glaucoma,sense organs,0.0003369812721616675,1.5451184181834627,0.005326020886175628,0.00015968377258004986
112,Phe_366,Cataract,sense organs,0.001321056062587104,1.886127167436068,0.0338388058959067,3.1872784715354733e-127
113,Phe_366.2,Senile cataract,sense organs,0.000619384449697661,2.037830713182908,0.029147245209151615,6.991929307715088e-95
114,Phe_367,Disorders of refraction and accommodation; blindness and low vision,sense organs,0.00015915514596778795,1.1207210904228924,0.0003258701147818967,0.8173141083984652
115,Phe_367.1,Myopia,sense organs,0.0001385681286990014,1.3669727572157166,0.0037861913216250195,0.007275959439092435
116,Phe_368,Visual disturbances,sense organs,0.00043708353589325306,2.7048627161261374,0.015698648194924374,9.059489565719953e-29
117,Phe_371,Inflammation of the eye,sense organs,-0.0012703531656473531,1.6810816356343385,0.0018384869619924881,0.1924870683944107
118,Phe_371.3,Inflammation of eyelids,sense organs,-0.0013385963893250785,1.20270227995125,0.0026359998525733973,0.06167914178876949
119,Phe_374,Other disorders of eyelids,sense organs,0.0007395749866307089,1.3234656080285072,0.004755800155615508,0.0007481905045459418
120,Phe_374.1,Ectropion or entropion,sense organs,2.7065123415619147e-05,1.9259957006192274,0.008323207865987219,3.6304198421012485e-09
121,Phe_374.3,Ptosis of eyelid,sense organs,0.00013901511733920875,1.6408174564735758,0.007515929764538608,9.934208494946525e-08
122,Phe_375,Disorders of lacrimal system,sense organs,-8.846702910326378e-06,1.3603578959336886,0.004055432534150233,0.004042797352805274
123,Phe_378,Strabismus and other disorders of binocular eye movements,sense organs,0.00045945509502762574,1.8780833898102376,0.002242475094390273,0.11191720918654977
124,Phe_379,Other disorders of eye,sense organs,0.00024196917708456083,1.853262904482349,0.004105240729069429,0.0036130027769759204
125,Phe_379.2,Disorders of vitreous body,sense organs,0.0003305018872878966,2.173964209432888,0.012170523306711888,6.2604389330498245e-18
126,Phe_379.3,Aphakia and other disorders of lens,sense organs,0.000290854863833833,2.3203160946886467,0.016988042954729558,2.1048916105756786e-33
127,Phe_380,Disorders of external ear,sense organs,0.0007939917042388363,1.2704890277613992,0.0018156974039293485,0.19805876035534348
128,Phe_381,Otitis media and Eustachian tube disorders,sense organs,-0.00023920953573101407,1.5717383706404242,0.0070377874312975335,6.070299553839231e-07
129,Phe_381.1,Otitis media,sense organs,-0.00023819575622560676,1.570107503867481,0.0048710526797269265,0.0005544227035316456
130,Phe_384,Other disorders of tympanic membrane,sense organs,-7.933854508502703e-05,2.00328894913092,0.005065925107976764,0.0003292521751671633
131,Phe_384.4,Perforation of tympanic membrane,sense organs,-6.954111101512556e-05,1.4103614728076879,0.003460350719638313,0.01416859471700854
132,Phe_386,Vertiginous syndromes and other disorders of vestibular system,sense organs,0.00013093380973820426,1.635337917657894,0.001419684131029246,0.31423385498221
133,Phe_386.9,Dizziness and giddiness (Light-headedness and vertigo),sense organs,0.00020671181718374157,2.799379753212459,0.03491726952698877,2.4497797757117126e-135
134,Phe_389,Hearing loss,sense organs,0.00010076886475463602,2.2127203390843926,0.020249000573227833,9.846445896693582e-47
135,Phe_394,Rheumatic disease of the heart valves,circulatory system,8.215962033507015e-05,4.587137486382071,0.033210239596217404,1.304445669850304e-122
136,Phe_394.2,Mitral valve disease,circulatory system,6.832837208360652e-05,3.396229292679974,0.03821218145338615,1.0531231330141608e-161
137,Phe_394.3,Aortic valve disease,circulatory system,0.00029498537271514574,3.980169192717742,0.03106486906296481,1.6087260562652367e-107
138,Phe_394.7,Disease of tricuspid valve,circulatory system,-8.472098152515042e-05,4.466991495372614,0.03545818506379942,1.6731730281164864e-139
139,Phe_395,Heart valve disorders,circulatory system,7.116476727611883e-05,3.7217666477530393,0.051302467969743235,5.918205489675964e-290
140,Phe_395.1,Nonrheumatic mitral valve disorders,circulatory system,6.501075381126028e-05,3.419327331919834,0.03788877132940942,5.195479305137123e-159
141,Phe_395.6,Heart valve replaced,circulatory system,0.00031287450635718664,4.5076168478930265,0.038145616378675494,3.7901849981098615e-161
142,Phe_396,Abnormal heart sounds,circulatory system,0.0,2.866918543404392,0.01735644188319592,8.570878574185668e-35
143,Phe_401.1,Essential hypertension,circulatory system,0.00023583883825630442,2.102103031969054,0.09499827595331468,0.0
144,Phe_401.2,Hypertensive heart and__or renal disease,circulatory system,0.0002711320433415436,8.434900838445978,0.01266977210434456,2.667753277487907e-19
145,Phe_401.22,Hypertensive chronic kidney disease,circulatory system,0.0002510140676395537,6.015651127322879,0.05171082674117512,1.4668261005896674e-294
146,Phe_402,Elevated blood pressure reading without diagnosis of hypertension,circulatory system,-7.467502740664733e-05,2.1411965217160196,0.012129636331880298,8.062313988072734e-18
147,Phe_411.1,Unstable angina (intermediate coronary syndrome),circulatory system,0.00024550868457607445,3.254724803071927,0.04246788517813195,2.8188633202211657e-199
148,Phe_411.2,Myocardial infarction,circulatory system,0.00031422096612336277,2.796780884144295,0.054546467225465814,0.0
149,Phe_411.3,Angina pectoris,circulatory system,0.00032385359422666714,3.063046914233356,0.07193685489474413,0.0
150,Phe_411.4,Coronary atherosclerosis,circulatory system,0.0002875545382399722,2.5193578665944134,0.059144934335327685,0.0
151,Phe_411.8,"Other chronic ischemic heart disease, unspecified",circulatory system,0.0003044973567928822,3.401984158198747,0.08199986290931251,0.0
152,Phe_411.9,Other acute and subacute forms of ischemic heart disease,circulatory system,0.00047106111051939945,2.8363397992645702,0.018665299130406925,5.696077977384294e-40
153,Phe_414,Other forms of chronic heart disease,circulatory system,0.00011176664149740893,3.5537247757912223,0.032949928278064235,1.0003029846165747e-120
154,Phe_415,Pulmonary heart disease,circulatory system,-0.00016640599652858183,3.0217413984678085,0.03378571727045997,7.875689724470663e-127
155,Phe_416,Cardiomegaly,circulatory system,0.0001320145550623767,3.87441333135126,0.043351842799154244,1.4064992753024932e-207
156,Phe_418,Nonspecific chest pain,circulatory system,0.0002933264263817545,2.1378837803674933,0.05426655073496911,0.0
157,Phe_418.1,Precordial pain,circulatory system,0.0001108568217607832,2.3789710313551935,0.023722044878931245,1.7919846349922116e-63
158,Phe_420,Carditis,circulatory system,3.12243994013698e-05,2.6710519321745605,0.001460742349542787,0.3004434102598989
159,Phe_420.2,Pericarditis,circulatory system,2.8296587447757995e-05,3.06778848859427,0.01948451023195528,2.1167422565010318e-43
160,Phe_425,Cardiomyopathy,circulatory system,0.0001390685592936565,0.0,-0.001215466778343107,0.38890037960080504
161,Phe_425.1,Primary__intrinsic cardiomyopathies,circulatory system,0.00014271835734354707,2.8159672034639316,0.016533585114972896,9.945363917455798e-32
162,Phe_426,Cardiac conduction disorders,circulatory system,0.0001936818106909447,3.5686118931886837,0.009113501930428623,1.0438539484215972e-10
163,Phe_426.2,Atrioventricular [AV] block,circulatory system,0.00011585902133059738,3.0200335916546535,0.006432839301796014,5.1124301514806e-06
164,Phe_426.3,Bundle branch block,circulatory system,0.00013164361114574789,3.898740397894544,0.014385443952644218,2.024049201776791e-24
165,Phe_426.31,Right bundle branch block,circulatory system,0.00011747401217191032,2.574569067704376,0.018273032928707873,2.2197565341755808e-38
166,Phe_426.32,Left bundle branch block,circulatory system,9.730581407181468e-05,2.8935648240722056,0.023387910968151727,9.506523143360902e-62
167,Phe_426.9,Cardiac pacemaker__device in situ,circulatory system,0.00020597564060155643,4.5178029713338255,0.014580207350435562,4.839256599083518e-25
168,Phe_426.91,Cardiac pacemaker in situ,circulatory system,0.00021448620532253977,3.318166153978615,0.03202596892838073,3.717214247715106e-114
169,Phe_427,Cardiac dysrhythmias,circulatory system,0.00019207647034514454,2.421919353161561,0.06372538773256835,0.0
170,Phe_427.1,"Paroxysmal tachycardia, unspecified",circulatory system,0.00018532402364847446,2.535808796368254,0.0043577824278553294,0.002007410145622697
171,Phe_427.11,Paroxysmal supraventricular tachycardia,circulatory system,0.00011501062023151389,2.483609691320205,0.0196493058011147,4.1502350561336175e-44
172,Phe_427.2,Atrial fibrillation and flutter,circulatory system,0.00012787437343549936,2.5760512324299394,0.05368548300348829,0.0
173,Phe_427.3,Other specified cardiac dysrhythmias,circulatory system,2.2516756633534556e-05,2.6234013291892855,0.026302720976754537,1.2976337407277135e-77
174,Phe_427.4,Cardiac arrest and ventricular fibrillation,circulatory system,2.3185451217043996e-05,2.429498359636035,0.01413842230476558,1.2094837922662778e-23
175,Phe_427.7,Tachycardia NOS,circulatory system,0.0005422135625730937,3.7686734392640506,0.03764945500903105,4.9403323271658386e-157
176,Phe_427.9,Palpitations,circulatory system,0.0001404621155737906,2.3118951345184784,0.022416617474536785,7.135704581861637e-57
177,Phe_428,Congestive heart failure; nonhypertensive,circulatory system,0.00013600928227794286,4.483604780503188,0.07503274382591747,0.0
178,Phe_428.1,Congestive heart failure (CHF) NOS,circulatory system,0.00015898088407881734,5.964880319840887,0.06754259300781504,0.0
179,Phe_428.2,Heart failure NOS,circulatory system,0.00015763406672980235,4.4196037705267255,0.06531975560845607,0.0
180,Phe_430,Intracranial hemorrhage,circulatory system,-9.17482616259845e-06,2.4349368442475274,0.004357946213852932,0.002006625754017612
181,Phe_433,Cerebrovascular disease,circulatory system,0.0002651182671129256,3.86721866701795,0.031106595000693852,8.366814072062292e-108
182,Phe_433.1,Occlusion and stenosis of precerebral arteries,circulatory system,0.00026785418425319277,3.1162272542036535,0.01871120458595561,3.691764153938904e-40
183,Phe_433.2,Occlusion of cerebral arteries,circulatory system,0.00019019311227293635,2.6958002624528152,0.02588611351964744,3.119720045303852e-75
184,Phe_433.21,"Cerebral artery occlusion, with cerebral infarction",circulatory system,0.0003809914774924919,2.6788591720201564,0.019877840412178324,4.236676477621518e-45
185,Phe_433.3,Cerebral ischemia,circulatory system,0.00026501235672659386,4.666752665589076,0.03478014555414004,2.7223956449440734e-134
186,Phe_433.31,Transient cerebral ischemia,circulatory system,0.00028440085476724735,2.8141595822485974,0.022722991573432733,2.1765584221540774e-58
187,Phe_433.8,Late effects of cerebrovascular disease,circulatory system,-0.00011205970619833567,3.8498073910985484,0.028959393147347953,1.0951184962535271e-93
188,Phe_440,Atherosclerosis,circulatory system,0.0005479453411827205,3.698379598395545,0.009822762946624725,3.324630804823561e-12
189,Phe_442,Other aneurysm,circulatory system,0.0005992749800693616,0.0,-0.001547393620196328,0.2726816428234177
190,Phe_442.1,Aortic aneurysm,circulatory system,0.0005863140332721357,3.0456855543532186,0.01412367979794745,1.3443666400381675e-23
191,Phe_443,Peripheral vascular disease,circulatory system,0.0014241207564356145,4.440024576865171,0.060874450981370044,0.0
192,Phe_443.1,Raynaud's syndrome,circulatory system,0.00013735625310307652,3.243739783629072,0.021469759016776186,2.5614577214178568e-52
193,Phe_443.9,"Peripheral vascular disease, unspecified",circulatory system,0.0007230413233847605,4.838131801674675,0.054833321966490815,0.0
194,Phe_447,Other disorders of arteries and arterioles,circulatory system,0.0005031182823102833,3.9630806713808306,0.019271292089939142,1.7077290169846304e-42
195,Phe_451,Phlebitis and thrombophlebitis,circulatory system,-0.0001398421025082674,3.122008751892343,0.011125157245368033,3.105806107536724e-15
196,Phe_451.2,Phlebitis and thrombophlebitis of lower extremities,circulatory system,-0.00013892671173257114,2.6396277917960362,0.02656299505679746,4.040587018173781e-79
197,Phe_454,Varicose veins,circulatory system,-0.0013332624117361358,3.995778496918816,0.018431644731268227,5.0947552262286794e-39
198,Phe_454.1,Varicose veins of lower extremity,circulatory system,-0.001315975629536765,1.275962438679903,0.0075700510690516485,8.037264551532895e-08
199,Phe_455,Hemorrhoids,circulatory system,-6.444638769548575e-05,2.290358829492299,0.05411799887346277,0.0
200,Phe_458,Hypotension,circulatory system,9.146710821092694e-05,3.482977908103269,0.023396787787055836,8.560852232785246e-62
201,Phe_458.1,Orthostatic hypotension,circulatory system,8.448644517892014e-05,4.497346760031726,0.03909412926572286,3.6462070607284e-169
202,Phe_458.9,Hypotension NOS,circulatory system,5.6112512708686705e-05,3.7385090588897785,0.048561344129285096,5.499690530844435e-260
203,Phe_459,Other disorders of circulatory system,circulatory system,-6.88520329354969e-05,2.565788801842558,0.00503617141525913,0.00035693468809968253
204,Phe_459.9,Circulatory disease NEC,circulatory system,-5.794066518643452e-05,3.1605056339188238,0.07961767485665279,0.0
205,Phe_465,Acute upper respiratory infections of multiple or unspecified sites,respiratory,0.00021712814976123352,2.4488072413618847,0.014456665621576398,1.202049058874716e-24
206,Phe_470,Septal Deviations__Turbinate Hypertrophy,respiratory,-8.661748828429981e-05,1.3742528996523626,0.006601749806777687,2.8707018638302587e-06
207,Phe_471,Nasal polyps,respiratory,0.0008570298020565417,1.3663071384006746,0.005414006894502345,0.00012410239807427768
208,Phe_473,Diseases of the larynx and vocal cords,respiratory,1.2129524683172164e-06,1.6764712409276155,0.007056441332629006,5.668244274870768e-07
209,Phe_473.4,Voice disturbance,respiratory,-3.419357701495844e-05,2.0235241910413335,0.00891529181100722,2.6165622990519193e-10
210,Phe_474,Acute and chronic tonsillitis,respiratory,-2.7727444050520984e-07,0.9980799034815973,-1.0279352817376473e-05,0.9941860525214065
211,Phe_474.2,Chronic tonsillitis and adenoiditis,respiratory,1.7876344720687125e-05,1.3046020652806283,0.0025592720446185177,0.0696462235193859
212,Phe_475,Chronic sinusitis,respiratory,0.0004442948063579955,1.6300611538944074,0.008519786484684455,1.5452964223866384e-09
213,Phe_476,Allergic rhinitis,respiratory,4.6055756896746436e-05,1.2984280225848557,0.0029755070418675325,0.03492175146662389
214,Phe_477,Epistaxis or throat hemorrhage,respiratory,-0.0017903753924014393,2.9299804358037265,0.02596442364876328,1.1206030191203284e-75
215,Phe_479,Other upper respiratory disease,respiratory,-0.00011449077360433127,1.6696985487089449,0.011512513278765773,3.3173161137570654e-16
216,Phe_480,Pneumonia,respiratory,0.0006422839586422626,3.690025540059419,0.04924189624374619,2.8446881480855997e-267
217,Phe_480.1,Bacterial pneumonia,respiratory,0.0005271762021079377,4.334292713159247,0.029345464244588504,3.762181075088794e-96
218,Phe_480.11,Pneumococcal pneumonia,respiratory,0.0005047125001394841,3.6492778652505145,0.060336539374519736,0.0
219,Phe_495,Asthma,respiratory,0.0011327244986224212,2.2682986256765596,0.05755095936129794,0.0
220,Phe_496,Chronic airway obstruction,respiratory,0.0008494550828901827,3.6567841559257728,0.06678854068499188,0.0
221,Phe_496.1,Emphysema,respiratory,0.0007246456428150585,3.3352053855801267,0.02784137128411164,9.806215032008813e-87
222,Phe_496.2,Chronic bronchitis,respiratory,0.0016095830673376577,3.1608397065178697,0.010566795396601993,6.84880593023196e-14
223,Phe_496.21,Obstructive chronic bronchitis,respiratory,0.0016935976157151755,4.307566881172199,0.04999824074478536,1.7254618972271604e-275
224,Phe_496.3,Bronchiectasis,respiratory,0.0004953995512930732,3.488945288226745,0.031668095508017316,1.161088661542536e-111
225,Phe_506,Empyema and pneumothorax,respiratory,0.0005165737253509667,2.901960627245725,0.017792051756648847,1.7831273520454897e-36
226,Phe_507,Pleurisy; pleural effusion,respiratory,0.00031745410109477345,3.323642885728182,0.05389399304827089,0.0
227,Phe_508,Pulmonary collapse; interstitial and compensatory emphysema,respiratory,-0.0002926868736651744,3.500024789717991,0.033896366557157144,1.1933315193288566e-127
228,Phe_509.1,Respiratory failure,respiratory,0.00038591640838808147,4.598135821344988,0.04537061141658785,3.5145754430219286e-227
229,Phe_509.2,Respiratory insufficiency,respiratory,0.0004779567671287286,4.719751741913799,0.04366850781284309,1.3564923782288954e-210
230,Phe_512,Other symptoms of respiratory system,respiratory,-1.4988057301160237e-05,3.206042242004573,0.060588705102044345,0.0
231,Phe_512.7,Shortness of breath,respiratory,-2.045196121952086e-05,3.614732355361152,0.05765293194679396,0.0
232,Phe_512.8,Cough,respiratory,-3.4402475471446935e-06,2.8599898303313975,0.028719294469248948,3.592813367427889e-92
233,Phe_514,Abnormal findings examination of lungs,respiratory,0.00015243472941705688,2.8238896286865134,0.026375505996008155,4.935065957208371e-78
234,Phe_516,Abnormal sputum,respiratory,6.256280419493704e-05,3.2889818567821076,0.005981143532778903,2.2360374145702643e-05
235,Phe_516.1,Hemoptysis,respiratory,6.560565385331193e-05,2.739540443255959,0.02172022051355588,1.6694553748827109e-53
236,Phe_519,"Other diseases of respiratory system, not elsewhere classified",respiratory,-0.00010672105658737384,3.293077724598773,0.006254460663726167,9.264300491320914e-06
237,Phe_519.8,"Other diseases of respiratory system, NEC",respiratory,-9.544739627227894e-05,3.1991577152284782,0.05937606332172229,0.0
238,Phe_520,Disorders of tooth development,digestive,-0.00014476727334889462,0.801315579652368,-0.00031710419349280703,0.822145012669623
239,Phe_520.2,Disturbances in tooth eruption,digestive,-0.00014533417856897496,1.0964258673120102,0.0012021978339609547,0.3940990877009647
240,Phe_521,Diseases of hard tissues of teeth,digestive,-4.888476597648172e-06,2.6710519321745605,0.0020658324760204102,0.14308012389443614
241,Phe_521.1,Dental caries,digestive,-5.205677714171577e-07,1.8498365952100837,0.01330354444697202,4.0637003993377886e-21
242,Phe_522,Diseases of pulp and periapical tissues,digestive,5.615306859506737e-05,1.0079441253488908,5.0594700508556256e-05,0.9713897860301163
243,Phe_522.5,Periapical abscess,digestive,5.8686376133841494e-05,1.9848254565122019,0.009277205227947453,4.8161188220908275e-11
244,Phe_523,Gingival and periodontal diseases,digestive,7.506548695761274e-05,2.2354297286439455,0.007377181463936291,1.699102032961161e-07
245,Phe_523.3,Periodontitis (acute or chronic),digestive,8.497525494099959e-05,3.6423435438744,0.0019779801990075937,0.16087334909391698
246,Phe_525,Other diseases of the teeth and supporting structures,digestive,-4.24254252076332e-05,1.8885171864202945,0.012474661127260698,9.292534264128695e-19
247,Phe_528,"Diseases of the oral soft tissues, excluding lesions specific for gingiva and tongue",digestive,-1.6069253846513872e-05,1.5992345549402611,0.007216475863624688,3.1267977137019737e-07
248,Phe_529,Diseases and other conditions of the tongue,digestive,0.0003038085545818434,1.7175278499570341,0.005964920809720628,2.3534284460838496e-05
249,Phe_530,Diseases of esophagus,digestive,-0.0012990331485818877,3.2289106785084067,0.014944907152644306,3.155212891312376e-26
250,Phe_530.1,"Esophagitis, GERD and related diseases",digestive,-0.0013300891173447318,3.934650895067728,0.076955776520359,0.0
251,Phe_530.11,GERD,digestive,-0.0005176848173839338,2.711078248591697,0.06089340830695253,0.0
252,Phe_530.12,Ulcer of esophagus,digestive,-0.0003839012139569974,4.500846220073586,0.06560696770697637,0.0
253,Phe_530.14,Reflux esophagitis,digestive,-0.0008960855020737201,3.1620264467860713,0.060469563729756676,0.0
254,Phe_530.2,Esophageal bleeding (varices__hemorrhage),digestive,-0.00033941993833041205,5.411801305403561,0.05096403111752725,3.644071080394034e-286
255,Phe_530.3,Stricture and stenosis of esophagus,digestive,0.0,3.251227955217723,0.027245645333696004,3.840934021118973e-83
256,Phe_530.9,Heartburn,digestive,-0.00011194606567033109,2.2534485668161675,0.015507804370983208,4.095849333607685e-28
257,Phe_531,Peptic ulcer (excl. esophageal),digestive,0.00020799349769976097,4.833308748842774,0.09136163364760781,0.0
258,Phe_531.2,Gastric ulcer,digestive,0.00023585845634253397,5.560361026122139,0.08133637969477746,0.0
259,Phe_531.3,Duodenal ulcer,digestive,0.00020171646812530483,4.0207354173369705,0.04460928667425898,1.1048969210118687e-219
260,Phe_532,Dysphagia,digestive,4.24848632285499e-05,2.69704111896498,0.03883098480401414,6.3925929297645355e-167
261,Phe_535,Gastritis and duodenitis,digestive,0.0017731178540240217,4.107145083669279,0.11521770626141682,0.0
262,Phe_535.1,Acute gastritis,digestive,0.00026991722909670265,4.979002872402403,0.037243729133758265,1.0441167834727742e-153
263,Phe_535.6,Duodenitis,digestive,0.0011541908306461385,3.7827036033685966,0.06629082821231155,0.0
264,Phe_535.8,Other specified gastritis,digestive,0.0002011710292002404,4.798353259530315,0.0981204737230932,0.0
265,Phe_537,Other disorders of stomach and duodenum,digestive,0.0005851216570697144,5.9365332019568235,0.0804724664075498,0.0
266,Phe_540,Appendiceal conditions,digestive,0.00018242589098359523,2.0518862551745274,0.00457454260038459,0.001183646855767539
267,Phe_540.1,Appendicitis,digestive,0.0001896268822238835,1.2469728235456334,0.0015164305558026058,0.2823930963621191
268,Phe_540.11,Acute appendicitis,digestive,0.00021910014862815458,0.7754666899861626,-0.002830329110279545,0.044818808082527944
269,Phe_550,Abdominal hernia,digestive,-0.0014930152466989105,2.7290841820221576,0.028037203936045356,6.215662003907955e-88
270,Phe_550.1,Inguinal hernia,digestive,-0.0015786976680684072,1.1212718004308222,0.0040889249600249596,0.0037489833107921
271,Phe_550.2,Diaphragmatic hernia,digestive,-0.001359358504532218,3.895439131989599,0.1352610329053011,0.0
272,Phe_550.4,Umbilical hernia,digestive,-0.0003721259475435188,1.8836234588067282,0.014767781281195344,1.1981606129233682e-25
273,Phe_550.5,Ventral hernia,digestive,-0.0005673758429202824,2.702786137570915,0.027217714529776563,5.6362818262931686e-83
274,Phe_555,Inflammatory bowel disease and other gastroenteritis and colitis,digestive,-0.001210434033219071,3.6517446564251332,0.04741541034728817,6.017655438827656e-248
275,Phe_555.1,Regional enteritis,digestive,-0.0008922174867024334,4.923267007793821,0.043637989180658324,2.6546992044709873e-210
276,Phe_555.2,Ulcerative colitis,digestive,-0.0008731509521177609,3.253534341480097,0.03290186944225281,2.220585916292518e-120
277,Phe_556,Ulceration of the lower GI tract,digestive,-0.0004172002963071147,3.273347956096275,0.01270099692567962,2.1809481005254975e-19
278,Phe_557,Intestinal malabsorption (non-celiac),digestive,0.00163375035256816,4.299295918226175,0.015591189215939263,2.123354737426112e-28
279,Phe_557.1,Celiac disease,digestive,0.001645706858695249,6.145354988879876,0.058022811970463536,0.0
280,Phe_558,Noninfectious gastroenteritis,digestive,0.00035991168800033187,2.7140322748178853,0.05647741770954348,0.0
281,Phe_559,Ileostomy status,digestive,-0.0005494819318124315,3.67054233260117,0.029130607377247347,8.927618248480567e-95
282,Phe_560.4,Other intestinal obstruction,digestive,0.0010182586067234503,3.456718491678554,0.03934055286430424,2.7979344543352593e-171
283,Phe_561,Symptoms involving digestive system,digestive,0.0013542521959191542,2.1777954127217405,0.039596133869827015,1.734563561425797e-173
284,Phe_561.2,Flatulence,digestive,2.7517797157796923e-05,2.9861760365322327,0.02322532459430912,6.433429621905974e-61
285,Phe_562,Diverticulosis and diverticulitis,digestive,0.0004754513976010501,3.1630366069085096,0.10339637215333415,0.0
286,Phe_562.1,Diverticulosis,digestive,0.0004714323034250553,3.1630366069085096,0.10339637215333415,0.0
287,Phe_563,Constipation,digestive,1.2119417304028339e-05,2.98623956402558,0.05904914471504903,0.0
288,Phe_564,Functional digestive disorders,digestive,-1.2273436656609148e-05,3.838830675468269,0.022608368253527453,8.076391927906286e-58
289,Phe_564.1,Irritable Bowel Syndrome,digestive,-2.3565929281983062e-05,2.5113554810705843,0.031329064561049114,2.5255640719735397e-109
290,Phe_564.8,Abnormal findings on exam of gastrointestinal tract__ abdominal area,digestive,3.5588392608298233e-05,3.340080097073152,0.02720353700587886,6.846528647180389e-83
291,Phe_564.9,Personal history of diseases of digestive system,digestive,-3.651093556490962e-05,3.5399145753792967,0.09065978388014449,0.0
292,Phe_565,Anal and rectal conditions,digestive,-9.069271812552361e-05,2.203857022325505,0.029772042159776843,6.532109841909614e-99
293,Phe_565.1,Anal and rectal polyp,digestive,-6.657314825379219e-05,2.699428675665382,0.040700457479694536,3.434460003443682e-183
294,Phe_568,Other disorders of peritoneum,digestive,3.324165292040323e-05,2.4759751056674295,0.006287666320933303,8.303406432585095e-06
295,Phe_568.1,Peritoneal adhesions (postoperative) (postinfection),digestive,2.6421571434746892e-05,2.947312264305663,0.031198993286234034,1.9610438979322456e-108
296,Phe_569,Other disorders of intestine,digestive,0.00039431067616698686,4.986159719202511,0.06676854374753141,0.0
297,Phe_571,Chronic liver disease and cirrhosis,digestive,-0.00021964294822709855,4.545550289762216,0.05649972364300768,0.0
298,Phe_571.5,Other chronic nonalcoholic liver disease,digestive,-0.0001441600369110878,3.857567180460653,0.03469323128792963,1.2465348853451387e-133
299,Phe_572,Ascites (non malignant),digestive,-0.00011862753763350362,4.297377907006651,0.03715356231166564,5.659643466897192e-153
300,Phe_573,Other disorders of liver,digestive,0.00016257432462900536,3.959441687694054,0.03381552815766603,4.7397639864925595e-127
301,Phe_573.7,Abnormal results of function study of liver,digestive,4.815874375154005e-05,3.312895247163609,0.03906700005964844,6.221187948491719e-169
302,Phe_574,Cholelithiasis and cholecystitis,digestive,1.32993953727689e-05,1.9560491935834052,0.03296721181299503,7.506791523239546e-121
303,Phe_574.1,Cholelithiasis,digestive,1.3912478592842836e-05,2.183946269192827,0.030223356353527964,7.101441898773671e-102
304,Phe_574.11,Cholelithiasis with acute cholecystitis,digestive,-9.997675512946958e-06,2.0813391679282285,0.011558592508422094,2.529779667155836e-16
305,Phe_574.12,Cholelithiasis with other cholecystitis,digestive,-1.6687939555800028e-05,1.7558285241952458,0.014938370755094499,3.3153845495872175e-26
306,Phe_574.2,Calculus of bile duct,digestive,-8.118540660878788e-06,2.2804324094137383,0.017576490427387122,1.2262811600676972e-35
307,Phe_574.3,Cholecystitis without cholelithiasis,digestive,-1.2481880155767399e-05,2.2033580140895204,0.016928204224274285,3.517703175528805e-33
308,Phe_575,Other biliary tract disease,digestive,-1.1500554545698222e-05,2.79146820780538,0.031123369760383036,6.431465767889685e-108
309,Phe_575.7,Other disorders of gallbladder,digestive,2.3468896186625347e-05,2.146029439363836,0.01169205128740232,1.1470899434313996e-16
310,Phe_575.8,Other disorders of biliary tract,digestive,-5.133487824000839e-06,3.255344542337745,0.02039374387749453,2.2286380983195306e-47
311,Phe_577,Diseases of pancreas,digestive,1.062283285273518e-05,4.378048696776183,0.022969599846355732,1.267432304170568e-59
312,Phe_577.1,Acute pancreatitis,digestive,8.95722576073596e-06,2.5709443640181027,0.014905081704863266,4.2649492393479576e-26
313,Phe_578.1,Hematemesis,digestive,8.723054765183377e-05,4.978848634570249,0.04703197578272455,5.538478889344404e-244
314,Phe_578.2,Blood in stool,digestive,-0.0005702735459898627,5.613583278302916,0.06483355229992775,0.0
315,Phe_578.9,Hemorrhage of gastrointestinal tract,digestive,0.00012179730746922589,3.353135137553349,0.05110899796307425,8.739966583256763e-288
316,Phe_579,Other symptoms involving abdomen and pelvis,digestive,-8.459793760056308e-05,2.9678354801939557,0.017905194233663223,6.421135149145674e-37
317,Phe_579.8,Nonspecific abnormal findings in stool contents,digestive,-0.00012039204621277004,2.9771099660695617,0.02401633562647908,5.1779728002056824e-65
318,Phe_580,Nephritis; nephrosis; renal sclerosis,genitourinary,0.0017213710074777612,5.921323689420124,0.051878095318760614,1.8586644630725968e-296
319,Phe_580.1,Glomerulonephritis,genitourinary,0.0009100424323158943,5.655289191721343,0.03849886349984854,4.130828154044777e-164
320,Phe_585,Renal failure,genitourinary,7.686733007163063e-05,4.8074103210980175,0.1003169969296994,0.0
321,Phe_585.1,Acute renal failure,genitourinary,0.00020082928635573635,5.043604804491463,0.08904204958719256,0.0
322,Phe_585.2,Renal failure NOS,genitourinary,5.145464173374439e-05,5.132635105907765,0.04234889436566972,3.585335311967322e-198
323,Phe_585.3,Chronic renal failure [CKD],genitourinary,1.9081205782961535e-05,6.304725029857743,0.08349767281355258,0.0
324,Phe_586,Other disorders of the kidney and ureters,genitourinary,-3.6710770445281445e-05,3.488024867900615,0.02334934789767718,1.4979801107939472e-61
325,Phe_586.2,"Cyst of kidney, acquired",genitourinary,8.89717383875292e-05,2.9430000368450524,0.020382435734276595,2.5038789373053676e-47
326,Phe_590,Pyelonephritis,genitourinary,-9.857380170741305e-05,2.8456879710138185,0.019248288974501662,2.1362574098497893e-42
327,Phe_591,Urinary tract infection,genitourinary,-0.0007781888299400416,3.0253884351752376,0.0632841967496573,0.0
328,Phe_592,Cystitis and urethritis,genitourinary,-4.338325152228817e-05,1.9245570690340719,0.013824461069902432,1.1228424330694997e-22
329,Phe_592.1,Cystitis,genitourinary,-4.011620406779312e-05,1.892983518539342,0.010723438600529723,2.9207028819249204e-14
330,Phe_593,Hematuria,genitourinary,-0.0014640406361250016,1.6907341128578075,0.02346822157969013,3.67879338126099e-62
331,Phe_594,Urinary calculus,genitourinary,-0.0008743839529029701,1.9279773345019382,0.005404646704787129,0.00012749797939007185
332,Phe_594.1,Calculus of kidney,genitourinary,-0.000617351752463355,1.799708106401805,0.01215840310659609,6.748493972550375e-18
333,Phe_594.3,Calculus of ureter,genitourinary,-0.00047568908295921746,1.4188961344384667,0.005475642194839977,0.00010378423966054444
334,Phe_594.8,Renal colic,genitourinary,-0.00027405002247686815,1.2312976961904565,0.002602472935527508,0.06506244616493614
335,Phe_595,Hydronephrosis,genitourinary,-5.1715889410308113e-05,2.7361995402763784,0.02179649386046343,7.222965754504696e-54
336,Phe_596,Other disorders of bladder,genitourinary,-0.0007427798044467623,1.9204709955883572,0.021638215582299013,4.0960374376259267e-53
337,Phe_596.1,Bladder neck obstruction,genitourinary,-0.000969523459986545,1.9064181101980904,0.01042822391250462,1.4409468945080175e-13
338,Phe_596.5,Functional disorders of bladder,genitourinary,-0.00031912780414333666,2.5707605335805535,0.0162957937655961,7.175954395161271e-31
339,Phe_597,Other disorders of urethra and urinary tract,genitourinary,-2.519384355621111e-05,1.5937358892253388,0.0044106779184029,0.0017682196129941389
340,Phe_597.1,Urethral stricture (not specified as infectious),genitourinary,-8.366320222456903e-05,2.0238634950348007,0.016037987428022246,5.922785190137552e-30
341,Phe_598,Abnormal findings on examination of urine,genitourinary,-0.0011285166787927232,1.8791759339578875,0.01349645248260896,1.092876508585706e-21
342,Phe_599,Other symptoms__disorders or the urinary system,genitourinary,-0.0012801526682988703,2.3910914088022532,0.030645838545656827,1.088100011132531e-104
343,Phe_599.2,Retention of urine,genitourinary,-0.00037380875279139237,2.390172861450441,0.03308625622917608,1.0349926172667247e-121
344,Phe_599.3,Dysuria,genitourinary,-0.00013792507752841856,2.407187183242238,0.013236747189538722,6.3758768455217474e-21
345,Phe_599.4,Urinary incontinence,genitourinary,-6.508386681137757e-05,2.0669249835936507,0.026764478585957287,2.691075267624905e-80
346,Phe_599.5,Frequency of urination and polyuria,genitourinary,-1.87862342620467e-05,1.9978004862565888,0.01675506925239845,1.538820656295923e-32
347,Phe_599.9,Other abnormality of urination,genitourinary,-9.789214081772783e-05,1.9363243970657302,0.01055654731561119,7.238457728579002e-14
348,Phe_611.3,Lump or mass in breast,genitourinary,4.3842737310499714e-05,1.7615633162851279,0.007792608813791501,3.312495791054125e-08
349,Phe_613,Other nonmalignant breast conditions,genitourinary,3.53953998114113e-05,2.2258766101454666,0.001173876346496438,0.4053350993403543
350,Phe_681,Superficial cellulitis and abscess,dermatologic,-0.00017292856217073995,3.0238323760466717,0.012451708091668557,1.0748657632955236e-18
351,Phe_681.3,Cellulitis and abscess of arm__hand,dermatologic,-0.00014799691819651276,2.9055896950828806,0.03921214002141034,3.553350366219285e-170
352,Phe_686,Other local infections of skin and subcutaneous tissue,dermatologic,-8.187703401091499e-05,3.359854466307796,0.02424151257995564,3.339764599922201e-66
353,Phe_686.1,Carbuncle and furuncle,dermatologic,-0.00012845841422355123,2.166667381404386,0.015453915201578561,6.250825513266919e-28
354,Phe_687,Symptoms affecting skin,dermatologic,1.4963968348579459e-05,2.8540006946522696,0.00799734204822518,1.4346635899278539e-08
355,Phe_687.1,Rash and other nonspecific skin eruption,dermatologic,0.00020456495853121977,3.090406274395711,0.02716350533714252,1.1851276373745389e-82
356,Phe_687.4,Disturbance of skin sensation,dermatologic,0.0001354432175278316,2.50109345782072,0.021913480394356352,1.9868955703947232e-54
357,Phe_689,Disorder of skin and subcutaneous tissue NOS,dermatologic,-5.0639484688122585e-05,1.5783343755836305,0.012047731729794165,1.3348623502643108e-17
358,Phe_695,Erythematous conditions,dermatologic,0.0017274116560063366,2.9702621649692578,0.027034648985842572,6.893327342731221e-82
359,Phe_696,Psoriasis and related disorders,dermatologic,-0.00036684458860008974,2.2620542453830748,0.016927711869537506,3.532572313937511e-33
360,Phe_696.4,Psoriasis,dermatologic,-0.000324582472032076,2.5311714070482116,0.016992034634955414,2.033875677377985e-33
361,Phe_696.41,Psoriasis vulgaris,dermatologic,-0.0003963880572011018,2.4060787074320444,0.016320803546103987,5.836991108696793e-31
362,Phe_701,Other hypertrophic and atrophic conditions of skin,dermatologic,-0.0001313757663641755,1.7650877823822477,0.00836908075820243,2.9794124149173835e-09
363,Phe_701.2,Scar conditions and fibrosis of skin,dermatologic,-0.000121574976294596,1.5616533747512629,0.007201777425097606,3.3041034216291194e-07
364,Phe_702,Degenerative skin conditions and other dermatoses,dermatologic,3.241828491619462e-05,3.6423435438744,0.0019779801990075937,0.16087334909391698
365,Phe_702.1,Actinic keratosis,dermatologic,-9.334206500900876e-05,1.4981750645279277,0.007004398512592001,6.859578355582693e-07
366,Phe_702.2,Seborrheic keratosis,dermatologic,4.698775125379368e-05,1.193210728193382,0.0028711857239317956,0.04181934754942341
367,Phe_703,"Diseases of nail, NOS",dermatologic,-9.736259370486088e-05,1.3381497892033654,0.0017227396108791331,0.22200787792925547
368,Phe_704,Diseases of hair and hair follicles,dermatologic,-0.001058785101852335,1.175922170621702,0.003258045660638948,0.02091306174694018
369,Phe_706,Diseases of sebaceous glands,dermatologic,-0.0012418212771979722,1.123371802557289,0.003037838751674869,0.03128331381630932
370,Phe_706.2,Sebaceous cyst,dermatologic,-0.0012336218039306554,1.1270457015426603,0.0031132591402632625,0.02732005826751479
371,Phe_707,Chronic ulcer of skin,dermatologic,0.0006314121523237018,6.4081290749479365,0.05479252532204983,0.0
372,Phe_709,Diffuse diseases of connective tissue,dermatologic,0.0017156617976206085,2.631185485425686,0.023436463766795746,5.356962242182229e-62
373,Phe_709.7,Unspecified diffuse connective tissue disease,dermatologic,0.0015098030558285676,1.9125476378462443,0.011065519873021967,4.353728893758239e-15
374,Phe_714,Rheumatoid arthritis and other inflammatory polyarthropathies,musculoskeletal,0.0006151869649721969,3.3442794240810776,0.013086567048193672,1.741119237017275e-20
375,Phe_714.1,Rheumatoid arthritis,musculoskeletal,0.0006016254341211993,4.1774745858654265,0.04559015098837053,2.2921900038066494e-229
376,Phe_715,Other inflammatory spondylopathies,musculoskeletal,-0.0006049343771923741,2.4621428425072764,0.007651396096858548,5.82942489449412e-08
377,Phe_716,Other arthropathies,musculoskeletal,0.00018405639669610103,4.543541946482499,0.007877654468380579,2.3457328708007393e-08
378,Phe_716.2,Unspecified monoarthritis,musculoskeletal,0.0004267406550646965,1.9095121937102735,0.03229141487373915,5.0325018489012314e-116
379,Phe_716.9,Arthropathy NOS,musculoskeletal,0.00018687317847533732,2.242623852871041,0.05719608087762239,0.0
380,Phe_717,Polymyalgia Rheumatica,musculoskeletal,0.0007637714675728651,3.9636721686017187,0.029679021904815174,2.6325379002470162e-98
381,Phe_720,Spinal stenosis,musculoskeletal,0.00015645303404542964,2.828593869192899,0.013821270179872943,1.1482716294401536e-22
382,Phe_721,Spondylosis and allied disorders,musculoskeletal,6.921512304357089e-05,3.162447642829625,0.019839779856445375,6.206748579409048e-45
383,Phe_721.1,Spondylosis without myelopathy,musculoskeletal,6.137294982412981e-05,3.0565645821791363,0.017731075181839123,3.083798344879441e-36
384,Phe_722,Intervertebral disc disorders,musculoskeletal,0.0008586444262707308,2.065624358774408,0.024087542690061466,2.1822449845661124e-65
385,Phe_722.6,Degeneration of intervertebral disc,musculoskeletal,0.00015690596188390335,2.286035437446696,0.019180374559163077,4.131028285488125e-42
386,Phe_722.9,Other and unspecified disc disorder,musculoskeletal,0.00019522296763003038,2.0198907912507895,0.017620447729163744,8.29171851292826e-36
387,Phe_724,Other and unspecified disorders of back,musculoskeletal,-0.00011505733688611036,3.081982998662954,0.012687885441581913,2.3736290971193817e-19
388,Phe_726,Peripheral enthesopathies and allied syndromes,musculoskeletal,7.67251049848445e-05,1.5630256781383491,0.014149034607850523,1.1207723162675312e-23
389,Phe_726.1,Enthesopathy,musculoskeletal,2.960364998911221e-05,1.7533100559963988,0.01704118146447674,1.3320541444046107e-33
390,Phe_727,"Other disorders of synovium, tendon, and bursa",musculoskeletal,-2.125781867373885e-05,1.2875001662356333,0.0023489457406823556,0.09589098917607178
391,Phe_727.1,Synovitis and tenosynovitis,musculoskeletal,8.887436709412808e-06,1.5198573877269892,0.006892214973966408,1.0302501494567195e-06
392,Phe_727.4,"Ganglion and cyst of synovium, tendon, and bursa",musculoskeletal,-1.9346822315546613e-05,1.1872080923634436,0.0026884095900322324,0.05668298739169661
393,Phe_728,"Disorders of muscle, ligament, and fascia",musculoskeletal,0.0008549401449880916,4.162678335856457,0.006264194368489239,8.972143329685343e-06
394,Phe_728.7,Fasciitis,musculoskeletal,0.0009899751768703388,1.6929202387021862,0.002947694322793021,0.036658357044122535
395,Phe_728.71,Contracture of palmar fascia [Dupuytren's disease],musculoskeletal,0.0010275507628152952,1.0600009075052432,0.0008100797846327649,0.5658022393911326
396,Phe_729,Other disorders of soft tissues,musculoskeletal,-2.147770563796891e-05,2.6026489782587845,0.01449634721799496,8.981775530689847e-25
397,Phe_729.1,"Rheumatism, unspecified and fibrositis",musculoskeletal,-2.3795064822054573e-05,3.7508388834791697,0.013466317239343422,1.3433795233391464e-21
398,Phe_733,Other disorders of bone and cartilage,musculoskeletal,1.1863846082094754e-05,2.907191635936448,0.014922934382387218,3.7263532253243977e-26
399,Phe_733.8,Malunion and nonunion of fracture,musculoskeletal,3.474133462024574e-05,1.9942242932524998,0.0033366264720690935,0.018017675083852554
400,Phe_735,Acquired foot deformities,musculoskeletal,-0.0010864578888441399,1.1726569458327336,0.000558060329800179,0.6924041590888359
401,Phe_735.2,Acquired toe deformities,musculoskeletal,-0.000296548430263653,1.8421047808100417,0.010367613435903523,1.9890468058210446e-13
402,Phe_735.21,Hammer toe (acquired),musculoskeletal,-3.419292842974112e-05,1.576456040147569,0.0067711719168596545,1.5869457672957107e-06
403,Phe_735.23,Hallux rigidus,musculoskeletal,-0.00016488236559637846,1.2082092883863527,0.002135175107952856,0.13013440846040325
404,Phe_735.3,Hallux valgus (Bunion),musculoskeletal,-0.0016372709056563738,1.3428125457931341,0.007398891735160892,1.5632085146446025e-07
405,Phe_736,Other acquired deformities of limbs,musculoskeletal,0.0001408605402068178,2.130079388949333,0.005071189296515609,0.0003245686836216587
406,Phe_737,Curvature of spine,musculoskeletal,-5.5477304449774735e-05,2.2258766101454666,0.0016601415846789164,0.23926248982103382
407,Phe_737.3,Kyphoscoliosis and scoliosis,musculoskeletal,-5.3270756507787786e-05,2.741931801883103,0.010527587178506633,8.461240251137483e-14
408,Phe_738,Other acquired musculoskeletal deformity,musculoskeletal,-0.0001000411695406446,1.556748058629345,0.0027800724696892673,0.04875531671967246
409,Phe_738.4,Acquired spondylolisthesis,musculoskeletal,-7.35035755819009e-05,3.877333449930813,0.013042129184101983,2.3387891492864777e-20
410,Phe_740,Osteoarthrosis,musculoskeletal,-4.6015060963003396e-05,1.975267422678733,0.04071188250869462,2.716904482931953e-183
411,Phe_740.1,Osteoarthritis; localized,musculoskeletal,-6.635178875431173e-05,1.8539507990114668,0.023224382383194426,6.504863408415244e-61
412,Phe_740.11,"Osteoarthrosis, localized, primary",musculoskeletal,8.002118786735194e-05,1.7335168069796492,0.018133934654891118,7.98644594779339e-38
413,Phe_740.9,Osteoarthrosis NOS,musculoskeletal,-2.2329454244021016e-06,2.763971781230161,0.03697573807077573,1.5675670400163823e-151
414,Phe_741,Symptoms and disorders of the joints,musculoskeletal,0.00025417418336351076,1.6810816356343385,0.004113324248736886,0.0035473078600696878
415,Phe_741.4,Joint effusions,musculoskeletal,0.000446029095595441,2.8924492848414354,0.00826329561083387,4.69218923923944e-09
416,Phe_742,"Derangement of joint, non-traumatic",musculoskeletal,-1.9394118591302984e-05,0.801315579652368,-0.00031710419349280703,0.822145012669623
417,Phe_742.9,Other derangement of joint,musculoskeletal,-1.1926834333299716e-05,2.0702682149073337,0.007596432748489357,7.244780178542753e-08
418,Phe_743,"Osteoporosis, osteopenia and pathological fracture",musculoskeletal,0.001798229098369557,3.3910672086853646,0.042973712499272454,5.2531490666610225e-204
419,Phe_743.1,Osteoporosis,musculoskeletal,0.0018782612469391696,3.465075001040425,0.04297744579535807,4.845110225957353e-204
420,Phe_743.11,Osteoporosis NOS,musculoskeletal,0.0018130683786799007,3.4680154923855033,0.043010249737365364,2.3801944353199184e-204
421,Phe_745,Pain in joint,musculoskeletal,2.002618101034654e-05,2.1249461727623524,0.012649745057710948,3.034981599404971e-19
422,Phe_747,Cardiac and circulatory congenital anomalies,congenital anomalies,0.00034367566177800923,2.0546553324419694,0.0014865902222912946,0.2919717922120734
423,Phe_747.1,Cardiac congenital anomalies,congenital anomalies,0.0003524905820632525,2.403946738957104,0.005490001957560615,9.952394713323365e-05
424,Phe_747.13,Congenital anomalies of great vessels,congenital anomalies,0.0003441795923542544,4.4686101171663895,0.04231741160220724,7.01825516127509e-198
425,Phe_751,Genitourinary congenital anomalies,congenital anomalies,0.0,2.372072021172597,0.014430208121301642,1.4592042246649453e-24
426,Phe_939,Atopic__contact dermatitis due to other or unspecified,dermatologic,5.388112810869738e-05,2.365811273650499,0.018046500774763517,1.7771395060937515e-37
