,PheCode,description,category,f_score,RR,phi,pval
0,Phe_112,Candidiasis,infectious diseases,7.081438334593639e-05,5.850950697255611,0.025602269309309224,1.2434987213004089e-73
1,Phe_153,Colorectal cancer,neoplasms,-4.925760945448067e-05,0.0,-0.000535183148391359,0.7044075535947332
2,Phe_153.2,Colon cancer,neoplasms,-4.321808374689024e-05,2.3967767585058404,0.00820151748420231,6.101887139892553e-09
3,Phe_153.3,"Malignant neoplasm of rectum, rectosigmoid junction, and anus",neoplasms,-5.4529115431938326e-05,1.7403367249647694,0.0035578361137882705,0.011666785589557704
4,Phe_158,Neoplasm of unspecified nature of digestive system,neoplasms,-8.22247498402246e-05,3.1036372088185007,0.0073683255605349295,1.7577548515015976e-07
5,Phe_159,Malignant neoplasm of other and ill-defined sites within the digestive organs and peritoneum,neoplasms,-3.0016896302224415e-05,2.188378898249287,0.009152566948916084,8.689466581832097e-11
6,Phe_165,Cancer within the respiratory system,neoplasms,0.00024340899412201417,2.5598383414869783,0.005691313577139177,5.472859390195648e-05
7,Phe_165.1,Cancer of bronchus; lung,neoplasms,0.0002454395792830913,2.2803303609919907,0.006909919021783205,9.665896297690747e-07
8,Phe_172,Skin cancer,neoplasms,-2.0513003633186076e-05,1.2382932836542404,0.002993453470145176,0.033838879278040156
9,Phe_172.2,Other non-epithelial cancer of skin,neoplasms,-2.4647896555120654e-05,1.2254771435544747,0.002550696152445881,0.07058698596029282
10,Phe_174,Breast cancer,neoplasms,-3.9386702684339554e-05,2.8582723204487053,0.02231845154039748,2.1614809429329987e-56
11,Phe_189,Cancer of urinary organs (incl. kidney and bladder),neoplasms,-2.0558789340221294e-05,2.014376088290929,0.0057379334727876395,4.751899599418698e-05
12,Phe_189.11,"Malignant neoplasm of kidney, except pelvis",neoplasms,-1.719198763146998e-05,1.0505777597514598,0.000171092827885212,0.9034666656337571
13,Phe_189.2,Cancer of bladder,neoplasms,-1.1777969907531947e-05,1.6424032310781156,0.001876573164036074,0.18343417028137385
14,Phe_189.21,Malignant neoplasm of bladder,neoplasms,-2.1540482976885872e-05,2.16085010308335,0.005597586485776961,7.247371067300755e-05
15,Phe_195,"Cancer, suspected or other",neoplasms,-6.145679492580112e-06,1.5169131437329364,0.0015713550001286577,0.2653248522896792
16,Phe_195.1,"Malignant neoplasm, other",neoplasms,-8.057156302187411e-06,2.3202518362554,0.01813514860303406,7.89803311750362e-38
17,Phe_197,Chemotherapy,neoplasms,0.00017461792448207752,3.960056013266928,0.044310817235284364,8.870108312245906e-217
18,Phe_198,Secondary malignant neoplasm,neoplasms,-0.0001057337102364254,4.477252392658385,0.012955603893097108,4.1429890528038183e-20
19,Phe_198.1,Secondary malignancy of lymph nodes,neoplasms,-0.00011438263284977895,3.6640147610113734,0.02136091065490024,8.310336791028586e-52
20,Phe_198.2,Secondary malignancy of respiratory organs,neoplasms,-4.019541488784689e-05,3.859449836099821,0.015313312335669273,1.870642545754648e-27
21,Phe_198.3,Secondary malignant neoplasm of digestive systems,neoplasms,-3.702337745786355e-05,4.1048419294198855,0.01373357497024783,2.1206920699528696e-22
22,Phe_198.4,Secondary malignant neoplasm of liver,neoplasms,4.569484596057848e-06,4.3145157683965225,0.019220394965346364,2.801610968062829e-42
23,Phe_198.6,Secondary malignancy of bone,neoplasms,-1.9121773723593098e-05,3.554385857026838,0.013452965776510516,1.4717892942337584e-21
24,Phe_199,Neoplasm of uncertain behavior,neoplasms,5.9468070474577976e-05,2.815548396133912,0.0064990453556018285,4.084147068897911e-06
25,Phe_202,"Cancer of other lymphoid, histiocytic tissue",neoplasms,0.0001956777021692092,7.472262197807623,0.02370475238712134,2.2038858528008998e-63
26,Phe_202.2,Non-Hodgkins lymphoma,neoplasms,0.00017205283829262562,5.716456647821366,0.019155479856211497,5.2576484343572196e-42
27,Phe_204,Leukemia,neoplasms,5.647675284261123e-06,12.1225000389099,0.025156218332286328,3.752595177903979e-71
28,Phe_208,Benign neoplasm of colon,neoplasms,-5.0202127823105695e-05,1.475481738158918,0.007575731290570703,7.859843953523938e-08
29,Phe_211,Benign neoplasm of other parts of digestive system,neoplasms,-6.376799581264713e-05,1.829358083725519,0.0067706486760540936,1.589887587328817e-06
30,Phe_214,Lipoma,neoplasms,1.1050383292099056e-05,1.7132225370201797,0.0031836472324007696,0.024019899083078666
31,Phe_214.1,Lipoma of skin and subcutaneous tissue,neoplasms,1.834677359715925e-05,1.8824806310362443,0.0064066852272308935,5.583422379287839e-06
32,Phe_215,Other benign neoplasm of connective and other soft tissue,neoplasms,-1.000696418751592e-05,1.3792488246480976,0.0012929108670279071,0.3593987206543633
33,Phe_216,Benign neoplasm of skin,neoplasms,2.749295343220805e-06,1.1898714727962834,0.0018293669372223054,0.19470278485640288
34,Phe_228,"Hemangioma and lymphangioma, any site",neoplasms,-2.6241829947211187e-06,1.7972976066314437,0.003262583956392577,0.02073542862941218
35,Phe_229,Benign neoplasm of unspecified sites,neoplasms,3.548665698749395e-05,1.4437521939153275,0.0021587814155784833,0.1259409959715734
36,Phe_241,Nontoxic nodular goiter,endocrine/metabolic,4.9028325173031214e-05,0.0,-0.00038350461082570274,0.785732360907673
37,Phe_242,Thyrotoxicosis with or without goiter,endocrine/metabolic,0.00022244155822614479,3.8235842416633377,0.011570406450661855,2.3595636018350266e-16
38,Phe_244,Hypothyroidism,endocrine/metabolic,0.00022491348872384615,2.445254748699702,0.01926580963343419,1.8013738277533798e-42
39,Phe_244.1,Secondary hypothyroidism,endocrine/metabolic,0.0002175398249247369,3.635097694539089,0.00978475297998568,4.024338799010069e-12
40,Phe_244.4,Hypothyroidism NOS,endocrine/metabolic,0.00022311000722451954,2.406077715776339,0.018275824021292037,2.1632409056903342e-38
41,Phe_250.1,Type 1 diabetes,endocrine/metabolic,0.0002092337195528791,4.702351780806681,0.020267891047123874,8.115730958811331e-47
42,Phe_250.2,Type 2 diabetes,endocrine/metabolic,0.000157870670864805,2.528790039442772,0.0239839627381771,7.662973801951322e-65
43,Phe_250.23,Type 2 diabetes with ophthalmic manifestations,endocrine/metabolic,0.00020432778419195359,4.521978735212883,0.014839322162050708,7.002918219348403e-26
44,Phe_250.7,Diabetic retinopathy,endocrine/metabolic,0.00020458720508051946,4.340485345484578,0.014185673233264879,8.61218532676027e-24
45,Phe_260,Protein-calorie malnutrition,endocrine/metabolic,4.4767196802873796e-05,4.608784577004916,0.005821855467375722,3.6753027956196134e-05
46,Phe_261,Vitamin deficiency,endocrine/metabolic,3.639533307983287e-05,14.338440906237517,0.00704137469760476,5.990905733726668e-07
47,Phe_272,Disorders of lipoid metabolism,endocrine/metabolic,0.00013078918697126185,2.1701308730773947,0.02525817315449822,1.0265221521212575e-71
48,Phe_272.1,Hyperlipidemia,endocrine/metabolic,0.00013036023987094946,2.6019988474565787,0.012574995489913109,4.902827194118999e-19
49,Phe_272.11,Hypercholesterolemia,endocrine/metabolic,0.000125569943739783,2.200426747431583,0.02484480089143031,1.904820123509678e-69
50,Phe_274,Gout and other crystal arthropathies,endocrine/metabolic,-0.0003016959652441094,3.040535140117216,0.010885769096725088,1.1922256875081079e-14
51,Phe_274.1,Gout,endocrine/metabolic,-0.00042779360246220246,2.806218630298116,0.009045068994611667,1.4367339473079364e-10
52,Phe_275,Disorders of mineral metabolism,endocrine/metabolic,-9.749890901412235e-05,0.0,-0.0003519269163854813,0.8029957849502275
53,Phe_275.5,Disorders of calcium__phosphorus metabolism,endocrine/metabolic,-4.0880135648569466e-05,4.2625732688761495,0.012459213109488759,1.0249330497320072e-18
54,Phe_276,"Disorders of fluid, electrolyte, and acid-base balance",endocrine/metabolic,9.801856601891563e-05,3.9721356564576906,0.030587215782849196,2.6887896052628423e-104
55,Phe_276.1,Electrolyte imbalance,endocrine/metabolic,0.00010497604521982927,2.1507661359356276,0.00156885211902483,0.26608684676926886
56,Phe_276.12,Hyposmolality and__or hyponatremia,endocrine/metabolic,0.00027368700387004545,3.830131474953857,0.01479087015370274,1.0077720486267552e-25
57,Phe_276.14,Hypopotassemia,endocrine/metabolic,3.32444992044764e-05,4.541207090538569,0.016317031337872632,6.021791244749338e-31
58,Phe_276.5,Hypovolemia,endocrine/metabolic,6.217252543729068e-05,4.434746558013122,0.021486019609271056,2.147381251144758e-52
59,Phe_277,Other disorders of metabolism,endocrine/metabolic,-3.24324199081961e-05,4.7985220562707225,0.012988663970382765,3.331379183952819e-20
60,Phe_278,"Overweight, obesity and other hyperalimentation",endocrine/metabolic,7.670537709395253e-05,0.0,-0.0001759613571281609,0.900733782494435
61,Phe_278.1,Obesity,endocrine/metabolic,6.942671720713573e-05,2.487471123614011,0.018487810610750444,3.0162894062551064e-39
62,Phe_280,Iron deficiency anemias,hematopoietic,0.0002192925145283411,2.541710037734446,0.015730513463886202,7.029575093021713e-29
63,Phe_280.1,"Iron deficiency anemias, unspecified or not due to blood loss",hematopoietic,0.00021712814976123355,2.4488072413618847,0.0144566656215764,1.202049058874699e-24
64,Phe_281,Other deficiency anemia,hematopoietic,0.00019448544425993504,0.0,-0.00026394334884388395,0.8515801825594701
65,Phe_281.1,Megaloblastic anemia,hematopoietic,0.00015478433775022833,0.0,-0.0003519269163854813,0.8029957849502275
66,Phe_285,Other anemias,hematopoietic,0.0002010361128410714,2.788644956847076,0.02158798856158007,7.085691805613262e-53
67,Phe_287,Purpura and other hemorrhagic conditions,hematopoietic,0.00023503563499210615,3.4184362425466928,0.002615013626303271,0.06377942654422733
68,Phe_287.3,Thrombocytopenia,hematopoietic,0.00019591166927961418,7.01683465011129,0.023857644296631578,3.5194736207165534e-64
69,Phe_288,Diseases of white blood cells,hematopoietic,0.00019307569989546116,3.099357313793699,0.005595203283428981,7.298908391110135e-05
70,Phe_289,Other diseases of blood and blood-forming organs,hematopoietic,2.1428397332150734e-05,6.185958526792217,0.01251293989610559,7.285330645323311e-19
71,Phe_289.4,Lymphadenitis,hematopoietic,2.483558464921702e-05,3.8701101561083564,0.016171104115883163,1.999957565957812e-30
72,Phe_290,Delirium dementia and amnestic and other cognitive disorders,mental disorders,0.00010680744645168604,3.280829698884855,0.00534319753729835,0.00015205964937810152
73,Phe_292,Neurological disorders,mental disorders,7.049428656044355e-05,5.248281001565407,0.010815921183144919,1.755851880202726e-14
74,Phe_292.1,Aphasia__speech disturbance,mental disorders,-0.00042822959226493574,3.6411310517084483,0.011434784615504127,5.227570903768519e-16
75,Phe_292.4,Altered mental status,mental disorders,0.00010317709615967624,3.44482825227062,0.013346885343331982,3.0302650692809365e-21
76,Phe_293,Symptoms involving head and neck,mental disorders,-5.5454848606932325e-05,2.2004285866765922,0.005619283869418915,6.793732887792412e-05
77,Phe_296,Mood disorders,mental disorders,-2.1801419999249236e-05,4.5279287072329,0.003314416428770078,0.0187981169542804
78,Phe_296.1,Bipolar,mental disorders,3.114639856882147e-05,3.2201114948505967,0.007832870313787278,2.814449719389796e-08
79,Phe_296.2,Depression,mental disorders,-2.484030634568038e-05,4.147906119304424,0.006557578398825609,3.342806336992158e-06
80,Phe_300,Anxiety disorders,mental disorders,-0.013042500349926444,5.001781711478204,0.00800178573474425,1.4085223036964357e-08
81,Phe_300.1,Anxiety disorder,mental disorders,-0.005547918193479932,3.0050536962107426,0.01762778943225365,7.766396296604096e-36
82,Phe_306,Other mental disorder,mental disorders,-0.0004027272087688672,2.526523480645876,0.030247124011567542,4.943509936823082e-102
83,Phe_317,Alcohol-related disorders,mental disorders,0.0001631876378821421,2.072767464422841,0.008493062565646445,1.7374946593792508e-09
84,Phe_317.1,Alcoholism,mental disorders,0.00019475019897106168,2.2873117140146864,0.012776771480222389,1.3348415415028476e-19
85,Phe_318,Tobacco use disorder,mental disorders,7.173222206813285e-05,2.382163295773132,0.02109228095238152,1.4791788502812105e-50
86,Phe_327,Sleep disorders,neurological,2.2093856304344015e-05,3.0142123948878865,0.006568163459202904,3.2233176714747077e-06
87,Phe_327.3,Sleep apnea,neurological,2.1149587433408063e-05,2.7076525447302666,0.01253222637428547,6.442893200836919e-19
88,Phe_331,Other cerebral degenerations,neurological,7.172975835335768e-05,1.2528734772440548,0.0004517681167840031,0.7487812963565847
89,Phe_332,Parkinson's disease,neurological,-0.00015545799967192837,1.8644412323900177,0.0033545712837151284,0.01740798655753309
90,Phe_334,Degenerative disease of the spinal cord,neurological,-1.6394142807228055e-05,2.9090615003637885,0.00792769354826215,1.911509927357785e-08
91,Phe_335,Multiple sclerosis,neurological,-8.114339851879592e-05,3.495601846215918,0.009258909144842868,5.254455757461056e-11
92,Phe_339,Other headache syndromes,neurological,1.5969069726124914e-05,3.86235165472191,0.02706754955725482,4.4008191979816974e-82
93,Phe_340,Migraine,neurological,-1.1000771263637814e-05,2.6155911528229643,0.009298114096362718,4.3588967746916324e-11
94,Phe_342,Hemiplegia,neurological,3.078256515247574e-05,3.776955165545492,0.01214752074620745,7.21858872737946e-18
95,Phe_345,"Epilepsy, recurrent seizures, convulsions",neurological,-6.0675714496515575e-06,3.0010690268869222,0.012165553477111301,6.456199480452736e-18
96,Phe_345.3,Convulsions,neurological,-4.624114751611285e-06,2.0913812366240796,0.005561080841488729,8.075892467969126e-05
97,Phe_348,Other conditions of brain,neurological,1.068808569257393e-05,6.762234139186252,0.007673494766226356,5.3393787076190524e-08
98,Phe_350,Abnormal movement,neurological,-2.2742188077009045e-05,3.1881945073869304,0.013818843891769402,1.1679882569706432e-22
99,Phe_350.2,Abnormality of gait,neurological,-4.084492475020896e-05,3.5201628015313435,0.012634117191287179,3.355853419342271e-19
100,Phe_351,Other peripheral nerve disorders,neurological,0.00020426644775257328,1.8218254327925314,0.009590979368497845,1.0538197075067736e-11
101,Phe_352,Disorders of other cranial nerves,neurological,1.3187420676267593e-05,2.4348295878516537,0.0012998242816369666,0.3568352791276145
102,Phe_353,Nerve root and plexus disorders,neurological,3.6170413280900797e-06,4.078570422128244,0.010790029151897088,2.0255623584281867e-14
103,Phe_357,Inflammatory and toxic neuropathy,neurological,2.6183200819381676e-05,5.901838473279821,0.020612216608647257,2.3200509096401133e-48
104,Phe_361,Retinal detachments and defects,sense organs,-4.050132816578367e-05,0.8133149253538087,-0.0008802620126114385,0.5326308232495315
105,Phe_361.1,Retinal detachment with retinal defect,sense organs,1.4954464098978446e-05,1.831367008804792,0.0032553386714774105,0.021019646056388622
106,Phe_362,Other retinal disorders,sense organs,-4.4321943762626925e-05,1.7415110412434232,0.002515177647709001,0.07459491016002281
107,Phe_362.2,Degeneration of macula and posterior pole of retina,sense organs,-5.105439158679246e-05,1.5024334434781907,0.0027895344188591923,0.04799275570203651
108,Phe_362.29,Macular degeneration (senile) of retina NOS,sense organs,-5.127577568622801e-05,1.5024334434781907,0.0027895344188591923,0.04799275570203651
109,Phe_365,Glaucoma,sense organs,0.00011115665232607822,2.6233298625675956,0.01103810979950447,5.081874937296805e-15
110,Phe_365.1,Open-angle glaucoma,sense organs,0.00011258397201916445,2.203559755067452,0.00459250199588782,0.0011318376123588285
111,Phe_365.11,Primary open angle glaucoma,sense organs,0.00011833234035985486,2.211821628814357,0.004615350900012299,0.0010689531979453809
112,Phe_366,Cataract,sense organs,0.00014773250636879097,1.6676299237427328,0.009938224161613302,1.8529675919042696e-12
113,Phe_366.2,Senile cataract,sense organs,9.447718764809386e-05,1.6494791216282823,0.007110337362650735,4.64565268748828e-07
114,Phe_367,Disorders of refraction and accommodation; blindness and low vision,sense organs,2.1839048170816232e-05,5.41451614641137,0.004645136819257652,0.000991826696547282
115,Phe_367.1,Myopia,sense organs,1.7244966060257746e-05,0.8681612466054431,-0.0005302318792797326,0.7070152718512528
116,Phe_368,Visual disturbances,sense organs,7.942422511570967e-05,3.2669865355984213,0.008137215193059391,8.004826351228096e-09
117,Phe_371,Inflammation of the eye,sense organs,-0.0001348307161704638,7.219354861881826,0.006544262905107121,3.499158379344677e-06
118,Phe_371.3,Inflammation of eyelids,sense organs,-0.0001477320654473087,1.3303708057333778,0.0016747208503158886,0.2351617231300348
119,Phe_374,Other disorders of eyelids,sense organs,8.384036314032929e-05,1.9013426867111534,0.005165822041958735,0.000250310617114493
120,Phe_374.1,Ectropion or entropion,sense organs,7.810253180315918e-06,1.6324600652262828,0.0022159956111849665,0.11621427961287875
121,Phe_374.3,Ptosis of eyelid,sense organs,1.5057520108456268e-05,2.402195982057663,0.006410783555680162,5.506968586230225e-06
122,Phe_375,Disorders of lacrimal system,sense organs,0.00015273673548565444,2.2950778491794894,0.005681369434942338,5.6395078332259026e-05
123,Phe_378,Strabismus and other disorders of binocular eye movements,sense organs,5.497179596828566e-05,0.0,-0.0009955105873178658,0.480379788059792
124,Phe_379,Other disorders of eye,sense organs,2.8985453363385988e-05,2.2739377648658614,0.0023892301840215463,0.0903288008914657
125,Phe_379.2,Disorders of vitreous body,sense organs,2.8992612783856948e-05,2.4568485132058573,0.005887390020722597,3.000155853871725e-05
126,Phe_379.3,Aphakia and other disorders of lens,sense organs,3.40558395478322e-05,1.6785167737868631,0.003403141744005988,0.015847621130774512
127,Phe_380,Disorders of external ear,sense organs,1.6939107528301907e-05,2.046028940187913,0.002737105495843358,0.05234726803028047
128,Phe_381,Otitis media and Eustachian tube disorders,sense organs,-3.306911004598127e-05,4.364084144610675,0.016142086584415623,2.5358853409351964e-30
129,Phe_381.1,Otitis media,sense organs,-3.161671509815877e-05,4.1540339644383,0.010504767667179643,9.565805810232302e-14
130,Phe_384,Other disorders of tympanic membrane,sense organs,3.3985060917059837e-06,2.0647354904982023,0.002095696961359296,0.13738841059076204
131,Phe_384.4,Perforation of tympanic membrane,sense organs,9.179574746043001e-06,3.337395728175973,0.007683158654133119,5.1378510194036225e-08
132,Phe_386,Vertiginous syndromes and other disorders of vestibular system,sense organs,0.00011050374596431125,2.633591186859952,0.00142293267126728,0.3131278205949637
133,Phe_386.9,Dizziness and giddiness (Light-headedness and vertigo),sense organs,0.00016438285798888816,3.1530792493881266,0.016286639291187552,7.7388377748764795e-31
134,Phe_389,Hearing loss,sense organs,2.387407644431641e-05,2.1928757056454864,0.007764118260047747,3.715533736143235e-08
135,Phe_394,Rheumatic disease of the heart valves,circulatory system,5.822591975944648e-05,4.001425369182562,0.010831922701606543,1.607176487682671e-14
136,Phe_394.2,Mitral valve disease,circulatory system,3.453108489944139e-05,3.446099088935903,0.015205528553306,4.305519486942498e-27
137,Phe_394.3,Aortic valve disease,circulatory system,0.0002360503875639689,2.794780854605617,0.007292795766617012,2.3441635819349602e-07
138,Phe_394.7,Disease of tricuspid valve,circulatory system,-1.9168285797417118e-05,4.038602426402352,0.012114113073815989,8.873054012537738e-18
139,Phe_395,Heart valve disorders,circulatory system,4.462070558239088e-05,3.1515805568005706,0.015808803368694304,3.7610232079775505e-29
140,Phe_395.1,Nonrheumatic mitral valve disorders,circulatory system,3.775273519260319e-05,3.2471201884538723,0.013718170884422912,2.361055365302351e-22
141,Phe_395.6,Heart valve replaced,circulatory system,0.00012199740108905065,2.903673883219021,0.00807010263293721,1.0603615924933919e-08
142,Phe_396,Abnormal heart sounds,circulatory system,0.0,2.594655776054808,0.00577904792514329,4.1916894303490416e-05
143,Phe_401.1,Essential hypertension,circulatory system,6.2875218192066e-05,1.908680325864815,0.030532240060376237,6.270765096855602e-104
144,Phe_401.2,Hypertensive heart and__or renal disease,circulatory system,-3.3160252250435807e-06,0.0,-0.0006642745889118573,0.6377213547533422
145,Phe_401.22,Hypertensive chronic kidney disease,circulatory system,3.160412913252037e-06,4.347073037020999,0.01345158209592423,1.4857722742016132e-21
146,Phe_402,Elevated blood pressure reading without diagnosis of hypertension,circulatory system,2.770275928858055e-05,2.922236597738624,0.00796431079159911,1.6443091997090627e-08
147,Phe_411.1,Unstable angina (intermediate coronary syndrome),circulatory system,0.0001865019542310484,3.1937421147974088,0.016106704153627784,3.3853845787339044e-30
148,Phe_411.2,Myocardial infarction,circulatory system,0.00017910840765447052,2.5124909335788126,0.01789856884024187,6.8180945117534e-37
149,Phe_411.3,Angina pectoris,circulatory system,0.0001886604459301501,2.6278122191015476,0.022125885633507966,1.8742244550241152e-55
150,Phe_411.4,Coronary atherosclerosis,circulatory system,0.00017064790598804542,2.0492968416463375,0.01592244867209945,1.5088819513183114e-29
151,Phe_411.8,"Other chronic ischemic heart disease, unspecified",circulatory system,0.00019254139272364596,2.936883837937873,0.025775113094740662,1.3246831266625282e-74
152,Phe_411.9,Other acute and subacute forms of ischemic heart disease,circulatory system,0.00011157361464707554,2.5553657060621315,0.006162663339388323,1.2504901964453373e-05
153,Phe_414,Other forms of chronic heart disease,circulatory system,0.00015795148463734423,2.623047089099195,0.008163295553424552,7.1720590142528135e-09
154,Phe_415,Pulmonary heart disease,circulatory system,3.992554767130181e-05,3.4266309080737267,0.015807576091354667,3.798168625652021e-29
155,Phe_416,Cardiomegaly,circulatory system,2.898384624375459e-05,3.440448315052924,0.014347689711460748,2.66523677165088e-24
156,Phe_418,Nonspecific chest pain,circulatory system,0.005293385503110089,2.876430066935979,0.03488355286272556,4.432617493221956e-135
157,Phe_418.1,Precordial pain,circulatory system,0.001008922485265907,3.595221122232635,0.017403049854001755,5.689116024834463e-35
158,Phe_420,Carditis,circulatory system,2.1528453592383734e-05,0.0,-0.00034075143249736944,0.8091289662793543
159,Phe_420.2,Pericarditis,circulatory system,2.0636462474819644e-05,4.606131275578891,0.013245822459189009,5.9981764983634595e-21
160,Phe_425,Cardiomyopathy,circulatory system,3.3575201549833236e-05,17.799443883605193,0.007959614145487933,1.6764358452338095e-08
161,Phe_425.1,Primary__intrinsic cardiomyopathies,circulatory system,3.519971550445241e-05,2.386793492406985,0.00492181002347718,0.0004848949678892572
162,Phe_426,Cardiac conduction disorders,circulatory system,0.00015713639991235407,2.0898132494921073,0.0015072764063618275,0.28530863528206635
163,Phe_426.2,Atrioventricular [AV] block,circulatory system,-7.652561228899877e-06,1.2969444035792728,0.000368615227847494,0.7938597790009164
164,Phe_426.3,Bundle branch block,circulatory system,0.0001971730353291238,2.1374073400602507,0.00220031059282161,0.11882013091514675
165,Phe_426.31,Right bundle branch block,circulatory system,0.00011501490405782004,2.45334540220794,0.006574636994250841,3.1522720556942467e-06
166,Phe_426.32,Left bundle branch block,circulatory system,8.109962216816806e-05,2.1673827369186704,0.0056205464084092506,6.768181284019971e-05
167,Phe_426.9,Cardiac pacemaker__device in situ,circulatory system,0.0001396148938562705,3.8292572153156574,0.0045710780597354485,0.0011938900840437424
168,Phe_426.91,Cardiac pacemaker in situ,circulatory system,0.0001373658026188346,3.4699104102215017,0.013301264652502821,4.126805800681592e-21
169,Phe_427,Cardiac dysrhythmias,circulatory system,0.0001223361074415052,2.6896342378275953,0.029517817228586162,2.916931500530878e-97
170,Phe_427.1,"Paroxysmal tachycardia, unspecified",circulatory system,4.944837554618138e-05,1.633493267799211,0.00070068757002567,0.6194010902809953
171,Phe_427.11,Paroxysmal supraventricular tachycardia,circulatory system,3.390454957839052e-05,2.867688181247503,0.009642417623685427,8.176564721065752e-12
172,Phe_427.2,Atrial fibrillation and flutter,circulatory system,9.444636434228422e-05,2.653170891874698,0.021951201706759727,1.3085743529058198e-54
173,Phe_427.3,Other specified cardiac dysrhythmias,circulatory system,3.059559848147506e-05,3.288762176102312,0.014455378415099576,1.213450003135646e-24
174,Phe_427.4,Cardiac arrest and ventricular fibrillation,circulatory system,1.235721180629383e-05,2.563380444293377,0.006027482806637946,1.9306363537008413e-05
175,Phe_427.7,Tachycardia NOS,circulatory system,0.00010174320530166009,4.654821270892867,0.019373456866119784,6.297624059604484e-43
176,Phe_427.9,Palpitations,circulatory system,8.279535536603129e-05,3.1424640207423677,0.014270477779296223,4.668715038378236e-24
177,Phe_428,Congestive heart failure; nonhypertensive,circulatory system,0.00012371956798157578,3.5489444568373236,0.021401111962508403,5.384447129094702e-52
178,Phe_428.1,Congestive heart failure (CHF) NOS,circulatory system,8.47324660332516e-05,4.150078266180196,0.01670491639445895,2.3530670174477784e-32
179,Phe_428.2,Heart failure NOS,circulatory system,0.0001171452191532082,3.727750991766083,0.020310822134543712,5.226938625957183e-47
180,Phe_430,Intracranial hemorrhage,circulatory system,-1.881861652603131e-06,1.4259223000678194,0.0005042355655056952,0.720762766235095
181,Phe_433,Cerebrovascular disease,circulatory system,4.75076474474797e-05,2.4687054777695896,0.006211269751043261,1.0673917554918329e-05
182,Phe_433.1,Occlusion and stenosis of precerebral arteries,circulatory system,0.00015840642756140519,2.6990006411741208,0.005855810358821701,3.309275239666019e-05
183,Phe_433.2,Occlusion of cerebral arteries,circulatory system,8.74752040448046e-05,1.9358318629202207,0.005568574031928388,7.898848629303757e-05
184,Phe_433.21,"Cerebral artery occlusion, with cerebral infarction",circulatory system,9.894218873948237e-05,2.9232188621412254,0.00887641622034127,3.1262376973798464e-10
185,Phe_433.3,Cerebral ischemia,circulatory system,0.00015737464738781496,3.6660786407993653,0.00985772619390245,2.7871990152949673e-12
186,Phe_433.31,Transient cerebral ischemia,circulatory system,0.00011789481573040501,2.5294864715348773,0.007467748393130475,1.1982189903436649e-07
187,Phe_433.8,Late effects of cerebrovascular disease,circulatory system,6.745504282470629e-05,3.5792839112153088,0.010217087535569349,4.394570210500783e-13
188,Phe_440,Atherosclerosis,circulatory system,0.00022032812428784523,3.970645174035005,0.004215367243564372,0.002806460835037164
189,Phe_442,Other aneurysm,circulatory system,0.0002270349799120678,0.0,-0.0006031909524151242,0.6689522059572313
190,Phe_442.1,Aortic aneurysm,circulatory system,0.0002218955128306591,2.763296962658194,0.004745570839945712,0.0007681284997824365
191,Phe_443,Peripheral vascular disease,circulatory system,0.00020602961954875067,4.037334752126816,0.020951744434268026,6.575461751012882e-50
192,Phe_443.1,Raynaud's syndrome,circulatory system,2.8104932404055028e-05,3.7467282770067882,0.010245293318527393,3.791198060797213e-13
193,Phe_443.9,"Peripheral vascular disease, unspecified",circulatory system,0.00019938600495267753,3.960656129572024,0.016487949871032873,1.456406444883795e-31
194,Phe_447,Other disorders of arteries and arterioles,circulatory system,0.0002469895672192101,0.9339877067995487,-0.00016735789129353868,0.9055639990847582
195,Phe_451,Phlebitis and thrombophlebitis,circulatory system,3.8599820248041744e-05,2.8730085674835837,0.003827831112248477,0.006658454554484829
196,Phe_451.2,Phlebitis and thrombophlebitis of lower extremities,circulatory system,3.896107669641083e-05,2.9857694592988713,0.012540493119079994,6.111968979823428e-19
197,Phe_454,Varicose veins,circulatory system,-0.00014766520928547315,4.1739935791742635,0.007612274703660815,6.80584986145986e-08
198,Phe_454.1,Varicose veins of lower extremity,circulatory system,-0.00014995237248214353,1.5647385685831323,0.006038795192586858,1.8623556849398004e-05
199,Phe_455,Hemorrhoids,circulatory system,-4.123366000583711e-05,1.6215618406497023,0.010161775411893562,5.864089431258912e-13
200,Phe_458,Hypotension,circulatory system,9.32035262169085e-06,4.457546395721508,0.01270004949966332,2.194337214175593e-19
201,Phe_458.1,Orthostatic hypotension,circulatory system,3.244686333474537e-06,4.5464781898516335,0.015453404059682464,6.275896285553527e-28
202,Phe_458.9,Hypotension NOS,circulatory system,5.68406907450622e-06,4.063106901603547,0.02117350168146943,6.217490446132134e-51
203,Phe_459,Other disorders of circulatory system,circulatory system,6.0253488378370426e-05,1.2713888488289424,0.0003402619107789936,0.8093978903168222
204,Phe_459.9,Circulatory disease NEC,circulatory system,5.575000472595845e-05,3.099223757265433,0.03015552102975104,1.993655512123848e-101
205,Phe_465,Acute upper respiratory infections of multiple or unspecified sites,respiratory,0.7178320380964335,258.0919363122753,0.9999999999999998,0.0
206,Phe_470,Septal Deviations__Turbinate Hypertrophy,respiratory,-5.7971690775077836e-05,2.2665903271831964,0.008709316460746479,6.661472457343599e-10
207,Phe_471,Nasal polyps,respiratory,0.0002502938135394918,2.5493559090111857,0.008926447025747434,2.485954323132067e-10
208,Phe_473,Diseases of the larynx and vocal cords,respiratory,1.814714380443565e-05,4.7322922031869945,0.015176305188935908,5.392004471526472e-27
209,Phe_473.4,Voice disturbance,respiratory,-6.205664657657315e-07,4.171182809087277,0.010767447091283897,2.293783518377375e-14
210,Phe_474,Acute and chronic tonsillitis,respiratory,-3.6099855161430047e-06,1.83695328336139,0.0017466180606524578,0.21566665208005092
211,Phe_474.2,Chronic tonsillitis and adenoiditis,respiratory,3.8665056531904e-06,2.2410298377332154,0.00406461905839229,0.003960195045583776
212,Phe_475,Chronic sinusitis,respiratory,9.979673897407885e-05,3.9829002517326435,0.015723120915596182,7.456045114642219e-29
213,Phe_476,Allergic rhinitis,respiratory,2.9770719212325127e-05,2.920793517937272,0.007465451516653434,1.208939357338324e-07
214,Phe_477,Epistaxis or throat hemorrhage,respiratory,-0.00020648570755280423,3.8040761587977086,0.014705154836899404,1.9132814655199166e-25
215,Phe_479,Other upper respiratory disease,respiratory,-1.2635592471421584e-05,4.770313033845018,0.025265169284838532,9.389765670029298e-72
216,Phe_480,Pneumonia,respiratory,0.0002437194385487133,4.133922897963442,0.022362517305658962,1.3150835475570128e-56
217,Phe_480.1,Bacterial pneumonia,respiratory,0.00020253490802395638,3.575152152082969,0.008834748118771283,3.7801293577251495e-10
218,Phe_480.11,Pneumococcal pneumonia,respiratory,0.00019859197878001954,3.9825809811713824,0.02647885170781799,1.2449737335082827e-78
219,Phe_495,Asthma,respiratory,0.0002172703126330843,3.0354829322231733,0.03600414711767997,8.999093971253599e-144
220,Phe_496,Chronic airway obstruction,respiratory,0.00021224034669289356,3.773211590589966,0.027175822990398057,1.0011049859480445e-82
221,Phe_496.1,Emphysema,respiratory,0.0002659466752189951,3.6272380238481934,0.012210093121229261,4.8971745226797785e-18
222,Phe_496.2,Chronic bronchitis,respiratory,0.00029162811401447906,4.952723724542596,0.007534791233794517,9.22853329610896e-08
223,Phe_496.21,Obstructive chronic bronchitis,respiratory,0.001120182365749218,5.282583491771717,0.02523515310594176,1.3761825531614889e-71
224,Phe_496.3,Bronchiectasis,respiratory,0.0007814785341828242,4.494951392392382,0.017334118161178597,1.042570224979465e-34
225,Phe_506,Empyema and pneumothorax,respiratory,0.0001933990116080592,2.713583442535605,0.006248615256315629,9.444095292105703e-06
226,Phe_507,Pleurisy; pleural effusion,respiratory,0.00011742741156944163,3.2938350181978477,0.0207389695481064,6.17575134954456e-49
227,Phe_508,Pulmonary collapse; interstitial and compensatory emphysema,respiratory,-4.839071593912869e-05,3.0253590078469332,0.010704462498689084,3.2404554842466534e-14
228,Phe_509.1,Respiratory failure,respiratory,0.00014482386229630728,4.576098161565165,0.01757763843923193,1.2138275905369878e-35
229,Phe_509.2,Respiratory insufficiency,respiratory,0.0001768574421269692,4.507737274870657,0.016052233582807107,5.275322798563603e-30
230,Phe_512,Other symptoms of respiratory system,respiratory,8.178363514031807e-05,4.952264628906284,0.04231339566868248,7.645794682408054e-198
231,Phe_512.7,Shortness of breath,respiratory,0.00016424362627454972,4.657008032967599,0.03143215000033675,4.9462839953557365e-110
232,Phe_512.8,Cough,respiratory,9.173522683935626e-06,7.903613318167584,0.041552166411701966,7.407969761999357e-191
233,Phe_514,Abnormal findings examination of lungs,respiratory,4.377262136665349e-05,3.5493979453554565,0.014371228493311227,2.245213730546042e-24
234,Phe_516,Abnormal sputum,respiratory,1.4300422939356245e-05,15.408473809688077,0.014676208478829248,2.373787562010377e-25
235,Phe_516.1,Hemoptysis,respiratory,1.5228172019743677e-05,5.005727890343275,0.01949688189166655,1.8739232708523454e-43
236,Phe_519,"Other diseases of respiratory system, not elsewhere classified",respiratory,-4.523945642765829e-06,8.838764942201209,0.008334369452407482,3.460311877602043e-09
237,Phe_519.8,"Other diseases of respiratory system, NEC",respiratory,-1.1446766252587057e-05,5.935706455363526,0.051946747806044725,3.0814632761786294e-297
238,Phe_520,Disorders of tooth development,digestive,-3.0721241670824675e-05,5.161838726245506,0.002589270571966022,0.06643608883274782
239,Phe_520.2,Disturbances in tooth eruption,digestive,-3.0180282780124707e-05,1.531702886126263,0.0025840768284351757,0.06698298003533458
240,Phe_521,Diseases of hard tissues of teeth,digestive,6.385056383891856e-06,0.0,-0.0004819024900071354,0.7326457523903336
241,Phe_521.1,Dental caries,digestive,6.295924351128778e-06,3.087353697754395,0.012737435526934663,1.7229335126188198e-19
242,Phe_522,Diseases of pulp and periapical tissues,digestive,1.8431226080298285e-05,0.0,-0.002482635481756487,0.07842837167783548
243,Phe_522.5,Periapical abscess,digestive,1.8698844284492622e-05,3.4194208151971957,0.008884302298262493,3.0155691572123367e-10
244,Phe_523,Gingival and periodontal diseases,digestive,9.842031500946623e-07,1.8461511896443157,0.001969583533600558,0.1626578522698033
245,Phe_523.3,Periodontitis (acute or chronic),digestive,3.0384102127364576e-06,0.0,-0.0002918009320452555,0.8361269049024224
246,Phe_525,Other diseases of the teeth and supporting structures,digestive,-4.346840473487315e-06,1.8147089271956858,0.0044588146158810954,0.001573613698339468
247,Phe_528,"Diseases of the oral soft tissues, excluding lesions specific for gingiva and tongue",digestive,-1.6135261942258571e-06,2.1879923954414013,0.005576940251931194,7.705514758003874e-05
248,Phe_529,Diseases and other conditions of the tongue,digestive,3.3250477641793544e-05,3.0520849822589837,0.006649902516305447,2.4290564132949207e-06
249,Phe_530,Diseases of esophagus,digestive,-0.000147884984685593,3.5154406762171435,0.006574589662808892,3.15278601459854e-06
250,Phe_530.1,"Esophagitis, GERD and related diseases",digestive,-0.0001539942959617164,2.179233601906478,0.012054206918243467,1.2828542907977848e-17
251,Phe_530.11,GERD,digestive,-5.684958655980013e-05,2.6473761301765677,0.02285320935054745,4.868318534347165e-59
252,Phe_530.12,Ulcer of esophagus,digestive,-4.3525851525690374e-05,1.3661681675109412,0.0026749245382950986,0.05793517140070266
253,Phe_530.14,Reflux esophagitis,digestive,-6.633763902585461e-05,1.662762625728369,0.007225831995865024,3.018758945948054e-07
254,Phe_530.2,Esophageal bleeding (varices__hemorrhage),digestive,-9.574484586538381e-05,2.971127432604858,0.008875984726491974,3.1324061237197683e-10
255,Phe_530.3,Stricture and stenosis of esophagus,digestive,0.0,2.1665639984241367,0.0055035157293317274,9.566589303555234e-05
256,Phe_530.9,Heartburn,digestive,-2.9520286684886153e-05,1.7281013479228344,0.0035114755392074296,0.012803028561103557
257,Phe_531,Peptic ulcer (excl. esophageal),digestive,2.4007339506571344e-05,1.963665845991278,0.008953040315642351,2.1997443687441244e-10
258,Phe_531.2,Gastric ulcer,digestive,3.1657682604917576e-05,1.5900605674232267,0.004102383169835119,0.0036364896564387225
259,Phe_531.3,Duodenal ulcer,digestive,1.4668717204923849e-05,2.2495645803425646,0.007193252647280731,3.4113432822588464e-07
260,Phe_532,Dysphagia,digestive,1.4483883769126381e-05,2.4343461030248363,0.012793636707909489,1.1962045589230793e-19
261,Phe_535,Gastritis and duodenitis,digestive,0.00020005976676521866,2.206430653565534,0.017438698645166804,4.155234281398325e-35
262,Phe_535.1,Acute gastritis,digestive,2.9605835195294714e-05,1.6563659856680446,0.002394853714291819,0.08957342009496629
263,Phe_535.6,Duodenitis,digestive,0.00013801884085485648,1.9181068759789244,0.008525772724380355,1.5051735000407783e-09
264,Phe_535.8,Other specified gastritis,digestive,2.09072453405822e-05,1.9609084218916506,0.009676098923149043,6.920045705541255e-12
265,Phe_537,Other disorders of stomach and duodenum,digestive,5.0169083807088677e-05,3.2992577564613925,0.014610562180907442,3.8653101877570552e-25
266,Phe_540,Appendiceal conditions,digestive,7.787991358042384e-05,3.4783279826452196,0.00420137738357071,0.00289889217593951
267,Phe_540.1,Appendicitis,digestive,7.911850572981199e-05,1.0477345181824436,0.00011425097630884009,0.9354502558559974
268,Phe_540.11,Acute appendicitis,digestive,8.30416017089054e-05,1.99813111983697,0.004904534259123817,0.0005075909132357225
269,Phe_550,Abdominal hernia,digestive,-0.00017860892115183368,2.4248214803267203,0.009006022618983738,1.7222184148556313e-10
270,Phe_550.1,Inguinal hernia,digestive,-0.00018649670450022468,1.1716079100660195,0.0022554885887398793,0.10985182624156452
271,Phe_550.2,Diaphragmatic hernia,digestive,-0.00016190394254897244,2.0529668904890293,0.019174629986308346,4.3675496861444685e-42
272,Phe_550.4,Umbilical hernia,digestive,-7.261904598817044e-05,2.2364161148003205,0.008055021203073475,1.129173814362839e-08
273,Phe_550.5,Ventral hernia,digestive,-0.000438526532109959,2.442674387168131,0.008989051882124476,1.8629331182462526e-10
274,Phe_555,Inflammatory bowel disease and other gastroenteritis and colitis,digestive,-0.0001444463995851154,1.9151845572454689,0.006378969285631785,6.127770081414556e-06
275,Phe_555.1,Regional enteritis,digestive,-7.503618612887713e-05,2.7763303037315508,0.007701842012087877,4.768931976523105e-08
276,Phe_555.2,Ulcerative colitis,digestive,-0.00010634904663238259,1.5547707006763574,0.003157358724612877,0.02520961754882727
277,Phe_556,Ulceration of the lower GI tract,digestive,-0.00014516285399894418,3.373750801467651,0.0051696487794206485,0.00024767255163252606
278,Phe_557,Intestinal malabsorption (non-celiac),digestive,0.00020669304916228677,4.124756973027231,0.005756098738366596,4.4961526448064164e-05
279,Phe_557.1,Celiac disease,digestive,0.00020703532145379864,2.0780349139474663,0.004738820651424327,0.0007815542756232299
280,Phe_558,Noninfectious gastroenteritis,digestive,0.00016255166971369843,2.9538057858296205,0.025095233688576777,8.128067436877648e-71
281,Phe_559,Ileostomy status,digestive,-4.951181623569875e-05,2.6641748264492935,0.007076247886202618,5.269477604210403e-07
282,Phe_560.4,Other intestinal obstruction,digestive,2.6149294039485126e-05,2.95169349313798,0.012182900438385132,5.798009146224695e-18
283,Phe_561,Symptoms involving digestive system,digestive,0.00012662599016480147,1.8097650953234987,0.010611969542177743,5.3630903352113476e-14
284,Phe_561.2,Flatulence,digestive,4.472093006773561e-06,2.8999093967671383,0.008660260625527057,8.296439263271552e-10
285,Phe_562,Diverticulosis and diverticulitis,digestive,3.3782438342405975e-05,1.5919220938153942,0.011029606001197366,5.3312358132122615e-15
286,Phe_562.1,Diverticulosis,digestive,3.309955315251405e-05,1.5919220938153942,0.011029606001197366,5.3312358132122615e-15
287,Phe_563,Constipation,digestive,0.000160387823557266,3.0008900829344514,0.023187783224312624,9.985491345453972e-61
288,Phe_564,Functional digestive disorders,digestive,-3.134429091190568e-05,2.0780349139474663,0.0033466983704735715,0.017673211274918336
289,Phe_564.1,Irritable Bowel Syndrome,digestive,-2.664440803543309e-05,2.8621574422287037,0.015047044873017291,1.4513965316216152e-26
290,Phe_564.8,Abnormal findings on exam of gastrointestinal tract__ abdominal area,digestive,1.2581915702407486e-05,2.4449785554402736,0.006548021104414419,3.45433288676916e-06
291,Phe_564.9,Personal history of diseases of digestive system,digestive,-3.456419386430122e-05,2.0040716985423264,0.013970575986001281,4.005000539856615e-23
292,Phe_565,Anal and rectal conditions,digestive,-0.00018209380341532223,1.9148898566576797,0.008819755467509299,4.046643213594237e-10
293,Phe_565.1,Anal and rectal polyp,digestive,-7.375620663185722e-05,1.3826772216856662,0.0035725883495314054,0.011324479221192108
294,Phe_568,Other disorders of peritoneum,digestive,5.49191144615256e-06,2.1749320475753535,0.0019510896276143423,0.16664087874456576
295,Phe_568.1,Peritoneal adhesions (postoperative) (postinfection),digestive,-1.0992714418043589e-06,1.65543033914468,0.004093412758242183,0.003711124239086984
296,Phe_569,Other disorders of intestine,digestive,0.00014889533062376374,2.1791903579964504,0.007699369176580029,4.816243505759193e-08
297,Phe_571,Chronic liver disease and cirrhosis,digestive,-0.000116428510553325,3.45098618245749,0.015225008839600526,3.70492621386577e-27
298,Phe_571.5,Other chronic nonalcoholic liver disease,digestive,-0.00021355785752311837,4.216309004753889,0.01522159230014927,3.8038960518837125e-27
299,Phe_572,Ascites (non malignant),digestive,-8.707853475035425e-05,3.9546345080106695,0.012977454632525268,3.5872031607660434e-20
300,Phe_573,Other disorders of liver,digestive,-2.373300473253478e-06,2.833950673232827,0.008168607994466233,7.013070768163562e-09
301,Phe_573.7,Abnormal results of function study of liver,digestive,-4.342480301245146e-06,3.2616781985663965,0.014891516530471827,4.7251654105790206e-26
302,Phe_574,Cholelithiasis and cholecystitis,digestive,-2.063532776438585e-05,2.0364108666260403,0.013931181600474067,5.293793175744522e-23
303,Phe_574.1,Cholelithiasis,digestive,-1.6039693949116327e-05,2.337826757778526,0.013312652421265442,3.820972946951342e-21
304,Phe_574.11,Cholelithiasis with acute cholecystitis,digestive,-2.156323749014146e-05,3.005100915413864,0.008354746384444833,3.1695510793461732e-09
305,Phe_574.12,Cholelithiasis with other cholecystitis,digestive,-1.9111065569904612e-05,1.9477347239242275,0.007301645872363161,2.2667318972919524e-07
306,Phe_574.2,Calculus of bile duct,digestive,-2.635879926293123e-05,2.530313101100738,0.008188603012642548,6.4448279708224676e-09
307,Phe_574.3,Cholecystitis without cholelithiasis,digestive,-2.8080309698525867e-05,1.8076478029653522,0.004428861181081332,0.0016922462504474491
308,Phe_575,Other biliary tract disease,digestive,-2.03203453351884e-05,2.2477269043589545,0.00844989015781446,2.0982133965831776e-09
309,Phe_575.7,Other disorders of gallbladder,digestive,-2.038946171862697e-05,1.6487445562946335,0.0025800176744993773,0.0674129766506376
310,Phe_575.8,Other disorders of biliary tract,digestive,-2.0991793156043813e-05,3.3874566640986132,0.008415377016861403,2.4381362590839172e-09
311,Phe_577,Diseases of pancreas,digestive,-2.107271813930949e-05,1.4243484343944555,0.00112477108818952,0.4252644220432643
312,Phe_577.1,Acute pancreatitis,digestive,-2.0147559148713284e-05,2.0518382216762374,0.0038902411322937524,0.0058209299764769885
313,Phe_578.1,Hematemesis,digestive,2.7555281091958e-05,3.973556204221247,0.013701432457547838,2.6528681083832423e-22
314,Phe_578.2,Blood in stool,digestive,-9.499450143738347e-05,2.4152091778637663,0.007752398815198791,3.894783155240366e-08
315,Phe_578.9,Hemorrhage of gastrointestinal tract,digestive,1.2965546133049762e-05,2.3842211206676702,0.011719524348826508,9.736737074407266e-17
316,Phe_579,Other symptoms involving abdomen and pelvis,digestive,1.1310590019138427e-05,2.2304241409702805,0.004364144380275246,0.0019771478896417538
317,Phe_579.8,Nonspecific abnormal findings in stool contents,digestive,-1.999536707017625e-06,2.240381391599612,0.005873340481262612,3.1341303343060133e-05
318,Phe_580,Nephritis; nephrosis; renal sclerosis,genitourinary,0.00020850601407896435,4.158940041864473,0.012980681429298728,3.511632373486417e-20
319,Phe_580.1,Glomerulonephritis,genitourinary,0.00011232411070472023,3.8549953145970917,0.009203661993905966,6.828528350913455e-11
320,Phe_585,Renal failure,genitourinary,-2.0244911672862238e-05,3.6570156788293455,0.027289336323803672,2.1064888642609723e-83
321,Phe_585.1,Acute renal failure,genitourinary,3.7924054406796103e-06,4.061176904078834,0.026276582997477475,1.835044912157407e-77
322,Phe_585.2,Renal failure NOS,genitourinary,3.584141447439429e-05,4.4000086560787315,0.013581541193116284,6.087549702073957e-22
323,Phe_585.3,Chronic renal failure [CKD],genitourinary,-2.6320651111592647e-05,3.4826605481208004,0.015232909215159596,3.4857411618220476e-27
324,Phe_586,Other disorders of the kidney and ureters,genitourinary,-1.228689888131518e-05,2.846051532172508,0.006753328509243679,1.6902801259340615e-06
325,Phe_586.2,"Cyst of kidney, acquired",genitourinary,1.2682250212528703e-05,2.639712970185986,0.0067050978728813064,2.002977222399606e-06
326,Phe_590,Pyelonephritis,genitourinary,-3.3672887348782e-05,2.67075380944029,0.006792041410211457,1.4737851428227094e-06
327,Phe_591,Urinary tract infection,genitourinary,-9.001245771464806e-05,3.1735479953895505,0.026473429005425802,1.3384526187959415e-78
328,Phe_592,Cystitis and urethritis,genitourinary,-1.4828019298135085e-05,2.2540780463954175,0.007309590851385202,2.1993290868949347e-07
329,Phe_592.1,Cystitis,genitourinary,-1.4746983871729231e-05,2.108744062231734,0.0051901026794618525,0.00023400877043844534
330,Phe_593,Hematuria,genitourinary,-0.0001623408492989928,1.6545117902230442,0.00866843638228784,7.999095488024263e-10
331,Phe_594,Urinary calculus,genitourinary,-0.0002106149387894908,0.7762163498113542,-0.0005080568500137775,0.7187361828541379
332,Phe_594.1,Calculus of kidney,genitourinary,-0.00014842992061943962,1.4921926493482671,0.002916984893234728,0.038660765918246534
333,Phe_594.3,Calculus of ureter,genitourinary,-0.00011247132727407861,1.5491712863882072,0.002798275998289961,0.0472971822352949
334,Phe_594.8,Renal colic,genitourinary,-7.706070186897262e-05,2.400369807999325,0.006142026278440755,1.336973921473824e-05
335,Phe_595,Hydronephrosis,genitourinary,-2.845438790626859e-06,1.930443751278807,0.004553351139025347,0.0012475947916856037
336,Phe_596,Other disorders of bladder,genitourinary,-8.002956049342713e-05,2.090206848371379,0.009990201723820421,1.4211734007794376e-12
337,Phe_596.1,Bladder neck obstruction,genitourinary,-0.00012833100381613252,1.497632125603145,0.0022317430941939166,0.11364343803739126
338,Phe_596.5,Functional disorders of bladder,genitourinary,0.00018940713996967005,2.0853435918767493,0.004389214468179899,0.0018619276991468775
339,Phe_597,Other disorders of urethra and urinary tract,genitourinary,-3.3234674191755752e-06,2.8650353707190597,0.005400738300822582,0.0001289415801293688
340,Phe_597.1,Urethral stricture (not specified as infectious),genitourinary,-9.514816669272353e-06,2.434319248386583,0.008758054697228037,5.350046211663856e-10
341,Phe_598,Abnormal findings on examination of urine,genitourinary,-0.000141136362378119,2.3647166939606374,0.008166582606409517,7.073277162401586e-09
342,Phe_599,Other symptoms__disorders or the urinary system,genitourinary,-0.00015394564655162618,2.732738149188797,0.014879995323255294,5.1544609116254496e-26
343,Phe_599.2,Retention of urine,genitourinary,-4.826020595322332e-05,2.4435581799948847,0.013392668877203097,2.220323866016379e-21
344,Phe_599.3,Dysuria,genitourinary,-1.68365962318639e-05,4.174797352249398,0.011641245003969989,1.5517104790413376e-16
345,Phe_599.4,Urinary incontinence,genitourinary,5.007232364044409e-06,2.2904401746216685,0.012618763304434915,3.7036793572524426e-19
346,Phe_599.5,Frequency of urination and polyuria,genitourinary,-7.83397876613992e-06,2.357003984586989,0.0088825498929814,3.039825867785271e-10
347,Phe_599.9,Other abnormality of urination,genitourinary,-3.550016851534805e-05,3.118307728299742,0.009309763025318272,4.122881767495361e-11
348,Phe_611.3,Lump or mass in breast,genitourinary,5.340008280832507e-06,3.025992414017883,0.008081066685626897,1.0129123116567659e-08
349,Phe_613,Other nonmalignant breast conditions,genitourinary,-1.7099576780152573e-05,14.338440906237517,0.00497891461825853,0.00041643142107014635
350,Phe_681,Superficial cellulitis and abscess,dermatologic,6.331252421634767e-06,3.130495184380697,0.005109624261606595,0.0002922166116303379
351,Phe_681.3,Cellulitis and abscess of arm__hand,dermatologic,8.731879738851206e-06,3.598199919236808,0.020840960518216427,2.116590441415214e-49
352,Phe_686,Other local infections of skin and subcutaneous tissue,dermatologic,-3.4316789311135287e-06,2.2518928035002204,0.0050129763271882745,0.00038000905867021035
353,Phe_686.1,Carbuncle and furuncle,dermatologic,-2.7878341293028462e-05,2.866849921036674,0.009639508522752386,8.295033006104894e-12
354,Phe_687,Symptoms affecting skin,dermatologic,7.519310693894813e-07,6.363910758384869,0.00901926898414664,1.6196529385781719e-10
355,Phe_687.1,Rash and other nonspecific skin eruption,dermatologic,1.4989063331931911e-05,6.505202160315472,0.027885754602767286,5.256758653209569e-87
356,Phe_687.4,Disturbance of skin sensation,dermatologic,1.533591034494817e-05,3.4835257733158396,0.01413273824772122,1.2598227342673028e-23
357,Phe_689,Disorder of skin and subcutaneous tissue NOS,dermatologic,-3.269748902721249e-06,1.5404795052660578,0.004388938834385572,0.0018631602301415354
358,Phe_695,Erythematous conditions,dermatologic,0.00020330919744043094,3.024789659696876,0.010830054658850046,1.623873229997942e-14
359,Phe_696,Psoriasis and related disorders,dermatologic,-0.0003388190373664524,2.060614261974254,0.0055453851564509936,8.458969202003299e-05
360,Phe_696.4,Psoriasis,dermatologic,-0.0003347764275249842,2.038132497894111,0.004490848221370321,0.001455251757231289
361,Phe_696.41,Psoriasis vulgaris,dermatologic,-0.0003494384337443583,1.961930340648235,0.004352407454769853,0.002033308232311072
362,Phe_701,Other hypertrophic and atrophic conditions of skin,dermatologic,-1.6992754211400286e-05,1.5454606964806905,0.002325862150080705,0.09919974649081427
363,Phe_701.2,Scar conditions and fibrosis of skin,dermatologic,-1.2608549950617039e-05,1.6900313883872096,0.0034490078725060943,0.014488441718276887
364,Phe_702,Degenerative skin conditions and other dermatoses,dermatologic,5.143946178320102e-06,23.462903301115936,0.006554696119708076,3.376071496654292e-06
365,Phe_702.1,Actinic keratosis,dermatologic,-6.420808779521916e-06,1.6754864730737165,0.003702197085979745,0.008680161280339008
366,Phe_702.2,Seborrheic keratosis,dermatologic,4.4277557940630046e-06,1.5612820716889617,0.003251361326445712,0.021177107600904382
367,Phe_703,"Diseases of nail, NOS",dermatologic,2.1773203296467286e-05,2.028227397345975,0.0020419904507912347,0.1477525517610182
368,Phe_704,Diseases of hair and hair follicles,dermatologic,-0.0001539627077292291,1.9811391860213787,0.007083065041642844,5.138592967136727e-07
369,Phe_706,Diseases of sebaceous glands,dermatologic,-0.00016192755038852135,1.6870204833347315,0.0065943578364559,2.944979043234779e-06
370,Phe_706.2,Sebaceous cyst,dermatologic,-0.00016087676033502214,1.7029855148231399,0.006715149551736519,1.933539669209736e-06
371,Phe_707,Chronic ulcer of skin,dermatologic,0.00010995474676223329,3.2148970641788153,0.008747457335376095,5.611812469116234e-10
372,Phe_709,Diffuse diseases of connective tissue,dermatologic,0.0002024360593687809,3.466906607179817,0.013816417874317682,1.1880376952079119e-22
373,Phe_709.7,Unspecified diffuse connective tissue disease,dermatologic,0.0001784097395885854,2.607897614305221,0.007600264118304918,7.136176847655983e-08
374,Phe_714,Rheumatoid arthritis and other inflammatory polyarthropathies,musculoskeletal,0.0001540016077404467,1.6896362442702149,0.0015006881514917502,0.28741950497055285
375,Phe_714.1,Rheumatoid arthritis,musculoskeletal,0.00014983010149497466,3.1545285306314517,0.01205022652615176,1.3145825181393119e-17
376,Phe_715,Other inflammatory spondylopathies,musculoskeletal,-7.964899562121138e-05,2.8837087856120145,0.0038425423481384803,0.006451821934319638
377,Phe_716,Other arthropathies,musculoskeletal,3.883887486638229e-05,5.3214832229335105,0.003744951500930543,0.007937697787132806
378,Phe_716.2,Unspecified monoarthritis,musculoskeletal,5.0353658619492844e-05,2.024550891187709,0.014179669243911314,8.992505345903387e-24
379,Phe_716.9,Arthropathy NOS,musculoskeletal,2.8314222580933245e-05,2.2039039626780426,0.021600929843665517,6.153298232101835e-53
380,Phe_717,Polymyalgia Rheumatica,musculoskeletal,0.0001502554214682958,2.5006357929287253,0.0058579915414474545,3.28698699620433e-05
381,Phe_720,Spinal stenosis,musculoskeletal,0.0002972529365848193,1.6145161342144123,0.0018105811888093342,0.19932565118467135
382,Phe_721,Spondylosis and allied disorders,musculoskeletal,-2.8605728958168965e-05,3.2907897161856594,0.008192764839660208,6.332313787593616e-09
383,Phe_721.1,Spondylosis without myelopathy,musculoskeletal,-2.50680938127149e-05,3.0155071596623233,0.006773779900276285,1.5723607534073847e-06
384,Phe_722,Intervertebral disc disorders,musculoskeletal,9.79495894896919e-05,2.257057811964173,0.011076374370870676,4.094680928363774e-15
385,Phe_722.6,Degeneration of intervertebral disc,musculoskeletal,1.0062194065613236e-05,2.62324906392703,0.009437203623477691,2.2326478553750453e-11
386,Phe_722.9,Other and unspecified disc disorder,musculoskeletal,2.4382743242219683e-05,2.0943233782246096,0.007369923212603066,1.7470308185636596e-07
387,Phe_724,Other and unspecified disorders of back,musculoskeletal,-1.8763011678521363e-05,2.8361751243107176,0.004361945009675206,0.00198756207336955
388,Phe_726,Peripheral enthesopathies and allied syndromes,musculoskeletal,0.00011002612504136366,2.0265091288260315,0.010055772495189979,1.015003254902702e-12
389,Phe_726.1,Enthesopathy,musculoskeletal,9.237508970401633e-05,2.017776332221058,0.008974955425746244,1.9883031079335592e-10
390,Phe_727,"Other disorders of synovium, tendon, and bursa",musculoskeletal,2.8978959739442964e-06,2.369627571344532,0.004362057554762963,0.0019870279440887765
391,Phe_727.1,Synovitis and tenosynovitis,musculoskeletal,3.3696006426826314e-06,1.8827833112946841,0.004562288302582449,0.0012202463721731488
392,Phe_727.4,"Ganglion and cyst of synovium, tendon, and bursa",musculoskeletal,-2.0590393601416486e-06,1.0925206467402093,0.0005179209691581446,0.713514003062182
393,Phe_728,"Disorders of muscle, ligament, and fascia",musculoskeletal,0.00011426613757619644,0.0,-0.0007720834047838798,0.5841657639130952
394,Phe_728.7,Fasciitis,musculoskeletal,0.00012928113950349274,0.7270195389078178,-0.0004526731948495877,0.7482950230218282
395,Phe_728.71,Contracture of palmar fascia [Dupuytren's disease],musculoskeletal,0.0001335327426952192,1.3075302149228694,0.0016184965723652553,0.25125308283591824
396,Phe_729,Other disorders of soft tissues,musculoskeletal,2.9417687312769964e-05,2.418100590058794,0.005000129198015186,0.00039338196808993005
397,Phe_729.1,"Rheumatism, unspecified and fibrositis",musculoskeletal,-5.365101558296636e-07,3.8439224557147385,0.00542694542275934,0.00011954886310943466
398,Phe_733,Other disorders of bone and cartilage,musculoskeletal,7.988525137935136e-06,4.089863878176172,0.0094243902205019,2.37552904798688e-11
399,Phe_733.8,Malunion and nonunion of fracture,musculoskeletal,2.9326371885902895e-06,2.335673631785297,0.0017473406868814766,0.2154768044910599
400,Phe_735,Acquired foot deformities,musculoskeletal,-0.0001243354797619909,5.035940220727323,0.005085057156562062,0.0003125273619913828
401,Phe_735.2,Acquired toe deformities,musculoskeletal,-1.7900935582254536e-05,1.7450435180005093,0.003575594991475431,0.011255818034266485
402,Phe_735.21,Hammer toe (acquired),musculoskeletal,3.946133408618841e-06,1.7244450087679863,0.0033170887217250284,0.01870267608140933
403,Phe_735.23,Hallux rigidus,musculoskeletal,-9.664250983851862e-06,1.0042487794251957,1.6984454385484407e-05,0.9903938296782822
404,Phe_735.3,Hallux valgus (Bunion),musculoskeletal,-0.00019368143697332798,1.4656150486500432,0.003917337502087898,0.005487840987791485
405,Phe_736,Other acquired deformities of limbs,musculoskeletal,4.730515452542608e-05,3.266986535598422,0.003965553610448813,0.004937407607776542
406,Phe_737,Curvature of spine,musculoskeletal,-1.422611557395215e-06,0.0,-0.000527900880402894,0.7082441482420013
407,Phe_737.3,Kyphoscoliosis and scoliosis,musculoskeletal,-1.755789807117491e-06,3.6046359820150182,0.006136189329016536,1.3624517505422326e-05
408,Phe_738,Other acquired musculoskeletal deformity,musculoskeletal,7.826280971869219e-06,2.111181483126996,0.0021628998878483003,0.12522029834810586
409,Phe_738.4,Acquired spondylolisthesis,musculoskeletal,1.0909841615181135e-05,0.0,-0.0017669014202152155,0.2103834879147348
410,Phe_740,Osteoarthrosis,musculoskeletal,1.2979809066791528e-05,1.9501139186827348,0.015460629189015218,5.930591416546879e-28
411,Phe_740.1,Osteoarthritis; localized,musculoskeletal,9.202505095409895e-06,1.5362615256683052,0.0056851506876715325,5.575581335152166e-05
412,Phe_740.11,"Osteoarthrosis, localized, primary",musculoskeletal,2.9979271486557382e-05,1.9822729363462006,0.009466036450074834,1.9412026995136257e-11
413,Phe_740.9,Osteoarthrosis NOS,musculoskeletal,2.0760040960883903e-05,2.4348295878516537,0.011724101209084374,9.474117748044018e-17
414,Phe_741,Symptoms and disorders of the joints,musculoskeletal,-0.00018059460145118108,2.165806458564548,0.0027445696037378536,0.05170785728111383
415,Phe_741.4,Joint effusions,musculoskeletal,8.012518855123929e-05,1.3801707824185845,0.0006470856859925711,0.6464479362998223
416,Phe_742,"Derangement of joint, non-traumatic",musculoskeletal,7.703004909632102e-06,10.323677452491012,0.0058006869651137955,3.9226094079579705e-05
417,Phe_742.9,Other derangement of joint,musculoskeletal,7.338370111866497e-06,2.614913235180094,0.004468073206374152,0.001538523951796562
418,Phe_743,"Osteoporosis, osteopenia and pathological fracture",musculoskeletal,0.0002162168973221565,3.338461648242462,0.01638307271700449,3.4856892115727867e-31
419,Phe_743.1,Osteoporosis,musculoskeletal,0.00022337049143722444,3.413798716696197,0.01640459574474759,2.9154330429245288e-31
420,Phe_743.11,Osteoporosis NOS,musculoskeletal,0.00021685613515408863,3.4166956945616893,0.01641723700383632,2.624746682499781e-31
421,Phe_745,Pain in joint,musculoskeletal,-0.00023686090498364968,1.9853225870175024,0.004318992854383171,0.0022013061122125536
422,Phe_747,Cardiac and circulatory congenital anomalies,congenital anomalies,0.0002483055010359849,0.0,-0.0005494582971891319,0.6969086852691087
423,Phe_747.1,Cardiac congenital anomalies,congenital anomalies,0.0002512484670734836,1.720612908748502,0.0010984440006886697,0.43618076406245443
424,Phe_747.13,Congenital anomalies of great vessels,congenital anomalies,0.0002493764222660731,2.9318533212754168,0.009187382013313292,7.374567111237514e-11
425,Phe_751,Genitourinary congenital anomalies,congenital anomalies,0.0,1.6712706329194515,0.002751993165261635,0.05107841519273073
426,Phe_939,Atopic__contact dermatitis due to other or unspecified,dermatologic,-8.405979567927788e-06,3.260268290666227,0.01164169777163277,1.5475469094190137e-16
