,PheCode,description,category,f_score,RR,phi,pval
0,Phe_112,Candidiasis,infectious diseases,0.00016878888010423234,2.4763256295019485,0.03724007468289284,1.1182379459013679e-153
1,Phe_153,Colorectal cancer,neoplasms,5.688121352564351e-05,0.662417569380135,-0.0008634934527150458,0.5404661299029168
2,Phe_153.2,Colon cancer,neoplasms,5.9014985320089355e-05,1.4766735487744704,0.013377194792789022,2.4667010305854645e-21
3,Phe_153.3,"Malignant neoplasm of rectum, rectosigmoid junction, and anus",neoplasms,2.9017066544765775e-05,1.280837747941697,0.006450433621450174,4.8172543359165e-06
4,Phe_158,Neoplasm of unspecified nature of digestive system,neoplasms,-0.00014072387159771887,1.5744994821563902,0.009617548543635945,9.245242165618584e-12
5,Phe_159,Malignant neoplasm of other and ill-defined sites within the digestive organs and peritoneum,neoplasms,8.218657373928231e-05,1.6787739380859301,0.02498560815978962,3.245793181204987e-70
6,Phe_165,Cancer within the respiratory system,neoplasms,0.0005574955851910993,2.7455159935101974,0.030439221366657478,2.6186173097478643e-103
7,Phe_165.1,Cancer of bronchus; lung,neoplasms,0.0005425612447517089,2.2967356153876164,0.033448691713029735,2.3767752913061305e-124
8,Phe_172,Skin cancer,neoplasms,-0.00010757229265227968,1.1502878387436841,0.009023215550789141,1.590266392478586e-10
9,Phe_172.2,Other non-epithelial cancer of skin,neoplasms,-9.304162888309628e-05,1.1668250000689442,0.00901974208861101,1.6161023553655343e-10
10,Phe_174,Breast cancer,neoplasms,-0.0006266964188775567,1.1300617385810756,0.007465880598315011,1.2069296516793213e-07
11,Phe_189,Cancer of urinary organs (incl. kidney and bladder),neoplasms,-3.4588561221775448e-06,1.8292418830541188,0.022418911248518143,6.952888115008835e-57
12,Phe_189.11,"Malignant neoplasm of kidney, except pelvis",neoplasms,2.7811312772014763e-06,1.787493814253383,0.01273198591561478,1.7848339152912947e-19
13,Phe_189.2,Cancer of bladder,neoplasms,2.727060725932406e-05,1.492848322266686,0.006880941257414985,1.0728712598284941e-06
14,Phe_189.21,Malignant neoplasm of bladder,neoplasms,-1.8335459527188e-05,1.6169998872109188,0.014219572366343823,6.745354230065404e-24
15,Phe_195,"Cancer, suspected or other",neoplasms,3.5169321973308185e-05,1.4508112760101444,0.006549803786966478,3.4332631839499625e-06
16,Phe_195.1,"Malignant neoplasm, other",neoplasms,3.0245696133896075e-05,1.6947238894875676,0.045609294523231786,1.4762716535317643e-229
17,Phe_197,Chemotherapy,neoplasms,0.00022519850020159536,1.7406338702507707,0.05298954406011926,3.212127626068743e-309
18,Phe_198,Secondary malignant neoplasm,neoplasms,-0.0010454723147736854,1.6664231578894217,0.011867201319210194,4.008567484970188e-17
19,Phe_198.1,Secondary malignancy of lymph nodes,neoplasms,-0.0012099803015137697,1.4667875514373738,0.017888716654911596,7.4539147545912446e-37
20,Phe_198.2,Secondary malignancy of respiratory organs,neoplasms,-0.0003856420180946057,1.7792341402681766,0.019944879348295533,2.1585137333106005e-45
21,Phe_198.3,Secondary malignant neoplasm of digestive systems,neoplasms,-0.00019364344400007593,1.4228149939528782,0.008938636383747972,2.35051628888099e-10
22,Phe_198.4,Secondary malignant neoplasm of liver,neoplasms,2.640145156018358e-06,1.5791438109149138,0.016051122935357386,5.3231692156025586e-30
23,Phe_198.6,Secondary malignancy of bone,neoplasms,0.0001571417532571707,1.746246653176216,0.01878411402386135,1.8499429990936034e-40
24,Phe_199,Neoplasm of uncertain behavior,neoplasms,0.00012799057425029993,1.6191091256424752,0.010592189117693007,5.969951348408417e-14
25,Phe_202,"Cancer of other lymphoid, histiocytic tissue",neoplasms,0.0002567898704821106,2.2281318242786354,0.02149815000188559,1.8825413041385036e-52
26,Phe_202.2,Non-Hodgkins lymphoma,neoplasms,0.00025570460606504444,1.807600817858469,0.015676558304017412,1.0798183854087006e-28
27,Phe_204,Leukemia,neoplasms,6.697544265803733e-05,2.2838351198856017,0.013878066822426574,7.701930042211985e-23
28,Phe_208,Benign neoplasm of colon,neoplasms,0.00012149816511378718,1.6889754536892867,0.052465190342403385,3.6443765677853024e-303
29,Phe_211,Benign neoplasm of other parts of digestive system,neoplasms,0.00023271941688273172,2.036904680706465,0.040457944572125135,4.893608425245484e-181
30,Phe_214,Lipoma,neoplasms,0.00048103555694732576,1.6173748775220556,0.013171208278165588,9.897744395097807e-21
31,Phe_214.1,Lipoma of skin and subcutaneous tissue,neoplasms,0.0005036300466905384,1.4064294434137472,0.014102306525138235,1.5667669348893344e-23
32,Phe_215,Other benign neoplasm of connective and other soft tissue,neoplasms,-0.00010520333157553382,1.334348817946424,0.005447797015385135,0.00011254045368042574
33,Phe_216,Benign neoplasm of skin,neoplasms,0.00011251853555094515,1.137273637108326,0.006321280035123619,7.428140289347745e-06
34,Phe_228,"Hemangioma and lymphangioma, any site",neoplasms,-4.7793736016588735e-05,1.5816218938356703,0.01137519276684797,7.393422037529882e-16
35,Phe_229,Benign neoplasm of unspecified sites,neoplasms,0.00036413685172215085,1.1774859196418193,0.0041267565159373255,0.00344054303030433
36,Phe_241,Nontoxic nodular goiter,endocrine/metabolic,3.394118157117541e-05,0.0,-0.001832936302643209,0.19383338682373213
37,Phe_242,Thyrotoxicosis with or without goiter,endocrine/metabolic,0.0002702621980580285,2.467965458141961,0.028750174531952236,2.297017097350925e-92
38,Phe_244,Hypothyroidism,endocrine/metabolic,0.0004240003421259537,2.0597583754092605,0.06751907754161608,0.0
39,Phe_244.1,Secondary hypothyroidism,endocrine/metabolic,0.00028124420491510636,2.506177570237913,0.026730439784023213,4.25901790917446e-80
40,Phe_244.4,Hypothyroidism NOS,endocrine/metabolic,0.0004262497405304894,2.0611044924208692,0.06591778088320664,0.0
41,Phe_250.1,Type 1 diabetes,endocrine/metabolic,0.0004431605784657331,2.9376891608233806,0.05069811040840686,3.3218292917770093e-283
42,Phe_250.2,Type 2 diabetes,endocrine/metabolic,0.0006876818288984791,2.5338070118489644,0.11500602636346859,0.0
43,Phe_250.23,Type 2 diabetes with ophthalmic manifestations,endocrine/metabolic,0.0004375949101839273,2.882517452039838,0.037909069809178145,3.5258725952376966e-159
44,Phe_250.7,Diabetic retinopathy,endocrine/metabolic,0.00042930652794379574,2.8166314975734457,0.03687092250659523,1.1020608867543698e-150
45,Phe_260,Protein-calorie malnutrition,endocrine/metabolic,-6.908763163301538e-05,2.662484903118667,0.012818433500907337,1.0178233891299175e-19
46,Phe_261,Vitamin deficiency,endocrine/metabolic,-9.59853138816767e-05,3.063681258383124,0.005206810709116143,0.0002233756218526775
47,Phe_272,Disorders of lipoid metabolism,endocrine/metabolic,0.0018181143851741083,3.3012254113137898,0.23741242401543095,0.0
48,Phe_272.1,Hyperlipidemia,endocrine/metabolic,0.001828833316716747,4.1240058592936695,0.11720179454361129,0.0
49,Phe_272.11,Hypercholesterolemia,endocrine/metabolic,0.0017510926839417208,3.3222402476109476,0.22971205537485734,0.0
50,Phe_274,Gout and other crystal arthropathies,endocrine/metabolic,0.0005636554495603791,2.41065549974694,0.035967710113397715,1.7424537457567795e-143
51,Phe_274.1,Gout,endocrine/metabolic,0.0005704136684000071,2.5278463567149974,0.036567732588521216,3.010567081800516e-148
52,Phe_275,Disorders of mineral metabolism,endocrine/metabolic,-0.0004745418642734811,3.063681258383124,0.00347113805846212,0.013870208828680432
53,Phe_275.5,Disorders of calcium__phosphorus metabolism,endocrine/metabolic,4.784014356785059e-05,2.4483334510254053,0.026434779070998053,2.2414224840432234e-78
54,Phe_276,"Disorders of fluid, electrolyte, and acid-base balance",endocrine/metabolic,0.0012867224143411128,2.470265519146753,0.0723175782576915,0.0
55,Phe_276.1,Electrolyte imbalance,endocrine/metabolic,0.0013722135888620817,2.5020063610128846,0.009786862580970735,3.98197709951876e-12
56,Phe_276.12,Hyposmolality and__or hyponatremia,endocrine/metabolic,0.0038379612140667287,2.2278138830936647,0.030668775464178035,7.633821402319064e-105
57,Phe_276.14,Hypopotassemia,endocrine/metabolic,0.0005310836497050674,2.3943432708478083,0.03070692375417083,4.231351291699251e-105
58,Phe_276.5,Hypovolemia,endocrine/metabolic,0.0006039208235009836,2.5170544124817993,0.04535646632698742,4.856590358067526e-227
59,Phe_277,Other disorders of metabolism,endocrine/metabolic,-0.0001557036190027083,2.376082144615862,0.022489042829918766,3.140401889328123e-57
60,Phe_278,"Overweight, obesity and other hyperalimentation",endocrine/metabolic,0.0017152664738424434,0.0,-0.0008409963015781207,0.5510679384835774
61,Phe_278.1,Obesity,endocrine/metabolic,0.0016067877200219881,2.6048074048873446,0.09533154746088811,0.0
62,Phe_280,Iron deficiency anemias,hematopoietic,0.0002870979323324339,2.11433533672673,0.054341657946909525,0.0
63,Phe_280.1,"Iron deficiency anemias, unspecified or not due to blood loss",hematopoietic,0.00029332642638175445,2.1378837803674933,0.05426655073496912,0.0
64,Phe_281,Other deficiency anemia,hematopoietic,0.0002561254065099137,2.723272229673888,0.002173909173125936,0.12330954678455211
65,Phe_281.1,Megaloblastic anemia,hematopoietic,0.0002230442109816704,0.765920314595781,-0.0003937250006117849,0.7801669556989053
66,Phe_285,Other anemias,hematopoietic,0.00035119566514812316,2.136132334952026,0.06553808393403458,0.0
67,Phe_287,Purpura and other hemorrhagic conditions,hematopoietic,0.00016882001314728954,2.8404991799578627,0.009511559412836159,1.5552280075573875e-11
68,Phe_287.3,Thrombocytopenia,hematopoietic,8.881833372595322e-05,2.2110601271573707,0.02295101893319646,1.5719061360634465e-59
69,Phe_288,Diseases of white blood cells,hematopoietic,0.00025302539409580193,2.421512260992775,0.0181074335609706,1.01815915271846e-37
70,Phe_289,Other diseases of blood and blood-forming organs,hematopoietic,-6.291986248671186e-05,2.2192311645278555,0.014060253707569786,2.1160760378358803e-23
71,Phe_289.4,Lymphadenitis,hematopoietic,5.739188388193737e-05,2.054504049377867,0.02839658683933414,3.7426395924822646e-90
72,Phe_290,Delirium dementia and amnestic and other cognitive disorders,mental disorders,0.0015255718045271082,3.0982991257094867,0.02349376139386385,2.7182477772452337e-62
73,Phe_292,Neurological disorders,mental disorders,0.001171470534006125,2.4186957303024665,0.01726300209547098,1.9427688654702655e-34
74,Phe_292.1,Aphasia__speech disturbance,mental disorders,0.0003906549453285605,2.7102773621878926,0.03539006561074875,5.644819574522503e-139
75,Phe_292.4,Altered mental status,mental disorders,0.0014865109657725747,2.60424933976142,0.041858168926742524,1.1928509888452668e-193
76,Phe_293,Symptoms involving head and neck,mental disorders,0.0003357600679322127,1.763113193101478,0.017073021523570656,1.0119628774032518e-33
77,Phe_296,Mood disorders,mental disorders,0.0003792055278259451,3.1174300523898455,0.009507648741617764,1.5851931507212222e-11
78,Phe_296.1,Bipolar,mental disorders,0.00037492180484647713,1.964731337253806,0.016267818548437625,9.037416864361446e-31
79,Phe_296.2,Depression,mental disorders,0.00036472977952789053,2.5603621945058963,0.015535453024189383,3.2953714271877853e-28
80,Phe_300,Anxiety disorders,mental disorders,0.0002573381793457327,3.15867912686012,0.02062996057966976,1.928596350284902e-48
81,Phe_300.1,Anxiety disorder,mental disorders,0.000426155856055472,3.180395905444395,0.0916186709053239,0.0
82,Phe_306,Other mental disorder,mental disorders,0.0031174962783776824,2.6304394490374174,0.15440524745882503,0.0
83,Phe_317,Alcohol-related disorders,mental disorders,0.0005868263081523887,2.4128075765607337,0.05345871659006466,0.0
84,Phe_317.1,Alcoholism,mental disorders,0.0005157797504437871,2.1632373951393573,0.055180107768615205,0.0
85,Phe_318,Tobacco use disorder,mental disorders,0.0012496258779963602,2.6136160555557573,0.11769043857720404,0.0
86,Phe_327,Sleep disorders,neurological,0.0003898535639944897,2.0394724873324153,0.01620050192844276,1.5717176052827803e-30
87,Phe_327.3,Sleep apnea,neurological,0.000415439234940355,2.5623678308493565,0.05480103902304932,0.0
88,Phe_331,Other cerebral degenerations,neurological,0.001015927447583065,2.5877696065954545,0.01355740483004701,7.189321550834014e-22
89,Phe_332,Parkinson's disease,neurological,-0.0006785171364855125,2.409210649007162,0.02613691048842383,1.1622875802711317e-76
90,Phe_334,Degenerative disease of the spinal cord,neurological,-7.676363102935154e-05,2.2100496002763745,0.024016343687910946,5.17746705516371e-65
91,Phe_335,Multiple sclerosis,neurological,-0.0006517680246174996,1.4730566772812765,0.008388310238520144,2.7416991720174583e-09
92,Phe_339,Other headache syndromes,neurological,0.0003632766779926727,3.104646092352472,0.09512218396534323,0.0
93,Phe_340,Migraine,neurological,-0.00014686304917750805,2.6744933728614404,0.046059966836154605,4.440983934087086e-234
94,Phe_342,Hemiplegia,neurological,0.0004931919939377393,2.869399032241755,0.03908387161087428,4.462646062895022e-169
95,Phe_345,"Epilepsy, recurrent seizures, convulsions",neurological,5.6853277736294953e-05,2.347310968367958,0.039148437279287615,1.2498817243228822e-169
96,Phe_345.3,Convulsions,neurological,0.00012551685418118696,2.1000744280153225,0.026790546807459535,1.8926021870561264e-80
97,Phe_348,Other conditions of brain,neurological,3.915967605615264e-06,1.7659647428234602,0.0048751486529256104,0.0005484848325544614
98,Phe_350,Abnormal movement,neurological,-0.00031094852213888895,2.787349223313274,0.05394758228788772,0.0
99,Phe_350.2,Abnormality of gait,neurological,-0.000607138579281092,2.8908387323367113,0.04530515045447528,1.5686349070484726e-226
100,Phe_351,Other peripheral nerve disorders,neurological,0.0003053408053593183,1.7214284341220942,0.04023957805474133,4.1488912995542786e-179
101,Phe_352,Disorders of other cranial nerves,neurological,-1.6934973182038316e-05,2.3122122704778296,0.005681528629426931,5.6368025225769695e-05
102,Phe_353,Nerve root and plexus disorders,neurological,5.8749090835228915e-05,1.9443337442583164,0.015818883125079872,3.469271242256713e-29
103,Phe_357,Inflammatory and toxic neuropathy,neurological,0.0003417463849027152,2.683752447976773,0.03383924967195567,3.1632488818569347e-127
104,Phe_361,Retinal detachments and defects,sense organs,-0.0008001127986359302,1.0598449171157307,0.0013486722310388592,0.33905240061326725
105,Phe_361.1,Retinal detachment with retinal defect,sense organs,-0.00016093421032294954,0.9875830108117926,-0.00023237878520000944,0.8691586233885867
106,Phe_362,Other retinal disorders,sense organs,-0.0005261574504368404,1.5628495488108245,0.009124732635202297,9.903204148367642e-11
107,Phe_362.2,Degeneration of macula and posterior pole of retina,sense organs,-0.0006055791160500179,1.526024985193113,0.013958422530605709,4.3653440312106634e-23
108,Phe_362.29,Macular degeneration (senile) of retina NOS,sense organs,-0.000609201009744043,1.526024985193113,0.013958422530605709,4.3653440312106634e-23
109,Phe_365,Glaucoma,sense organs,0.0012293643793659765,1.6068367230144254,0.01972134675998694,2.0271709918113035e-44
110,Phe_365.1,Open-angle glaucoma,sense organs,0.001234325905081142,1.2228567669533494,0.004064286412197248,0.003963159148731254
111,Phe_365.11,Primary open angle glaucoma,sense organs,0.0012988783164734627,1.2143139427978102,0.003901155262618122,0.005684632719268769
112,Phe_366,Cataract,sense organs,0.0004084961346331945,1.5483558213243316,0.0390132594275481,1.7907420488413528e-168
113,Phe_366.2,Senile cataract,sense organs,0.0005801377464400032,1.5239881740655552,0.02741721141655003,3.61100060354922e-84
114,Phe_367,Disorders of refraction and accommodation; blindness and low vision,sense organs,4.330774142075671e-05,1.1997632899961883,0.0010046339856734697,0.47636619903827226
115,Phe_367.1,Myopia,sense organs,3.2806283352745066e-05,1.0423288471577374,0.0008136468941740561,0.564092600889605
116,Phe_368,Visual disturbances,sense organs,0.00010298881461182026,3.1689433631015316,0.037209330438735935,1.9906534444525842e-153
117,Phe_371,Inflammation of the eye,sense organs,-9.380696725839567e-05,1.6282501792805413,0.00315954688983509,0.025108679486203392
118,Phe_371.3,Inflammation of eyelids,sense organs,-0.00011283123541951703,1.241078884536038,0.005840858983874685,3.4659643047863115e-05
119,Phe_374,Other disorders of eyelids,sense organs,0.00020581602640841893,1.429912070214937,0.011776220348791172,6.934216342930217e-17
120,Phe_374.1,Ectropion or entropion,sense organs,-1.4820411476105639e-05,1.4882398522696012,0.0081760924964152,6.79488108787539e-09
121,Phe_374.3,Ptosis of eyelid,sense organs,4.2968036093169854e-05,1.5831681260743768,0.012743037405146472,1.6615148689184832e-19
122,Phe_375,Disorders of lacrimal system,sense organs,0.002198872016654412,1.599949953852464,0.012579082413380176,4.776276790434393e-19
123,Phe_378,Strabismus and other disorders of binocular eye movements,sense organs,6.984839467290779e-05,1.7233207078405073,0.003441545889525903,0.014702311926741573
124,Phe_379,Other disorders of eye,sense organs,6.762411419684207e-05,2.0244589813104343,0.009182927125888855,7.53128150111688e-11
125,Phe_379.2,Disorders of vitreous body,sense organs,-7.43691931101998e-05,1.4407030382115784,0.008511992649079021,1.5990996855712914e-09
126,Phe_379.3,Aphakia and other disorders of lens,sense organs,1.967669611883934e-05,1.5977823595903315,0.01432977356378068,3.036289674615762e-24
127,Phe_380,Disorders of external ear,sense organs,-2.4624066545748143e-05,1.58215023082979,0.007280474641387915,2.456232185238516e-07
128,Phe_381,Otitis media and Eustachian tube disorders,sense organs,1.724103209278281e-05,1.8193521439704992,0.01879058062297356,1.7397538473145507e-40
129,Phe_381.1,Otitis media,sense organs,2.9189997539549432e-05,1.6551168169851447,0.010428350437342226,1.4399748455379812e-13
130,Phe_384,Other disorders of tympanic membrane,sense organs,0.00023210608522480444,1.7646804048286793,0.007193553826766531,3.4074979038155066e-07
131,Phe_384.4,Perforation of tympanic membrane,sense organs,0.0003144821398221122,1.6374848105151179,0.010015074391090086,1.2511400547910074e-12
132,Phe_386,Vertiginous syndromes and other disorders of vestibular system,sense organs,0.0014871820181517038,2.3759160779297694,0.005728088218331033,4.89621310829036e-05
133,Phe_386.9,Dizziness and giddiness (Light-headedness and vertigo),sense organs,0.0022685422512883323,3.7563213452131867,0.09965018146717858,0.0
134,Phe_389,Hearing loss,sense organs,9.915445401065392e-05,2.073389015647537,0.03339111165196125,6.268388278815367e-124
135,Phe_394,Rheumatic disease of the heart valves,circulatory system,0.0008265633841300267,3.5295361903376237,0.04363105189328712,3.0922236231070706e-210
136,Phe_394.2,Mitral valve disease,circulatory system,0.0006136867916139034,3.3370139379192274,0.0694329409253361,0.0
137,Phe_394.3,Aortic valve disease,circulatory system,0.003213807681262724,3.3060063296676643,0.04478369272727374,2.1727761922082665e-221
138,Phe_394.7,Disease of tricuspid valve,circulatory system,7.487742256093099e-06,3.4816602662505525,0.047286465487885204,1.3063707894350523e-246
139,Phe_395,Heart valve disorders,circulatory system,0.0006761601735510473,3.44892392279676,0.08599901230779113,0.0
140,Phe_395.1,Nonrheumatic mitral valve disorders,circulatory system,0.0006027006235754907,3.3688287940786545,0.0691162812860217,0.0
141,Phe_395.6,Heart valve replaced,circulatory system,0.0013670200699206678,3.7861850601221123,0.056451209109737964,0.0
142,Phe_396,Abnormal heart sounds,circulatory system,0.0,2.5437069702956276,0.02673812774997109,3.839715047184303e-80
143,Phe_401.1,Essential hypertension,circulatory system,0.0017518161494940912,2.216374626787551,0.1953402227532112,0.0
144,Phe_401.2,Hypertensive heart and__or renal disease,circulatory system,0.00030479114485672937,5.374879400672148,0.013889624597099458,7.099358866999276e-23
145,Phe_401.22,Hypertensive chronic kidney disease,circulatory system,0.000293842540266764,3.1904746117137055,0.042074908889071824,1.218498598781346e-195
146,Phe_402,Elevated blood pressure reading without diagnosis of hypertension,circulatory system,0.0006928191486660888,2.702921689914097,0.033721960683000186,2.3296377744130522e-126
147,Phe_411.1,Unstable angina (intermediate coronary syndrome),circulatory system,0.0025606769647047267,5.989097676163719,0.17507329217803436,0.0
148,Phe_411.2,Myocardial infarction,circulatory system,0.0023125677252713406,4.322802852119348,0.18793466061517547,0.0
149,Phe_411.3,Angina pectoris,circulatory system,0.002603402554454886,4.974818158526094,0.258220315420417,0.0
150,Phe_411.4,Coronary atherosclerosis,circulatory system,0.0022862781189050265,3.976404102922615,0.2158639747141323,0.0
151,Phe_411.8,"Other chronic ischemic heart disease, unspecified",circulatory system,0.0024843855756764323,4.892481395345028,0.24757132031319815,0.0
152,Phe_411.9,Other acute and subacute forms of ischemic heart disease,circulatory system,0.0010583145077590853,5.2901585293269,0.08124301792637703,0.0
153,Phe_414,Other forms of chronic heart disease,circulatory system,0.0023600863838086125,3.8836193592562176,0.06931849355161786,0.0
154,Phe_415,Pulmonary heart disease,circulatory system,0.0007036462760237099,3.1139611093873834,0.06581658317764855,0.0
155,Phe_416,Cardiomegaly,circulatory system,0.00029100190757757276,3.854174705530329,0.08019913746634456,0.0
156,Phe_418,Nonspecific chest pain,circulatory system,0.07358176261290135,12.254725033532496,1.0,0.0
157,Phe_418.1,Precordial pain,circulatory system,0.01400921207523976,5.168195025459813,0.13359057251552253,0.0
158,Phe_420,Carditis,circulatory system,0.00034945271454156214,4.084908344510833,0.005024082225471726,0.000368792291916206
159,Phe_420.2,Pericarditis,circulatory system,0.00031614263768082985,3.682767108522719,0.04709742393169657,1.1723810898473388e-244
160,Phe_425,Cardiomyopathy,circulatory system,0.0003183394684781624,3.3806138023537917,0.005390919416310127,0.00013263652119112438
161,Phe_425.1,Primary__intrinsic cardiomyopathies,circulatory system,0.0003379348036102237,3.7172162247213243,0.04609077742341978,2.1713149458714992e-234
162,Phe_426,Cardiac conduction disorders,circulatory system,0.0023088197084568753,3.671456082920667,0.017658981014344894,5.8792791345852206e-36
163,Phe_426.2,Atrioventricular [AV] block,circulatory system,9.299714140407022e-06,3.5101473714138303,0.014892723640377465,4.682291808406673e-26
164,Phe_426.3,Bundle branch block,circulatory system,0.0027043050622341394,4.084908344510832,0.028522462072409507,6.149521519034984e-91
165,Phe_426.31,Right bundle branch block,circulatory system,0.001458834433389603,4.198291732020068,0.06915089357434326,0.0
166,Phe_426.32,Left bundle branch block,circulatory system,0.001153516954386422,4.346990136180826,0.07701875373099282,0.0
167,Phe_426.9,Cardiac pacemaker__device in situ,circulatory system,0.002153809119347308,6.291001278341607,0.04085647134178558,1.3914913138436705e-184
168,Phe_426.91,Cardiac pacemaker in situ,circulatory system,0.00209769957002342,4.006922732125711,0.07739462234047315,0.0
169,Phe_427,Cardiac dysrhythmias,circulatory system,0.0019226731129579442,3.0606645044087863,0.17205829358469965,0.0
170,Phe_427.1,"Paroxysmal tachycardia, unspecified",circulatory system,0.00038098391911202796,3.335146686341122,0.012344495881866552,2.114199695820464e-18
171,Phe_427.11,Paroxysmal supraventricular tachycardia,circulatory system,0.0002997881347443429,3.2428439050721956,0.055342324802236,0.0
172,Phe_427.2,Atrial fibrillation and flutter,circulatory system,0.0016392944961999482,2.773763371518232,0.11256749871511958,0.0
173,Phe_427.3,Other specified cardiac dysrhythmias,circulatory system,0.0005267793007623702,4.081705122911529,0.09302435357612984,0.0
174,Phe_427.4,Cardiac arrest and ventricular fibrillation,circulatory system,0.00018595738658291045,2.773808645854454,0.032685479117997365,7.936545800756114e-119
175,Phe_427.7,Tachycardia NOS,circulatory system,0.00038847708153381223,3.0738821948705257,0.05254142440481873,4.84269945260278e-304
176,Phe_427.9,Palpitations,circulatory system,0.0014194185284240235,4.993146303586824,0.12712090667814047,0.0
177,Phe_428,Congestive heart failure; nonhypertensive,circulatory system,0.001812800163438989,3.709982715573616,0.10874749732213561,0.0
178,Phe_428.1,Congestive heart failure (CHF) NOS,circulatory system,0.0012750957246070234,3.859541901328781,0.0724763326847261,0.0
179,Phe_428.2,Heart failure NOS,circulatory system,0.001606637905247208,3.8818776408966578,0.10255931257112205,0.0
180,Phe_430,Intracranial hemorrhage,circulatory system,1.0391866309433777e-05,2.0311698950606347,0.0058345867850558755,3.533772511060767e-05
181,Phe_433,Cerebrovascular disease,circulatory system,0.0021804652513000428,2.994415421237071,0.04031234691095396,9.473299144046716e-180
182,Phe_433.1,Occlusion and stenosis of precerebral arteries,circulatory system,0.002067540341530424,2.763320350698504,0.0290470119678797,3.041624714208166e-94
183,Phe_433.2,Occlusion of cerebral arteries,circulatory system,0.0015134333630737432,2.2492678640853816,0.035528634925154005,4.745665529841517e-140
184,Phe_433.21,"Cerebral artery occlusion, with cerebral infarction",circulatory system,0.0007177912055295641,2.4849734722727566,0.03275702311070637,2.4392115320130215e-119
185,Phe_433.3,Cerebral ischemia,circulatory system,0.002207214532468852,2.722498572790458,0.03043963561669899,2.602026794236394e-103
186,Phe_433.31,Transient cerebral ischemia,circulatory system,0.0015325882987333025,2.598273945365106,0.037296840209644196,3.850737894586292e-154
187,Phe_433.8,Late effects of cerebrovascular disease,circulatory system,0.0011364313088001725,3.2169411925568214,0.04197192818823969,1.0789184212667024e-194
188,Phe_440,Atherosclerosis,circulatory system,0.001870592733499369,3.959218856987422,0.020069590176455803,6.119775396566123e-46
189,Phe_442,Other aneurysm,circulatory system,0.000680635795032902,3.128865966008297,0.006137336290132981,1.3574090743096259e-05
190,Phe_442.1,Aortic aneurysm,circulatory system,0.0004808506998016097,3.1358450567604566,0.027473217747906984,1.6635807939623045e-84
191,Phe_443,Peripheral vascular disease,circulatory system,0.0008235384679475767,3.244788054325746,0.07400816810278305,0.0
192,Phe_443.1,Raynaud's syndrome,circulatory system,0.0001312524908329569,2.504315668494078,0.026817881049246924,1.3080055271350774e-80
193,Phe_443.9,"Peripheral vascular disease, unspecified",circulatory system,0.0017713129962121513,3.684124884294675,0.07144275462743042,0.0
194,Phe_447,Other disorders of arteries and arterioles,circulatory system,0.0020918043262573406,2.705204681708621,0.020662110249853368,1.3792836028982126e-48
195,Phe_451,Phlebitis and thrombophlebitis,circulatory system,0.0006610283847386411,2.79653279985992,0.01754789139238269,1.581004026822354e-35
196,Phe_451.2,Phlebitis and thrombophlebitis of lower extremities,circulatory system,0.0006656128637596585,2.3380093054170823,0.04038515034691456,2.1557825391844336e-180
197,Phe_454,Varicose veins,circulatory system,-0.00030618310280943964,1.8828014202462324,0.010119247417302265,7.312769674211871e-13
198,Phe_454.1,Varicose veins of lower extremity,circulatory system,-0.0003805075818579866,1.2929375401232193,0.014971132888770852,2.586133802088064e-26
199,Phe_455,Hemorrhoids,circulatory system,-0.00022868334001374026,1.6369976244112117,0.04977369060266632,4.893220983239666e-273
200,Phe_458,Hypotension,circulatory system,0.00014046852360950296,2.7303273390771885,0.030376829941827464,6.813599545840091e-103
201,Phe_458.1,Orthostatic hypotension,circulatory system,0.00026847847105952803,3.5996058373792708,0.054139115153116646,0.0
202,Phe_458.9,Hypotension NOS,circulatory system,0.00015163294233046175,2.6969237446704843,0.05606213639137673,0.0
203,Phe_459,Other disorders of circulatory system,circulatory system,0.0010069886854085681,2.2939879373115017,0.00775404556139112,3.86909893284452e-08
204,Phe_459.9,Circulatory disease NEC,circulatory system,0.000933595703717714,3.11160422324012,0.14497643258043724,0.0
205,Phe_465,Acute upper respiratory infections of multiple or unspecified sites,respiratory,0.0052933855031100825,2.876430066935979,0.03488355286272557,4.4326174932219557e-135
206,Phe_470,Septal Deviations__Turbinate Hypertrophy,respiratory,-0.00010303065016708793,1.2711612048038679,0.008911529358241847,2.6621072129594615e-10
207,Phe_471,Nasal polyps,respiratory,0.00036427144427838106,1.340180418765901,0.009367280681763023,3.129000925272828e-11
208,Phe_473,Diseases of the larynx and vocal cords,respiratory,0.00028952859023956105,1.832159172855352,0.016172367500833378,1.9793719506216793e-30
209,Phe_473.4,Voice disturbance,respiratory,-2.0901148937654434e-05,2.2446365044584775,0.02019811243349748,1.6559501610456831e-46
210,Phe_474,Acute and chronic tonsillitis,respiratory,-0.00012568040045144303,1.242916951799559,0.0024228768201490494,0.08588472115863796
211,Phe_474.2,Chronic tonsillitis and adenoiditis,respiratory,-8.717656199530375e-05,1.3744445587536447,0.005861407733303822,3.25236525471766e-05
212,Phe_475,Chronic sinusitis,respiratory,0.0003801027908837046,1.6160832676095043,0.015520875682765554,3.695871734239625e-28
213,Phe_476,Allergic rhinitis,respiratory,0.0004669491617925656,1.4057632111511043,0.007537457037940892,9.132796272542991e-08
214,Phe_477,Epistaxis or throat hemorrhage,respiratory,-0.00027818896068032366,2.428019500691388,0.035792391570109265,4.147970590026172e-142
215,Phe_479,Other upper respiratory disease,respiratory,-9.650508198685837e-06,1.7863906064573962,0.02518604084132258,2.5697766819981953e-71
216,Phe_480,Pneumonia,respiratory,0.0006005746403552325,2.8065264322905934,0.06161032297702086,0.0
217,Phe_480.1,Bacterial pneumonia,respiratory,0.0005721877079846711,2.6029165308690394,0.026283244113216753,1.6799956484269132e-77
218,Phe_480.11,Pneumococcal pneumonia,respiratory,0.0005813170533049639,2.681795538400298,0.07136033534380831,0.0
219,Phe_495,Asthma,respiratory,0.000517881036752229,2.1468944393299294,0.09695836705604771,0.0
220,Phe_496,Chronic airway obstruction,respiratory,0.0006609397780460735,3.2835820606904615,0.1069530328024157,0.0
221,Phe_496.1,Emphysema,respiratory,0.0005803854948246644,3.351832901063483,0.05223995568207784,1.3928225119762004e-300
222,Phe_496.2,Chronic bronchitis,respiratory,0.00040042913079735347,3.527479487264151,0.02302709676971466,6.503028413917412e-60
223,Phe_496.21,Obstructive chronic bronchitis,respiratory,0.00042358735974922293,3.594278327423836,0.07306231957949048,0.0
224,Phe_496.3,Bronchiectasis,respiratory,-2.8486510943311347e-05,2.7124929697400932,0.0405944061933191,3.015025289164424e-182
225,Phe_506,Empyema and pneumothorax,respiratory,0.0005411005290295158,2.326393478912419,0.023116798570781083,2.28845491150109e-60
226,Phe_507,Pleurisy; pleural effusion,respiratory,0.000599303218019056,2.827010918496426,0.07894832517432371,0.0
227,Phe_508,Pulmonary collapse; interstitial and compensatory emphysema,respiratory,-0.00024947893664053117,3.0474351116040896,0.05171895949598236,1.1865289356796142e-294
228,Phe_509.1,Respiratory failure,respiratory,0.0003474590936970418,2.7417083085981795,0.04091695460838191,4.00175765610399e-185
229,Phe_509.2,Respiratory insufficiency,respiratory,0.0003123168064930524,2.8097976015197137,0.03958359224616872,2.2276937787400993e-173
230,Phe_512,Other symptoms of respiratory system,respiratory,0.0012698202793044028,4.919270185179132,0.20054592890708733,0.0
231,Phe_512.7,Shortness of breath,respiratory,0.0023923838697896536,5.920631088696834,0.20213697551204007,0.0
232,Phe_512.8,Cough,respiratory,0.00038164776701689795,3.5334413133131224,0.07287940949768504,0.0
233,Phe_514,Abnormal findings examination of lungs,respiratory,0.00012786075860009286,2.8319489824543416,0.04935673477425912,1.638662969179499e-268
234,Phe_516,Abnormal sputum,respiratory,0.00012078531566944791,4.023939563249476,0.014721287049108831,1.696291382994643e-25
235,Phe_516.1,Hemoptysis,respiratory,0.00012475320093858957,3.5692591649276104,0.059767957417815876,0.0
236,Phe_519,"Other diseases of respiratory system, not elsewhere classified",respiratory,-9.079396411738944e-05,3.4413953861289883,0.012406235166650738,1.4330643854215435e-18
237,Phe_519.8,"Other diseases of respiratory system, NEC",respiratory,-4.80962417808005e-05,3.092305562220253,0.10524729267720144,0.0
238,Phe_520,Disorders of tooth development,digestive,-0.0003894674918360566,1.7156615046945494,0.002128024524368014,0.13142579012890782
239,Phe_520.2,Disturbances in tooth eruption,digestive,-0.0003867921440644946,1.0383990549349988,0.0008919360610739731,0.5272101334552245
240,Phe_521,Diseases of hard tissues of teeth,digestive,0.00010100645420709663,2.0424541722554164,0.0024010042302949008,0.08875308441257915
241,Phe_521.1,Dental caries,digestive,9.094169398090616e-05,1.6716833728848106,0.019589679645120928,7.495069384278053e-44
242,Phe_522,Diseases of pulp and periapical tissues,digestive,0.00013613842571578576,0.863225914311723,-0.0016229067304217872,0.24996379759002177
243,Phe_522.5,Periapical abscess,digestive,0.0001832676339793685,1.7789116984160074,0.013670264710676961,3.2945153958966033e-22
244,Phe_523,Gingival and periodontal diseases,digestive,9.089661387766287e-05,2.033688274520414,0.011499866755082062,3.572818983538449e-16
245,Phe_523.3,Periodontitis (acute or chronic),digestive,7.590488413916585e-05,1.1140659121393177,0.0001590813747780413,0.9102139589720051
246,Phe_525,Other diseases of the teeth and supporting structures,digestive,-2.2319346455180216e-05,1.704172699975613,0.018419290944538227,5.716148256861637e-39
247,Phe_528,"Diseases of the oral soft tissues, excluding lesions specific for gingiva and tongue",digestive,-6.090787707607774e-06,1.37654629482986,0.008448458841935774,2.1113439756913355e-09
248,Phe_529,Diseases and other conditions of the tongue,digestive,3.1469102948511254e-05,1.5941105734676417,0.009201613796938969,6.894987717343796e-11
249,Phe_530,Diseases of esophagus,digestive,-6.433205927122396e-05,2.378612917972823,0.017221608009480704,2.7877691052397238e-34
250,Phe_530.1,"Esophagitis, GERD and related diseases",digestive,-0.0001260620804272322,2.13101334448922,0.055256491812133574,0.0
251,Phe_530.11,GERD,digestive,0.0002619295050033393,2.7349401119580543,0.11503121321342895,0.0
252,Phe_530.12,Ulcer of esophagus,digestive,0.00015344790991102226,2.0001095114278886,0.03491847663484684,2.3982936354201482e-135
253,Phe_530.14,Reflux esophagitis,digestive,0.0005936127931296423,2.0321740526044425,0.053784801518719665,0.0
254,Phe_530.2,Esophageal bleeding (varices__hemorrhage),digestive,-0.00013048111592992064,2.2242843211284997,0.026348804480958866,7.03808284926949e-78
255,Phe_530.3,Stricture and stenosis of esophagus,digestive,0.0,1.8088471368138208,0.018237902017364034,3.0700010202193645e-38
256,Phe_530.9,Heartburn,digestive,0.00016514964677425401,2.4739200519652145,0.03397414396185674,3.1557191682532877e-128
257,Phe_531,Peptic ulcer (excl. esophageal),digestive,0.00012538355652573995,2.3332169671507006,0.05919999746610606,0.0
258,Phe_531.2,Gastric ulcer,digestive,0.00011535619195900545,2.4040559809621143,0.04665528386106991,4.0385354152836003e-240
259,Phe_531.3,Duodenal ulcer,digestive,-5.7713465235130186e-05,2.2199961250380422,0.033566174047668394,3.2690309978830124e-125
260,Phe_532,Dysphagia,digestive,0.00013306636385263275,2.4869596871068724,0.06338931138858094,0.0
261,Phe_535,Gastritis and duodenitis,digestive,0.00031061512047157876,2.3622528873632143,0.09411226581723524,0.0
262,Phe_535.1,Acute gastritis,digestive,7.643581521924723e-05,2.466674525419318,0.02557663792143025,1.731051220695851e-73
263,Phe_535.6,Duodenitis,digestive,0.0003349782695640221,2.201555336788387,0.0533287090999641,0.0
264,Phe_535.8,Other specified gastritis,digestive,3.350883230145644e-05,2.232669415524131,0.05932554048534014,0.0
265,Phe_537,Other disorders of stomach and duodenum,digestive,0.00023679230953810816,2.21216419354102,0.03681438084922789,3.1484850401569865e-150
266,Phe_540,Appendiceal conditions,digestive,0.0012144310532760782,1.7176434009263875,0.00581458055316115,3.758575088613661e-05
267,Phe_540.1,Appendicitis,digestive,0.0012326260250260569,1.5256220610081048,0.006012813652244247,2.0227339863378307e-05
268,Phe_540.11,Acute appendicitis,digestive,0.0013028907765681396,1.4626607298087173,0.010865497040525243,1.3343289788588678e-14
269,Phe_550,Abdominal hernia,digestive,-0.0002380481258912486,1.9812884865331457,0.029644632161194274,4.402349965076523e-98
270,Phe_550.1,Inguinal hernia,digestive,-0.00026088102492059746,1.2542626192594333,0.015972122466204497,1.0101874243309463e-29
271,Phe_550.2,Diaphragmatic hernia,digestive,-0.00016379436976015127,2.102938755595925,0.09599319728624112,0.0
272,Phe_550.4,Umbilical hernia,digestive,0.00037159906036352117,1.8775214791418702,0.02732351511464736,1.3157950969027931e-83
273,Phe_550.5,Ventral hernia,digestive,0.00016791170477307846,2.0013254132490643,0.02981930980567568,3.211733732796476e-99
274,Phe_555,Inflammatory bowel disease and other gastroenteritis and colitis,digestive,-0.000290858631025235,1.5637179386230364,0.01877934610002626,1.935606766951526e-40
275,Phe_555.1,Regional enteritis,digestive,0.0003728755149041782,1.7847179196538845,0.016261523612732875,9.518309098466502e-31
276,Phe_555.2,Ulcerative colitis,digestive,-0.00033935588405344965,1.4941905703536007,0.013442549619054726,1.5803361397085995e-21
277,Phe_556,Ulceration of the lower GI tract,digestive,0.00014771387560386939,1.8221895066200282,0.008558046205456539,1.3057449835919656e-09
278,Phe_557,Intestinal malabsorption (non-celiac),digestive,0.00027398457425621735,1.986496523700473,0.00868529014812245,7.418574062986e-10
279,Phe_557.1,Celiac disease,digestive,0.0002784778013029652,1.6872447509936046,0.014438619131198625,1.372039842216057e-24
280,Phe_558,Noninfectious gastroenteritis,digestive,0.0017377583711968556,2.161329280588779,0.07129219920747569,0.0
281,Phe_559,Ileostomy status,digestive,-0.00013193927741493981,1.797359671584766,0.016204481499517434,1.5212275841646044e-30
282,Phe_560.4,Other intestinal obstruction,digestive,0.00010487230355925295,1.8293570274775635,0.02474328701546197,6.780178471588725e-69
283,Phe_561,Symptoms involving digestive system,digestive,0.0003904280283924192,1.9533509195056034,0.05971267333116319,0.0
284,Phe_561.2,Flatulence,digestive,4.321474650248551e-05,2.1847374966147823,0.025810533909988834,8.356163422190503e-75
285,Phe_562,Diverticulosis and diverticulitis,digestive,0.00022731488679389903,1.8277931315191014,0.07372148078419971,0.0
286,Phe_562.1,Diverticulosis,digestive,0.0002280371945287612,1.8277931315191014,0.07372148078419971,0.0
287,Phe_563,Constipation,digestive,0.002675973295516103,2.4259547499450176,0.07898025419146514,0.0
288,Phe_564,Functional digestive disorders,digestive,-0.00024601657489661935,2.1115226708341015,0.016492209915941067,1.4055205026552104e-31
289,Phe_564.1,Irritable Bowel Syndrome,digestive,-0.00010158892495368782,2.6426835926940253,0.06344034286724357,0.0
290,Phe_564.8,Abnormal findings on exam of gastrointestinal tract__ abdominal area,digestive,0.00026310379586141376,2.2382635339759998,0.026818750197236504,1.2927218172147888e-80
291,Phe_564.9,Personal history of diseases of digestive system,digestive,-0.0002982608618585071,2.2755468435822777,0.08482478769090132,0.0
292,Phe_565,Anal and rectal conditions,digestive,-3.6358268101751737e-05,1.7348493566146974,0.03385811945903966,2.292673200127626e-127
293,Phe_565.1,Anal and rectal polyp,digestive,3.793955160041388e-05,1.5567384293028206,0.024841530433895486,1.9845084023495972e-69
294,Phe_568,Other disorders of peritoneum,digestive,0.00017287344142845852,1.824439401059613,0.00654334761012036,3.51015961983612e-06
295,Phe_568.1,Peritoneal adhesions (postoperative) (postinfection),digestive,4.271829055789144e-05,1.982273622381384,0.02932029011275025,5.458837486590102e-96
296,Phe_569,Other disorders of intestine,digestive,0.00039804029481338985,1.9749722062117352,0.030425676481235012,3.2233313225941673e-103
297,Phe_571,Chronic liver disease and cirrhosis,digestive,-0.00019698566496065782,2.6292045807355984,0.04836922134273816,6.010115961870917e-258
298,Phe_571.5,Other chronic nonalcoholic liver disease,digestive,0.00018519800445714992,3.09243322014063,0.04732936832970259,4.6961488440088364e-247
299,Phe_572,Ascites (non malignant),digestive,6.386145046294624e-06,1.8530330191833413,0.017907228640529987,6.303918088623697e-37
300,Phe_573,Other disorders of liver,digestive,-0.00015817617311859495,2.4317219086146835,0.03047865923320114,1.4292818380148067e-103
301,Phe_573.7,Abnormal results of function study of liver,digestive,-0.00022888670715245956,2.57085944917219,0.04943359874622107,2.4166645628821566e-269
302,Phe_574,Cholelithiasis and cholecystitis,digestive,-0.00034114167243574797,2.0761501794010266,0.06913622480479237,0.0
303,Phe_574.1,Cholelithiasis,digestive,-0.00035361319397938466,2.180800767490352,0.05615883954054618,0.0
304,Phe_574.11,Cholelithiasis with acute cholecystitis,digestive,-0.0004053707482260221,2.178739739503986,0.02347425101171474,3.4252594487573565e-62
305,Phe_574.12,Cholelithiasis with other cholecystitis,digestive,-0.0003526439346484479,2.0086521370995936,0.03714087825176451,7.176391550608102e-153
306,Phe_574.2,Calculus of bile duct,digestive,-0.0004415327722311911,2.246032120797214,0.03186658624197572,4.8382805685161053e-113
307,Phe_574.3,Cholecystitis without cholelithiasis,digestive,-0.000459459116560925,2.272925654727817,0.03336183071659542,1.025775959483139e-123
308,Phe_575,Other biliary tract disease,digestive,-0.00035033324183000284,2.1617368442006604,0.037602443718461866,1.204667066140007e-156
309,Phe_575.7,Other disorders of gallbladder,digestive,-0.0004108443856824544,2.1739340231475337,0.022313588880996934,2.2831731009747643e-56
310,Phe_575.8,Other disorders of biliary tract,digestive,-0.0003641314747444616,2.5888106633337395,0.026766217907745613,2.628638792180981e-80
311,Phe_577,Diseases of pancreas,digestive,-0.00037430830536110837,2.3941350231073417,0.01766132005664356,5.75770847056348e-36
312,Phe_577.1,Acute pancreatitis,digestive,-0.0003533598752394659,2.4634711311019326,0.025869528668828433,3.8736184205501987e-75
313,Phe_578.1,Hematemesis,digestive,8.072998190804823e-05,3.0367280508313668,0.04485384214378737,4.4547642066634176e-222
314,Phe_578.2,Blood in stool,digestive,0.00014047163452049805,2.417815518703188,0.03712034284951219,1.0538462583379547e-152
315,Phe_578.9,Hemorrhage of gastrointestinal tract,digestive,8.284939511158241e-05,2.086254740119686,0.04395547543037865,2.40173152642571e-213
316,Phe_579,Other symptoms involving abdomen and pelvis,digestive,0.00031334810487079886,1.7701269492880274,0.013055195229823251,2.1446269154691885e-20
317,Phe_579.8,Nonspecific abnormal findings in stool contents,digestive,0.0001406921879811578,1.8552292064653364,0.019354824713182416,7.557145738798146e-43
318,Phe_580,Nephritis; nephrosis; renal sclerosis,genitourinary,0.000259120780040161,3.1313869215518118,0.04185961102211217,1.1571097102594258e-193
319,Phe_580.1,Glomerulonephritis,genitourinary,7.836558653307287e-05,3.249012238165822,0.03465164549044216,2.5779246540339927e-133
320,Phe_585,Renal failure,genitourinary,0.0002546112089480891,2.700694603410387,0.0834837546910406,0.0
321,Phe_585.1,Acute renal failure,genitourinary,0.00018896387268456881,2.6235763291655956,0.06660854621385047,0.0
322,Phe_585.2,Renal failure NOS,genitourinary,0.000468362428447187,3.0562197843003593,0.03925684100262018,1.4682862160827236e-170
323,Phe_585.3,Chronic renal failure [CKD],genitourinary,0.0001492867469418163,3.312362880145175,0.06781070866061147,0.0
324,Phe_586,Other disorders of the kidney and ureters,genitourinary,0.00011023698173441814,2.482239719502519,0.02591607844680098,2.10923737990723e-75
325,Phe_586.2,"Cyst of kidney, acquired",genitourinary,9.398518883861712e-05,2.580841673728601,0.03089601368232161,2.246810845778117e-106
326,Phe_590,Pyelonephritis,genitourinary,0.0001557172520388943,2.173109754299977,0.022793094654225396,9.729472338215824e-59
327,Phe_591,Urinary tract infection,genitourinary,-0.00015187805667798702,2.2689263942697617,0.0738676320155217,0.0
328,Phe_592,Cystitis and urethritis,genitourinary,-0.00011952516493550889,1.8335614793908652,0.023221107174004524,6.759377495343172e-61
329,Phe_592.1,Cystitis,genitourinary,-0.00013256386136850762,1.8240603158259736,0.018436582719316676,4.865598323223538e-39
330,Phe_593,Hematuria,genitourinary,-0.00013553497604559548,1.8017831207352117,0.05075244675155796,8.276716793343637e-284
331,Phe_594,Urinary calculus,genitourinary,0.0001407335583567521,2.1008100057484276,0.011944641214614542,2.506106891068145e-17
332,Phe_594.1,Calculus of kidney,genitourinary,9.515543740646175e-05,1.992040026575996,0.02809991685483113,2.5589961966298924e-88
333,Phe_594.3,Calculus of ureter,genitourinary,3.0159872254421808e-05,1.7506750047903565,0.018281484725818788,2.0529751161296423e-38
334,Phe_594.8,Renal colic,genitourinary,4.806830041236185e-05,2.061449904548936,0.022250778823612573,4.627366474063933e-56
335,Phe_595,Hydronephrosis,genitourinary,0.0001212778115749059,1.5861400206003036,0.013709423030936791,2.509361948264142e-22
336,Phe_596,Other disorders of bladder,genitourinary,-5.2321527922353717e-05,1.8753110631406258,0.0383358019276569,9.705122576920176e-163
337,Phe_596.1,Bladder neck obstruction,genitourinary,-0.00012935207383448999,1.9721336997870478,0.0208371621766031,2.202910604519156e-49
338,Phe_596.5,Functional disorders of bladder,genitourinary,0.0036008253336897987,2.1375874939669326,0.021987768090626116,8.72327180593599e-55
339,Phe_597,Other disorders of urethra and urinary tract,genitourinary,0.00010830815114418633,1.7004706337001614,0.009694664332096516,6.310495986305621e-12
340,Phe_597.1,Urethral stricture (not specified as infectious),genitourinary,0.00010064639736340761,1.8802051403365725,0.02568753968000345,4.127355920500062e-74
341,Phe_598,Abnormal findings on examination of urine,genitourinary,-0.0002429869602731289,2.1493889456719297,0.032873175194903806,3.572827284640223e-120
342,Phe_599,Other symptoms__disorders or the urinary system,genitourinary,-0.0001430683953662877,2.049881278336345,0.04309102571266137,4.125625501001731e-205
343,Phe_599.2,Retention of urine,genitourinary,-1.6626293819779687e-05,1.877803716416828,0.03892306554923234,1.0525140564808125e-167
344,Phe_599.3,Dysuria,genitourinary,-4.060567459114347e-05,2.6406773180286662,0.028753014098957527,2.204396430050056e-92
345,Phe_599.4,Urinary incontinence,genitourinary,0.00021604165789580615,1.9342076585230439,0.04366154758423455,1.5810244722245497e-210
346,Phe_599.5,Frequency of urination and polyuria,genitourinary,-0.00017398358050632758,2.1801099877005754,0.03691949923148399,4.466550347006316e-151
347,Phe_599.9,Other abnormality of urination,genitourinary,-0.0003611920938339049,2.3542101655235608,0.028445425093584657,1.8589779648637631e-90
348,Phe_611.3,Lump or mass in breast,genitourinary,1.703976940441012e-05,1.5325889636464674,0.01015312706790611,6.133806869759121e-13
349,Phe_613,Other nonmalignant breast conditions,genitourinary,-0.0001287115884512659,1.361636114836944,0.0006451759761787578,0.6474205086656952
350,Phe_681,Superficial cellulitis and abscess,dermatologic,0.0004373020519202767,2.1800858550219533,0.01352691609546241,8.866808903035996e-22
351,Phe_681.3,Cellulitis and abscess of arm__hand,dermatologic,0.0003669964445644608,2.177585358165919,0.045145487394492756,5.971875245614276e-225
352,Phe_686,Other local infections of skin and subcutaneous tissue,dermatologic,0.00015991617109211394,1.9602807857807678,0.018378223682961246,8.375534160509458e-39
353,Phe_686.1,Carbuncle and furuncle,dermatologic,-0.00022761337652127931,1.7158764370248656,0.01766689943250402,5.477715387247967e-36
354,Phe_687,Symptoms affecting skin,dermatologic,4.4154019228991e-05,2.3502212393076016,0.010851043732574719,1.4456935059777212e-14
355,Phe_687.1,Rash and other nonspecific skin eruption,dermatologic,0.000209337861428287,2.4301049034001583,0.034622132041143484,4.315169925216116e-133
356,Phe_687.4,Disturbance of skin sensation,dermatologic,7.322536733127337e-05,3.724562127569168,0.0741022069654072,0.0
357,Phe_689,Disorder of skin and subcutaneous tissue NOS,dermatologic,2.3822594573960335e-05,1.4526610908795234,0.01756832054501837,1.3186508482945226e-35
358,Phe_695,Erythematous conditions,dermatologic,0.00028738290910554343,2.047464280609272,0.026777297232216647,2.263469346102412e-80
359,Phe_696,Psoriasis and related disorders,dermatologic,0.0005520160052280411,2.1734927205181673,0.029324555362988943,5.1253058241723946e-96
360,Phe_696.4,Psoriasis,dermatologic,0.0005626977140855032,2.3174978762499108,0.027239698586054562,4.16785416352077e-83
361,Phe_696.41,Psoriasis vulgaris,dermatologic,0.000536112004976407,2.240411532166146,0.02682430636196478,1.1991399290255209e-80
362,Phe_701,Other hypertrophic and atrophic conditions of skin,dermatologic,-6.666479474711885e-05,1.5410133275699547,0.011025676743473137,5.450486660592615e-15
363,Phe_701.2,Scar conditions and fibrosis of skin,dermatologic,-2.2609520424975724e-05,1.4788208880502265,0.011438661544529218,5.110686585238732e-16
364,Phe_702,Degenerative skin conditions and other dermatoses,dermatologic,3.561276479301592e-05,0.0,-0.001394644305160533,0.32284531981986286
365,Phe_702.1,Actinic keratosis,dermatologic,-8.670151850344015e-07,1.4033585405837006,0.010566007586334365,6.878013626634992e-14
366,Phe_702.2,Seborrheic keratosis,dermatologic,2.5970211981517555e-05,1.2402990669117349,0.006652929676087859,2.4035898319634252e-06
367,Phe_703,"Diseases of nail, NOS",dermatologic,-2.3312618863176425e-06,1.6612495625024408,0.006276343670430023,8.619821878860128e-06
368,Phe_704,Diseases of hair and hair follicles,dermatologic,-0.0004924008618276091,1.339092470551564,0.011699991274845528,1.0940603643806863e-16
369,Phe_706,Diseases of sebaceous glands,dermatologic,-0.00030511246249733965,1.3185396935537241,0.014613127224330762,3.792523679378298e-25
370,Phe_706.2,Sebaceous cyst,dermatologic,-0.00030981903613962235,1.3161221450320975,0.014432481717533413,1.4351157096772883e-24
371,Phe_707,Chronic ulcer of skin,dermatologic,0.00029170880072402935,2.7599081789520117,0.033219651963998315,1.1142974828556825e-122
372,Phe_709,Diffuse diseases of connective tissue,dermatologic,0.00029237072691648915,2.042454172255416,0.027904645308722605,4.030279087726968e-87
373,Phe_709.7,Unspecified diffuse connective tissue disease,dermatologic,0.0002978157085998333,1.8275339074396892,0.018695318770748846,4.2900509233206595e-40
374,Phe_714,Rheumatoid arthritis and other inflammatory polyarthropathies,musculoskeletal,0.00048740051009936246,2.5672746387760386,0.016300174909744454,6.921141224580041e-31
375,Phe_714.1,Rheumatoid arthritis,musculoskeletal,0.0004827085253624259,2.332341032822473,0.03561518035486808,1.0058647214173485e-140
376,Phe_715,Other inflammatory spondylopathies,musculoskeletal,0.00011245871880222204,3.2861832492154175,0.02228910964310567,3.0075271293292097e-56
377,Phe_716,Other arthropathies,musculoskeletal,0.0013289224109297175,2.5267474295943293,0.0063234974384790785,7.3736161030104105e-06
378,Phe_716.2,Unspecified monoarthritis,musculoskeletal,0.0006346282855514059,1.6705792479141355,0.04435672339679376,3.18021526232571e-217
379,Phe_716.9,Arthropathy NOS,musculoskeletal,0.0012338080714994683,1.9560469443801967,0.08198541573977926,0.0
380,Phe_717,Polymyalgia Rheumatica,musculoskeletal,0.0003959779184221462,2.299713825772544,0.02424923046761426,3.0389100601007383e-66
381,Phe_720,Spinal stenosis,musculoskeletal,0.00398930540780709,2.409329318478239,0.019846045551462983,5.82887435723253e-45
382,Phe_721,Spondylosis and allied disorders,musculoskeletal,0.00041070975702875786,3.0729820515172563,0.03543378856545252,2.5869978534420426e-139
383,Phe_721.1,Spondylosis without myelopathy,musculoskeletal,0.00032486621282958673,3.1415893041289493,0.03440010023521382,2.0512153130972631e-131
384,Phe_722,Intervertebral disc disorders,musculoskeletal,0.00038462462586106113,2.051177283424292,0.04426853243611216,2.279558796688161e-216
385,Phe_722.6,Degeneration of intervertebral disc,musculoskeletal,0.0004357025427822744,2.343939091652785,0.037343458277759194,1.60247372433932e-154
386,Phe_722.9,Other and unspecified disc disorder,musculoskeletal,0.00023535313907966824,1.9190323904374955,0.029581819767829965,1.1243217106193404e-97
387,Phe_724,Other and unspecified disorders of back,musculoskeletal,-4.40725613122939e-05,2.1883437559879457,0.013492267976661646,1.124678253765995e-21
388,Phe_726,Peripheral enthesopathies and allied syndromes,musculoskeletal,0.0019103689951855823,1.9578794520058114,0.04484770909327757,5.1172324681245106e-222
389,Phe_726.1,Enthesopathy,musculoskeletal,0.001699091788978903,1.7743159607896575,0.03263434852320668,1.8413317221719009e-118
390,Phe_727,"Other disorders of synovium, tendon, and bursa",musculoskeletal,0.0001696239695598945,1.4158098546774343,0.006329369682440303,7.231064914495694e-06
391,Phe_727.1,Synovitis and tenosynovitis,musculoskeletal,4.180891003313052e-05,1.6949926074976371,0.017166651069915096,4.496818977158825e-34
392,Phe_727.4,"Ganglion and cyst of synovium, tendon, and bursa",musculoskeletal,9.437236617813051e-05,1.351803583131199,0.009412432533796,2.5169212887118843e-11
393,Phe_728,"Disorders of muscle, ligament, and fascia",musculoskeletal,0.00029068871645805303,2.3872840974413956,0.005119250823096647,0.0002846004498394331
394,Phe_728.7,Fasciitis,musculoskeletal,0.0002918779264458374,2.0367007802208934,0.008216434998619597,5.727823766025529e-09
395,Phe_728.71,Contracture of palmar fascia [Dupuytren's disease],musculoskeletal,0.00029298241024558794,1.1864974420307286,0.004691088808097864,0.0008828869841648433
396,Phe_729,Other disorders of soft tissues,musculoskeletal,0.0007642733345219938,2.380524350673708,0.023264570700593797,4.059921022740829e-61
397,Phe_729.1,"Rheumatism, unspecified and fibrositis",musculoskeletal,7.973700718273189e-05,4.328264586311477,0.030355146318804156,9.495398912872247e-103
398,Phe_733,Other disorders of bone and cartilage,musculoskeletal,0.0003493564689213241,2.258794188832929,0.018350395336678864,1.0844985418162553e-38
399,Phe_733.8,Malunion and nonunion of fracture,musculoskeletal,-3.7135874589696586e-05,1.7189885793642867,0.004495479402790903,0.0014388354449070772
400,Phe_735,Acquired foot deformities,musculoskeletal,-4.020882580546158e-05,1.2553620766057678,0.0015377449103117548,0.27568310519486566
401,Phe_735.2,Acquired toe deformities,musculoskeletal,0.0005062261826743479,1.3298738119553521,0.007566434933763553,8.15222766285637e-08
402,Phe_735.21,Hammer toe (acquired),musculoskeletal,-0.00020049440290586916,1.269141902136439,0.0058899249846814244,2.976569864717545e-05
403,Phe_735.23,Hallux rigidus,musculoskeletal,0.00029254860175656516,1.3411056092144027,0.0065170800994032016,3.8403905500811326e-06
404,Phe_735.3,Hallux valgus (Bunion),musculoskeletal,-0.00027250159781029137,1.2021392667344537,0.008128145158863538,8.315905926110257e-09
405,Phe_736,Other acquired deformities of limbs,musculoskeletal,0.0004336221650392005,1.5202063965647905,0.004349179736209597,0.002049007224953018
406,Phe_737,Curvature of spine,musculoskeletal,9.790644428027508e-05,2.042454172255416,0.002630184058615227,0.062255365736248104
407,Phe_737.3,Kyphoscoliosis and scoliosis,musculoskeletal,9.191137172143383e-05,2.3277131348609212,0.014949709373593233,3.042447570552864e-26
408,Phe_738,Other acquired musculoskeletal deformity,musculoskeletal,0.0003042762195999354,1.4535256685989464,0.0042191996629237045,0.002781613887405991
409,Phe_738.4,Acquired spondylolisthesis,musculoskeletal,0.00031236640645163847,2.2198385296473258,0.010301286113442474,2.8245097014932224e-13
410,Phe_740,Osteoarthrosis,musculoskeletal,0.0007115404540645418,1.7409453884904726,0.057625468093573586,0.0
411,Phe_740.1,Osteoarthritis; localized,musculoskeletal,0.0006846392758773198,1.4953682332584297,0.025099800921096645,7.671452933139441e-71
412,Phe_740.11,"Osteoarthrosis, localized, primary",musculoskeletal,0.0007039152441488611,1.636682426820136,0.029324839239888448,5.103843182725146e-96
413,Phe_740.9,Osteoarthrosis NOS,musculoskeletal,0.0008107621193793155,2.442274210692207,0.05632534442878868,0.0
414,Phe_741,Symptoms and disorders of the joints,musculoskeletal,0.00028923622172971034,1.679668605994664,0.007647540498222917,5.919275963653319e-08
415,Phe_741.4,Joint effusions,musculoskeletal,0.00034764819228433547,2.7523981358736087,0.01425583374794643,5.1907107003591294e-24
416,Phe_742,"Derangement of joint, non-traumatic",musculoskeletal,0.00010961207922537457,0.7352835020119497,-0.0007871363710750632,0.5768575778125864
417,Phe_742.9,Other derangement of joint,musculoskeletal,6.517229625657781e-05,1.9865815657195538,0.013046104884447072,2.277939496796716e-20
418,Phe_743,"Osteoporosis, osteopenia and pathological fracture",musculoskeletal,0.0002818872467841726,2.2035803876968365,0.04030110857310837,1.1902517069108734e-179
419,Phe_743.1,Osteoporosis,musculoskeletal,0.00028393224511126877,2.2423008837004517,0.040352278079357894,4.2075547625099655e-180
420,Phe_743.11,Osteoporosis NOS,musculoskeletal,0.0002662134791366422,2.2442037188020305,0.040396745435246795,1.7025758155803709e-180
421,Phe_745,Pain in joint,musculoskeletal,0.0006755608403642156,2.2475264940041377,0.026135487644981664,1.1842906128794088e-76
422,Phe_747,Cardiac and circulatory congenital anomalies,congenital anomalies,0.0032678246446458956,2.5137897504682045,0.003975365636860603,0.004831705253101553
423,Phe_747.1,Cardiac congenital anomalies,congenital anomalies,0.0033003915296676628,3.3904739259439904,0.017415529276017753,5.096945009317699e-35
424,Phe_747.13,Congenital anomalies of great vessels,congenital anomalies,0.003306419089606025,3.315736274133061,0.05263607626686638,3.93555896054685e-305
425,Phe_751,Genitourinary congenital anomalies,congenital anomalies,0.0,1.808167107167838,0.015835349628216623,3.040209104893723e-29
426,Phe_939,Atopic__contact dermatitis due to other or unspecified,dermatologic,9.649791735093248e-05,2.0196535675122593,0.025100695438877548,7.585063550304269e-71
