,PheCode,description,category,f_score,RR,phi,pval
0,Phe_112,Candidiasis,infectious diseases,0.00015805321845961372,3.590537255775351,0.01490103396944092,4.397414535644233e-26
1,Phe_153,Colorectal cancer,neoplasms,-0.00024059822277773435,0.0,-0.0005832804113302046,0.6792605279702035
2,Phe_153.2,Colon cancer,neoplasms,-0.00021742426070359882,2.21626785676657,0.007783436845065539,3.437379368349207e-08
3,Phe_153.3,"Malignant neoplasm of rectum, rectosigmoid junction, and anus",neoplasms,-0.0002512574482013472,1.9793976913602978,0.005129684833996278,0.00027655571727588625
4,Phe_158,Neoplasm of unspecified nature of digestive system,neoplasms,-0.00016772963099812542,2.339549704495287,0.005113658913306899,0.00028900160041785995
5,Phe_159,Malignant neoplasm of other and ill-defined sites within the digestive organs and peritoneum,neoplasms,-0.00020677578228278374,2.6503081848361454,0.013852494862705058,9.220984900443875e-23
6,Phe_165,Cancer within the respiratory system,neoplasms,0.000430476973619458,3.5521202185074983,0.010148667244244803,6.27761835600903e-13
7,Phe_165.1,Cancer of bronchus; lung,neoplasms,0.0004201995467569139,2.3868970762611963,0.008157744660083094,7.341927040735212e-09
8,Phe_172,Skin cancer,neoplasms,-0.00015180092210880192,1.8423399001243719,0.011532488876640545,2.94996999558998e-16
9,Phe_172.2,Other non-epithelial cancer of skin,neoplasms,-0.00015473551935346795,1.9562309309257837,0.011789461042468042,6.404280300398894e-17
10,Phe_174,Breast cancer,neoplasms,-0.0034081000078838722,0.8470607789139423,-0.002001928384370558,0.15586501979384607
11,Phe_189,Cancer of urinary organs (incl. kidney and bladder),neoplasms,-1.1956251503322588e-05,3.2350903948243293,0.013779281073566432,1.5410692436328424e-22
12,Phe_189.11,"Malignant neoplasm of kidney, except pelvis",neoplasms,-2.7921127329507436e-06,2.0652422165949296,0.00392731328242879,0.005369610800294888
13,Phe_189.2,Cancer of bladder,neoplasms,6.9109714424159685e-06,3.162770937413949,0.006885623484546484,1.0549676564607633e-06
14,Phe_189.21,Malignant neoplasm of bladder,neoplasms,-2.4306058581144297e-05,2.694339776305001,0.008904307223354354,2.7517115522981773e-10
15,Phe_195,"Cancer, suspected or other",neoplasms,-4.6299748618505035e-05,2.1908362916595365,0.003945333858557614,0.005161851555287899
16,Phe_195.1,"Malignant neoplasm, other",neoplasms,-5.000717664199141e-05,2.2353871285866718,0.018494490517643368,2.8336914497243706e-39
17,Phe_197,Chemotherapy,neoplasms,-0.0008366444128744558,1.7634819505454427,0.012456142453452375,1.0450797339742206e-18
18,Phe_198,Secondary malignant neoplasm,neoplasms,-0.01696455254240309,1.8251860823772441,0.0033507984250241824,0.017534648912221548
19,Phe_198.1,Secondary malignancy of lymph nodes,neoplasms,-0.02002090096823049,1.277339871920944,0.0024236528196506413,0.08578434922853513
20,Phe_198.2,Secondary malignancy of respiratory organs,neoplasms,-0.004787094491351145,1.5370997962554196,0.0031348488637585646,0.02626853271592624
21,Phe_198.3,Secondary malignant neoplasm of digestive systems,neoplasms,-0.003147482729697995,1.556234208767301,0.002681493595592817,0.057322344645725415
22,Phe_198.4,Secondary malignant neoplasm of liver,neoplasms,1.17158155263812e-05,1.3631050737345352,0.002294824602386824,0.10379150443917928
23,Phe_198.6,Secondary malignancy of bone,neoplasms,-4.450605643919232e-05,1.955620028755112,0.005485190830283429,0.00010093258782724971
24,Phe_199,Neoplasm of uncertain behavior,neoplasms,0.00010024228520322758,1.7131675910992223,0.0027823278193743715,0.04857263541209075
25,Phe_202,"Cancer of other lymphoid, histiocytic tissue",neoplasms,0.00027432423511125387,4.406727022670709,0.013598519153596902,5.414375251847895e-22
26,Phe_202.2,Non-Hodgkins lymphoma,neoplasms,0.0002560489822465683,2.7666793367458262,0.007820056301014573,2.9645048694553405e-08
27,Phe_204,Leukemia,neoplasms,-6.275492121714749e-05,2.965097753825577,0.00484397686226615,0.0005952053121640506
28,Phe_208,Benign neoplasm of colon,neoplasms,-0.0002693086978145727,2.161267900859025,0.020164994290161088,2.320999462082463e-46
29,Phe_211,Benign neoplasm of other parts of digestive system,neoplasms,2.8373483793456425e-05,2.0035864325909394,0.008929310807765971,2.4534652181209753e-10
30,Phe_214,Lipoma,neoplasms,0.00034053196451005454,1.6980906048200626,0.0033961482176360597,0.01606442874578741
31,Phe_214.1,Lipoma of skin and subcutaneous tissue,neoplasms,0.00038465953029829267,1.4565082744305458,0.003612033917832458,0.01045259739167568
32,Phe_215,Other benign neoplasm of connective and other soft tissue,neoplasms,-0.00010826695865736094,1.4525083630408084,0.001681302712601525,0.23332681121768659
33,Phe_216,Benign neoplasm of skin,neoplasms,7.507863579977574e-05,0.9467656108006197,-0.0005589955406366807,0.6919150797009201
34,Phe_228,"Hemangioma and lymphangioma, any site",neoplasms,-4.5476513449312326e-05,1.8170515483053675,0.0036438933251143214,0.00979253946709494
35,Phe_229,Benign neoplasm of unspecified sites,neoplasms,0.0004234434078527729,1.2879003076833702,0.0015264593655956572,0.279222246734992
36,Phe_241,Nontoxic nodular goiter,endocrine/metabolic,-0.00011612538862695178,0.0,-0.0004179704234369304,0.7670098258077973
37,Phe_242,Thyrotoxicosis with or without goiter,endocrine/metabolic,0.00030744842556150725,4.328676659134254,0.014866010594947639,5.727778719959071e-26
38,Phe_244,Hypothyroidism,endocrine/metabolic,0.0007908816638453615,2.357239658533103,0.01971852213487611,2.0850316787359512e-44
39,Phe_244.1,Secondary hypothyroidism,endocrine/metabolic,0.0003072914016795535,3.307545663422334,0.009338527681573401,3.592357897505264e-11
40,Phe_244.4,Hypothyroidism NOS,endocrine/metabolic,0.0007893944481605789,2.34935953722184,0.019114823249515026,7.790162321886282e-42
41,Phe_250.1,Type 1 diabetes,endocrine/metabolic,0.0003711816194694023,3.9616957668674204,0.017670396147157246,5.309179000842832e-36
42,Phe_250.2,Type 2 diabetes,endocrine/metabolic,0.00044094976878057555,3.1848227612653,0.03735633567997923,1.2575663585554712e-154
43,Phe_250.23,Type 2 diabetes with ophthalmic manifestations,endocrine/metabolic,0.00037134600225717073,5.1431393364648645,0.019025314056593214,1.8459204796256435e-41
44,Phe_250.7,Diabetic retinopathy,endocrine/metabolic,0.00036872392938014706,5.063297587386496,0.01880589350738101,1.5041661946059896e-40
45,Phe_260,Protein-calorie malnutrition,endocrine/metabolic,-4.1530347625706206e-05,4.530010457233521,0.006206566525834286,1.0839230191660655e-05
46,Phe_261,Vitamin deficiency,endocrine/metabolic,-2.5276706726036342e-05,12.080027885956055,0.00637482403069609,6.213427113207049e-06
47,Phe_272,Disorders of lipoid metabolism,endocrine/metabolic,0.0011144835523367797,4.732595194550088,0.0878118955449994,0.0
48,Phe_272.1,Hyperlipidemia,endocrine/metabolic,0.0011108712406250234,6.576492976198128,0.04770696180264917,5.543141199688097e-251
49,Phe_272.11,Hypercholesterolemia,endocrine/metabolic,0.0010864745207980234,4.841801383405926,0.08665821257399195,0.0
50,Phe_274,Gout and other crystal arthropathies,endocrine/metabolic,0.0003404997184935084,6.255137727248478,0.030554424199472973,4.4565389629471465e-104
51,Phe_274.1,Gout,endocrine/metabolic,0.00034135939139559194,6.957555669637318,0.032515065789660326,1.3049333477664893e-117
52,Phe_275,Disorders of mineral metabolism,endocrine/metabolic,-0.00026817782015909535,0.0,-0.00038355482074593723,0.7857049925851862
53,Phe_275.5,Disorders of calcium__phosphorus metabolism,endocrine/metabolic,-7.58411537909064e-05,2.66442810057848,0.006927401216120762,9.074523672392416e-07
54,Phe_276,"Disorders of fluid, electrolyte, and acid-base balance",endocrine/metabolic,0.00014726607296484145,5.729851064825103,0.053051020939945064,6.2079081738553e-310
55,Phe_276.1,Electrolyte imbalance,endocrine/metabolic,0.00012246699680750042,4.530010457233521,0.0052450047849007505,0.00020074774430507694
56,Phe_276.12,Hyposmolality and__or hyponatremia,endocrine/metabolic,0.00018540432682478662,5.398779586018032,0.025054992406504495,1.3521622144780779e-70
57,Phe_276.14,Hypopotassemia,endocrine/metabolic,1.8392836451060494e-05,5.499778091773249,0.02259726511144777,9.16696686793143e-58
58,Phe_276.5,Hypovolemia,endocrine/metabolic,0.00013061666638635784,4.474799540571934,0.023690050557913452,2.6274299219971254e-63
59,Phe_277,Other disorders of metabolism,endocrine/metabolic,6.348527816706728e-05,3.609570085445037,0.009725092827873837,5.423376736726552e-12
60,Phe_278,"Overweight, obesity and other hyperalimentation",endocrine/metabolic,0.00040201194177053365,0.0,-0.0001917751204843277,0.8918652204475782
61,Phe_278.1,Obesity,endocrine/metabolic,0.0003922942598258663,2.8659779626279698,0.025276585800876987,8.118162891323644e-72
62,Phe_280,Iron deficiency anemias,hematopoietic,0.00030814324983432514,4.531739600854116,0.039273882387614124,1.0480181024412162e-170
63,Phe_280.1,"Iron deficiency anemias, unspecified or not due to blood loss",hematopoietic,0.0003128745063571866,4.5076168478930265,0.038145616378675494,3.7901849981098615e-161
64,Phe_281,Other deficiency anemia,hematopoietic,0.00029212440168076975,0.0,-0.0002876641118919394,0.8384178562762967
65,Phe_281.1,Megaloblastic anemia,hematopoietic,0.00026254360592435866,0.0,-0.00038355482074593723,0.7857049925851862
66,Phe_285,Other anemias,hematopoietic,0.0003388023016199803,5.346111569374599,0.05716943093193504,0.0
67,Phe_287,Purpura and other hemorrhagic conditions,hematopoietic,0.00023076754858706577,17.280039889844424,0.01918535058686564,3.9364758986393666e-42
68,Phe_287.3,Thrombocytopenia,hematopoietic,0.0001683182546136921,4.514335680564893,0.01518719907524438,4.958405706039541e-27
69,Phe_288,Diseases of white blood cells,hematopoietic,0.0002739568778954735,4.747609212821157,0.010885760289306058,1.1922840690939615e-14
70,Phe_289,Other diseases of blood and blood-forming organs,hematopoietic,5.865905764384388e-05,1.1581384923952545,0.0004158559069795334,0.7681546898421839
71,Phe_289.4,Lymphadenitis,hematopoietic,0.00010871311279176775,2.9398297952547923,0.011911863137117742,3.058442024944467e-17
72,Phe_290,Delirium dementia and amnestic and other cognitive disorders,mental disorders,0.0013448849709791885,7.370864472786746,0.016266034863379266,9.171175519352884e-31
73,Phe_292,Neurological disorders,mental disorders,0.0012242101121541476,7.022599943271104,0.01671126228771921,2.2301099120978264e-32
74,Phe_292.1,Aphasia__speech disturbance,mental disorders,0.00036439221638898085,5.503680754680394,0.021251059958643053,2.709211610432518e-51
75,Phe_292.4,Altered mental status,mental disorders,0.0013999133658106518,6.316643736231405,0.03163327049810323,2.0236160020082316e-111
76,Phe_293,Symptoms involving head and neck,mental disorders,6.341709045437474e-05,1.8538444215747836,0.004356105101814849,0.002015459281792461
77,Phe_296,Mood disorders,mental disorders,0.0001817621450107393,1.9073728240983245,0.0009290690700288246,0.5101570629568757
78,Phe_296.1,Bipolar,mental disorders,0.00012832542756530978,1.8990436851284629,0.0034570201186443794,0.014261859001147174
79,Phe_296.2,Depression,mental disorders,0.0001727759692351741,1.1648598318600483,0.0003742928522586122,0.7907579357711427
80,Phe_300,Anxiety disorders,mental disorders,4.652371694443096e-05,3.792566894428064,0.006085721437828462,1.602904547524213e-05
81,Phe_300.1,Anxiety disorder,mental disorders,0.00010574482861916613,2.354069370483521,0.012974413116308044,3.659905669606192e-20
82,Phe_306,Other mental disorder,mental disorders,0.000937881624116154,4.087245223378763,0.06666942150626325,0.0
83,Phe_317,Alcohol-related disorders,mental disorders,0.0008470194942238082,2.537578953581433,0.013266950753100215,5.202439700468822e-21
84,Phe_317.1,Alcoholism,mental disorders,0.0005230994315033675,2.8204899140751407,0.01969249050146668,2.701910787134695e-44
85,Phe_318,Tobacco use disorder,mental disorders,0.0004509247633116326,2.8495690384119547,0.030761655196089872,1.8124372032905255e-105
86,Phe_327,Sleep disorders,neurological,0.00020312912546119279,2.2220197279276834,0.004343020373341191,0.002079274141790291
87,Phe_327.3,Sleep apnea,neurological,0.00022941814597146834,2.883153967244065,0.015062238232828332,1.292489410163939e-26
88,Phe_331,Other cerebral degenerations,neurological,0.000893979895339044,2.1110728344389225,0.0021633649430874966,0.12513912004284136
89,Phe_332,Parkinson's disease,neurological,-0.0006538330347619503,2.4683648311860673,0.006210270065044427,1.0708852555317772e-05
90,Phe_334,Degenerative disease of the spinal cord,neurological,0.0015820827904984376,2.4508622852480726,0.006566411377491971,3.2428089087160696e-06
91,Phe_335,Multiple sclerosis,neurological,-0.00036382409879530625,1.104381781898917,0.0004220697159335707,0.764791793258611
92,Phe_339,Other headache syndromes,neurological,0.00012529063913464092,2.5993507272534506,0.016483317578315212,1.5138162759628607e-31
93,Phe_340,Migraine,neurological,-7.668651408072195e-05,1.8961344737324375,0.005620973669087887,6.759554880696997e-05
94,Phe_342,Hemiplegia,neurological,0.00010516228102310628,7.689968971303733,0.03189465040699645,3.0821709485895224e-113
95,Phe_345,"Epilepsy, recurrent seizures, convulsions",neurological,9.555232604256079e-07,3.631670117088692,0.017437178473233478,4.2113346574886077e-35
96,Phe_345.3,Convulsions,neurological,7.939170187177821e-05,4.437561264228755,0.019090096940908366,9.890531709511671e-42
97,Phe_348,Other conditions of brain,neurological,2.2292254291192354e-05,6.64665289794962,0.008195366001832018,6.262964576088941e-09
98,Phe_350,Abnormal movement,neurological,-0.0031232230133576215,4.391445431482849,0.02334240404439785,1.6256671120085873e-61
99,Phe_350.2,Abnormality of gait,neurological,-0.0008919198700898361,5.39220091623581,0.023997912397840847,6.472454530157034e-65
100,Phe_351,Other peripheral nerve disorders,neurological,0.0002778143588464374,1.3430148649680556,0.00436286005074876,0.001983223184681519
101,Phe_352,Disorders of other cranial nerves,neurological,-3.604582659618193e-05,2.0513254900680096,0.0010379979064115772,0.46184631181876357
102,Phe_353,Nerve root and plexus disorders,neurological,0.00011643600109440249,1.5119124661310361,0.001955438639381181,0.1656977030159943
103,Phe_357,Inflammatory and toxic neuropathy,neurological,0.0002739050683879805,3.633570393137178,0.012069397591617398,1.1685631907103877e-17
104,Phe_361,Retinal detachments and defects,sense organs,7.154590909129796e-05,1.674961849733403,0.0034686186138582873,0.013939397526971245
105,Phe_361.1,Retinal detachment with retinal defect,sense organs,0.0001662867280868649,1.4327047771483612,0.0018465881417854444,0.19053447388420344
106,Phe_362,Other retinal disorders,sense organs,-0.0004026517149840615,2.200814797036528,0.004439172637980046,0.001650508690177527
107,Phe_362.2,Degeneration of macula and posterior pole of retina,sense organs,-0.00046366145653627594,2.14633752871201,0.006936504249051954,8.780546082434725e-07
108,Phe_362.29,Macular degeneration (senile) of retina NOS,sense organs,-0.0004659752688919193,2.14633752871201,0.006936504249051954,8.780546082434725e-07
109,Phe_365,Glaucoma,sense organs,0.0012927936874804456,2.688998245323777,0.012516764802036616,7.110032841238834e-19
110,Phe_365.1,Open-angle glaucoma,sense organs,0.001319199643739275,2.668693460397976,0.006939580560679021,8.683287900893114e-07
111,Phe_365.11,Primary open angle glaucoma,sense organs,0.0013750202744342108,2.6786992741220175,0.0069680922234930205,7.829900277390093e-07
112,Phe_366,Cataract,sense organs,0.00040852188970686354,2.416540802175082,0.022981429758807115,1.10498344675348e-59
113,Phe_366.2,Senile cataract,sense organs,0.0006360324665053826,2.4029773865412882,0.016739814644951705,1.751246791787475e-32
114,Phe_367,Disorders of refraction and accommodation; blindness and low vision,sense organs,5.9592023080561416e-05,1.520562950679783,0.0005969852728274139,0.6721585098100089
115,Phe_367.1,Myopia,sense organs,6.252718128805704e-05,1.985280892357987,0.004318747063777886,0.002202587678560159
116,Phe_368,Visual disturbances,sense organs,0.0001268067103059226,6.42229330645765,0.021212156763745205,4.1112103369208126e-51
117,Phe_371,Inflammation of the eye,sense organs,-0.00014021706583279035,4.5616888520393495,0.004084569960817319,0.0037860573689127734
118,Phe_371.3,Inflammation of eyelids,sense organs,-0.00014010351157865667,1.1208273296247888,0.000667545547528476,0.636066355360887
119,Phe_374,Other disorders of eyelids,sense organs,0.00022542396528284144,1.2401549540715342,0.0015000854997975865,0.28761311865470807
120,Phe_374.1,Ectropion or entropion,sense organs,8.4580553939885e-05,2.063002864774279,0.004059244246149587,0.00400833564577287
121,Phe_374.3,Ptosis of eyelid,sense organs,3.8502995621199144e-05,1.70001881641526,0.003488085093931074,0.013412640230172015
122,Phe_375,Disorders of lacrimal system,sense organs,-7.998721438311394e-05,1.142573373206838,0.0006816642868771232,0.6289436403384925
123,Phe_378,Strabismus and other disorders of binocular eye movements,sense organs,7.277425399990884e-05,0.0,-0.0010849777811571199,0.44182630123784883
124,Phe_379,Other disorders of eye,sense organs,3.312931242226854e-05,3.8315506951050042,0.00578774093556442,4.081552823278998e-05
125,Phe_379.2,Disorders of vitreous body,sense organs,-0.0003982259090316936,2.690839148323386,0.007447073981352002,1.2981207128385582e-07
126,Phe_379.3,Aphakia and other disorders of lens,sense organs,8.731661642598703e-05,3.299654566557213,0.012570629207136391,5.041688528801019e-19
127,Phe_380,Disorders of external ear,sense organs,-4.241911259661127e-05,2.2162678567665695,0.0034685824896833572,0.013940391776556817
128,Phe_381,Otitis media and Eustachian tube disorders,sense organs,-1.522754339027666e-05,1.9118880793464437,0.004768802342996655,0.0007235414793842971
129,Phe_381.1,Otitis media,sense organs,-5.989401943257385e-06,1.6737897280750869,0.0024457915100473474,0.08296052190353867
130,Phe_384,Other disorders of tympanic membrane,sense organs,0.000321843100645432,1.3046430116832541,0.000653511049074511,0.6431800841339856
131,Phe_384.4,Perforation of tympanic membrane,sense organs,0.00038646417350207164,0.937243542875901,-0.00022482310136437428,0.8733763670604676
132,Phe_386,Vertiginous syndromes and other disorders of vestibular system,sense organs,0.0009537201764281697,2.2187806321143775,0.0011570216218058699,0.412111823737229
133,Phe_386.9,Dizziness and giddiness (Light-headedness and vertigo),sense organs,0.0013978663009528145,5.163652276852046,0.03432581651016814,7.42458532652732e-131
134,Phe_389,Hearing loss,sense organs,9.694961189128342e-05,3.3736612788262943,0.016838005796496202,7.602850748297775e-33
135,Phe_394,Rheumatic disease of the heart valves,circulatory system,0.010613131590912862,43.8252174467243,0.1684428346247399,0.0
136,Phe_394.2,Mitral valve disease,circulatory system,0.00874437841922971,31.716488347954215,0.2081009200094117,0.0
137,Phe_394.3,Aortic valve disease,circulatory system,0.008018396290900112,71.55880925663799,0.3124703599603105,0.0
138,Phe_394.7,Disease of tricuspid valve,circulatory system,7.153424168128112e-06,24.242755229322075,0.10099045126944045,0.0
139,Phe_395,Heart valve disorders,circulatory system,0.01646274077884013,73.04913504869894,0.5769592221299649,0.0
140,Phe_395.1,Nonrheumatic mitral valve disorders,circulatory system,0.009123162455549264,30.776334412741893,0.19811442652254002,0.0
141,Phe_395.6,Heart valve replaced,circulatory system,0.1345452940156444,217.44050194720901,1.0000000000000002,
142,Phe_396,Abnormal heart sounds,circulatory system,0.0,9.644019897126359,0.03414130088805422,1.7911294244127744e-129
143,Phe_401.1,Essential hypertension,circulatory system,0.001596127039415349,3.17185686733438,0.07953416117576262,0.0
144,Phe_401.2,Hypertensive heart and__or renal disease,circulatory system,0.000254654920899631,19.073728240983247,0.013084898211522132,1.7605537439232635e-20
145,Phe_401.22,Hypertensive chronic kidney disease,circulatory system,0.0002572692933049929,8.789702677365524,0.03411960699814378,2.601213843000049e-129
146,Phe_402,Elevated blood pressure reading without diagnosis of hypertension,circulatory system,0.0004609872182079565,2.363483716817489,0.0061569591873663065,1.2738453061724583e-05
147,Phe_411.1,Unstable angina (intermediate coronary syndrome),circulatory system,0.002051633371854894,6.869207879246521,0.04696513360930969,2.698389260844683e-243
148,Phe_411.2,Myocardial infarction,circulatory system,0.003817477903584147,6.2257487816299895,0.06739831138918512,0.0
149,Phe_411.3,Angina pectoris,circulatory system,0.00283399568804511,6.546308449740428,0.08216282042998545,0.0
150,Phe_411.4,Coronary atherosclerosis,circulatory system,0.002776215528765837,9.290674820603554,0.13711227434572265,0.0
151,Phe_411.8,"Other chronic ischemic heart disease, unspecified",circulatory system,0.00346908301620249,8.277485518783708,0.10554880376105,0.0
152,Phe_411.9,Other acute and subacute forms of ischemic heart disease,circulatory system,0.00102836027644482,7.319779273470402,0.027290581893318448,2.0706934124428365e-83
153,Phe_414,Other forms of chronic heart disease,circulatory system,0.0008844073533131034,17.47827872134941,0.09032775287468306,0.0
154,Phe_415,Pulmonary heart disease,circulatory system,0.0004692393129421131,1.7642231395311074,0.005425711542586077,0.00011997621850922939
155,Phe_416,Cardiomegaly,circulatory system,0.0002857245865927648,22.94277325109503,0.14059790134260955,0.0
156,Phe_418,Nonspecific chest pain,circulatory system,0.001367020069920667,3.7861850601221123,0.05645120910973795,0.0
157,Phe_418.1,Precordial pain,circulatory system,0.0006355858450614064,4.089077870502973,0.022576406425403397,1.1627684235450413e-57
158,Phe_420,Carditis,circulatory system,0.00025846574336651265,0.0,-0.00037137498874138905,0.7923516347473084
159,Phe_420.2,Pericarditis,circulatory system,0.00022403505587857895,21.155696504938586,0.08068822630974899,0.0
160,Phe_425,Cardiomyopathy,circulatory system,0.00020152340735914555,7.497948343007207,0.0033554311011176705,0.017379233284788197
161,Phe_425.1,Primary__intrinsic cardiomyopathies,circulatory system,0.0002151013470059996,7.775307714511789,0.026206983611383034,4.6094845579058636e-77
162,Phe_426,Cardiac conduction disorders,circulatory system,0.0013556844519327191,17.60651837629223,0.025031931940876648,1.8094168391199823e-70
163,Phe_426.2,Atrioventricular [AV] block,circulatory system,-7.118580456911965e-05,21.85331677861397,0.028212932489837143,5.144430008552423e-89
164,Phe_426.3,Bundle branch block,circulatory system,0.0009070269446707156,14.405995988220885,0.028264545706475665,2.4672820586182212e-89
165,Phe_426.31,Right bundle branch block,circulatory system,0.0005892123408292354,8.68108467850074,0.03787044883819631,7.370857241242639e-159
166,Phe_426.32,Left bundle branch block,circulatory system,0.0005752706320326812,12.782024803749268,0.06182443632470993,0.0
167,Phe_426.9,Cardiac pacemaker__device in situ,circulatory system,0.001443243568619841,19.356721241591305,0.03232334368269835,2.9922963101004433e-116
168,Phe_426.91,Cardiac pacemaker in situ,circulatory system,0.001457683676312388,20.931352432670295,0.11698319108686885,0.0
169,Phe_427,Cardiac dysrhythmias,circulatory system,0.001022491800401332,8.665503592370992,0.14595103898401937,0.0
170,Phe_427.1,"Paroxysmal tachycardia, unspecified",circulatory system,0.00028626591990733445,2.7524114170532785,0.00211248407998369,0.13426660208466787
171,Phe_427.11,Paroxysmal supraventricular tachycardia,circulatory system,0.00027279397691606775,9.409705932218401,0.047319193931402104,5.986181381643438e-247
172,Phe_427.2,Atrial fibrillation and flutter,circulatory system,0.000934200666876669,12.583408579872902,0.16763005495766875,0.0
173,Phe_427.3,Other specified cardiac dysrhythmias,circulatory system,0.00031670494711149834,8.141763550660052,0.049159700271537106,2.185060754113573e-266
174,Phe_427.4,Cardiac arrest and ventricular fibrillation,circulatory system,0.0001170502489137537,10.798143065857216,0.04117086985363174,2.0958765519105682e-187
175,Phe_427.7,Tachycardia NOS,circulatory system,0.00030541612263660056,5.550645443713436,0.026289900182339097,1.5381156711687438e-77
176,Phe_427.9,Palpitations,circulatory system,0.0008849041436482366,6.4460921699543166,0.039535289632448255,5.8350614763323016e-173
177,Phe_428,Congestive heart failure; nonhypertensive,circulatory system,0.0010464210363126357,17.477889424264202,0.1507830461017246,0.0
178,Phe_428.1,Congestive heart failure (CHF) NOS,circulatory system,0.0008026046972195478,20.97845707724667,0.11546752803293295,0.0
179,Phe_428.2,Heart failure NOS,circulatory system,0.0012138780358969422,18.22780758322681,0.13980662588978446,0.0
180,Phe_430,Intracranial hemorrhage,circulatory system,-0.0002461870147977332,6.006643700199144,0.0064598843473843304,4.665513197991222e-06
181,Phe_433,Cerebrovascular disease,circulatory system,0.0014825994003846016,7.090451150452467,0.02807178970064991,3.8109930592487604e-88
182,Phe_433.1,Occlusion and stenosis of precerebral arteries,circulatory system,0.0016571053964565287,9.23766838337816,0.030943734574401704,1.0680238073971614e-106
183,Phe_433.2,Occlusion of cerebral arteries,circulatory system,0.0010053058934020103,8.106650083626368,0.04608780912689168,2.326324017597028e-234
184,Phe_433.21,"Cerebral artery occlusion, with cerebral infarction",circulatory system,0.0006110842440559807,7.8650382509220655,0.03453240863367746,2.060532740283947e-132
185,Phe_433.3,Cerebral ischemia,circulatory system,0.0016193185376733466,7.412744384563943,0.025841795537756673,5.561236395907114e-75
186,Phe_433.31,Transient cerebral ischemia,circulatory system,0.0011203586242897385,6.6773626863893,0.030211037335840372,8.567102242887644e-102
187,Phe_433.8,Late effects of cerebrovascular disease,circulatory system,-0.00028858942480836856,8.831164516924783,0.03380876246803472,5.318929993292641e-127
188,Phe_440,Atherosclerosis,circulatory system,0.0017282152514296995,7.526786605864927,0.010093900291737274,8.337649602538677e-13
189,Phe_442,Other aneurysm,circulatory system,0.0005446602725502076,32.38475560915879,0.020632342154117096,1.881326792590764e-48
190,Phe_442.1,Aortic aneurysm,circulatory system,0.00030946865400475267,61.460698623193984,0.17734180476331612,0.0
191,Phe_443,Peripheral vascular disease,circulatory system,0.0007585643730463443,6.265780971638659,0.03958815673118422,2.033813331754866e-173
192,Phe_443.1,Raynaud's syndrome,circulatory system,0.00015599457113299692,2.185331677861397,0.004818629671079519,0.0006358988396963061
193,Phe_443.9,"Peripheral vascular disease, unspecified",circulatory system,0.0015170092775340168,8.42411001254596,0.04506071203926138,4.1027384049418944e-224
194,Phe_447,Other disorders of arteries and arterioles,circulatory system,0.0016745324180086594,7.606483180300435,0.01825436248177904,2.637454686080389e-38
195,Phe_451,Phlebitis and thrombophlebitis,circulatory system,0.00045430944171920577,4.437561264228756,0.007656643252399554,5.709265421631768e-08
196,Phe_451.2,Phlebitis and thrombophlebitis of lower extremities,circulatory system,0.0004735634989130403,2.17440501947209,0.00808311294700691,1.0042881617256231e-08
197,Phe_454,Varicose veins,circulatory system,-0.0002939691166551538,1.172185994324577,0.0004500711681577839,0.7496932889367269
198,Phe_454.1,Varicose veins of lower extremity,circulatory system,-0.0003085598271275083,1.4243489326158636,0.0049453943397970105,0.00045543655427624034
199,Phe_455,Hemorrhoids,circulatory system,-0.0002521734173058546,1.7228340606154597,0.012879494507612554,6.829785604724422e-20
200,Phe_458,Hypotension,circulatory system,-0.0006392648822876626,5.257628717203671,0.01704433827888018,1.296277264088342e-33
201,Phe_458.1,Orthostatic hypotension,circulatory system,-0.0027488165527025598,6.413648562146271,0.02570939681574622,3.1091569522957805e-74
202,Phe_458.9,Hypotension NOS,circulatory system,-0.00039629308585912237,6.988904293481955,0.04511831459763727,1.1080305526284255e-224
203,Phe_459,Other disorders of circulatory system,circulatory system,0.000673227579664451,6.426812865434749,0.0074155120502383,1.4663397125745181e-07
204,Phe_459.9,Circulatory disease NEC,circulatory system,0.0007494792601983891,7.635669388176205,0.10388857880921454,0.0
205,Phe_465,Acute upper respiratory infections of multiple or unspecified sites,respiratory,0.00012199740108905061,2.903673883219021,0.00807010263293721,1.0603615924933919e-08
206,Phe_470,Septal Deviations__Turbinate Hypertrophy,respiratory,-0.0001714005907656872,1.1889870031910352,0.0014162985288311595,0.31538928590754434
207,Phe_471,Nasal polyps,respiratory,0.0003346497376037566,1.2273217419409728,0.001427392386294391,0.3116135956201935
208,Phe_473,Diseases of the larynx and vocal cords,respiratory,-5.324556001053921e-05,1.022287268205026,9.876935431747086e-05,0.9441816903850457
209,Phe_473.4,Voice disturbance,respiratory,-0.0009012434988766701,1.0249720630508168,9.241040042298618e-05,0.9477700622206491
210,Phe_474,Acute and chronic tonsillitis,respiratory,-0.010153787997354904,1.9345240386762368,0.002125505180107255,0.1318831380837809
211,Phe_474.2,Chronic tonsillitis and adenoiditis,respiratory,-0.006222118182842522,0.15733755567815413,-0.0030079196170004125,0.03298702669445368
212,Phe_475,Chronic sinusitis,respiratory,0.0003071596138998764,1.1591945951169953,0.0009145412599119914,0.5167943259108752
213,Phe_476,Allergic rhinitis,respiratory,0.0003125359256258155,1.2303732106066354,0.0009758483546331857,0.48909195703850616
214,Phe_477,Epistaxis or throat hemorrhage,respiratory,-0.00030535413732934644,10.10777843518772,0.05205557106972112,1.7763441159108688e-298
215,Phe_479,Other upper respiratory disease,respiratory,-1.1983118700485556e-05,1.8199030677360124,0.0059880066755831915,2.1880707518227843e-05
216,Phe_480,Pneumonia,respiratory,0.00047093030330520896,5.592571049620191,0.035716033963878735,1.6418204514653378e-141
217,Phe_480.1,Bacterial pneumonia,respiratory,0.00044405621367298975,5.450355589705767,0.016640292361830494,4.0597236936419026e-32
218,Phe_480.11,Pneumococcal pneumonia,respiratory,0.00046999569638120277,5.207242481501297,0.04070796641910252,2.94418789280681e-183
219,Phe_495,Asthma,respiratory,0.0003802500113609522,1.9587139920400265,0.01848200526628842,3.18445310881072e-39
220,Phe_496,Chronic airway obstruction,respiratory,0.00043271692869357786,4.525894646956031,0.037656850254570697,4.2935502664482514e-157
221,Phe_496.1,Emphysema,respiratory,0.0004339595889927477,4.309631570124863,0.016763865475631533,1.428177045360717e-32
222,Phe_496.2,Chronic bronchitis,respiratory,0.0003630032930077416,3.2453806260777465,0.0046648716166535495,0.0009435992420300642
223,Phe_496.21,Obstructive chronic bronchitis,respiratory,0.0003633350144829167,4.792885557990662,0.024358178339008132,7.990861664971382e-67
224,Phe_496.3,Bronchiectasis,respiratory,0.00010487055474797349,3.3738393272366185,0.012831779690769554,9.32975658531011e-20
225,Phe_506,Empyema and pneumothorax,respiratory,0.00042225299361361117,6.350481949392787,0.02126406995347292,2.3561182782874746e-51
226,Phe_507,Pleurisy; pleural effusion,respiratory,0.00041164318237590594,10.02795314984228,0.08895886914398321,0.0
227,Phe_508,Pulmonary collapse; interstitial and compensatory emphysema,respiratory,-0.0002869501375681207,7.767899595099847,0.038984477485351096,3.1527228152445904e-168
228,Phe_509.1,Respiratory failure,respiratory,0.00029470708895002867,6.098428004322109,0.02731255620416523,1.5301867872174295e-83
229,Phe_509.2,Respiratory insufficiency,respiratory,0.00017816597068836195,6.383426106960057,0.026849866494010353,8.484978018098443e-81
230,Phe_512,Other symptoms of respiratory system,respiratory,0.0001147857379494099,5.774629570622486,0.05571171249582954,0.0
231,Phe_512.7,Shortness of breath,respiratory,9.150883958673022e-05,7.313021365937522,0.059137150527926306,0.0
232,Phe_512.8,Cough,respiratory,3.5023128915169114e-05,3.188689698600434,0.01435741880562077,2.4829438538665408e-24
233,Phe_514,Abnormal findings examination of lungs,respiratory,8.975624078307558e-05,3.3641335026213572,0.014524567923833415,7.297062633765132e-25
234,Phe_516,Abnormal sputum,respiratory,8.131721165514984e-05,4.8680709391166195,0.00429403206004353,0.0023350001724008907
235,Phe_516.1,Hemoptysis,respiratory,8.195781349161894e-05,4.7176440264680455,0.019720888634439368,2.0364456781283137e-44
236,Phe_519,"Other diseases of respiratory system, not elsewhere classified",respiratory,0.0010553967427919739,2.9786370129754656,0.002292800125929418,0.10409678187687904
237,Phe_519.8,"Other diseases of respiratory system, NEC",respiratory,0.0013342611925999438,5.485239053002038,0.05144813033186688,1.3598588003593872e-291
238,Phe_520,Disorders of tooth development,digestive,-0.0002981209050180415,0.0,-0.0006780584769475873,0.6307594775289096
239,Phe_520.2,Disturbances in tooth eruption,digestive,-0.00030014703993540927,1.1470649624646698,0.0007789697301934744,0.5808171190990802
240,Phe_521,Diseases of hard tissues of teeth,digestive,7.667423604979945e-05,7.248016731573633,0.003281529521059403,0.020008013131943753
241,Phe_521.1,Dental caries,digestive,6.978853073788043e-05,4.745815782268569,0.02491192740568219,8.203762631857529e-70
242,Phe_522,Diseases of pulp and periapical tissues,digestive,7.389063103393508e-05,2.18808052273921,0.0032146507418734063,0.02267963714872573
243,Phe_522.5,Periapical abscess,digestive,6.0888943711771825e-05,2.379821161864615,0.00552216879420709,9.057209837021661e-05
244,Phe_523,Gingival and periodontal diseases,digestive,5.338291813931815e-05,5.599326230400232,0.01166797827853069,1.3238481187110985e-16
245,Phe_523.3,Periodontitis (acute or chronic),digestive,4.557487347280873e-05,0.0,-0.00031802527449057794,0.8216370838467006
246,Phe_525,Other diseases of the teeth and supporting structures,digestive,-8.812169732000078e-06,3.510758104355978,0.014976032557100514,2.4917061322428918e-26
247,Phe_528,"Diseases of the oral soft tissues, excluding lesions specific for gingiva and tongue",digestive,-1.012945721739866e-05,1.7665600652722735,0.00392196291667519,0.00543273274708555
248,Phe_529,Diseases and other conditions of the tongue,digestive,5.4666726650220547e-05,1.4463891482075988,0.001576552822639036,0.26374719685683923
249,Phe_530,Diseases of esophagus,digestive,-0.00023703244752634463,2.468110124258899,0.004182039862536616,0.0030312328293311858
250,Phe_530.1,"Esophagitis, GERD and related diseases",digestive,-0.000251785968689003,1.8856090994965635,0.009866334332237634,2.668544864916234e-12
251,Phe_530.11,GERD,digestive,8.241981041683581e-05,2.0651799467337284,0.016104690103267375,3.441457174058798e-30
252,Phe_530.12,Ulcer of esophagus,digestive,1.9030012508985383e-05,2.3339445143576323,0.010620468493837822,5.121367753569678e-14
253,Phe_530.14,Reflux esophagitis,digestive,-8.838162453740955e-05,1.7802658370283537,0.009271444514735497,4.950126040757369e-11
254,Phe_530.2,Esophageal bleeding (varices__hemorrhage),digestive,-0.00019628986273964995,2.2528371268513596,0.006148531755051983,1.3091136998143463e-05
255,Phe_530.3,Stricture and stenosis of esophagus,digestive,0.0,1.9013685025114464,0.0046345650473036395,0.0010185908535159916
256,Phe_530.9,Heartburn,digestive,-0.00010202656575410722,2.0382772194582697,0.005457403928851878,0.00010944357702827792
257,Phe_531,Peptic ulcer (excl. esophageal),digestive,8.251418410949383e-05,2.8901707564712904,0.019139036653975153,6.164461289599593e-42
258,Phe_531.2,Gastric ulcer,digestive,6.569501673711836e-05,2.679227974706207,0.012724017310606798,1.8793223380086236e-19
259,Phe_531.3,Duodenal ulcer,digestive,-3.451026225017203e-05,2.5611366542663014,0.009794504948067386,3.832144124732323e-12
260,Phe_532,Dysphagia,digestive,1.6170518507610013e-05,2.1372726065104937,0.01105553073261563,4.6063440446113116e-15
261,Phe_535,Gastritis and duodenitis,digestive,0.00032105756653375407,1.994711244782532,0.015670530470479747,1.1327613907274049e-28
262,Phe_535.1,Acute gastritis,digestive,0.0005589670856139557,3.171535909381695,0.00863524970078858,9.274563940887795e-10
263,Phe_535.6,Duodenitis,digestive,0.0003751713653182287,2.214505524923406,0.012291785346451853,2.942243920384954e-18
264,Phe_535.8,Other specified gastritis,digestive,2.192605407550389e-05,1.9245536711862312,0.010146713285310709,6.341663708334142e-13
265,Phe_537,Other disorders of stomach and duodenum,digestive,0.00018261957246170352,2.8638299694770897,0.01290804642635096,5.663861010112091e-20
266,Phe_540,Appendiceal conditions,digestive,0.000921220907093738,0.5860929971622885,-0.0007647344385810315,0.5877492593341933
267,Phe_540.1,Appendicitis,digestive,0.0008448036547340995,0.2942361325402016,-0.001841033784881888,0.1918716392877516
268,Phe_540.11,Acute appendicitis,digestive,0.0008579733594626585,0.5611367792186038,-0.0023502514195007985,0.0957065077101283
269,Phe_550,Abdominal hernia,digestive,-0.0002857155385537003,3.447383178258745,0.016859687150751264,6.319464718351858e-33
270,Phe_550.1,Inguinal hernia,digestive,-0.0002926386916917271,2.554172874801079,0.022262688936346458,4.047856106468727e-56
271,Phe_550.2,Diaphragmatic hernia,digestive,-0.00023594338171275083,1.8563001686183516,0.016994690804780846,1.9879437079384668e-33
272,Phe_550.4,Umbilical hernia,digestive,0.00024632212341260884,2.445403875143759,0.010262808075875146,3.458294810381434e-13
273,Phe_550.5,Ventral hernia,digestive,0.00015863485105303946,3.459081686232282,0.016699116032147316,2.471331392474205e-32
274,Phe_555,Inflammatory bowel disease and other gastroenteritis and colitis,digestive,-0.00029399417353754334,1.859065430424597,0.0065259393332918044,3.7258186831644795e-06
275,Phe_555.1,Regional enteritis,digestive,-0.0002035298754173068,1.7992594286074393,0.0037768836868582257,0.007420826786028343
276,Phe_555.2,Ulcerative colitis,digestive,-0.00030329842559942855,1.9386261619389717,0.005822078102411214,3.6727822368187744e-05
277,Phe_556,Ulceration of the lower GI tract,digestive,-3.64488743068709e-05,2.8423595025778954,0.004372957477510938,0.0019359177471132251
278,Phe_557,Intestinal malabsorption (non-celiac),digestive,0.00028930500928967077,2.482197510812888,0.002975726620698216,0.034908325554271195
279,Phe_557.1,Celiac disease,digestive,0.0003127322532494668,1.8382651130802692,0.004016000881289211,0.004415409016954463
280,Phe_558,Noninfectious gastroenteritis,digestive,0.00042831316710401193,2.126973510194747,0.01577605901537013,4.887340353492684e-29
281,Phe_559,Ileostomy status,digestive,-0.00016642763386875495,2.5251155064837176,0.00706775990718832,5.436938309099601e-07
282,Phe_560.4,Other intestinal obstruction,digestive,4.0122183643146134e-05,2.4867794163304398,0.010114876444551741,7.480221665953307e-13
283,Phe_561,Symptoms involving digestive system,digestive,0.0002939822754741966,1.647509097534032,0.009248212031727031,5.528570448931784e-11
284,Phe_561.2,Flatulence,digestive,2.5836950363282097e-05,1.6287678048480076,0.003123656926078403,0.026809185573094
285,Phe_562,Diverticulosis and diverticulitis,digestive,8.535212442363745e-05,2.138499351350647,0.02312081811426362,2.1836181213646e-60
286,Phe_562.1,Diverticulosis,digestive,8.512286116563615e-05,2.138499351350647,0.02312081811426362,2.1836181213646e-60
287,Phe_563,Constipation,digestive,0.00017443860011632397,2.9560809995804456,0.02470573597350163,1.083018659209992e-68
288,Phe_564,Functional digestive disorders,digestive,-0.00023485300858001377,1.7507286791240662,0.0025400467747547966,0.07176968837225024
289,Phe_564.1,Irritable Bowel Syndrome,digestive,-0.0001812304932072221,1.5726169379017045,0.0050428258532130375,0.0003505608267509821
290,Phe_564.8,Abnormal findings on exam of gastrointestinal tract__ abdominal area,digestive,0.00018024489416325803,2.636641175562974,0.008083084207556589,1.0044087910719846e-08
291,Phe_564.9,Personal history of diseases of digestive system,digestive,-0.0002879980105988111,2.756223781240592,0.026632037946517327,1.6005929412744608e-79
292,Phe_565,Anal and rectal conditions,digestive,-0.0006112156699245795,1.7059974568602445,0.007417641327994646,1.454357236361148e-07
293,Phe_565.1,Anal and rectal polyp,digestive,-0.0005001300117636828,1.8361905639780656,0.008508060886785263,1.6269302998964051e-09
294,Phe_568,Other disorders of peritoneum,digestive,0.00012006797404783026,4.886303414544023,0.007033575212107132,6.16481979039367e-07
295,Phe_568.1,Peritoneal adhesions (postoperative) (postinfection),digestive,4.1797023045966583e-05,1.612607450801109,0.004169809690377885,0.003117753654775366
296,Phe_569,Other disorders of intestine,digestive,0.00025067291516751665,2.6741030892920343,0.011913198658175465,3.033754021808364e-17
297,Phe_571,Chronic liver disease and cirrhosis,digestive,-0.00019789016972391804,2.8193257951015753,0.012316920239890299,2.513681251940473e-18
298,Phe_571.5,Other chronic nonalcoholic liver disease,digestive,0.0001874187596943926,2.4941037762453586,0.007706515276417047,4.680747962680282e-08
299,Phe_572,Ascites (non malignant),digestive,-0.00031273273751656266,3.4194272483633674,0.011581725899797585,2.2070831428299969e-16
300,Phe_573,Other disorders of liver,digestive,0.0021789024667943258,3.4961021881708114,0.012117073073435918,8.71248856223964e-18
301,Phe_573.7,Abnormal results of function study of liver,digestive,0.00039617520924197907,4.2789338711402385,0.02352966454590123,1.7754455856900514e-62
302,Phe_574,Cholelithiasis and cholecystitis,digestive,-0.0002959644444336246,1.8716298921305536,0.012769181875599727,1.4023012177842766e-19
303,Phe_574.1,Cholelithiasis,digestive,-0.00028334309413883385,2.31820334741313,0.014296248440334383,3.873305595682408e-24
304,Phe_574.11,Cholelithiasis with acute cholecystitis,digestive,-0.0003127737063187001,1.0711354775724582,0.0003230414483020241,0.8188722393839921
305,Phe_574.12,Cholelithiasis with other cholecystitis,digestive,-0.00033450674101841507,1.468219991964472,0.003931505500026473,0.005320615890959057
306,Phe_574.2,Calculus of bile duct,digestive,-0.0004446821226039707,2.4278487417852856,0.008326963962130864,3.572285795194492e-09
307,Phe_574.3,Cholecystitis without cholelithiasis,digestive,-0.000344252415921879,2.538215976037459,0.009193107338300583,7.177837232822266e-11
308,Phe_575,Other biliary tract disease,digestive,-0.00027302119723587897,2.005086595824673,0.00741839520833313,1.4501375312774682e-07
309,Phe_575.7,Other disorders of gallbladder,digestive,-0.0003111562117074119,1.8164562816228762,0.0035388067795514306,0.012121876846459639
310,Phe_575.8,Other disorders of biliary tract,digestive,-0.000237366397880436,2.0385047057550842,0.003989527935976525,0.004682747262891036
311,Phe_577,Diseases of pancreas,digestive,-0.00021887482357094422,2.6400060942817873,0.004737638982152661,0.0007839268401476662
312,Phe_577.1,Acute pancreatitis,digestive,-0.00020443930197775988,1.8521337474208603,0.0034348699601302094,0.014896006226651715
313,Phe_578.1,Hematemesis,digestive,5.8269550164435263e-05,4.304174158779063,0.016593107019395644,6.037673071044483e-32
314,Phe_578.2,Blood in stool,digestive,-2.219563508483681e-06,5.708731660168472,0.02811217018048344,2.15111473855236e-88
315,Phe_578.9,Hemorrhage of gastrointestinal tract,digestive,6.703819329081152e-05,3.682595106111315,0.024753385391927004,5.977105817557191e-69
316,Phe_579,Other symptoms involving abdomen and pelvis,digestive,0.00035225206273553774,2.1475605130588544,0.004436033569656077,0.0016631132694514134
317,Phe_579.8,Nonspecific abnormal findings in stool contents,digestive,0.00016529188447927704,2.2650052286167606,0.00652825661683713,3.6963954469916487e-06
318,Phe_580,Nephritis; nephrosis; renal sclerosis,genitourinary,0.0002812168369671878,7.10786171190232,0.02735396367011515,8.647837777200984e-84
319,Phe_580.1,Glomerulonephritis,genitourinary,0.00011284522935047719,8.44429133775569,0.026154931293087415,9.164738538003966e-77
320,Phe_585,Renal failure,genitourinary,7.248833266342891e-05,7.456694934125723,0.07227433183018457,0.0
321,Phe_585.1,Acute renal failure,genitourinary,8.132389100071373e-05,8.146454258351866,0.06685687000708185,0.0
322,Phe_585.2,Renal failure NOS,genitourinary,0.0007642709177083364,8.790823994943178,0.03391777751176999,8.276965102434143e-128
323,Phe_585.3,Chronic renal failure [CKD],genitourinary,-3.8737732776465055e-05,8.621784486592677,0.050967946564937215,3.2952657511271967e-286
324,Phe_586,Other disorders of the kidney and ureters,genitourinary,0.00014411719256971511,3.5335659051200534,0.010101391963862866,8.02088336711461e-13
325,Phe_586.2,"Cyst of kidney, acquired",genitourinary,0.0001447949242532469,5.256581172131505,0.01897025508379605,3.1319389441432133e-41
326,Phe_590,Pyelonephritis,genitourinary,7.083252026056045e-05,2.0455362365682883,0.004632355871397476,0.0010242675153664335
327,Phe_591,Urinary tract infection,genitourinary,-0.0008473679190853033,3.6395165539075665,0.03503808117106737,2.9127776404378054e-136
328,Phe_592,Cystitis and urethritis,genitourinary,-0.00014119074444521911,1.7990940174901227,0.005076230611912265,0.0003201419918670341
329,Phe_592.1,Cystitis,genitourinary,-0.00015024850922538488,2.0855749742716316,0.005538337622567698,8.636504329191555e-05
330,Phe_593,Hematuria,genitourinary,-0.00021438242884432197,3.1588690731619624,0.03116194511311714,3.5103169510997145e-108
331,Phe_594,Urinary calculus,genitourinary,0.00010399781805281626,2.28884738891799,0.003189043294038499,0.02378180869079648
332,Phe_594.1,Calculus of kidney,genitourinary,7.065636305053757e-05,2.4659696685140444,0.009468888499841873,1.9144855369719573e-11
333,Phe_594.3,Calculus of ureter,genitourinary,1.6602806427390968e-05,2.1535223782286605,0.006405952456190727,5.597198773419735e-06
334,Phe_594.8,Renal colic,genitourinary,-6.873767893635688e-07,1.7585159882507806,0.003625839970574399,0.010161854064726143
335,Phe_595,Hydronephrosis,genitourinary,5.6120471576686634e-05,2.8284943342726376,0.009752357197595372,4.733138256807694e-12
336,Phe_596,Other disorders of bladder,genitourinary,-3.732415130712965e-05,2.6209986109090075,0.01618910932711468,1.725641436245702e-30
337,Phe_596.1,Bladder neck obstruction,genitourinary,-0.00015509582809741822,2.691719946735276,0.00826873781768366,4.584439110564249e-09
338,Phe_596.5,Functional disorders of bladder,genitourinary,-5.790709593369013e-05,1.44684744641679,0.00196949007916796,0.16267779737579113
339,Phe_597,Other disorders of urethra and urinary tract,genitourinary,0.00013378294425358628,1.8103279533070127,0.00255741873831317,0.0698486516962278
340,Phe_597.1,Urethral stricture (not specified as infectious),genitourinary,0.00017469079029343442,2.005320076645818,0.0066902314667135355,2.1100832202773694e-06
341,Phe_598,Abnormal findings on examination of urine,genitourinary,-0.0002494672752050251,2.7037758749980174,0.01111182213548069,3.349966330767714e-15
342,Phe_599,Other symptoms__disorders or the urinary system,genitourinary,-0.00020274259569936316,2.8371915762095723,0.01719488455347336,3.518116664525152e-34
343,Phe_599.2,Retention of urine,genitourinary,-0.0001029383611151221,3.8575252206830903,0.028893348304020697,2.8689313895788463e-93
344,Phe_599.3,Dysuria,genitourinary,-0.0001625477081957182,2.637926366777232,0.00654564963866627,3.482553724543756e-06
345,Phe_599.4,Urinary incontinence,genitourinary,0.0001472613380716997,1.4788190395348044,0.005102996746804655,0.0002975705606300861
346,Phe_599.5,Frequency of urination and polyuria,genitourinary,-0.00016898695218156462,1.9460428484773045,0.006749044646989095,1.7160348563061852e-06
347,Phe_599.9,Other abnormality of urination,genitourinary,-0.03835357704758011,1.7514337651809022,0.003599276766509293,0.010727806490184014
348,Phe_611.3,Lump or mass in breast,genitourinary,1.5229248926536672e-05,1.5933598090904422,0.002579431287699514,0.0674752814686345
349,Phe_613,Other nonmalignant breast conditions,genitourinary,-0.0004052743435943978,0.0,-0.00040682213167417486,0.7730515224113624
350,Phe_681,Superficial cellulitis and abscess,dermatologic,0.00021170817663310602,4.102650980136019,0.008109914842338575,8.977113254700335e-09
351,Phe_681.3,Cellulitis and abscess of arm__hand,dermatologic,0.00018151955356027173,3.8557995331228208,0.024965935580301895,4.158670066205087e-70
352,Phe_686,Other local infections of skin and subcutaneous tissue,dermatologic,-3.6763207823252694e-05,4.321406000889757,0.014495240927399865,9.05514073406203e-25
353,Phe_686.1,Carbuncle and furuncle,dermatologic,-0.00032220635884970533,1.9703757849644778,0.0054608518910306625,0.00010835183457948733
354,Phe_687,Symptoms affecting skin,dermatologic,-0.00037348550712196357,4.170091818165653,0.005809471134160157,3.818127412243839e-05
355,Phe_687.1,Rash and other nonspecific skin eruption,dermatologic,9.364564385140983e-05,4.159961015084775,0.01744479280717683,3.937693410076659e-35
356,Phe_687.4,Disturbance of skin sensation,dermatologic,-3.021736053934333e-05,3.196883735545854,0.013625099394646413,4.505517455914797e-22
357,Phe_689,Disorder of skin and subcutaneous tissue NOS,dermatologic,-1.7079001253164883e-05,1.8688929378296584,0.007689914778045028,5.001360453102714e-08
358,Phe_695,Erythematous conditions,dermatologic,0.0003137616326626279,2.13351269285896,0.006607726871498796,2.8119598091538874e-06
359,Phe_696,Psoriasis and related disorders,dermatologic,0.00010458281612677606,2.2320667436839243,0.007020749041898885,6.461450346279567e-07
360,Phe_696.4,Psoriasis,dermatologic,0.00011362435673878068,2.0786082896034106,0.005085273388749419,0.0003123429647504354
361,Phe_696.41,Psoriasis vulgaris,dermatologic,9.06079893479817e-05,2.0661393191486983,0.00525744628300184,0.00019385447935466228
362,Phe_701,Other hypertrophic and atrophic conditions of skin,dermatologic,-6.670975373842142e-05,1.9530584007234342,0.0044290948791449215,0.0016912896584098981
363,Phe_701.2,Scar conditions and fibrosis of skin,dermatologic,-6.468535618448877e-05,1.2882349663227224,0.00157017104810846,0.2656851153094235
364,Phe_702,Degenerative skin conditions and other dermatoses,dermatologic,-7.242407982234346e-06,0.0,-0.00031802527449057794,0.8216370838467006
365,Phe_702.1,Actinic keratosis,dermatologic,-4.9307537101379296e-05,2.2020720789252533,0.0071803952218121875,3.5794671908323354e-07
366,Phe_702.2,Seborrheic keratosis,dermatologic,-1.1944072928850712e-05,1.1635950546267582,0.0010328308411433466,0.46407870553038355
367,Phe_703,"Diseases of nail, NOS",dermatologic,-2.8785835234576936e-05,3.41753244710741,0.00523253098036209,0.00020788959993937045
368,Phe_704,Diseases of hair and hair follicles,dermatologic,-0.0002813117689684424,1.3745486276012608,0.002946956870040387,0.03670538673389678
369,Phe_706,Diseases of sebaceous glands,dermatologic,-0.0003002663267620271,1.346496614793072,0.003624739343798444,0.01018476532714655
370,Phe_706.2,Sebaceous cyst,dermatologic,-0.0002997493540148807,1.3592391161832824,0.0037399680616723554,0.008021208050907168
371,Phe_707,Chronic ulcer of skin,dermatologic,0.0002515981445898098,5.417052863657425,0.019012351888695257,2.0908628597388216e-41
372,Phe_709,Diffuse diseases of connective tissue,dermatologic,0.00032468786794925835,1.8390490214440565,0.005121592824561809,0.0002827758857525212
373,Phe_709.7,Unspecified diffuse connective tissue disease,dermatologic,0.0003077944450820097,1.5910280630283584,0.0030447620489918712,0.03090000992920361
374,Phe_714,Rheumatoid arthritis and other inflammatory polyarthropathies,musculoskeletal,0.0003797346998939433,2.135258611592887,0.002692403472062453,0.05631647904789896
375,Phe_714.1,Rheumatoid arthritis,musculoskeletal,0.0004183142576975136,2.9830949381632563,0.012088194215514771,1.0409704250409324e-17
376,Phe_715,Other inflammatory spondylopathies,musculoskeletal,-2.5054228653269757e-05,1.2147514075263073,0.0004774367877990447,0.7350296789697669
377,Phe_716,Other arthropathies,musculoskeletal,0.0004243333723482452,4.483309318499154,0.003289882365645772,0.019694445693177527
378,Phe_716.2,Unspecified monoarthritis,musculoskeletal,0.00030285013991516584,1.6319101443629576,0.009531535152730936,1.4106108818050643e-11
379,Phe_716.9,Arthropathy NOS,musculoskeletal,0.00042254850749620984,2.0209382519370394,0.019964343788239493,1.773937022370373e-45
380,Phe_717,Polymyalgia Rheumatica,musculoskeletal,0.0003079887244001093,4.213533439058614,0.013671974008582782,3.2556498180877343e-22
381,Phe_720,Spinal stenosis,musculoskeletal,-6.748793869522501e-05,3.3033856417359724,0.00739650117844703,1.5776407921002558e-07
382,Phe_721,Spondylosis and allied disorders,musculoskeletal,0.0007039657320246878,2.3763989283847975,0.005364936076660281,0.00014290146478181226
383,Phe_721.1,Spondylosis without myelopathy,musculoskeletal,0.0004126901533687104,2.092211015299606,0.00400062872977431,0.0045689102391890625
384,Phe_722,Intervertebral disc disorders,musculoskeletal,0.00018617819785882934,1.5035544165558483,0.004835748942977407,0.0006081412046462471
385,Phe_722.6,Degeneration of intervertebral disc,musculoskeletal,0.0002697686973182136,1.6073217977155667,0.003848150022804454,0.0063745881546315815
386,Phe_722.9,Other and unspecified disc disorder,musculoskeletal,0.00010512509519915388,1.3139533094185627,0.002304397060057868,0.1023576652936524
387,Phe_724,Other and unspecified disorders of back,musculoskeletal,-0.0002853653476409851,2.688138073523188,0.004370680022888553,0.001946495993995032
388,Phe_726,Peripheral enthesopathies and allied syndromes,musculoskeletal,0.00024812057059949176,1.3478831015820048,0.0037141626471603063,0.008466355384273129
389,Phe_726.1,Enthesopathy,musculoskeletal,0.0002330228192377847,1.5233419265262893,0.005029681019253369,0.0003632556898796582
390,Phe_727,"Other disorders of synovium, tendon, and bursa",musculoskeletal,0.00011187012611976212,0.831830535375704,-0.0005837286433579929,0.6790277937389059
391,Phe_727.1,Synovitis and tenosynovitis,musculoskeletal,7.2168419055524924e-06,1.1420860913480484,0.0008003042816360904,0.5705001374216891
392,Phe_727.4,"Ganglion and cyst of synovium, tendon, and bursa",musculoskeletal,6.409866277174066e-05,0.7580097179434577,-0.0014763785335386713,0.2952992892208097
393,Phe_728,"Disorders of muscle, ligament, and fascia",musculoskeletal,0.00022528398834358363,2.823902622691026,0.0015347612553693105,0.2766157881338142
394,Phe_728.7,Fasciitis,musculoskeletal,0.0002506725963929604,1.8375253685679636,0.001513652377733548,0.28327578569014794
395,Phe_728.71,Contracture of palmar fascia [Dupuytren's disease],musculoskeletal,0.00026336462928195373,1.6523764572402597,0.0037419435675715004,0.007988009741177346
396,Phe_729,Other disorders of soft tissues,musculoskeletal,0.0004083627460919993,1.7656005779598483,0.002942059167039268,0.03701903472027238
397,Phe_729.1,"Rheumatism, unspecified and fibrositis",musculoskeletal,4.3845965980019286e-05,0.4626393658451255,-0.0011175797211772482,0.428230324942385
398,Phe_733,Other disorders of bone and cartilage,musculoskeletal,8.08036317894089e-05,1.632163901188391,0.0021014476059074724,0.1363127520757284
399,Phe_733.8,Malunion and nonunion of fracture,musculoskeletal,-3.799123661651958e-05,0.0,-0.0014257789499614643,0.31216085382549874
400,Phe_735,Acquired foot deformities,musculoskeletal,-0.0001500968342564562,3.1820561260567173,0.0029963462121997994,0.0336670486224008
401,Phe_735.2,Acquired toe deformities,musculoskeletal,0.00015795022563598222,0.8821115697655538,-0.0006166132117598708,0.662037970432424
402,Phe_735.21,Hammer toe (acquired),musculoskeletal,-0.00492180924122342,0.8878416931771711,-0.0005597035595600188,0.6915448983995514
403,Phe_735.23,Hallux rigidus,musculoskeletal,-2.9323807111881822e-05,0.9518309910140471,-0.00020986020242005072,0.8817394911600768
404,Phe_735.3,Hallux valgus (Bunion),musculoskeletal,-0.0003129609017968336,0.9200243930513241,-0.000733324995227814,0.603178463194272
405,Phe_736,Other acquired deformities of limbs,musculoskeletal,5.8249384242812594e-05,1.1009645668213113,0.0001924858603192448,0.8914669373468032
406,Phe_737,Curvature of spine,musculoskeletal,-1.3135122893698751e-05,0.0,-0.0005753436811089785,0.6833865398821681
407,Phe_737.3,Kyphoscoliosis and scoliosis,musculoskeletal,-9.835709070849111e-06,2.4295028150526146,0.003670385593014192,0.009272237774893815
408,Phe_738,Other acquired musculoskeletal deformity,musculoskeletal,-8.425978741495061e-06,0.8893272063280532,-0.00023478332925422438,0.8678171302912074
409,Phe_738.4,Acquired spondylolisthesis,musculoskeletal,6.137156468402787e-06,1.0791091908050074,0.0001523400954682335,0.9140036644781839
410,Phe_740,Osteoarthrosis,musculoskeletal,0.0003583866844506855,2.036722573503269,0.018386073845089217,7.786220478140675e-39
411,Phe_740.1,Osteoarthritis; localized,musculoskeletal,0.00035664832325794525,2.0338822461048465,0.011945693842837203,2.4901063142730214e-17
412,Phe_740.11,"Osteoarthrosis, localized, primary",musculoskeletal,0.0003409908511469089,1.855611042389563,0.008986432907015104,1.8856261540379784e-10
413,Phe_740.9,Osteoarthrosis NOS,musculoskeletal,0.00026182259004182615,2.692364705714262,0.015071211206171031,1.2068746966294145e-26
414,Phe_741,Symptoms and disorders of the joints,musculoskeletal,0.00019322536876593564,0.0,-0.0025657997211707383,0.06893706772612083
415,Phe_741.4,Joint effusions,musculoskeletal,0.00024280946801668302,1.744175149309163,0.001380489733042599,0.3277806777762564
416,Phe_742,"Derangement of joint, non-traumatic",musculoskeletal,0.0001295220427357623,17.39524015577672,0.011116931569215886,3.2542589076099632e-15
417,Phe_742.9,Other derangement of joint,musculoskeletal,8.860862714653909e-05,0.44060891985250045,-0.0016867922021180455,0.23180421724291042
418,Phe_743,"Osteoporosis, osteopenia and pathological fracture",musculoskeletal,0.0002866611286767625,2.5348381734503764,0.011719326685555493,9.748239226833182e-17
419,Phe_743.1,Osteoporosis,musculoskeletal,0.0003006449745304332,2.617988068212962,0.01198435752085799,1.967337334633949e-17
420,Phe_743.11,Osteoporosis NOS,musculoskeletal,0.0002817876807847452,2.6202097145709162,0.011995664001432059,1.8360765202422585e-17
421,Phe_745,Pain in joint,musculoskeletal,0.00027572872994428377,1.6726192457477618,0.003213277981877867,0.02273757597941217
422,Phe_747,Cardiac and circulatory congenital anomalies,congenital anomalies,0.005767212570522089,5.575397485825872,0.0027399240628897016,0.05210504359189456
423,Phe_747.1,Cardiac congenital anomalies,congenital anomalies,0.005768981253533827,20.294446848406174,0.032054069727881364,2.3612880747457506e-114
424,Phe_747.13,Congenital anomalies of great vessels,congenital anomalies,0.005300679895407586,68.18874260719704,0.34824837687302496,0.0
425,Phe_751,Genitourinary congenital anomalies,congenital anomalies,0.0,2.1120492788581817,0.004968767748317239,0.0004278963115107625
426,Phe_939,Atopic__contact dermatitis due to other or unspecified,dermatologic,-8.96838335936598e-05,2.93838516144877,0.01088106403302128,1.223818106456999e-14
