,PheCode,description,category,f_score,RR,phi,pval
0,Phe_112,Candidiasis,infectious diseases,-0.0003712911267766187,3.0702161913577504,0.008539107748025163,1.4194108119897698e-09
1,Phe_153,Colorectal cancer,neoplasms,0.005415535663063996,0.0,-0.0004182612411736181,0.7668524078813239
2,Phe_153.2,Colon cancer,neoplasms,0.007913250474225295,4.300415631391723,0.015145410264487015,6.836968564263185e-27
3,Phe_153.3,"Malignant neoplasm of rectum, rectosigmoid junction, and anus",neoplasms,0.004941171250083003,4.409802842514634,0.012806519228720316,1.099983707208214e-19
4,Phe_158,Neoplasm of unspecified nature of digestive system,neoplasms,0.0003692852928832031,3.2044447278640433,0.00603451496211566,1.887915786204685e-05
5,Phe_159,Malignant neoplasm of other and ill-defined sites within the digestive organs and peritoneum,neoplasms,0.0053055802243373125,5.142621507268121,0.024934945890933757,6.142366710412958e-70
6,Phe_165,Cancer within the respiratory system,neoplasms,0.0012065417658573498,4.923203685360939,0.011187137391342875,2.1822985950364243e-15
7,Phe_165.1,Cancer of bronchus; lung,neoplasms,0.0003793028661350402,3.162977125406187,0.009123217569281418,9.973825103931728e-11
8,Phe_172,Skin cancer,neoplasms,0.008500027386039754,2.1750599295313737,0.011536283458766963,2.8848665159124944e-16
9,Phe_172.2,Other non-epithelial cancer of skin,neoplasms,0.007648261131306081,1.9506418300526054,0.00840462449530977,2.554592887649726e-09
10,Phe_174,Breast cancer,neoplasms,-3.773921796716993e-05,3.6394555153036907,0.024775032938049536,4.5608937673235217e-69
11,Phe_189,Cancer of urinary organs (incl. kidney and bladder),neoplasms,0.002811078951337606,5.556976101247159,0.020145518435158234,2.8300321224234345e-46
12,Phe_189.11,"Malignant neoplasm of kidney, except pelvis",neoplasms,0.0009882798174755058,4.866089178563332,0.010220903190017892,4.307741116410138e-13
13,Phe_189.2,Cancer of bladder,neoplasms,0.002173528934536566,8.438371116708648,0.016981686497037293,2.2230961767999032e-33
14,Phe_189.21,Malignant neoplasm of bladder,neoplasms,0.001461905527810685,5.369358714583534,0.016465979131324478,1.7493559292296684e-31
15,Phe_195,"Cancer, suspected or other",neoplasms,0.058214054480838495,421.9185558354324,1.0000000000000002,
16,Phe_195.1,"Malignant neoplasm, other",neoplasms,0.026675900726831896,3.9745424865777568,0.03193226367398241,1.683131406589502e-113
17,Phe_197,Chemotherapy,neoplasms,-0.0004949972220472856,2.450774499610337,0.016972856355049633,2.3983161195317236e-33
18,Phe_198,Secondary malignant neoplasm,neoplasms,6.042886831225213e-05,2.5971483571291305,0.004650631164780644,0.0009781754213492625
19,Phe_198.1,Secondary malignancy of lymph nodes,neoplasms,2.5216136318797908e-05,3.8727073415319335,0.018001956697209203,2.667186127156003e-37
20,Phe_198.2,Secondary malignancy of respiratory organs,neoplasms,0.0002568403013665493,2.6384249005478373,0.006857382741219082,1.1674810997910394e-06
21,Phe_198.3,Secondary malignant neoplasm of digestive systems,neoplasms,0.00016907664015210176,3.858499715393616,0.009881604163989186,2.4701346541523578e-12
22,Phe_198.4,Secondary malignant neoplasm of liver,neoplasms,-4.5678363962667105e-05,3.13475592912325,0.009674658378923185,6.9696845375606245e-12
23,Phe_198.6,Secondary malignancy of bone,neoplasms,-7.124608528212952e-05,2.7274105632981858,0.007110044178028622,4.650700884630262e-07
24,Phe_199,Neoplasm of uncertain behavior,neoplasms,1.9039660359090203e-05,4.8584560974989195,0.010794449341987422,1.9767946318580118e-14
25,Phe_202,"Cancer of other lymphoid, histiocytic tissue",neoplasms,0.00024051062454879922,6.5962947351225685,0.01601861971588977,6.931179503244752e-30
26,Phe_202.2,Non-Hodgkins lymphoma,neoplasms,0.00026950744537112604,4.771934656008661,0.01197254674056954,2.1143409241878637e-17
27,Phe_204,Leukemia,neoplasms,0.0006428106063315871,3.8356232348675676,0.0050122953905959965,0.00038070706370156495
28,Phe_208,Benign neoplasm of colon,neoplasms,0.003417206346243864,3.220647717187248,0.027651301635838826,1.4004192416652422e-85
29,Phe_211,Benign neoplasm of other parts of digestive system,neoplasms,3.1412216003386333e-06,1.8441803385600706,0.005386028186206797,0.000134514150094765
30,Phe_214,Lipoma,neoplasms,0.0027148448443932564,0.9884854880955074,-4.016896171019755e-05,0.9772835169024049
31,Phe_214.1,Lipoma of skin and subcutaneous tissue,neoplasms,0.003043988943658692,0.9420628665572324,-0.00032872323349878064,0.8157432391939432
32,Phe_215,Other benign neoplasm of connective and other soft tissue,neoplasms,1.547912937526088e-05,1.9728990586827166,0.0025921332159296183,0.066136233569963
33,Phe_216,Benign neoplasm of skin,neoplasms,0.011855239213845641,1.5128984329452881,0.003862048029307467,0.006186746635030289
34,Phe_228,"Hemangioma and lymphangioma, any site",neoplasms,0.0002923923178899976,3.1340282699010764,0.00682474762252091,1.311896080337553e-06
35,Phe_229,Benign neoplasm of unspecified sites,neoplasms,0.0014220736946523901,1.2495120113586349,0.0009486473685345293,0.5012834455991164
36,Phe_241,Nontoxic nodular goiter,endocrine/metabolic,2.040735228846368e-05,22.206239780812233,0.0063559350304641955,6.618463961004343e-06
37,Phe_242,Thyrotoxicosis with or without goiter,endocrine/metabolic,-2.301678528391133e-06,1.5626613179090088,0.0018019391318651135,0.20147905080507755
38,Phe_244,Hypothyroidism,endocrine/metabolic,-0.0001045036096848309,1.5566822912758507,0.00579956549787091,3.936142232200719e-05
39,Phe_244.1,Secondary hypothyroidism,endocrine/metabolic,5.1475069708854694e-05,2.3770059483686334,0.003996079808600702,0.004615252155867679
40,Phe_244.4,Hypothyroidism NOS,endocrine/metabolic,-0.00011235849393654356,1.553173437841387,0.005619195628635638,6.79552213692639e-05
41,Phe_250.1,Type 1 diabetes,endocrine/metabolic,-0.00019697153054344928,1.207991700726121,0.0008898608042797427,0.5281716904470057
42,Phe_250.2,Type 2 diabetes,endocrine/metabolic,-0.00025314379728000216,1.4955647043390794,0.006076012449744948,1.6535827764983768e-05
43,Phe_250.23,Type 2 diabetes with ophthalmic manifestations,endocrine/metabolic,-0.00014568953741164468,2.402514772606492,0.004618276916727054,0.001061137953538697
44,Phe_250.7,Diabetic retinopathy,endocrine/metabolic,-0.0001459489489380041,1.8193986883804762,0.0027194484893201414,0.05388620667951959
45,Phe_260,Protein-calorie malnutrition,endocrine/metabolic,-4.863120366928264e-06,1.2557099876054536,0.00032239874637339874,0.8192263626481325
46,Phe_261,Vitamin deficiency,endocrine/metabolic,-5.398312279875059e-06,0.0,-0.00041256993632485825,0.7699348183497113
47,Phe_272,Disorders of lipoid metabolism,endocrine/metabolic,-3.8081830766121264e-05,1.5854518245174,0.009876517866020331,2.5345612687260717e-12
48,Phe_272.1,Hyperlipidemia,endocrine/metabolic,-4.509748142377934e-05,2.099900928736838,0.006747523397770385,1.7252710789670968e-06
49,Phe_272.11,Hypercholesterolemia,endocrine/metabolic,-6.061809456795118e-05,1.5573635233148018,0.009015370753940068,1.6492002222901641e-10
50,Phe_274,Gout and other crystal arthropathies,endocrine/metabolic,4.797152368059308e-05,1.2715353737506183,0.001132104837486159,0.4222521874879396
51,Phe_274.1,Gout,endocrine/metabolic,3.255621787426802e-05,1.441784440568424,0.001729008683364903,0.22033026175785542
52,Phe_275,Disorders of mineral metabolism,endocrine/metabolic,9.501289524809497e-05,0.0,-0.0002750411504776224,0.8454167828217815
53,Phe_275.5,Disorders of calcium__phosphorus metabolism,endocrine/metabolic,3.789641795680541e-05,1.7982676860327433,0.0023824515738162994,0.09124614173128541
54,Phe_276,"Disorders of fluid, electrolyte, and acid-base balance",endocrine/metabolic,6.859400396670362e-07,2.407343111373338,0.011319220038701287,1.022238015586516e-15
55,Phe_276.1,Electrolyte imbalance,endocrine/metabolic,-8.76320696963375e-06,0.0,-0.0010654673042820824,0.4500795574754234
56,Phe_276.12,Hyposmolality and__or hyponatremia,endocrine/metabolic,4.504198283855639e-05,2.1673898416203716,0.004768131395811399,0.0007247947462046818
57,Phe_276.14,Hypopotassemia,endocrine/metabolic,6.842944280480609e-07,3.0932445442480385,0.007537980024004218,9.114127426944066e-08
58,Phe_276.5,Hypovolemia,endocrine/metabolic,1.8745579313110403e-05,2.023185882127948,0.005002199421644348,0.0003911977072078804
59,Phe_277,Other disorders of metabolism,endocrine/metabolic,5.353071654947452e-05,1.6809504216551092,0.0018197449118375348,0.1970606863092581
60,Phe_278,"Overweight, obesity and other hyperalimentation",endocrine/metabolic,5.634136710771226e-05,0.0,-0.0001375189331955564,0.9223423483944327
61,Phe_278.1,Obesity,endocrine/metabolic,5.726684698943272e-05,1.4287421791770307,0.004164648408155224,0.00315493743468667
62,Phe_280,Iron deficiency anemias,hematopoietic,-5.164035681883129e-05,1.9325989274086532,0.0074367006844895545,1.3512357684416567e-07
63,Phe_280.1,"Iron deficiency anemias, unspecified or not due to blood loss",hematopoietic,-7.356179599630569e-05,2.018427152776746,0.007942051328987761,1.8020614509009953e-08
64,Phe_281,Other deficiency anemia,hematopoietic,-0.00023067495606320839,0.0,-0.00020627942605964646,0.8837428662235727
65,Phe_281.1,Megaloblastic anemia,hematopoietic,-0.00048668281268115485,0.0,-0.0002750411504776224,0.8454167828217815
66,Phe_285,Other anemias,hematopoietic,-6.873990198998507e-05,1.97701638621895,0.009215843186046454,6.446026525728846e-11
67,Phe_287,Purpura and other hemorrhagic conditions,hematopoietic,4.236581835324819e-06,2.794162621426705,0.0015161644523618456,0.2824775625349195
68,Phe_287.3,Thrombocytopenia,hematopoietic,-8.076747319023628e-06,1.6684866271297376,0.0020715594345117414,0.14197485667540774
69,Phe_288,Diseases of white blood cells,hematopoietic,-8.881124048806468e-06,2.763658662677505,0.0036735777418274054,0.009211240091178874
70,Phe_289,Other diseases of blood and blood-forming organs,hematopoietic,-9.194371295214696e-06,3.932662970503365,0.005530159617102844,8.846929525903494e-05
71,Phe_289.4,Lymphadenitis,hematopoietic,-1.7151528721101106e-05,3.215210233750837,0.009754415449764273,4.68467614008893e-12
72,Phe_290,Delirium dementia and amnestic and other cognitive disorders,mental disorders,-3.0254903131817045e-05,2.979650818046839,0.003624450362977108,0.010190788531031275
73,Phe_292,Neurological disorders,mental disorders,-3.635309494673448e-05,0.0,-0.0019897360579673312,0.15839983686164696
74,Phe_292.1,Aphasia__speech disturbance,mental disorders,-6.287081761086688e-06,1.7506994018067736,0.002540091136371245,0.07176472817777584
75,Phe_292.4,Altered mental status,mental disorders,-3.643498395817499e-05,2.3188405319403507,0.0056268981167953295,6.641007329599525e-05
76,Phe_293,Symptoms involving head and neck,mental disorders,3.5225244575362704e-05,1.1990580627649945,0.0007282317468428018,0.6056974824173342
77,Phe_296,Mood disorders,mental disorders,0.0003727081678039001,3.701039963468705,0.0019831861206577074,0.15977441145728924
78,Phe_296.1,Bipolar,mental disorders,0.0004981311806708125,1.316027934608336,0.0008713985146300522,0.5367652257866184
79,Phe_296.2,Depression,mental disorders,0.00044612372622134146,0.7534259925632721,-0.0004014340481953887,0.7759764987656496
80,Phe_300,Anxiety disorders,mental disorders,5.667276236669558e-05,1.6353432396722187,0.0009928579733859,0.48155018162030916
81,Phe_300.1,Anxiety disorder,mental disorders,4.4646385628233155e-05,1.2065896806651115,0.0014194681834934404,0.3143074698618171
82,Phe_306,Other mental disorder,mental disorders,-2.7853202355564084e-05,1.7949694372543412,0.012310515016086182,2.616650678980228e-18
83,Phe_317,Alcohol-related disorders,mental disorders,0.0001488886402864321,1.4295144946112026,0.002657551846762372,0.05958215357873644
84,Phe_317.1,Alcoholism,mental disorders,0.00018196465143707608,1.9035964491447162,0.0070090170019646665,6.744786328319515e-07
85,Phe_318,Tobacco use disorder,mental disorders,9.109687184312684e-05,1.441770588178572,0.005268732893807945,0.0001877940854100909
86,Phe_327,Sleep disorders,neurological,-0.0004507711634579232,1.2318789951399485,0.0005909425877555426,0.675286340446271
87,Phe_327.3,Sleep apnea,neurological,-0.0002799189346397701,1.1065909959256568,0.0006113563581465584,0.664742553495486
88,Phe_331,Other cerebral degenerations,neurological,-2.4255796128422854e-05,2.0481483292982157,0.0014634579063840035,0.29954576439901937
89,Phe_332,Parkinson's disease,neurological,6.794264177987318e-05,1.0885411657260897,0.0002685294847090746,0.8490320529462902
90,Phe_334,Degenerative disease of the spinal cord,neurological,-1.9741877020317412e-05,2.282697326431555,0.0041629032317942235,0.003167601490358314
91,Phe_335,Multiple sclerosis,neurological,0.00019121041125990716,0.714309067441477,-0.0008283734533193098,0.5570609358310084
92,Phe_339,Other headache syndromes,neurological,0.0013199282331361037,1.8306923967002733,0.006139194315607062,1.3492779262107588e-05
93,Phe_340,Migraine,neurological,4.688256869226795e-05,1.4915810364203361,0.00221107623872364,0.1170266877484315
94,Phe_342,Hemiplegia,neurological,3.4044753022951247e-05,1.886627688695023,0.0030311348863981138,0.03165834955217974
95,Phe_345,"Epilepsy, recurrent seizures, convulsions",neurological,1.0113887129098014e-05,1.784010806915148,0.0037250923428096207,0.008275187453220232
96,Phe_345.3,Convulsions,neurological,1.6965831197074908e-05,1.1396359551377226,0.0005560645093987797,0.6934483253589181
97,Phe_348,Other conditions of brain,neurological,0.0003125579082476837,0.0,-0.00104075256964193,0.46065863380237526
98,Phe_350,Abnormal movement,neurological,2.633077320131069e-05,1.5718534433084739,0.002822381517151122,0.045422878789933285
99,Phe_350.2,Abnormality of gait,neurological,6.091311125342089e-05,1.438655956041462,0.001718642417697989,0.2231092268178015
100,Phe_351,Other peripheral nerve disorders,neurological,-4.1341938098158435e-05,1.3153931446634068,0.002876608906378793,0.04143428218648331
101,Phe_352,Disorders of other cranial nerves,neurological,-4.510333193470437e-05,3.980363734296532,0.002110079332883213,0.1347104035280861
102,Phe_353,Nerve root and plexus disorders,neurological,-0.0006125050976086717,1.6001967983644718,0.0016440400449953415,0.24384975103824016
103,Phe_357,Inflammatory and toxic neuropathy,neurological,-1.106322669413501e-05,2.226483144250303,0.004030625770672271,0.004273724054329601
104,Phe_361,Retinal detachments and defects,sense organs,-0.001618957196277412,1.3295752809940096,0.0012145130494078393,0.38927264774838366
105,Phe_361.1,Retinal detachment with retinal defect,sense organs,-0.0007385960436782923,1.710769613118834,0.0021750910196865507,0.1231057881094982
106,Phe_362,Other retinal disorders,sense organs,1.4029591169110862e-05,1.9928676726369954,0.0026320104237931565,0.06207393326562626
107,Phe_362.2,Degeneration of macula and posterior pole of retina,sense organs,1.6363120880892358e-05,1.6018168406812165,0.0026113357412223767,0.0641535214623306
108,Phe_362.29,Macular degeneration (senile) of retina NOS,sense organs,1.6031606845965724e-05,1.6018168406812165,0.0026113357412223767,0.0641535214623306
109,Phe_365,Glaucoma,sense organs,-0.0003252527026651764,1.6439313542630771,0.0034219424070247926,0.015277485592261685
110,Phe_365.1,Open-angle glaucoma,sense organs,-0.0003916721280826642,0.4502866124177507,-0.0016393179791842768,0.2452066870346955
111,Phe_365.11,Primary open angle glaucoma,sense organs,-0.0003693368097981146,0.4519748857369389,-0.0016312167751614155,0.24754697685100036
112,Phe_366,Cataract,sense organs,-0.0001360995518423278,1.3864551568953436,0.0044959067308773075,0.0014373293142410375
113,Phe_366.2,Senile cataract,sense organs,-0.00021742931075541876,1.320163246406053,0.0027393131302958294,0.05215746671309399
114,Phe_367,Disorders of refraction and accommodation; blindness and low vision,sense organs,-3.894900951766869e-05,0.0,-0.0008223573767535119,0.5599283400853097
115,Phe_367.1,Myopia,sense organs,-5.2507776220084015e-05,2.2302278299806613,0.003866815818932157,0.006123463985288424
116,Phe_368,Visual disturbances,sense organs,-4.0333976899332093e-05,0.76296303044382,-0.0006649486957927432,0.6373801303130809
117,Phe_371,Inflammation of the eye,sense organs,-0.00025880141173905297,0.0,-0.0008223573767535119,0.5599283400853097
118,Phe_371.3,Inflammation of eyelids,sense organs,-0.00025139808880691436,1.4072480637324913,0.0016134108927153296,0.25274560475304964
119,Phe_374,Other disorders of eyelids,sense organs,-7.10171976197468e-05,2.005316330016314,0.004502953172438081,0.001412702553019586
120,Phe_374.1,Ectropion or entropion,sense organs,-0.00013456908717807004,1.3343407837932715,0.00091552526871628,0.5163433573779215
121,Phe_374.3,Ptosis of eyelid,sense organs,-5.208184857132265e-05,1.4137256152341369,0.001478291222176831,0.29467411079202926
122,Phe_375,Disorders of lacrimal system,sense organs,8.504164124465144e-05,1.023246295478009,7.969959245768627e-05,0.9549459032507412
123,Phe_378,Strabismus and other disorders of binocular eye movements,sense organs,-2.044763301460484e-06,0.0,-0.0007780205619414657,0.581278141110291
124,Phe_379,Other disorders of eye,sense organs,-0.00014931544052978582,3.7173441042769375,0.003982901903193917,0.004751913986158334
125,Phe_379.2,Disorders of vitreous body,sense organs,-0.00024510541925407386,1.4057257928834017,0.0012814044318790105,0.36369080064952153
126,Phe_379.3,Aphakia and other disorders of lens,sense organs,-0.00034043555705650486,0.9146577549854528,-0.0003345250966194997,0.8125511405845707
127,Phe_380,Disorders of external ear,sense organs,-5.280307325140159e-06,1.911295836174099,0.001863598765898232,0.1864820062957191
128,Phe_381,Otitis media and Eustachian tube disorders,sense organs,-4.324442426888319e-06,1.1414773238699558,0.0005305482060921431,0.7068485666455417
129,Phe_381.1,Otitis media,sense organs,-4.651204806599673e-06,1.1810176510438977,0.0004711793000111801,0.7383744091336595
130,Phe_384,Other disorders of tympanic membrane,sense organs,-0.00034314343108433865,1.6876742233417297,0.0010578271042806322,0.4533351401809538
131,Phe_384.4,Perforation of tympanic membrane,sense organs,-0.0002509740869835796,1.8186144648078983,0.0021029655648998873,0.13602990498619158
132,Phe_386,Vertiginous syndromes and other disorders of vestibular system,sense organs,-1.2693867508290552e-05,0.0,-0.0006807476662010906,0.6294050260254511
133,Phe_386.9,Dizziness and giddiness (Light-headedness and vertigo),sense organs,-8.980256705729814e-06,1.505817769625428,0.002990272291295644,0.03402870847434898
134,Phe_389,Hearing loss,sense organs,-6.190789179066206e-05,1.5586204500754801,0.0028415739986992926,0.04397570639148451
135,Phe_394,Rheumatic disease of the heart valves,circulatory system,-1.002693902052299e-05,3.019095211702558,0.005694819897011673,5.415219574133408e-05
136,Phe_394.2,Mitral valve disease,circulatory system,-2.6037366090783314e-05,1.5364220119437149,0.0026060290806153067,0.06469647787221638
137,Phe_394.3,Aortic valve disease,circulatory system,-1.1451900962842475e-05,1.5891471029583142,0.0018709042496271185,0.18476129316878373
138,Phe_394.7,Disease of tricuspid valve,circulatory system,1.3915541088565302e-05,2.063171422178154,0.0033125788822289375,0.01886399180885244
139,Phe_395,Heart valve disorders,circulatory system,-2.934044055202635e-05,1.5333571588727737,0.003062701753062627,0.029925498763566073
140,Phe_395.1,Nonrheumatic mitral valve disorders,circulatory system,-4.661819388769303e-05,1.504008272007203,0.002404654927249817,0.088269036612302
141,Phe_395.6,Heart valve replaced,circulatory system,-4.629974861850506e-05,2.1908362916595365,0.003945333858557614,0.005161851555287899
142,Phe_396,Abnormal heart sounds,circulatory system,0.0,1.9960664971516613,0.0028211285127976633,0.04551873897074216
143,Phe_401.1,Essential hypertension,circulatory system,3.687059483739892e-05,1.5265267447780677,0.013826529067207747,1.1066604633185927e-22
144,Phe_401.2,Hypertensive heart and__or renal disease,circulatory system,0.0001459577757176953,7.40207992693741,0.0033236395853374068,0.01847050344176452
145,Phe_401.22,Hypertensive chronic kidney disease,circulatory system,0.00014678810230659862,4.06081381939781,0.009613693732371082,9.422703134942902e-12
146,Phe_402,Elevated blood pressure reading without diagnosis of hypertension,circulatory system,2.497784870304118e-06,1.7197767221552949,0.0023306891083834883,0.09850042916105214
147,Phe_411.1,Unstable angina (intermediate coronary syndrome),circulatory system,-7.989271828473508e-05,1.5355894447351595,0.0030732529708799887,0.029364771930291664
148,Phe_411.2,Myocardial infarction,circulatory system,-9.684180643708332e-05,1.232196435183362,0.0021474658494029806,0.1279377620406742
149,Phe_411.3,Angina pectoris,circulatory system,-9.670947255996802e-05,1.5924249891094175,0.006293249066608965,8.151511113023123e-06
150,Phe_411.4,Coronary atherosclerosis,circulatory system,-8.529250122518424e-05,1.4121539700384775,0.004887830884193986,0.0005304731525494358
151,Phe_411.8,"Other chronic ischemic heart disease, unspecified",circulatory system,-7.846658385931241e-05,1.4846782195104788,0.005040756280085992,0.0003525316419641799
152,Phe_411.9,Other acute and subacute forms of ischemic heart disease,circulatory system,-0.0001411141322553624,1.8798351497618273,0.0027244724723022055,0.05344453273677578
153,Phe_414,Other forms of chronic heart disease,circulatory system,0.00015089576754410893,2.7287618332442505,0.006795395808962441,1.4563361392363618e-06
154,Phe_415,Pulmonary heart disease,circulatory system,0.00022786385347100865,1.7116371433486104,0.0036229751525858455,0.010221585663510144
155,Phe_416,Cardiomegaly,circulatory system,-0.0003088224301292401,1.4299092493293009,0.001975305814633289,0.16144011071256953
156,Phe_418,Nonspecific chest pain,circulatory system,3.516932197330816e-05,1.4508112760101444,0.006549803786966476,3.4332631839499824e-06
157,Phe_418.1,Precordial pain,circulatory system,0.0004656869654549299,1.689731287517838,0.0036147320992513257,0.010395200931455108
158,Phe_420,Carditis,circulatory system,8.489158682009615e-05,0.0,-0.00026630718384244856,0.8502666031951519
159,Phe_420.2,Pericarditis,circulatory system,6.20551339266681e-05,1.4574043379462258,0.0013130548495374316,0.3519616936120652
160,Phe_425,Cardiomyopathy,circulatory system,4.205342962356267e-05,0.0,-0.00037029027097670506,0.7929443151020329
161,Phe_425.1,Primary__intrinsic cardiomyopathies,circulatory system,4.2368094014920765e-05,1.5607344852112173,0.0015553047887522417,0.27023742364598335
162,Phe_426,Cardiac conduction disorders,circulatory system,9.442463110000567e-05,1.7081722908317103,0.0007654642971746655,0.5873929120410626
163,Phe_426.2,Atrioventricular [AV] block,circulatory system,-0.000699132761494961,0.0,-0.0009701598992689206,0.4916282446496417
164,Phe_426.3,Bundle branch block,circulatory system,2.088190797841801e-05,0.8735373826820546,-0.0001911944672792548,0.8921906260904028
165,Phe_426.31,Right bundle branch block,circulatory system,4.261976252212667e-05,2.7272302088221867,0.006106584273560444,1.4989689562740338e-05
166,Phe_426.32,Left bundle branch block,circulatory system,2.455725432891254e-05,1.9841651937171831,0.0037032110588954372,0.008661857812094354
167,Phe_426.9,Cardiac pacemaker__device in situ,circulatory system,0.00013652807375822687,1.2519838452089982,0.00031817356661045933,0.8215553153470109
168,Phe_426.91,Cardiac pacemaker in situ,circulatory system,0.00012145950428594496,1.2479441016912496,0.001043543860079031,0.459456907937029
169,Phe_427,Cardiac dysrhythmias,circulatory system,0.0005686381758680355,1.4540956793015447,0.0061998916453284095,1.1078045906321274e-05
170,Phe_427.1,"Paroxysmal tachycardia, unspecified",circulatory system,-0.00016849726094023492,0.0,-0.0008644255623517575,0.5400290824555838
171,Phe_427.11,Paroxysmal supraventricular tachycardia,circulatory system,-0.00019614043212834648,1.233679987822902,0.0009428623192689776,0.5038969085345586
172,Phe_427.2,Atrial fibrillation and flutter,circulatory system,0.0005660051042277761,1.5103096537477618,0.005295653078997567,0.00017405037696455568
173,Phe_427.3,Other specified cardiac dysrhythmias,circulatory system,0.00011325029089672023,1.9023969386816202,0.0044542193734987785,0.0015913017784911431
174,Phe_427.4,Cardiac arrest and ventricular fibrillation,circulatory system,2.7917916671736615e-05,1.5438734400669247,0.0016387561986096334,0.24536847258698485
175,Phe_427.7,Tachycardia NOS,circulatory system,-6.961806876718948e-05,1.7560428239543524,0.003132077961702947,0.02640150246404915
176,Phe_427.9,Palpitations,circulatory system,0.00019942012135711317,1.3401330518859684,0.0017705940640294477,0.20943183639535326
177,Phe_428,Congestive heart failure; nonhypertensive,circulatory system,0.00010126679130118216,1.4622107580657804,0.003032921769812167,0.03155801058005844
178,Phe_428.1,Congestive heart failure (CHF) NOS,circulatory system,0.0001914310414993645,1.520637988871811,0.0021577643201689057,0.1261194755834657
179,Phe_428.2,Heart failure NOS,circulatory system,5.679277552427917e-05,1.672857485612023,0.003915534552624351,0.00550945804875576
180,Phe_430,Intracranial hemorrhage,circulatory system,0.00014677855010551675,0.0,-0.000925226977734332,0.5119080371851232
181,Phe_433,Cerebrovascular disease,circulatory system,0.00010076666901561453,1.4675428029058517,0.0015452980052050704,0.2733316259714135
182,Phe_433.1,Occlusion and stenosis of precerebral arteries,circulatory system,-6.693170288877184e-05,3.0334013818233703,0.005477239947350099,0.00010330184063262165
183,Phe_433.2,Occlusion of cerebral arteries,circulatory system,0.0001689605017347741,1.8615422714998124,0.0040065258825225615,0.004509460722709164
184,Phe_433.21,"Cerebral artery occlusion, with cerebral infarction",circulatory system,7.013842876045578e-05,1.07907559037195,0.0002852309073132275,0.8397659946936767
185,Phe_433.3,Cerebral ischemia,circulatory system,-1.0316414942260584e-05,1.6780851652545608,0.0019594456896924206,0.16483224912298056
186,Phe_433.31,Transient cerebral ischemia,circulatory system,4.900064796044242e-06,1.378368362742347,0.0014437900503364086,0.30608760709032
187,Phe_433.8,Late effects of cerebrovascular disease,circulatory system,3.329003000280626e-05,2.089740246832256,0.003373619883263996,0.01678066275439454
188,Phe_440,Atherosclerosis,circulatory system,-3.6238709299426744e-05,1.6227636762901245,0.0006906421834117057,0.6244322503548854
189,Phe_442,Other aneurysm,circulatory system,0.0001163330389062264,0.0,-0.0004714113237312838,0.7382502997455926
190,Phe_442.1,Aortic aneurysm,circulatory system,0.00015672371449510723,0.45173292915999186,-0.0011531886408541387,0.4136622630822111
191,Phe_443,Peripheral vascular disease,circulatory system,-6.654157133438254e-05,2.084234591645475,0.005845154292101718,3.4202429584302926e-05
192,Phe_443.1,Raynaud's syndrome,circulatory system,1.665510301559395e-05,1.8846166648148852,0.0025787486071125495,0.06754787738501179
193,Phe_443.9,"Peripheral vascular disease, unspecified",circulatory system,-0.00013114500136420708,2.122860658291484,0.004887083365151805,0.0005315193260937266
194,Phe_447,Other disorders of arteries and arterioles,circulatory system,1.0538926073617606e-05,3.0536928045990286,0.0040691345307891,0.003920157773767998
195,Phe_451,Phlebitis and thrombophlebitis,circulatory system,0.00022755408724005636,2.348340756041368,0.002153564372855771,0.12685856819069374
196,Phe_451.2,Phlebitis and thrombophlebitis of lower extremities,circulatory system,0.00023060469546989953,1.7373117004988394,0.0036390004121119755,0.00989143257541074
197,Phe_454,Varicose veins,circulatory system,6.470652223761006e-05,3.411740343682742,0.004520475798664157,0.0013531392116804706
198,Phe_454.1,Varicose veins of lower extremity,circulatory system,5.9931603820135134e-05,1.234883578054924,0.0019629114020519238,0.16408646353206166
199,Phe_455,Hemorrhoids,circulatory system,-1.1966534817412282e-05,1.8934754130652338,0.011415975967340562,5.833085756765107e-16
200,Phe_458,Hypotension,circulatory system,0.00012991633461548928,1.7003050609372636,0.0020103415733835578,0.15413392460002756
201,Phe_458.1,Orthostatic hypotension,circulatory system,3.0134109933315794e-05,2.24700582788227,0.004246592044292116,0.0026097883957907158
202,Phe_458.9,Hypotension NOS,circulatory system,0.00017712358597902204,2.0756898450414845,0.005811159481765515,3.79835065690734e-05
203,Phe_459,Other disorders of circulatory system,circulatory system,0.00026875401174807897,6.23524959362708,0.005129841199292327,0.0002764367948822284
204,Phe_459.9,Circulatory disease NEC,circulatory system,0.00026277370944376746,1.9999299533991108,0.011225944061021696,1.747974280280127e-15
205,Phe_465,Acute upper respiratory infections of multiple or unspecified sites,respiratory,-6.1456794925801126e-06,1.5169131437329364,0.001571355000128658,0.2653248522896791
206,Phe_470,Septal Deviations__Turbinate Hypertrophy,respiratory,3.511240474149695e-06,1.5380626724738216,0.0028915184010607506,0.04039109729151116
207,Phe_471,Nasal polyps,respiratory,-0.00027422441460872436,0.6945978106415868,-0.0013751332304529878,0.3296610637680738
208,Phe_473,Diseases of the larynx and vocal cords,respiratory,0.0001838015065512241,2.7770849937452065,0.005647338307728507,6.246928380066925e-05
209,Phe_473.4,Voice disturbance,respiratory,0.0012272242061971011,2.8412023961981983,0.00488582819169453,0.0005332803014566957
210,Phe_474,Acute and chronic tonsillitis,respiratory,-7.996874763815279e-06,0.7507447612730115,-0.00040652402399456427,0.773213269431888
211,Phe_474.2,Chronic tonsillitis and adenoiditis,respiratory,-1.4531123578056913e-05,0.9158868795269879,-0.00021530125564638169,0.8786967792091409
212,Phe_475,Chronic sinusitis,respiratory,-0.0002234346988756228,2.486052096673423,0.006121801593353775,1.4272457040351904e-05
213,Phe_476,Allergic rhinitis,respiratory,0.00011019176864955976,1.7362903532322322,0.002236504107477518,0.11287506449074894
214,Phe_477,Epistaxis or throat hemorrhage,respiratory,2.1320754690989107e-05,2.0330542656469253,0.004233973387223709,0.0026876992940956497
215,Phe_479,Other upper respiratory disease,respiratory,-2.1502195807256197e-05,1.5449502480460473,0.0028539532151454702,0.043063080051709064
216,Phe_480,Pneumonia,respiratory,0.00013962417052435855,2.014396308470415,0.005656987693291571,6.068682160561919e-05
217,Phe_480.1,Bacterial pneumonia,respiratory,6.734666624598774e-05,2.5047935372815906,0.004034719868972911,0.004234806178678463
218,Phe_480.11,Pneumococcal pneumonia,respiratory,7.622070133842746e-05,2.325202462018916,0.009194631513679198,7.126335513244693e-11
219,Phe_495,Asthma,respiratory,-0.00032478705421138884,1.4322968268985035,0.005976023574694345,2.272470937665357e-05
220,Phe_496,Chronic airway obstruction,respiratory,-6.972644778445725e-05,1.4636639419417,0.003550979894520545,0.011828976697305064
221,Phe_496.1,Emphysema,respiratory,0.0001733296929850391,2.5847262880008475,0.005755976459632167,4.4978297060650033e-05
222,Phe_496.2,Chronic bronchitis,respiratory,-7.871952349010192e-06,1.7992262508973664,0.0011906652950998465,0.39865146979893573
223,Phe_496.21,Obstructive chronic bronchitis,respiratory,-1.5597281510400745e-05,1.8030707514334718,0.0036982741848987986,0.008751300509104961
224,Phe_496.3,Bronchiectasis,respiratory,0.00012661393038250298,2.4048556064084177,0.005445496627886326,0.00011329417504356405
225,Phe_506,Empyema and pneumothorax,respiratory,0.00010708606087820348,2.957373054921255,0.00557824166275744,7.675845780673044e-05
226,Phe_507,Pleurisy; pleural effusion,respiratory,-0.0004697482432173765,2.1620113564031636,0.008210707096242454,5.868737496409455e-09
227,Phe_508,Pulmonary collapse; interstitial and compensatory emphysema,respiratory,1.2563845445592397e-05,2.355113345439199,0.005597365456496421,7.252136358869762e-05
228,Phe_509.1,Respiratory failure,respiratory,0.00012790978990141123,1.7681951082722827,0.0029509905909384294,0.03644877066572807
229,Phe_509.2,Respiratory insufficiency,respiratory,0.00012560455401712905,2.038253892924794,0.003713275506033574,0.008482044037322315
230,Phe_512,Other symptoms of respiratory system,respiratory,0.00020138461341534552,1.5839545338649437,0.0048860295576484344,0.0005329974246828259
231,Phe_512.7,Shortness of breath,respiratory,0.0002879544660966205,1.4415325418250948,0.0029658971266106077,0.03551367377288985
232,Phe_512.8,Cough,respiratory,2.188669562129288e-05,2.0017701592364703,0.00471227357920032,0.0008364958695279829
233,Phe_514,Abnormal findings examination of lungs,respiratory,-2.140442901626138e-05,4.559041369538071,0.015679582369375847,1.0541900014626777e-28
234,Phe_516,Abnormal sputum,respiratory,-0.00019647128581204887,6.297291878140782,0.004216916346333723,0.0027963931419694448
235,Phe_516.1,Hemoptysis,respiratory,-0.0002378739318667934,2.35786175187454,0.005165168141342069,0.00025076402924483084
236,Phe_519,"Other diseases of respiratory system, not elsewhere classified",respiratory,2.747756304120562e-05,0.0,-0.0008309412107015122,0.5558392637370655
237,Phe_519.8,"Other diseases of respiratory system, NEC",respiratory,3.245932645284855e-05,2.0316618686915318,0.008485776930776576,1.7938120046561544e-09
238,Phe_520,Disorders of tooth development,digestive,-1.805899582482122e-05,8.438371116708648,0.0036167227888927672,0.010353034388452914
239,Phe_520.2,Disturbances in tooth eruption,digestive,-2.113079368610814e-05,1.3910931613433315,0.0014854629278263421,0.29233788113928777
240,Phe_521,Diseases of hard tissues of teeth,digestive,-6.868030651093349e-07,0.0,-0.00037662085250794844,0.7894870392137162
241,Phe_521.1,Dental caries,digestive,-1.2295232649048789e-06,1.1510894492886927,0.0007205519256423911,0.6095046464451827
242,Phe_522,Diseases of pulp and periapical tissues,digestive,3.1277184411135376e-06,1.0614303291457419,0.00011919032173458273,0.9326661113093139
243,Phe_522.5,Periapical abscess,digestive,-5.67422306396358e-06,1.2152032138117295,0.0006175979691695415,0.6615318141070515
244,Phe_523,Gingival and periodontal diseases,digestive,1.899019386650216e-05,0.6036030841708618,-0.0007211106239033314,0.6092273210213863
245,Phe_523.3,Periodontitis (acute or chronic),digestive,1.0397398801021278e-05,0.0,-0.00022805093990668285,0.87157407128158
246,Phe_525,Other diseases of the teeth and supporting structures,digestive,-4.3969131447568353e-07,1.7579939826476352,0.003242111082168639,0.02154730056978645
247,Phe_528,"Diseases of the oral soft tissues, excluding lesions specific for gingiva and tongue",digestive,0.0005006784107537989,1.1922813305134083,0.0007054474069958773,0.6170233507832401
248,Phe_529,Diseases and other conditions of the tongue,digestive,-5.6220414175800045e-06,0.9355178621628214,-0.00016330690801409842,0.9078395512440873
249,Phe_530,Diseases of esophagus,digestive,6.603591889139716e-05,1.4367260698141853,0.0008920904336856722,0.5271386415981407
250,Phe_530.1,"Esophagitis, GERD and related diseases",digestive,6.760498277955858e-05,1.1233188387524822,0.0009851750727067883,0.48494879029084037
251,Phe_530.11,GERD,digestive,0.0001059675032500473,1.478228794189147,0.005184839802080537,0.0002374552922324965
252,Phe_530.12,Ulcer of esophagus,digestive,0.0005363737665952719,1.5509430812947818,0.003145450633361089,0.02576510562295183
253,Phe_530.14,Reflux esophagitis,digestive,3.9736257213968413e-05,1.8970903456797512,0.007643833606224273,6.006926015021343e-08
254,Phe_530.2,Esophageal bleeding (varices__hemorrhage),digestive,9.436726280448668e-05,1.9428329508922444,0.003318041304752472,0.018668757236730442
255,Phe_530.3,Stricture and stenosis of esophagus,digestive,0.0,2.2136335563244094,0.004474705011217425,0.0015138341590024782
256,Phe_530.9,Heartburn,digestive,3.6651879840439903e-05,1.5537676980883015,0.002087231514600061,0.13898376812517513
257,Phe_531,Peptic ulcer (excl. esophageal),digestive,-9.005958616907666e-05,2.1658666355105156,0.008465217844368038,1.9624948039274703e-09
258,Phe_531.2,Gastric ulcer,digestive,0.00042767815396325644,2.5309640995316145,0.008318592071059078,3.7031218256223646e-09
259,Phe_531.3,Duodenal ulcer,digestive,-0.00028113240195568615,1.8884458329501097,0.003997079206413484,0.004605034506183028
260,Phe_532,Dysphagia,digestive,0.00016204450992575705,1.7175000783610732,0.005001579784333545,0.00039185028564477244
261,Phe_535,Gastritis and duodenitis,digestive,-0.00010011849306282847,1.7129066560051907,0.008053591006359828,1.1359202395270038e-08
262,Phe_535.1,Acute gastritis,digestive,-6.697990533556129e-05,3.20008239548461,0.006273603413047543,8.698113443108403e-06
263,Phe_535.6,Duodenitis,digestive,-8.82204709523907e-05,1.7807370922497374,0.005666181945501791,5.9033321747755346e-05
264,Phe_535.8,Other specified gastritis,digestive,8.189130440090615e-05,1.553236635408892,0.004353859630048882,0.0020262811970889146
265,Phe_537,Other disorders of stomach and duodenum,digestive,2.0432273762462962e-05,1.797832312295083,0.003962197136258745,0.0049740433030744545
266,Phe_540,Appendiceal conditions,digestive,0.0001745467254836636,0.0,-0.001324884760139225,0.34763991998616695
267,Phe_540.1,Appendicitis,digestive,0.00017299707918645325,0.0,-0.0018705639851610734,0.18484117633086755
268,Phe_540.11,Acute appendicitis,digestive,0.00018647571305682118,1.9054386392567915,0.0034770776697714387,0.01370829463095752
269,Phe_550,Abdominal hernia,digestive,3.302705148101061e-05,2.3123350094719335,0.00648279794923243,4.316384795430207e-06
270,Phe_550.1,Inguinal hernia,digestive,2.91680311984625e-05,1.3821742282141645,0.003925635034852981,0.005389338588963005
271,Phe_550.2,Diaphragmatic hernia,digestive,3.082968853793141e-05,1.613925318078538,0.008737214791834112,5.87667126049378e-10
272,Phe_550.4,Umbilical hernia,digestive,6.390535683345092e-05,0.9334481323792753,-0.000338849984683479,0.8101736731368632
273,Phe_550.5,Ventral hernia,digestive,3.6769529306536e-05,2.3789205725719107,0.006714752480709868,1.9362382307640535e-06
274,Phe_555,Inflammatory bowel disease and other gastroenteritis and colitis,digestive,0.0005996538994130438,1.7696213021005391,0.0041924133906319746,0.00295956935426926
275,Phe_555.1,Regional enteritis,digestive,0.00041707279408938593,2.26931784272264,0.004301168510351074,0.0022960364869368238
276,Phe_555.2,Ulcerative colitis,digestive,0.0007488011973664227,1.4233397064327842,0.001882975229296744,0.18194391924800354
277,Phe_556,Ulceration of the lower GI tract,digestive,3.8641773402620434e-05,2.7576376198394277,0.0029915787900456664,0.03395063642572732
278,Phe_557,Intestinal malabsorption (non-celiac),digestive,-5.416000417969443e-05,1.9265687481069973,0.0013339354949469656,0.34435634156387473
279,Phe_557.1,Celiac disease,digestive,-5.2727233685051675e-05,1.1889814375394634,0.000649234793065845,0.6453541663653359
280,Phe_558,Noninfectious gastroenteritis,digestive,-1.3616051517733865e-05,1.774674547679115,0.0077763237265824755,3.537362449620786e-08
281,Phe_559,Ileostomy status,digestive,0.0012220481787835107,2.903525545534159,0.006325691256974286,7.3200486113623756e-06
282,Phe_560.4,Other intestinal obstruction,digestive,-1.2008292443076346e-05,2.5396381771795693,0.00751108962275441,1.0123552953043701e-07
283,Phe_561,Symptoms involving digestive system,digestive,-3.1798286553027756e-05,1.747321422820747,0.007654019527122256,5.769045398097243e-08
284,Phe_561.2,Flatulence,digestive,2.3831782323212665e-07,2.0542851033185845,0.003755790276311604,0.00775874936875612
285,Phe_562,Diverticulosis and diverticulitis,digestive,-0.00019212301418998398,1.997914482465015,0.01453228697843261,6.893539697401323e-25
286,Phe_562.1,Diverticulosis,digestive,-0.00018962940787197905,1.997914482465015,0.01453228697843261,6.893539697401323e-25
287,Phe_563,Constipation,digestive,-0.001133869551954204,1.962294875389883,0.008715440948726155,6.480873805331917e-10
288,Phe_564,Functional digestive disorders,digestive,8.51351778919184e-05,1.698544910770662,0.001694818791140941,0.2295906402171786
289,Phe_564.1,Irritable Bowel Syndrome,digestive,-5.358333252948e-06,1.1697356297269703,0.0010718969293595055,0.44735011198542785
290,Phe_564.8,Abnormal findings on exam of gastrointestinal tract__ abdominal area,digestive,-2.725265815843732e-06,2.87780750475096,0.006650356561115715,2.4252202268254645e-06
291,Phe_564.9,Personal history of diseases of digestive system,digestive,3.24175148804941e-05,2.302178898577386,0.014160071004579876,1.0353491508251325e-23
292,Phe_565,Anal and rectal conditions,digestive,0.0022120382668652954,1.3313138807701688,0.0024961607783147467,0.07681605657306835
293,Phe_565.1,Anal and rectal polyp,digestive,0.0024363021742239755,2.5285230804629566,0.01115237997787524,2.6604900898147174e-15
294,Phe_568,Other disorders of peritoneum,digestive,0.00040671549253092423,3.5554934480513967,0.0033165338472009153,0.01872245846501386
295,Phe_568.1,Peritoneal adhesions (postoperative) (postinfection),digestive,0.0003215040475684321,2.2833836455315044,0.0062641289709248005,8.974076533333056e-06
296,Phe_569,Other disorders of intestine,digestive,5.65933490052435e-05,2.9428974158859087,0.009914396585498137,2.0916729046414326e-12
297,Phe_571,Chronic liver disease and cirrhosis,digestive,9.226647641125646e-05,1.45312306507341,0.00219977393451665,0.1189100932270757
298,Phe_571.5,Other chronic nonalcoholic liver disease,digestive,6.466004707279329e-05,1.3198703519356592,0.0011831001210292854,0.4016548904759373
299,Phe_572,Ascites (non malignant),digestive,0.0006493802058618676,2.892183648871916,0.006495225457270829,4.1376463815739415e-06
300,Phe_573,Other disorders of liver,digestive,-8.676746425992854e-06,1.985499086284388,0.0034305347450886772,0.015022988277392627
301,Phe_573.7,Abnormal results of function study of liver,digestive,2.0395494020988707e-06,1.3711020048813474,0.0019096184792450031,0.1758383865939558
302,Phe_574,Cholelithiasis and cholecystitis,digestive,-1.2467490183804941e-05,1.6266921815586473,0.006583479143142158,3.0576545512472366e-06
303,Phe_574.1,Cholelithiasis,digestive,-9.836907527468021e-06,1.5895929558529316,0.004585241274890206,0.0011525255781816392
304,Phe_574.11,Cholelithiasis with acute cholecystitis,digestive,3.713055535457401e-06,1.700522616443749,0.002281205387806084,0.10585895513382329
305,Phe_574.12,Cholelithiasis with other cholecystitis,digestive,7.3100728789735735e-06,1.619970623491002,0.003732933697473724,0.008140425728365482
306,Phe_574.2,Calculus of bile duct,digestive,8.410131901290668e-06,1.4937203774130232,0.0020646943275052583,0.143300563810668
307,Phe_574.3,Cholecystitis without cholelithiasis,digestive,1.5207901838714398e-05,1.8606006353313491,0.003688220742951811,0.008935997121286498
308,Phe_575,Other biliary tract disease,digestive,1.3917053462142466e-05,2.16146801145201,0.0061472937812619794,1.3143723853579096e-05
309,Phe_575.7,Other disorders of gallbladder,digestive,-8.00281160906294e-07,2.487971828022206,0.004624756324507017,0.0010440195470486917
310,Phe_575.8,Other disorders of biliary tract,digestive,-1.2236613370589748e-05,2.6369909739714528,0.00450951210339012,0.0013901297732949254
311,Phe_577,Diseases of pancreas,digestive,-0.0001562177131617069,3.2598563916644894,0.004681311856982737,0.0009050914586361098
312,Phe_577.1,Acute pancreatitis,digestive,-2.7247931314048174e-05,1.4375419278890371,0.0012647143349028167,0.36997317972221644
313,Phe_578.1,Hematemesis,digestive,-0.0015541709057830721,2.0106089537612246,0.0036393025012127914,0.009885301227762763
314,Phe_578.2,Blood in stool,digestive,-9.030137643779583e-05,1.7547951373451829,0.0032313928189437622,0.02198327799010966
315,Phe_578.9,Hemorrhage of gastrointestinal tract,digestive,-4.6327652459360735e-05,1.1600092264253614,0.0010587531892259335,0.45293981760770274
316,Phe_579,Other symptoms involving abdomen and pelvis,digestive,-1.1167707251830602e-05,4.687983953727026,0.010223002833979112,4.260682455586646e-13
317,Phe_579.8,Nonspecific abnormal findings in stool contents,digestive,-1.1699448492721012e-05,2.929989971079392,0.007142169942282809,4.1278802167204674e-07
318,Phe_580,Nephritis; nephrosis; renal sclerosis,genitourinary,6.685311800790132e-05,2.5252952236927353,0.004898410877632292,0.0005158704445750176
319,Phe_580.1,Glomerulonephritis,genitourinary,0.00034832796367751225,3.150997429689563,0.00541926444762364,0.0001222326998486811
320,Phe_585,Renal failure,genitourinary,0.00014418373881913785,2.2577794290259043,0.010095981264118706,8.248449735193584e-13
321,Phe_585.1,Acute renal failure,genitourinary,2.5756142771489874e-05,2.077526607624694,0.007228591052567578,2.987593386034679e-07
322,Phe_585.2,Renal failure NOS,genitourinary,-6.1905442469791515e-06,1.8496186081436394,0.0026523952403164374,0.06007842584797085
323,Phe_585.3,Chronic renal failure [CKD],genitourinary,0.0005582863624460382,2.7152740774129964,0.008225157577106654,5.519538791855945e-09
324,Phe_586,Other disorders of the kidney and ureters,genitourinary,5.28057774422934e-06,2.448743794750043,0.004142007076603295,0.003322877046159012
325,Phe_586.2,"Cyst of kidney, acquired",genitourinary,2.5247426791985005e-06,2.549949430897546,0.0049533613409124665,0.00044586862826750294
326,Phe_590,Pyelonephritis,genitourinary,-0.00023641790347395133,2.3814782079140113,0.0043891163678978625,0.0018623662809506922
327,Phe_591,Urinary tract infection,genitourinary,0.00023969598266297242,1.8740762460595555,0.008320232698517381,3.677119915313414e-09
328,Phe_592,Cystitis and urethritis,genitourinary,-0.00019929986988330626,3.200025819942374,0.010021701723810691,1.2093106485316433e-12
329,Phe_592.1,Cystitis,genitourinary,-0.00016510794877735665,3.297409672603735,0.008404817347534151,2.5524572371124963e-09
330,Phe_593,Hematuria,genitourinary,1.1758058579837475e-05,1.731806090917008,0.007574683719860828,7.892276819692307e-08
331,Phe_594,Urinary calculus,genitourinary,0.0001616509260325402,1.9033919812124769,0.0016028961318783422,0.2558509900985974
332,Phe_594.1,Calculus of kidney,genitourinary,0.00020398174452341026,1.8764445445204914,0.0040594639626810826,0.0040063573409799755
333,Phe_594.3,Calculus of ureter,genitourinary,0.00012827363379912807,1.6461408240878217,0.002573090720040873,0.06815201082028972
334,Phe_594.8,Renal colic,genitourinary,1.4590303558476386e-06,2.3885401462580083,0.004759623104422749,0.0007408633563375878
335,Phe_595,Hydronephrosis,genitourinary,1.2188924830190075e-05,3.567441447714225,0.009819440866291362,3.3806928672993926e-12
336,Phe_596,Other disorders of bladder,genitourinary,0.00021678979411369613,2.622339644518179,0.011618560522504573,1.775074219983279e-16
337,Phe_596.1,Bladder neck obstruction,genitourinary,6.050273608113287e-05,2.1218341299267394,0.003931964884650241,0.005315271632324578
338,Phe_596.5,Functional disorders of bladder,genitourinary,7.346178563567391e-05,1.4037214310114197,0.0012759878863515433,0.36572230892792257
339,Phe_597,Other disorders of urethra and urinary tract,genitourinary,-8.565706694262075e-05,2.3418236216582744,0.0030367335361071624,0.03134487943765263
340,Phe_597.1,Urethral stricture (not specified as infectious),genitourinary,-7.858612136168217e-05,1.8571137439832488,0.004090208787974173,0.003738117246683063
341,Phe_598,Abnormal findings on examination of urine,genitourinary,5.367387518060244e-05,2.024914534986805,0.004793256824089802,0.0006792133023337374
342,Phe_599,Other symptoms__disorders or the urinary system,genitourinary,-4.164665122948655e-06,2.165999003219332,0.00782552040866982,2.8995929689823018e-08
343,Phe_599.2,Retention of urine,genitourinary,7.350733294464932e-05,2.094273555943869,0.007934214463923481,1.8610240964803382e-08
344,Phe_599.3,Dysuria,genitourinary,4.21500535151984e-05,2.92491199885915,0.0055161934923418235,9.21752689557685e-05
345,Phe_599.4,Urinary incontinence,genitourinary,-0.0011309243992130105,1.609708349376287,0.004659574426211335,0.0009563265191670673
346,Phe_599.5,Frequency of urination and polyuria,genitourinary,4.15986906789726e-05,2.3118824977283965,0.006711145622486711,1.9609173217143725e-06
347,Phe_599.9,Other abnormality of urination,genitourinary,1.7082255466036543e-05,2.2089976745310596,0.004152601275441195,0.0032433074378618726
348,Phe_611.3,Lump or mass in breast,genitourinary,-3.759887578923013e-05,2.679502308676415,0.0052354820226023745,0.00020617875081783792
349,Phe_613,Other nonmalignant breast conditions,genitourinary,0.0009190024321798004,0.0,-0.0002917257744742061,0.8361685144752926
350,Phe_681,Superficial cellulitis and abscess,dermatologic,-5.764664754181779e-06,1.705870171841371,0.0013230566205710813,0.3483055729262091
351,Phe_681.3,Cellulitis and abscess of arm__hand,dermatologic,1.0594609005693342e-05,1.2383570184725912,0.0014942329260198546,0.2894979491543454
352,Phe_686,Other local infections of skin and subcutaneous tissue,dermatologic,-8.392222595869638e-05,1.4316189485448507,0.0013507476015244698,0.33830968101410075
353,Phe_686.1,Carbuncle and furuncle,dermatologic,-7.300113818711904e-05,1.7266471153744676,0.002932339371377238,0.03764825116866502
354,Phe_687,Symptoms affecting skin,dermatologic,-2.9127012611231555e-05,1.1559412488641982,0.0002049254961503784,0.8845005582529943
355,Phe_687.1,Rash and other nonspecific skin eruption,dermatologic,-0.0002621828096300444,2.3062660203576626,0.005171135896948648,0.00024665442093514846
356,Phe_687.4,Disturbance of skin sensation,dermatologic,0.00012631552421595027,1.016916258942956,7.523278869017941e-05,0.9574685187353142
357,Phe_689,Disorder of skin and subcutaneous tissue NOS,dermatologic,0.011441583311897924,2.619047977013547,0.010275079911648095,3.2423242997364377e-13
358,Phe_695,Erythematous conditions,dermatologic,-8.632129712002813e-06,1.1499551807997612,0.0006268410086725566,0.6567885419556317
359,Phe_696,Psoriasis and related disorders,dermatologic,-2.940148694452674e-05,1.6843056121174949,0.0027962084665542784,0.04746092701902727
360,Phe_696.4,Psoriasis,dermatologic,-3.399277317878574e-05,1.753609957753252,0.002547812188647678,0.07090568478166016
361,Phe_696.41,Psoriasis vulgaris,dermatologic,-7.136676243496154e-05,1.7640076450740239,0.002701648339938968,0.05547566543069958
362,Phe_701,Other hypertrophic and atrophic conditions of skin,dermatologic,0.018255522168952758,1.0827678935041039,0.0002758211739657204,0.8449839312462882
363,Phe_701.2,Scar conditions and fibrosis of skin,dermatologic,0.01870650968182296,3.420605691213359,0.009455719508550675,2.0409323595348887e-11
364,Phe_702,Degenerative skin conditions and other dermatoses,dermatologic,0.013527308749214366,0.0,-0.00022805093990668285,0.87157407128158
365,Phe_702.1,Actinic keratosis,dermatologic,0.016954204497272782,2.191215558740236,0.0051024461164294755,0.00029801948908420045
366,Phe_702.2,Seborrheic keratosis,dermatologic,0.005889642345979168,1.472493796540597,0.002139071828268981,0.12943482573113646
367,Phe_703,"Diseases of nail, NOS",dermatologic,0.0003123697734221747,2.4867498379298567,0.0023075314393306424,0.10189161327137307
368,Phe_704,Diseases of hair and hair follicles,dermatologic,0.00024736943647220294,1.0795628310057723,0.0004488963022005569,0.7503249033313236
369,Phe_706,Diseases of sebaceous glands,dermatologic,0.00024696797905203943,1.4515130500917948,0.003387024385301169,0.016351195590594787
370,Phe_706.2,Sebaceous cyst,dermatologic,0.00022756178116645605,1.428618134882954,0.0031998163025741037,0.023312588885764794
371,Phe_707,Chronic ulcer of skin,dermatologic,-0.0006078826334707575,2.5226819481939153,0.004699835705058756,0.0008634509456666938
372,Phe_709,Diffuse diseases of connective tissue,dermatologic,-4.0978105813380864e-05,1.2594583756281565,0.0011356791125677612,0.42078864792500303
373,Phe_709.7,Unspecified diffuse connective tissue disease,dermatologic,-5.848465988307266e-05,1.0290696483791035,0.00010738787890355522,0.9393200588437415
374,Phe_714,Rheumatoid arthritis and other inflammatory polyarthropathies,musculoskeletal,-0.00012580650840204841,1.3810754691830849,0.0006480769277549533,0.6459433570361547
375,Phe_714.1,Rheumatoid arthritis,musculoskeletal,-0.00012904489566516376,1.0524284256309115,0.00022916852520601453,0.8709502112798135
376,Phe_715,Other inflammatory spondylopathies,musculoskeletal,0.00022096728715198923,4.714173808217122,0.005921235224589946,2.6994065326398482e-05
377,Phe_716,Other arthropathies,musculoskeletal,9.04387166790125e-05,0.0,-0.0006772648840970213,0.6311594202046549
378,Phe_716.2,Unspecified monoarthritis,musculoskeletal,-0.00011075866833230913,1.3954226320880143,0.0042770002884109865,0.0024304495715560797
379,Phe_716.9,Arthropathy NOS,musculoskeletal,-5.508976870965226e-05,1.4718983229269726,0.00661719949807973,2.721219445792933e-06
380,Phe_717,Polymyalgia Rheumatica,musculoskeletal,-0.0002868359110301019,2.5818575573815346,0.004825985411791802,0.000623830694227539
381,Phe_720,Spinal stenosis,musculoskeletal,2.953647541767627e-05,1.131148943258532,0.0003019914875990622,0.8304893889555099
382,Phe_721,Spondylosis and allied disorders,musculoskeletal,-3.2782366140875166e-05,2.8179138519670652,0.005081170349012059,0.000315859362321431
383,Phe_721.1,Spondylosis without myelopathy,musculoskeletal,-2.7370688871007587e-05,2.609805500012984,0.004228295534165133,0.002723444391570438
384,Phe_722,Intervertebral disc disorders,musculoskeletal,-6.293775482317617e-05,1.1155056387758024,0.0007954094616257398,0.572859445747574
385,Phe_722.6,Degeneration of intervertebral disc,musculoskeletal,-7.468496015311982e-06,0.8771695547514187,-0.0005580966074934602,0.6923851848543171
386,Phe_722.9,Other and unspecified disc disorder,musculoskeletal,-1.2612446505261252e-05,1.092675817943972,0.0004877855213239033,0.7295091491575083
387,Phe_724,Other and unspecified disorders of back,musculoskeletal,-2.995919265877689e-05,1.1591169116358033,0.0002954116506379989,0.8341284408744227
388,Phe_726,Peripheral enthesopathies and allied syndromes,musculoskeletal,1.3365951054121626e-06,1.3251429970862412,0.0024892712294450527,0.07763393282420768
389,Phe_726.1,Enthesopathy,musculoskeletal,-1.3818303260268254e-05,1.3708390483027553,0.0025557042934657337,0.07003634245714517
390,Phe_727,"Other disorders of synovium, tendon, and bursa",musculoskeletal,-2.0465930342871085e-05,0.6456290066341736,-0.0008820480806940083,0.5317996621862344
391,Phe_727.1,Synovitis and tenosynovitis,musculoskeletal,-3.56019996096951e-05,0.9849280556415114,-6.087557628265884e-05,0.965579475201827
392,Phe_727.4,"Ganglion and cyst of synovium, tendon, and bursa",musculoskeletal,2.818512171834974e-06,1.6809504216551092,0.0029791030059691742,0.034702434366787535
393,Phe_728,"Disorders of muscle, ligament, and fascia",musculoskeletal,-0.00011370108736901492,16.438385292289574,0.009315609709871109,4.00918388537859e-11
394,Phe_728.7,Fasciitis,musculoskeletal,-0.00010533835372106821,3.56550892255295,0.0033248490785090425,0.01842791410428768
395,Phe_728.71,Contracture of palmar fascia [Dupuytren's disease],musculoskeletal,-9.422343373548145e-05,1.4249993442232447,0.0017480644628622244,0.2152867755475731
396,Phe_729,Other disorders of soft tissues,musculoskeletal,0.00011803236226455335,0.7906031652131775,-0.0005770181750626631,0.6825152399494694
397,Phe_729.1,"Rheumatism, unspecified and fibrositis",musculoskeletal,2.7358759327506818e-05,1.79539810993801,0.0011862260306527012,0.40041224234470496
398,Phe_733,Other disorders of bone and cartilage,musculoskeletal,6.2798845732327524e-06,3.870812438857178,0.0068432739136695024,1.2279318053099683e-06
399,Phe_733.8,Malunion and nonunion of fracture,musculoskeletal,9.036331082631383e-06,0.0,-0.0010224037386924992,0.4686019008801553
400,Phe_735,Acquired foot deformities,musculoskeletal,0.0002535551456335781,0.0,-0.0009846826949979177,0.4851670406847872
401,Phe_735.2,Acquired toe deformities,musculoskeletal,0.0001526588607685302,1.5690007147362262,0.0021341487347218474,0.130319161836387
402,Phe_735.21,Hammer toe (acquired),musculoskeletal,0.0005154203947227396,0.6264566530592909,-0.0013367120423513768,0.34335299902109784
403,Phe_735.23,Hallux rigidus,musculoskeletal,0.00020548217180402865,1.0260665268371412,8.143587650098393e-05,0.9539654618819828
404,Phe_735.3,Hallux valgus (Bunion),musculoskeletal,0.00012980747358141636,1.033538384186562,0.00022052168846711334,0.8757791238355264
405,Phe_736,Other acquired deformities of limbs,musculoskeletal,-1.9748716809204588e-05,3.2044447278640433,0.0030136949527672864,0.03265210415136458
406,Phe_737,Curvature of spine,musculoskeletal,9.944549587699962e-06,11.719959884317568,0.004422733166877933,0.0017175082569177262
407,Phe_737.3,Kyphoscoliosis and scoliosis,musculoskeletal,9.282212812440905e-06,2.3570869041085607,0.002498645053547134,0.07652287028073962
408,Phe_738,Other acquired musculoskeletal deformity,musculoskeletal,2.944175987652604e-05,0.8628191325877963,-0.0002086844835377925,0.8823972003329471
409,Phe_738.4,Acquired spondylolisthesis,musculoskeletal,2.0451619244731977e-05,0.0,-0.001380884998475742,0.3276421971885345
410,Phe_740,Osteoarthrosis,musculoskeletal,4.492970255891807e-05,1.2251288151834399,0.0028630422782837048,0.04240324807109167
411,Phe_740.1,Osteoarthritis; localized,musculoskeletal,6.10187416929042e-05,1.195914273909956,0.0016232171092477477,0.24987323445008275
412,Phe_740.11,"Osteoarthrosis, localized, primary",musculoskeletal,3.72615047406344e-05,1.116186655649292,0.0008750592031862159,0.5350557331427118
413,Phe_740.9,Osteoarthrosis NOS,musculoskeletal,-2.4455399235830785e-05,1.3931273070037864,0.002510485042922098,0.07513806476657624
414,Phe_741,Symptoms and disorders of the joints,musculoskeletal,-0.00010978269263905832,1.7702876468619542,0.0014172482098589983,0.31506489956511824
415,Phe_741.4,Joint effusions,musculoskeletal,-0.0002913091833072777,1.128124480843402,0.00017043562079436028,0.9038356683155622
416,Phe_742,"Derangement of joint, non-traumatic",musculoskeletal,-1.1150733029951947e-05,8.438371116708648,0.0036167227888927672,0.010353034388452914
417,Phe_742.9,Other derangement of joint,musculoskeletal,-2.6399565019506943e-05,1.709902961845724,0.001535024339822943,0.27653346223939823
418,Phe_743,"Osteoporosis, osteopenia and pathological fracture",musculoskeletal,1.709797636553486e-06,1.8191953062211235,0.004485364631856858,0.001474912767542959
419,Phe_743.1,Osteoporosis,musculoskeletal,-1.8578237653763806e-05,1.931795999246511,0.004949148826810904,0.0004509039997376049
420,Phe_743.11,Osteoporosis NOS,musculoskeletal,-1.074469261866361e-05,1.9334353373314113,0.004955728771668648,0.00044306183772844143
421,Phe_745,Pain in joint,musculoskeletal,0.00039794481904595254,1.0249033744990261,8.531147257296517e-05,0.9517772515862681
422,Phe_747,Cardiac and circulatory congenital anomalies,congenital anomalies,-2.1940344739730977e-05,0.0,-0.0004294176863495195,0.760820811583571
423,Phe_747.1,Cardiac congenital anomalies,congenital anomalies,-2.3947894767029e-05,4.219185558354324,0.0038350151693515235,0.006556816016137049
424,Phe_747.13,Congenital anomalies of great vessels,congenital anomalies,-9.097334497703891e-06,1.7428649466523887,0.0027610399055698807,0.050320030288829844
425,Phe_751,Genitourinary congenital anomalies,congenital anomalies,0.0,1.1709118108291372,0.00054760445224579,0.697880874459599
426,Phe_939,Atopic__contact dermatitis due to other or unspecified,dermatologic,0.00021030663057641463,0.9915829749363864,-3.388130582908736e-05,0.9808385855959549
