,PheCode,description,category,f_score,RR,phi,pval
0,Phe_112,Candidiasis,infectious diseases,2.101725347013972e-05,2.0253386896862158,0.005108804879930125,0.00029287361532077683
1,Phe_153,Colorectal cancer,neoplasms,-2.966305943476901e-06,0.0,-0.0005052459024483168,0.7202267518139513
2,Phe_153.2,Colon cancer,neoplasms,5.992225420790459e-06,1.0490107561674433,0.0002716808254734631,0.8472820303762727
3,Phe_153.3,"Malignant neoplasm of rectum, rectosigmoid junction, and anus",neoplasms,-5.015574281583837e-06,0.7807455307618446,-0.0009947305825620677,0.4807237828909785
4,Phe_158,Neoplasm of unspecified nature of digestive system,neoplasms,6.794338839117452e-06,0.9160171061074491,-0.00027770849696715134,0.8439368095208396
5,Phe_159,Malignant neoplasm of other and ill-defined sites within the digestive organs and peritoneum,neoplasms,8.332650686354789e-06,0.9970848627157924,-2.1195680519134492e-05,0.9880121803822969
6,Phe_165,Cancer within the respiratory system,neoplasms,0.00025872297909675476,2.5332094999704253,0.0052812265148482595,0.00018129343940510818
7,Phe_165.1,Cancer of bronchus; lung,neoplasms,0.0002491371973603768,1.394994725445561,0.002012531005476725,0.1536858326400283
8,Phe_172,Skin cancer,neoplasms,-2.986484070131819e-05,0.930791575560795,-0.0008207672943295329,0.5606874048820163
9,Phe_172.2,Other non-epithelial cancer of skin,neoplasms,-3.237540612920473e-05,0.8861432507164652,-0.001215948980174162,0.3887122447081228
10,Phe_174,Breast cancer,neoplasms,-0.00011303146961631245,1.224278859161695,0.002542982726172278,0.07144201684548589
11,Phe_189,Cancer of urinary organs (incl. kidney and bladder),neoplasms,-3.242279543424649e-06,1.2708061706193097,0.0014461569579757682,0.30529536083202286
12,Phe_189.11,"Malignant neoplasm of kidney, except pelvis",neoplasms,1.4686887275218756e-08,1.5710252674624363,0.0018235929780691309,0.196115211760128
13,Phe_189.2,Cancer of bladder,neoplasms,-1.0297758832210364e-05,0.7894401968998743,-0.0005806756577433506,0.6806135912402631
14,Phe_189.21,Malignant neoplasm of bladder,neoplasms,-2.241564789332063e-05,0.8724556764131229,-0.0005806122212212415,0.6806465567747502
15,Phe_195,"Cancer, suspected or other",neoplasms,-5.674223063963576e-06,1.2152032138117295,0.0006175979691695415,0.6615318141070515
16,Phe_195.1,"Malignant neoplasm, other",neoplasms,-6.5018907165568676e-06,1.5812800456944318,0.007537895684812249,9.11713555214678e-08
17,Phe_197,Chemotherapy,neoplasms,4.5473139939682505e-05,2.0514928094403633,0.01485992124340821,5.996763607758793e-26
18,Phe_198,Secondary malignant neoplasm,neoplasms,-3.948216935774144e-05,1.2958540818352722,0.0010406372850549062,0.46070830469386437
19,Phe_198.1,Secondary malignancy of lymph nodes,neoplasms,-4.680456972227231e-05,1.3461673491785888,0.0026204121776034514,0.06323357957254896
20,Phe_198.2,Secondary malignancy of respiratory organs,neoplasms,-1.7784886428542135e-05,1.1018106790155942,0.0005147310448029013,0.7152013320785948
21,Phe_198.3,Secondary malignant neoplasm of digestive systems,neoplasms,-6.089361493084612e-05,1.6113159751170398,0.0025527613919044275,0.07035948480551811
22,Phe_198.4,Secondary malignant neoplasm of liver,neoplasms,-6.2978666565754814e-06,1.2097295796468934,0.0011481596353889634,0.4157017223197569
23,Phe_198.6,Secondary malignancy of bone,neoplasms,-6.5530995119129715e-06,1.138971241545631,0.0006909662641488506,0.6242696615103485
24,Phe_199,Neoplasm of uncertain behavior,neoplasms,9.335729680748144e-06,1.5788803937997486,0.0019562796995831293,0.16551576558993375
25,Phe_202,"Cancer of other lymphoid, histiocytic tissue",neoplasms,3.648088647491987e-05,3.3521876726109316,0.008133016624834597,8.147393976008301e-09
26,Phe_202.2,Non-Hodgkins lymphoma,neoplasms,3.0957430310444675e-05,2.4553747877187417,0.005580233936728189,7.630635978870653e-05
27,Phe_204,Leukemia,neoplasms,1.9808102888509863e-05,4.385778871665969,0.00722939409268556,2.978580988212714e-07
28,Phe_208,Benign neoplasm of colon,neoplasms,-6.89768287082679e-07,1.2787225086751686,0.004192404056603066,0.0029596331357355735
29,Phe_211,Benign neoplasm of other parts of digestive system,neoplasms,4.3673882745685394e-05,1.1968280205018766,0.0015169647595687295,0.2822235818668295
30,Phe_214,Lipoma,neoplasms,2.6940943485117062e-05,1.017240394287226,7.265197840454994e-05,0.9589262202410253
31,Phe_214.1,Lipoma of skin and subcutaneous tissue,neoplasms,2.603812138485211e-05,1.421885439489205,0.002891499433020746,0.040392410163147666
32,Phe_215,Other benign neoplasm of connective and other soft tissue,neoplasms,-2.5376501895174823e-05,1.5468879387038286,0.0017601231603047004,0.21213848665021445
33,Phe_216,Benign neoplasm of skin,neoplasms,-1.051253001597074e-05,1.482769942098287,0.004391184643500773,0.001853139602261178
34,Phe_228,"Hemangioma and lymphangioma, any site",neoplasms,-5.81816544508086e-06,1.2094487696237628,0.0008091320783660021,0.5662568725101422
35,Phe_229,Benign neoplasm of unspecified sites,neoplasms,1.2011541002304239e-05,1.809729090183983,0.0037188466427451206,0.008383950661494772
36,Phe_241,Nontoxic nodular goiter,endocrine/metabolic,-0.0001186736074234199,0.0,-0.00036205200737753854,0.7974495119559039
37,Phe_242,Thyrotoxicosis with or without goiter,endocrine/metabolic,4.296705328849319e-05,2.4121783794162823,0.005463082939690365,0.00010765089270967783
38,Phe_244,Hypothyroidism,endocrine/metabolic,5.2548039139556267e-05,1.9381810427668411,0.011806736824803196,5.772506082990248e-17
39,Phe_244.1,Secondary hypothyroidism,endocrine/metabolic,4.285490968657056e-05,1.7938453300447847,0.0027828475113438255,0.04853062240860861
40,Phe_244.4,Hypothyroidism NOS,endocrine/metabolic,5.152073103226418e-05,1.978915761857982,0.012011944956906124,1.662113089555496e-17
41,Phe_250.1,Type 1 diabetes,endocrine/metabolic,5.74764157325629e-05,2.8629706949865303,0.009628026418612748,8.779262408238414e-12
42,Phe_250.2,Type 2 diabetes,endocrine/metabolic,0.0002885678880755516,1.848820507498034,0.012571564555167914,5.011618276525985e-19
43,Phe_250.23,Type 2 diabetes with ophthalmic manifestations,endocrine/metabolic,6.051112527560766e-05,2.0286388473408947,0.004091576030337618,0.003726576664105146
44,Phe_250.7,Diabetic retinopathy,endocrine/metabolic,5.782705992315634e-05,1.9971463943420709,0.0039976031067671235,0.004599686438623044
45,Phe_260,Protein-calorie malnutrition,endocrine/metabolic,-7.722330618833275e-06,4.30746139181479,0.00503727446443544,0.00035587070823371386
46,Phe_261,Vitamin deficiency,endocrine/metabolic,2.8758511937049137e-06,0.0,-0.0004983709922932385,0.7238768030257987
47,Phe_272,Disorders of lipoid metabolism,endocrine/metabolic,4.9171837415385706e-05,1.572340397625317,0.011663322086637394,1.3610131658926506e-16
48,Phe_272.1,Hyperlipidemia,endocrine/metabolic,4.89860704534557e-05,1.9578170613945325,0.007097878769488687,4.864899529331581e-07
49,Phe_272.11,Hypercholesterolemia,endocrine/metabolic,4.893983955605514e-05,1.5794399547462832,0.011321622375659634,1.008153782004419e-15
50,Phe_274,Gout and other crystal arthropathies,endocrine/metabolic,6.133610107546233e-05,1.189567419986112,0.0009547267900185361,0.498544752955854
51,Phe_274.1,Gout,endocrine/metabolic,6.528481834929324e-05,1.1689960459426532,0.0007989479372332024,0.5711534329569893
52,Phe_275,Disorders of mineral metabolism,endocrine/metabolic,-6.991635315085661e-07,0.0,-0.000332240716097829,0.8138076041308153
53,Phe_275.5,Disorders of calcium__phosphorus metabolism,endocrine/metabolic,2.9013731864708862e-05,1.6963641240434166,0.0025105397341871082,0.07513171587192129
54,Phe_276,"Disorders of fluid, electrolyte, and acid-base balance",endocrine/metabolic,5.193750122339734e-05,2.3252530324102905,0.01287568951586393,7.002087724832755e-20
55,Phe_276.1,Electrolyte imbalance,endocrine/metabolic,3.306408248119184e-05,1.2060891897081412,0.0002652470222518323,0.8508556821432854
56,Phe_276.12,Hyposmolality and__or hyponatremia,endocrine/metabolic,3.509796218509725e-05,1.9826123666435198,0.0048480792307528525,0.0005888517100116229
57,Phe_276.14,Hypopotassemia,endocrine/metabolic,1.118513787945404e-05,2.4404737269754175,0.006266074209879643,8.916743546397219e-06
58,Phe_276.5,Hypovolemia,endocrine/metabolic,7.880621328664216e-05,2.4868812063512524,0.008780877387442074,4.826118618888188e-10
59,Phe_277,Other disorders of metabolism,endocrine/metabolic,8.779708589067068e-06,2.306465382708796,0.0042174321611381715,0.0027930481638316434
60,Phe_278,"Overweight, obesity and other hyperalimentation",endocrine/metabolic,0.00031517441849934216,0.0,-0.00016611837451435647,0.9062601893585542
61,Phe_278.1,Obesity,endocrine/metabolic,0.0003129127508313397,2.292166378773274,0.01516197397578302,6.020146824948073e-27
62,Phe_280,Iron deficiency anemias,hematopoietic,6.06473604734964e-05,1.9004260535595112,0.008673384937099,7.824198852275386e-10
63,Phe_280.1,"Iron deficiency anemias, unspecified or not due to blood loss",hematopoietic,5.868637613384154e-05,1.9848254565122019,0.009277205227947453,4.8161188220908275e-11
64,Phe_281,Other deficiency anemia,hematopoietic,5.346684500331307e-05,0.0,-0.00024917880146768114,0.85979399804961
65,Phe_281.1,Megaloblastic anemia,hematopoietic,9.214287362188713e-05,0.0,-0.000332240716097829,0.8138076041308153
66,Phe_285,Other anemias,hematopoietic,4.672079657756598e-05,1.803149880092877,0.00915134663193785,8.739489429348941e-11
67,Phe_287,Purpura and other hemorrhagic conditions,hematopoietic,3.581395164286533e-05,1.916962950529496,0.0009360336726310133,0.506991057506909
68,Phe_287.3,Thrombocytopenia,hematopoietic,3.0233434702151926e-05,1.7170226724465878,0.0026840632196121197,0.057084096008859636
69,Phe_288,Diseases of white blood cells,hematopoietic,3.496836347946374e-05,1.2640236049342966,0.000664312820431202,0.6377020003836046
70,Phe_289,Other diseases of blood and blood-forming organs,hematopoietic,-7.334378318833299e-05,1.5417385114777837,0.0012340148877748932,0.3817036704391621
71,Phe_289.4,Lymphadenitis,hematopoietic,-6.745050023627246e-05,1.7788926101889992,0.0041430393790155,0.003315046301945276
72,Phe_290,Delirium dementia and amnestic and other cognitive disorders,mental disorders,0.0002499710998267277,2.0442189656070195,0.0023094061485254636,0.1016136703681011
73,Phe_292,Neurological disorders,mental disorders,7.863303213040174e-05,3.4624570039468177,0.005918604291026552,2.7217170193439867e-05
74,Phe_292.1,Aphasia__speech disturbance,mental disorders,2.845663199242958e-05,3.1228201426468054,0.008676640571752096,7.711175196931815e-10
75,Phe_292.4,Altered mental status,mental disorders,0.00010318696844316858,2.1969067679583,0.006168680354107905,1.2262971690859006e-05
76,Phe_293,Symptoms involving head and neck,mental disorders,1.35296160355173e-05,0.9254538720318242,-0.0003294352772574617,0.8153513175379918
77,Phe_296,Mood disorders,mental disorders,3.388265769194855e-05,2.539135136227666,0.001365099775647982,0.333202043581751
78,Phe_296.1,Bipolar,mental disorders,0.0006096485118445072,2.528047209868593,0.005089595794160262,0.0003086782295515437
79,Phe_296.2,Depression,mental disorders,2.5531975307956115e-05,2.5844768350888745,0.0031160755869330723,0.027180855452403424
80,Phe_300,Anxiety disorders,mental disorders,1.4450832502699954e-05,2.804858580716608,0.003407038736950986,0.015727929645858257
81,Phe_300.1,Anxiety disorder,mental disorders,4.9537368468635815e-05,2.4538143865780997,0.012066496148130604,1.1895875525938272e-17
82,Phe_306,Other mental disorder,mental disorders,0.00012593084654359183,1.67754542502871,0.01267416582836348,2.593259570928283e-19
83,Phe_317,Alcohol-related disorders,mental disorders,0.004198363847081447,2.2157291676907005,0.009086485466172524,1.1844882273074215e-10
84,Phe_317.1,Alcoholism,mental disorders,0.0016319792570157307,2.378751479540388,0.01291884737765804,5.2761080538579315e-20
85,Phe_318,Tobacco use disorder,mental disorders,0.0002267596150697619,2.2842018896184624,0.01850111345218645,2.663507041393878e-39
86,Phe_327,Sleep disorders,neurological,9.527277307179852e-05,1.0564284873355982,0.00017371505835404394,0.901994567765948
87,Phe_327.3,Sleep apnea,neurological,0.00010007848952497233,1.8136151009453618,0.005637000742823646,6.443380671935709e-05
88,Phe_331,Other cerebral degenerations,neurological,7.344783845328753e-05,3.5128811350722566,0.004238230895352217,0.0026611778606494335
89,Phe_332,Parkinson's disease,neurological,-4.515697529317279e-05,1.1948871229306663,0.0007139783870265576,0.6127718101203983
90,Phe_334,Degenerative disease of the spinal cord,neurological,9.157122555920845e-06,2.0880894898463764,0.0042657158210668514,0.002495642702491194
91,Phe_335,Multiple sclerosis,neurological,-3.6900282403409925e-05,2.613647002527801,0.005651886473288642,6.16230457280047e-05
92,Phe_339,Other headache syndromes,neurological,3.681354841861739e-05,2.43503351858192,0.012811157419032269,1.0672476423940221e-19
93,Phe_340,Migraine,neurological,1.213523616792944e-06,2.660616265771436,0.009022628215929654,1.5946065156816023e-10
94,Phe_342,Hemiplegia,neurological,3.673757587730176e-05,2.7063464744670487,0.007046709544511647,5.874682613187438e-07
95,Phe_345,"Epilepsy, recurrent seizures, convulsions",neurological,6.427802191017749e-06,2.141892007092682,0.00655383050143511,3.386123659024367e-06
96,Phe_345.3,Convulsions,neurological,1.3271877823334764e-05,1.563717076692428,0.002711716518002648,0.05457189847219412
97,Phe_348,Other conditions of brain,neurological,4.076016953381708e-06,0.0,-0.0012571950721483888,0.37282543173009575
98,Phe_350,Abnormal movement,neurological,-1.1649445386105084e-05,2.724342640281919,0.010280393180978327,3.1529785174633307e-13
99,Phe_350.2,Abnormality of gait,neurological,-2.8470963230273287e-05,2.691829561654872,0.008007063694052253,1.3780740160946409e-08
100,Phe_351,Other peripheral nerve disorders,neurological,5.3418964280837764e-05,1.6175784426673896,0.00680418130916145,1.4115718256172631e-06
101,Phe_352,Disorders of other cranial nerves,neurological,1.0729006889111811e-05,2.7307679766976785,0.0014802107126162729,0.2940476015188934
102,Phe_353,Nerve root and plexus disorders,neurological,4.6427448690351876e-05,2.1956617360047073,0.003956236327919622,0.005039711554554645
103,Phe_357,Inflammatory and toxic neuropathy,neurological,9.979075879573079e-06,3.436876846661722,0.00967385677358087,6.9974574985906984e-12
104,Phe_361,Retinal detachments and defects,sense organs,-4.6000125119545496e-05,1.1148723602344164,0.0005113500197537191,0.7169912651694136
105,Phe_361.1,Retinal detachment with retinal defect,sense organs,-1.59471197840133e-05,0.8802678323262664,-0.0004426032577291253,0.7537109188041677
106,Phe_362,Other retinal disorders,sense organs,-1.188095269051293e-05,0.7812723496085126,-0.0007004144549640792,0.6195376439642272
107,Phe_362.2,Degeneration of macula and posterior pole of retina,sense organs,-1.3289709532236926e-05,1.31873077690184,0.0016706195372439244,0.2363102528082772
108,Phe_362.29,Macular degeneration (senile) of retina NOS,sense organs,-1.4134462218814624e-05,1.31873077690184,0.0016706195372439244,0.2363102528082772
109,Phe_365,Glaucoma,sense organs,5.433353310142873e-05,1.07879907193952,0.000505835615486669,0.719913954667232
110,Phe_365.1,Open-angle glaucoma,sense organs,5.5935812304337685e-05,0.7723089795356295,-0.0008202154959270403,0.5609509357861369
111,Phe_365.11,Primary open angle glaucoma,sense organs,5.678791161717451e-05,0.775204621130032,-0.0008082650036732509,0.5666729785884741
112,Phe_366,Cataract,sense organs,4.401435959354042e-05,1.2931926624252115,0.004120277451538253,0.003491670514353553
113,Phe_366.2,Senile cataract,sense organs,3.217042281065106e-05,1.079145110823342,0.0008179927867042801,0.5620130761826427
114,Phe_367,Disorders of refraction and accommodation; blindness and low vision,sense organs,-9.70821258246526e-05,2.024205633076601,0.0010174262321768698,0.4707696785990194
115,Phe_367.1,Myopia,sense organs,-0.00018469760594669158,0.6954863179479912,-0.001156191914899731,0.4124471473091884
116,Phe_368,Visual disturbances,sense organs,9.708240500019826e-06,2.9661506293003117,0.006662604244874649,2.3239079137314266e-06
117,Phe_371,Inflammation of the eye,sense organs,-6.6069068410619e-06,2.024205633076601,0.0010174262321768698,0.4707696785990194
118,Phe_371.3,Inflammation of eyelids,sense organs,-8.227479760566899e-06,1.3165315594145874,0.001514809960438739,0.28290776887909813
119,Phe_374,Other disorders of eyelids,sense organs,0.011981094541338399,1.444555493376671,0.002405336562597714,0.08817889445637053
120,Phe_374.1,Ectropion or entropion,sense organs,-1.6476493929076828e-05,1.0985252581781932,0.0003258995336182363,0.8172979072288021
121,Phe_374.3,Ptosis of eyelid,sense organs,0.06155715340012405,2.0475676489460626,0.0045215240368871,0.0013496505241062295
122,Phe_375,Disorders of lacrimal system,sense organs,2.254770162305537e-05,0.8190096356951,-0.000749571351150678,0.5951750179424855
123,Phe_378,Strabismus and other disorders of binocular eye movements,sense organs,1.103796811940553e-05,2.261417230702765,0.001185509428084906,0.4006969102704466
124,Phe_379,Other disorders of eye,sense organs,-1.358894507039185e-05,1.275160376783938,0.0004871873980940766,0.7298278395801459
125,Phe_379.2,Disorders of vitreous body,sense organs,-2.831228566695243e-06,1.2399584244500643,0.0009154714059548403,0.516368037254345
126,Phe_379.3,Aphakia and other disorders of lens,sense organs,-4.6937270898125114e-05,1.1653757423008364,0.0007830538448704575,0.5788353729022921
127,Phe_380,Disorders of external ear,sense organs,5.3121195383318996e-06,1.3112634452093044,0.0007689114472537235,0.5857112231199229
128,Phe_381,Otitis media and Eustachian tube disorders,sense organs,-7.873890512113209e-07,1.5662436552178771,0.0025650541695581377,0.0690177618978953
129,Phe_381.1,Otitis media,sense organs,7.985098659175138e-07,1.417935506444841,0.0013141039622739817,0.3515770564048155
130,Phe_384,Other disorders of tympanic membrane,sense organs,7.028993788037033e-06,1.7367684331797235,0.0013690462922400738,0.33180633119582625
131,Phe_384.4,Perforation of tympanic membrane,sense organs,9.928051895370377e-06,2.0794641201864508,0.0033497788552751258,0.017569016260782073
132,Phe_386,Vertiginous syndromes and other disorders of vestibular system,sense organs,2.86608109199825e-05,2.953687811530142,0.001606558360004821,0.2547664080579024
133,Phe_386.9,Dizziness and giddiness (Light-headedness and vertigo),sense organs,4.1908033902496003e-05,1.748291261951678,0.0053437053876982075,0.00015183953486745636
134,Phe_389,Hearing loss,sense organs,0.00030426993387759453,1.9782179543051892,0.0060108092716345375,2.0356383372356138e-05
135,Phe_394,Rheumatic disease of the heart valves,circulatory system,0.0002969527645652522,2.0712801826830334,0.0036499040202105804,0.009672260941394081
136,Phe_394.2,Mitral valve disease,circulatory system,0.00014671124694833596,2.283834678468178,0.007534196583115854,9.250021142939205e-08
137,Phe_394.3,Aortic valve disease,circulatory system,0.00015124580423154276,2.316781494354622,0.00505122492639217,0.00034266784297014074
138,Phe_394.7,Disease of tricuspid valve,circulatory system,-1.360766133102213e-06,3.114010230640091,0.007956557349787828,1.697671968297058e-08
139,Phe_395,Heart valve disorders,circulatory system,0.00014618494119465205,2.1881077318734703,0.008241335204049138,5.152569949547033e-09
140,Phe_395.1,Nonrheumatic mitral valve disorders,circulatory system,0.00014068459763786527,2.306465382708796,0.0075295354730050236,9.420137528886933e-08
141,Phe_395.6,Heart valve replaced,circulatory system,6.088894371177184e-05,2.379821161864615,0.005522168794207089,9.057209837021677e-05
142,Phe_396,Abnormal heart sounds,circulatory system,0.0,1.3694211970666064,0.001263896545965558,0.3702827296280693
143,Phe_401.1,Essential hypertension,circulatory system,0.0001398443527079208,1.5568498510510242,0.017663876558853653,5.627691213535163e-36
144,Phe_401.2,Hypertensive heart and__or renal disease,circulatory system,0.0003187358142430619,0.0,-0.0006271161847249127,0.6566475397880065
145,Phe_401.22,Hypertensive chronic kidney disease,circulatory system,0.00045614451534758304,2.3680673214673806,0.005190581522298227,0.00023369752957216278
146,Phe_402,Elevated blood pressure reading without diagnosis of hypertension,circulatory system,1.7920458617092465e-05,1.8353531147732585,0.003267471617699429,0.02054559349632932
147,Phe_411.1,Unstable angina (intermediate coronary syndrome),circulatory system,6.175333904748683e-05,2.2334334682031676,0.008549430916088046,1.3563076343043398e-09
148,Phe_411.2,Myocardial infarction,circulatory system,5.5282534702338555e-05,1.7901753305408592,0.008827736535932324,3.9025646987977483e-10
149,Phe_411.3,Angina pectoris,circulatory system,6.0118415009824855e-05,1.8547075049316804,0.01096766675935598,7.548985206476235e-15
150,Phe_411.4,Coronary atherosclerosis,circulatory system,5.1834927997464983e-05,1.5356862889073575,0.0076740105595277325,5.328431659050582e-08
151,Phe_411.8,"Other chronic ischemic heart disease, unspecified",circulatory system,5.544051258783823e-05,1.9577866748210027,0.012032785222105961,1.4629882070320823e-17
152,Phe_411.9,Other acute and subacute forms of ischemic heart disease,circulatory system,5.2970427795241827e-05,1.8628704316284161,0.0032276161602734534,0.02213871595516952
153,Phe_414,Other forms of chronic heart disease,circulatory system,3.5699119430568325e-05,2.317830780344565,0.006257407198063795,9.174914432289196e-06
154,Phe_415,Pulmonary heart disease,circulatory system,-6.739972250597332e-06,2.028311526855661,0.006323923826789468,7.363175518742026e-06
155,Phe_416,Cardiomegaly,circulatory system,1.4397576071778836e-05,2.4852086331085066,0.008243282745519992,5.110026754651756e-09
156,Phe_418,Nonspecific chest pain,circulatory system,0.00018326763397936863,1.7789116984160074,0.01367026471067696,3.2945153958966508e-22
157,Phe_418.1,Precordial pain,circulatory system,4.872984845790063e-05,2.5201236769106212,0.009623438838711914,8.980381996241674e-12
158,Phe_420,Carditis,circulatory system,-0.003919478504965494,19.29742703533026,0.005886106073006092,3.0121697110103016e-05
159,Phe_420.2,Pericarditis,circulatory system,-0.0026647420934603925,3.16624450493329,0.007511821184606968,1.0094712105777896e-07
160,Phe_425,Cardiomyopathy,circulatory system,3.478325456028289e-05,0.0,-0.0004472985390721344,0.7511841381379732
161,Phe_425.1,Primary__intrinsic cardiomyopathies,circulatory system,3.464112518260977e-05,2.3199742736679414,0.004422612491098274,0.0017180091924493496
162,Phe_426,Cardiac conduction disorders,circulatory system,5.0039822404793266e-05,1.171908524412769,0.000224459814700399,0.8735792531105461
163,Phe_426.2,Atrioventricular [AV] block,circulatory system,-3.401684241381464e-05,0.0,-0.0011719214346753851,0.40611767308906455
164,Phe_426.3,Bundle branch block,circulatory system,3.314420270131442e-05,1.7978969287574778,0.0014571864572535608,0.3016215429554358
165,Phe_426.31,Right bundle branch block,circulatory system,3.542233656247055e-05,2.0911660475548,0.004660088367787637,0.0009550847697861713
166,Phe_426.32,Left bundle branch block,circulatory system,2.5185321141055917e-05,1.944651699898918,0.0042937559057303004,0.0023365200213105054
167,Phe_426.9,Cardiac pacemaker__device in situ,circulatory system,5.6092388631874624e-05,3.435743685815477,0.0037151654647886944,0.008448652299720982
168,Phe_426.91,Cardiac pacemaker in situ,circulatory system,5.971278730376067e-05,1.6344957021051445,0.0032258248905889827,0.0222127738203685
169,Phe_427,Cardiac dysrhythmias,circulatory system,9.118510334001192e-05,1.567652032137059,0.009362117876655189,3.207653567561688e-11
170,Phe_427.1,"Paroxysmal tachycardia, unspecified",circulatory system,4.349769436398855e-05,1.8320342122148983,0.0008688083048426986,0.5379764763064355
171,Phe_427.11,Paroxysmal supraventricular tachycardia,circulatory system,2.9937554399792443e-05,1.5234810817365994,0.002551425712459819,0.07050655078872899
172,Phe_427.2,Atrial fibrillation and flutter,circulatory system,8.659647310197323e-05,1.5143919334747473,0.006448149085022463,4.854638141389681e-06
173,Phe_427.3,Other specified cardiac dysrhythmias,circulatory system,4.152108346361587e-05,1.7591263617778026,0.004526299013004108,0.0013338634571680359
174,Phe_427.4,Cardiac arrest and ventricular fibrillation,circulatory system,4.850265285781149e-06,1.9670665299996868,0.003519881377150112,0.012590016957712462
175,Phe_427.7,Tachycardia NOS,circulatory system,4.937113294242851e-05,2.2488677455157355,0.006249680210504625,9.411092692780623e-06
176,Phe_427.9,Palpitations,circulatory system,4.5678505656878117e-05,1.5323525967705343,0.0033475318909391865,0.017644964780170008
177,Phe_428,Congestive heart failure; nonhypertensive,circulatory system,5.679812104017853e-06,2.297569568767661,0.010285063768983152,3.0764399677775163e-13
178,Phe_428.1,Congestive heart failure (CHF) NOS,circulatory system,3.325790194600298e-05,2.407497134987141,0.00704645773827435,5.880119158781274e-07
179,Phe_428.2,Heart failure NOS,circulatory system,5.365553223477086e-05,2.1314065544544896,0.007953198848489046,1.7213052971435912e-08
180,Phe_430,Intracranial hemorrhage,circulatory system,-3.179399546139541e-05,1.5992342846958778,0.000669730563779173,0.6349618184116108
181,Phe_433,Cerebrovascular disease,circulatory system,7.338786094495406e-05,2.013644560208375,0.004046986355161894,0.004120119440817077
182,Phe_433.1,Occlusion and stenosis of precerebral arteries,circulatory system,6.037267068116574e-05,2.459475994698955,0.004748875532799035,0.0007616340023872004
183,Phe_433.2,Occlusion of cerebral arteries,circulatory system,5.268686154653781e-05,1.8518378028609448,0.004785236968364177,0.000693464644302024
184,Phe_433.21,"Cerebral artery occlusion, with cerebral infarction",circulatory system,3.815640697375513e-05,1.586379643021304,0.0025549841091278567,0.07011530879796758
185,Phe_433.3,Cerebral ischemia,circulatory system,8.754743713377316e-05,2.1380671999371597,0.003972574699103929,0.004861560956140064
186,Phe_433.31,Transient cerebral ischemia,circulatory system,7.040338161418881e-05,1.7021578894280203,0.0032365266470151,0.021773505291277452
187,Phe_433.8,Late effects of cerebrovascular disease,circulatory system,2.4764043891991562e-05,1.8637931014806344,0.0032302643642723844,0.02202962263671842
188,Phe_440,Atherosclerosis,circulatory system,0.00010382331222391328,3.3399392945763915,0.0031346538928473037,0.026277869993832408
189,Phe_442,Other aneurysm,circulatory system,0.0002318255964872507,6.158753309147956,0.0029376493078469134,0.03730339096844741
190,Phe_442.1,Aortic aneurysm,circulatory system,0.00023367485050278694,1.859495110470796,0.002183769427803224,0.12161761392652803
191,Phe_443,Peripheral vascular disease,circulatory system,5.074788140332306e-05,2.3831829864149014,0.009007567744890923,1.709935251438496e-10
192,Phe_443.1,Raynaud's syndrome,circulatory system,6.405998951079697e-06,2.262679886889645,0.004446336536813308,0.0016220713788537909
193,Phe_443.9,"Peripheral vascular disease, unspecified",circulatory system,7.857477800127146e-05,2.2574348607367476,0.00661096040898093,2.7806634583179174e-06
194,Phe_447,Other disorders of arteries and arterioles,circulatory system,0.00011143326334891574,1.7458468367307234,0.0017851363657187334,0.20571437632456263
195,Phe_451,Phlebitis and thrombophlebitis,circulatory system,-6.446560551084564e-06,2.1481365902037397,0.002215169340538367,0.11635042329306647
196,Phe_451.2,Phlebitis and thrombophlebitis of lower extremities,circulatory system,-5.0135300565633465e-06,2.2702855335682663,0.007573340954472684,7.934038509675516e-08
197,Phe_454,Varicose veins,circulatory system,-2.527683516506245e-05,2.3406582657408674,0.0030354764544866567,0.03141503102883279
198,Phe_454.1,Varicose veins of lower extremity,circulatory system,-2.6154809866732637e-05,1.4321783827614443,0.004362809618157507,0.001983462096451942
199,Phe_455,Hemorrhoids,circulatory system,7.827192105176666e-05,1.469256283098497,0.007242620246922239,2.833868976829168e-07
200,Phe_458,Hypotension,circulatory system,8.275389410065211e-06,3.3328889525613583,0.008089689144174255,9.7705270014567e-09
201,Phe_458.1,Orthostatic hypotension,circulatory system,1.4057796451237568e-05,2.608828726611629,0.006618156749038016,2.7122076736926703e-06
202,Phe_458.9,Hypotension NOS,circulatory system,7.33163560996844e-06,2.0886031228793,0.007103959546976289,4.75667135622546e-07
203,Phe_459,Other disorders of circulatory system,circulatory system,1.126911765045777e-05,2.851836507684275,0.0021919182331569986,0.12023309760923762
204,Phe_459.9,Circulatory disease NEC,circulatory system,1.4477392446010131e-05,2.1267112272306616,0.015279920541021383,2.4233686656138473e-27
205,Phe_465,Acute upper respiratory infections of multiple or unspecified sites,respiratory,1.8698844284492626e-05,3.4194208151971957,0.008884302298262493,3.0155691572123367e-10
206,Phe_470,Septal Deviations__Turbinate Hypertrophy,respiratory,-1.3737700197080078e-05,1.438913366346084,0.002849227195435455,0.04340958700350563
207,Phe_471,Nasal polyps,respiratory,6.550140770133395e-05,0.8849948899081376,-0.0006255253969799629,0.6574628395783756
208,Phe_473,Diseases of the larynx and vocal cords,respiratory,7.76521267570076e-06,1.9052466748563022,0.0034750233097468708,0.01376410678305941
209,Phe_473.4,Voice disturbance,respiratory,-7.884056249952017e-06,3.118776086518022,0.006791675077348518,1.4757028731615606e-06
210,Phe_474,Acute and chronic tonsillitis,respiratory,-4.5524620695827735e-06,0.5150558817258966,-0.0009554078282711239,0.49823845123191446
211,Phe_474.2,Chronic tonsillitis and adenoiditis,respiratory,-1.109963638464349e-06,1.04725544692458,0.00014611334081261938,0.9175058625341844
212,Phe_475,Chronic sinusitis,respiratory,5.095363355329614e-05,1.8680169268206903,0.00431945135804953,0.002198917274129916
213,Phe_476,Allergic rhinitis,respiratory,2.036351925595083e-05,2.382398399423489,0.0050723473984866175,0.0003235467349240856
214,Phe_477,Epistaxis or throat hemorrhage,respiratory,-4.2181192014959456e-05,2.4614065096084516,0.007235211056070366,2.9140774227536406e-07
215,Phe_479,Other upper respiratory disease,respiratory,-7.037001818570762e-07,1.9179657210354402,0.005807264900512336,3.844117863168875e-05
216,Phe_480,Pneumonia,respiratory,0.0002248601446471317,2.3627682878619374,0.009180255551621238,7.626819545636644e-11
217,Phe_480.1,Bacterial pneumonia,respiratory,0.00014530976010443516,2.8640640388847682,0.006037435110488152,1.8704416925018075e-05
218,Phe_480.11,Pneumococcal pneumonia,respiratory,0.0001399788602830436,2.146307014951562,0.009607451998600096,9.71714981498943e-12
219,Phe_495,Asthma,respiratory,7.050173971109504e-05,1.9420708558450306,0.015731458937441666,6.976807235201452e-29
220,Phe_496,Chronic airway obstruction,respiratory,0.0001593813223601726,2.0561394957938415,0.009770602662942244,4.320126211471789e-12
221,Phe_496.1,Emphysema,respiratory,0.00028112270361105405,3.0250020758085276,0.008884753800077354,3.009350176202976e-10
222,Phe_496.2,Chronic bronchitis,respiratory,0.00010705285308318842,1.234376995863343,0.0004217840151673206,0.7649463170562131
223,Phe_496.21,Obstructive chronic bronchitis,respiratory,9.04265306078375e-05,1.9531808740212813,0.005302440389777527,0.00017073766556196504
224,Phe_496.3,Bronchiectasis,respiratory,2.1198815554759383e-05,2.016513908061744,0.004759642214646769,0.0007408268972449259
225,Phe_506,Empyema and pneumothorax,respiratory,0.00013145742896956785,1.8598571616994704,0.0029600920087874565,0.035875370636542885
226,Phe_507,Pleurisy; pleural effusion,respiratory,7.914592843625942e-05,1.6511865925038463,0.005558157070278515,8.14598531570666e-05
227,Phe_508,Pulmonary collapse; interstitial and compensatory emphysema,respiratory,-1.1433250920444596e-05,2.585198151537406,0.007909458949441207,2.0598455942694267e-08
228,Phe_509.1,Respiratory failure,respiratory,0.00044541995420044496,2.5194899901059817,0.0070509771794546065,5.783277173678711e-07
229,Phe_509.2,Respiratory insufficiency,respiratory,0.00022142750525372905,2.7967285558449655,0.007762314827602167,3.742586851839518e-08
230,Phe_512,Other symptoms of respiratory system,respiratory,4.4304613069279473e-05,2.314242327304276,0.013283352070737145,4.6575492372406764e-21
231,Phe_512.7,Shortness of breath,respiratory,4.3461961009929115e-05,2.256105338851872,0.010192356496464907,5.000510340344113e-13
232,Phe_512.8,Cough,respiratory,3.6542554606370855e-05,2.1848499446944976,0.006732570910033777,1.8186341205747946e-06
233,Phe_514,Abnormal findings examination of lungs,respiratory,4.201669224940507e-05,1.2084587166034422,0.0011093707031305565,0.4316306013898521
234,Phe_516,Abnormal sputum,respiratory,7.151764216519172e-05,4.320319485521701,0.003192832496406585,0.023615843762955915
235,Phe_516.1,Hemoptysis,respiratory,6.980325860321016e-05,1.903099313148941,0.004149727687644877,0.0032647166542977926
236,Phe_519,"Other diseases of respiratory system, not elsewhere classified",respiratory,6.314166478232372e-05,3.96522473328704,0.0029763437663590108,0.03487061444279744
237,Phe_519.8,"Other diseases of respiratory system, NEC",respiratory,8.485995443946513e-05,2.4964329929275886,0.014868483843391025,5.621974809155429e-26
238,Phe_520,Disorders of tooth development,digestive,-1.8557418142574485e-05,23.15691244239631,0.013013730234398588,2.8227517701329465e-20
239,Phe_520.2,Disturbances in tooth eruption,digestive,-1.8555580514544104e-05,7.634985968478838,0.030442252423648824,2.499622027988608e-103
240,Phe_521,Diseases of hard tissues of teeth,digestive,-1.034789808307014e-06,9.64871351766513,0.003934694805333097,0.005283612943810553
241,Phe_521.1,Dental caries,digestive,-1.4346091212192633e-06,16.037316067137006,0.08662767356031044,0.0
242,Phe_522,Diseases of pulp and periapical tissues,digestive,0.28564804977990305,17.47691505086514,0.038617951308263,4.0842395854657133e-165
243,Phe_522.5,Periapical abscess,digestive,0.47411333401864447,289.4614055299539,0.9999999999999999,0.0
244,Phe_523,Gingival and periodontal diseases,digestive,5.003064407875832e-06,8.696265402187457,0.01691246228290943,4.0253448907724854e-33
245,Phe_523.3,Periodontitis (acute or chronic),digestive,3.6948917191210094e-06,0.0,-0.00027547807827957657,0.8451743165615049
246,Phe_525,Other diseases of the teeth and supporting structures,digestive,-2.3008421967335223e-06,16.05606233798963,0.07779088550122319,0.0
247,Phe_528,"Diseases of the oral soft tissues, excluding lesions specific for gingiva and tongue",digestive,-2.1193924488180916e-06,3.0674115739663077,0.009162408366891856,8.296153624537607e-11
248,Phe_529,Diseases and other conditions of the tongue,digestive,6.549099437730463e-06,1.7115234621135487,0.002176754906267154,0.12281936813267881
249,Phe_530,Diseases of esophagus,digestive,3.0162528358520997e-05,0.0,-0.002467487396696025,0.08026672080419203
250,Phe_530.1,"Esophagitis, GERD and related diseases",digestive,3.4839194477006164e-05,1.2771003743144171,0.002674091593761219,0.05801326427482932
251,Phe_530.11,GERD,digestive,0.00012088808698527528,1.6128706428853492,0.008026452091542437,1.271616619067222e-08
252,Phe_530.12,Ulcer of esophagus,digestive,5.79276527764826e-05,1.3194094355872035,0.0022028202462560285,0.11840013503936118
253,Phe_530.14,Reflux esophagitis,digestive,6.606956432328136e-06,1.573476534992703,0.005902634235361482,2.8609523526734452e-05
254,Phe_530.2,Esophageal bleeding (varices__hemorrhage),digestive,-1.606954675862274e-05,1.55504976109722,0.0023595768907123333,0.094397145398959
255,Phe_530.3,Stricture and stenosis of esophagus,digestive,0.0,1.3161938691463453,0.0014082684751335203,0.3181409110089603
256,Phe_530.9,Heartburn,digestive,1.991797829234907e-05,1.7443271843117412,0.0033889258221863057,0.016291064157073484
257,Phe_531,Peptic ulcer (excl. esophageal),digestive,4.5001518885061835e-05,1.4593800810475264,0.004029179383012211,0.004287550539886129
258,Phe_531.2,Gastric ulcer,digestive,5.038179676231056e-05,1.7363929968560787,0.004833365623142711,0.0006119368321590538
259,Phe_531.3,Duodenal ulcer,digestive,2.983575230075956e-05,1.0910206097713222,0.0004946599148969406,0.7258497199330383
260,Phe_532,Dysphagia,digestive,1.1892865997193807e-05,2.241659018202582,0.010455451060062994,1.2459553040066253e-13
261,Phe_535,Gastritis and duodenitis,digestive,6.0566060414253545e-05,1.627139883527086,0.008558083121688001,1.3055323289029558e-09
262,Phe_535.1,Acute gastritis,digestive,1.0028114844951258e-05,2.195448233307702,0.004117788799896509,0.0035114920194364682
263,Phe_535.6,Duodenitis,digestive,8.029619104813471e-05,1.620070257576584,0.0054360292092716376,0.00011644658231272849
264,Phe_535.8,Other specified gastritis,digestive,2.5252237032072872e-05,1.3603575101274563,0.0034257230308232943,0.01516504297246496
265,Phe_537,Other disorders of stomach and duodenum,digestive,2.9008844965717154e-05,1.7940664297808495,0.004763613009650492,0.0007332873307646938
266,Phe_540,Appendiceal conditions,digestive,4.206485346817146e-05,3.12087768765449,0.0033942896973682643,0.016122481825974283
267,Phe_540.1,Appendicitis,digestive,4.402284982422906e-05,1.566773507604622,0.0012806701547267907,0.36396578144101066
268,Phe_540.11,Acute appendicitis,digestive,4.614723979052154e-05,1.5873689980674894,0.0027247180357582302,0.05342302221982439
269,Phe_550,Abdominal hernia,digestive,-2.573306649611302e-05,1.9830004293498507,0.005865791974473583,3.208440145159396e-05
270,Phe_550.1,Inguinal hernia,digestive,-3.1466386133790686e-05,1.0159867753063714,0.0001983647836326587,0.8881735760348094
271,Phe_550.2,Diaphragmatic hernia,digestive,-1.435698539002083e-05,1.5032194587369363,0.00865107491589694,8.64338086157766e-10
272,Phe_550.4,Umbilical hernia,digestive,0.0001307725149623991,1.547636570864429,0.003368176515934422,0.016957870565312113
273,Phe_550.5,Ventral hernia,digestive,8.032560929489534e-05,1.9818138920697612,0.005775307441299727,4.239942262332892e-05
274,Phe_555,Inflammatory bowel disease and other gastroenteritis and colitis,digestive,-6.93873851834091e-05,1.6810147764281884,0.0044812454592091065,0.00148984243427595
275,Phe_555.1,Regional enteritis,digestive,-0.00017721583864271063,2.035930448493677,0.004240351407611316,0.0026480579151756767
276,Phe_555.2,Ulcerative colitis,digestive,-5.888086147633914e-05,1.7437434068069513,0.003996077566250905,0.0046152751042829515
277,Phe_556,Ulceration of the lower GI tract,digestive,1.3001145406772878e-05,1.8919046113068883,0.0018337692820509061,0.19363090703894
278,Phe_557,Intestinal malabsorption (non-celiac),digestive,3.776904204026245e-05,1.9826123666435198,0.0017088131790084185,0.2257673076983398
279,Phe_557.1,Celiac disease,digestive,3.817143397739325e-05,1.2818339214289425,0.001169583086843712,0.40705492465131454
280,Phe_558,Noninfectious gastroenteritis,digestive,6.560958098565439e-05,2.066974724022952,0.012937916806406371,4.6545288211193765e-20
281,Phe_559,Ileostomy status,digestive,-4.134187862319043e-05,1.618493880382538,0.0024827893098355804,0.07840988058709025
282,Phe_560.4,Other intestinal obstruction,digestive,6.323288975587569e-05,2.323125245023707,0.007797231104724419,3.251238904828937e-08
283,Phe_561,Symptoms involving digestive system,digestive,4.61166049278466e-05,1.4167248423509438,0.005155688892748108,0.0002574240286011301
284,Phe_561.2,Flatulence,digestive,2.0168064609073826e-05,1.9514252058199142,0.00409423808815652,0.003704199709976893
285,Phe_562,Diverticulosis and diverticulitis,digestive,4.592306555150085e-05,1.3706890257003645,0.006520870074465018,3.7909693759064584e-06
286,Phe_562.1,Diverticulosis,digestive,4.537432736156041e-05,1.3706890257003645,0.006520870074465018,3.7909693759064584e-06
287,Phe_563,Constipation,digestive,2.5858305412716068e-05,1.9848584840465506,0.010774824381857803,2.2025262780592235e-14
288,Phe_564,Functional digestive disorders,digestive,4.37978997514e-05,1.6314249909095633,0.001850571555308606,0.18957973359557267
289,Phe_564.1,Irritable Bowel Syndrome,digestive,1.1365219817276823e-05,2.3377427881517496,0.010204877772324497,4.684124863742839e-13
290,Phe_564.8,Abnormal findings on exam of gastrointestinal tract__ abdominal area,digestive,9.120387444485969e-05,1.6452902928947741,0.0027606043667604326,0.05035632390031412
291,Phe_564.9,Personal history of diseases of digestive system,digestive,0.00011669056732861328,1.8710202078326508,0.011441374117340369,5.030441260069666e-16
292,Phe_565,Anal and rectal conditions,digestive,-2.2703168369774526e-05,1.8267221566788836,0.007523980802018102,9.626823448253408e-08
293,Phe_565.1,Anal and rectal polyp,digestive,-4.627891476627116e-05,1.340464149825447,0.003000696859127433,0.03341002291049269
294,Phe_568,Other disorders of peritoneum,digestive,4.824477006814993e-05,1.626187671516595,0.000981678666523542,0.4864997520161415
295,Phe_568.1,Peritoneal adhesions (postoperative) (postinfection),digestive,3.902415930985585e-05,2.146737222811845,0.006761192142776522,1.6439673978220817e-06
296,Phe_569,Other disorders of intestine,digestive,0.00011644864759010862,2.0721356122738994,0.006608780329681648,2.801726796473286e-06
297,Phe_571,Chronic liver disease and cirrhosis,digestive,-1.4125173397853907e-05,2.9321455179290306,0.011330703948826425,9.56617417919737e-16
298,Phe_571.5,Other chronic nonalcoholic liver disease,digestive,-2.939754235441801e-07,3.2195915804513473,0.009916895972774904,2.06528171037285e-12
299,Phe_572,Ascites (non malignant),digestive,-0.00025872129832870436,2.4510844823100935,0.006016983511184466,1.9961372710422086e-05
300,Phe_573,Other disorders of liver,digestive,3.089103837169906e-05,3.1783997469955727,0.009160060718119695,8.38836602580826e-11
301,Phe_573.7,Abnormal results of function study of liver,digestive,1.2094316511387054e-05,2.142610151061222,0.007102423493874079,4.783789356430215e-07
302,Phe_574,Cholelithiasis and cholecystitis,digestive,1.94385713653597e-05,1.5053135049526878,0.006412350765785347,5.4779982197532676e-06
303,Phe_574.1,Cholelithiasis,digestive,1.9421362085617886e-05,1.3457925066723309,0.00324848348387467,0.0212916800708076
304,Phe_574.11,Cholelithiasis with acute cholecystitis,digestive,7.862887319381079e-07,0.7777735930048023,-0.0008741643079279358,0.5354733836257493
305,Phe_574.12,Cholelithiasis with other cholecystitis,digestive,-1.0832744089306944e-06,1.8012294531852022,0.005827620314476965,3.610562574179315e-05
306,Phe_574.2,Calculus of bile duct,digestive,-2.4692225557779686e-06,1.734245893697981,0.003709124549890967,0.008555797581282228
307,Phe_574.3,Cholecystitis without cholelithiasis,digestive,-4.375661758643069e-05,1.3515707651204074,0.0018200494007314385,0.19698575165561885
308,Phe_575,Other biliary tract disease,digestive,5.972712087568215e-07,1.5817563143713327,0.0037194009658381684,0.008374246179892008
309,Phe_575.7,Other disorders of gallbladder,digestive,3.1399271763544055e-06,1.1379318153511702,0.0005178616807583813,0.7135453512581065
310,Phe_575.8,Other disorders of biliary tract,digestive,1.651250915669343e-07,1.085480270737327,0.00028444895282880655,0.8401993434877719
311,Phe_577,Diseases of pancreas,digestive,3.2646380866800043e-06,0.6389876501764987,-0.0009033664744474561,0.5219299799305908
312,Phe_577.1,Acute pancreatitis,digestive,2.5466589056651415e-06,1.9724797651104184,0.0033955373874342844,0.01608348844523058
313,Phe_578.1,Hematemesis,digestive,3.3574483736405676e-05,1.909935960241631,0.003958229953339133,0.005017661718220923
314,Phe_578.2,Blood in stool,digestive,4.66260343098521e-06,1.5048682377434568,0.002610921949720847,0.06419572328235348
315,Phe_578.9,Hemorrhage of gastrointestinal tract,digestive,9.374136336742808e-06,1.6235050788549046,0.004983619535643342,0.00041121329331315584
316,Phe_579,Other symptoms involving abdomen and pelvis,digestive,6.996213744777771e-06,1.7867987995676171,0.0026345614043458716,0.061821249486687255
317,Phe_579.8,Nonspecific abnormal findings in stool contents,digestive,2.597601314820247e-06,1.1055817572324629,0.00047197521332833424,0.7379487038819388
318,Phe_580,Nephritis; nephrosis; renal sclerosis,genitourinary,-2.2410381628184638e-05,2.132312379594504,0.004392610892913285,0.0018468015194239525
319,Phe_580.1,Glomerulonephritis,genitourinary,-0.0013304865813158519,1.7294184049586494,0.0022198945667925795,0.11557354132739599
320,Phe_585,Renal failure,genitourinary,1.1089200889383909e-05,2.072568098081521,0.010399778796841145,1.6766724109391952e-13
321,Phe_585.1,Acute renal failure,genitourinary,1.606680383695906e-05,1.8900819671726814,0.007212915316370779,3.168885542209808e-07
322,Phe_585.2,Renal failure NOS,genitourinary,-1.928904115343276e-06,3.101875753365312,0.007926408356479208,1.921615749550526e-08
323,Phe_585.3,Chronic renal failure [CKD],genitourinary,2.592398829845463e-07,2.764215207468939,0.010219212785808037,4.3459981384568117e-13
324,Phe_586,Other disorders of the kidney and ureters,genitourinary,3.848310352703798e-06,2.0159819305626505,0.0035088145072750937,0.012871122976616767
325,Phe_586.2,"Cyst of kidney, acquired",genitourinary,5.587037434002337e-06,1.3457062088793768,0.0013345806970743597,0.34412302242825354
326,Phe_590,Pyelonephritis,genitourinary,9.867687698543806e-06,2.3146020197597448,0.005045248131358317,0.00034826722752211793
327,Phe_591,Urinary tract infection,genitourinary,0.000162740669057984,2.116748266428892,0.012840934180615438,8.788578818534627e-20
328,Phe_592,Cystitis and urethritis,genitourinary,3.456545624077867e-06,2.128881860941973,0.0062117986188915,1.065547979373586e-05
329,Phe_592.1,Cystitis,genitourinary,2.0631472962299367e-06,1.8509077440636483,0.0037603432428549395,0.007684664163367756
330,Phe_593,Hematuria,genitourinary,-2.4614615201521435e-05,1.5218650662000068,0.006525020613293056,3.7375459858435737e-06
331,Phe_594,Urinary calculus,genitourinary,-1.0102303935865958e-05,2.1764015453379995,0.0025213893498457728,0.0738808623239174
332,Phe_594.1,Calculus of kidney,genitourinary,-7.552961103186716e-06,1.5448240455234363,0.0030482858714309543,0.030706468864661
333,Phe_594.3,Calculus of ureter,genitourinary,-1.3041926797201763e-05,1.563717076692428,0.002711716518002648,0.05457189847219412
334,Phe_594.8,Renal colic,genitourinary,-5.921851966117209e-06,1.6386816325998201,0.002644561847379136,0.06083886659367906
335,Phe_595,Hydronephrosis,genitourinary,4.0781102872252446e-05,1.4120068562436776,0.0019034691063836771,0.17723382362532014
336,Phe_596,Other disorders of bladder,genitourinary,2.8008574645572808e-06,1.744564455590644,0.0064412183516583225,4.969759344566316e-06
337,Phe_596.1,Bladder neck obstruction,genitourinary,-1.3779489813523107e-05,1.0077959960423926,3.300713049773959e-05,0.9813328799683482
338,Phe_596.5,Functional disorders of bladder,genitourinary,1.226977056096234e-05,2.7515342730984216,0.006687111512235256,2.13324923597058e-06
339,Phe_597,Other disorders of urethra and urinary tract,genitourinary,0.0005167781079872444,1.606631298038597,0.001658407465042916,0.23975358830338303
340,Phe_597.1,Urethral stricture (not specified as infectious),genitourinary,0.0004871585343247638,1.6987883787127878,0.004028170738290246,0.004297216492247271
341,Phe_598,Abnormal findings on examination of urine,genitourinary,-3.014548538547341e-05,1.6417968027440666,0.0036257326251647073,0.01016408660554604
342,Phe_599,Other symptoms__disorders or the urinary system,genitourinary,-2.8859629600681316e-05,1.857506345646763,0.00695196488837743,8.302145719807416e-07
343,Phe_599.2,Retention of urine,genitourinary,-2.8288725886933702e-05,1.6230486016478711,0.0054570148419085035,0.00010956742479993071
344,Phe_599.3,Dysuria,genitourinary,2.9728679517975597e-05,2.34110899908686,0.004642456753853741,0.0009985494099860118
345,Phe_599.4,Urinary incontinence,genitourinary,0.00012476273891094032,2.0166507476583004,0.0093853629710025,2.8681278660752218e-11
346,Phe_599.5,Frequency of urination and polyuria,genitourinary,2.0836766017903e-06,1.850438208867285,0.0052553260641836855,0.00019501325212949405
347,Phe_599.9,Other abnormality of urination,genitourinary,6.4017669902899895e-06,0.8160410143816664,-0.0007632572738684866,0.5884707783356505
348,Phe_611.3,Lump or mass in breast,genitourinary,2.9565313260689154e-06,1.4140762361013872,0.0015592349206422931,0.2690287800835388
349,Phe_613,Other nonmalignant breast conditions,genitourinary,-0.00044929757432074735,0.0,-0.0003523951963085966,0.8027390515697346
350,Phe_681,Superficial cellulitis and abscess,dermatologic,0.00017510919236383144,2.730767976697679,0.003918750643395347,0.005470951210865148
351,Phe_681.3,Cellulitis and abscess of arm__hand,dermatologic,0.00016667537022875052,2.300965067805675,0.009851699840212716,2.873329300076144e-12
352,Phe_686,Other local infections of skin and subcutaneous tissue,dermatologic,4.701615346699241e-05,1.4031090912746191,0.0015238824717436685,0.2800346730733459
353,Phe_686.1,Carbuncle and furuncle,dermatologic,1.5225552649864257e-05,3.1306845964946786,0.010386399473789984,1.8002701227641504e-13
354,Phe_687,Symptoms affecting skin,dermatologic,3.383650300515554e-05,1.586089893314816,0.0009303672146568779,0.5095661624486869
355,Phe_687.1,Rash and other nonspecific skin eruption,dermatologic,1.6134118724393477e-05,2.109648871156664,0.005306340019387156,0.00016886127639078658
356,Phe_687.4,Disturbance of skin sensation,dermatologic,-0.00024814297220700286,2.9301949945186947,0.010369533026455246,1.9688981845700964e-13
357,Phe_689,Disorder of skin and subcutaneous tissue NOS,dermatologic,-5.834378521206397e-06,1.8313781178330617,0.00637351860013241,6.240638763981185e-06
358,Phe_695,Erythematous conditions,dermatologic,4.044658885251616e-05,1.7356639197762296,0.003714758293892456,0.00845583623182033
359,Phe_696,Psoriasis and related disorders,dermatologic,1.229522807764501e-06,1.5682254648044267,0.002804757483007837,0.046786936473123035
360,Phe_696.4,Psoriasis,dermatologic,2.635282601511309e-06,1.8046222289897378,0.0032860032397574396,0.019839531097923035
361,Phe_696.41,Psoriasis vulgaris,dermatologic,2.0066672567509646e-06,1.7603126143972871,0.003247719315094401,0.021322193668572034
362,Phe_701,Other hypertrophic and atrophic conditions of skin,dermatologic,-1.4649057518479712e-05,1.114265461834724,0.00045997672611694344,0.7443747168166621
363,Phe_701.2,Scar conditions and fibrosis of skin,dermatologic,-1.39292901353325e-05,1.5344072011254184,0.002521726664872888,0.07384224778581164
364,Phe_702,Degenerative skin conditions and other dermatoses,dermatologic,-9.258485328712064e-06,0.0,-0.00027547807827957657,0.8451743165615049
365,Phe_702.1,Actinic keratosis,dermatologic,-2.0567576423022857e-05,0.9771483437780838,-0.00011823904955498482,0.9332022487803795
366,Phe_702.2,Seborrheic keratosis,dermatologic,1.4310647898235538e-06,1.549002402789423,0.0030023317605609424,0.03331387178188777
367,Phe_703,"Diseases of nail, NOS",dermatologic,1.8916135088253948e-05,2.274745819488832,0.0023899482742496584,0.09023205887904105
368,Phe_704,Diseases of hair and hair follicles,dermatologic,-5.975765581499361e-05,1.2198855139733158,0.0014986064495464853,0.28808866548573125
369,Phe_706,Diseases of sebaceous glands,dermatologic,-4.842634104122458e-05,1.170094268505017,0.0015413202144466565,0.27456830310348396
370,Phe_706.2,Sebaceous cyst,dermatologic,-4.934427455043743e-05,1.1811673953731407,0.001633765509263011,0.24680901428156055
371,Phe_707,Chronic ulcer of skin,dermatologic,5.307034079921941e-05,3.4614218897453384,0.009177295460748022,7.734059477069777e-11
372,Phe_709,Diffuse diseases of connective tissue,dermatologic,4.6861685312779565e-05,2.1601597427608503,0.006134242112798187,1.371053736348499e-05
373,Phe_709.7,Unspecified diffuse connective tissue disease,dermatologic,6.0246057880809404e-05,2.1180102843655164,0.0049890339867678995,0.00040528383946477134
374,Phe_714,Rheumatoid arthritis and other inflammatory polyarthropathies,musculoskeletal,6.122517435937328e-05,1.895001018199371,0.0018386297161149014,0.19245253411785163
375,Phe_714.1,Rheumatoid arthritis,musculoskeletal,6.0905664668571125e-05,2.093883951201961,0.0057758323950278054,4.2331386290966145e-05
376,Phe_715,Other inflammatory spondylopathies,musculoskeletal,3.6053479436397563e-06,2.1561370989195825,0.0022264585100234217,0.11450112750590782
377,Phe_716,Other arthropathies,musculoskeletal,0.0007941818476892016,2.9841382013397313,0.0016232509107613668,0.24986337314091672
378,Phe_716.2,Unspecified monoarthritis,musculoskeletal,0.00042337655083110793,1.374647109029632,0.004895029583362599,0.0005204961273568361
379,Phe_716.9,Arthropathy NOS,musculoskeletal,0.0008216698035384017,1.7483285018080577,0.012675738147423548,2.567104036162666e-19
380,Phe_717,Polymyalgia Rheumatica,musculoskeletal,6.70965000651642e-05,1.6236998780364575,0.0022985262524685317,0.10323516048739319
381,Phe_720,Spinal stenosis,musculoskeletal,3.343631486052553e-05,2.5867864658619655,0.004413707732859694,0.00175534655459584
382,Phe_721,Spondylosis and allied disorders,musculoskeletal,6.189848452326096e-05,2.6362605239522217,0.005524564994776979,8.993662774530345e-05
383,Phe_721.1,Spondylosis without myelopathy,musculoskeletal,6.855410755191893e-05,2.586253107827767,0.00503291495401483,0.0003600931885208429
384,Phe_722,Intervertebral disc disorders,musculoskeletal,0.00011790397086566815,2.1193025420130853,0.00931086939535918,4.101127366780897e-11
385,Phe_722.6,Degeneration of intervertebral disc,musculoskeletal,3.126399988365937e-05,2.540894758636694,0.00845729564293307,2.031537494539996e-09
386,Phe_722.9,Other and unspecified disc disorder,musculoskeletal,5.4922696231891706e-05,2.1489710700600857,0.0073051098235745815,2.2371029124058833e-07
387,Phe_724,Other and unspecified disorders of back,musculoskeletal,-1.4354757705723546e-05,2.783282745480326,0.003999324689036086,0.004582151810246685
388,Phe_726,Peripheral enthesopathies and allied syndromes,musculoskeletal,0.009442635052139898,1.9139525946273506,0.008452334255614768,2.0759754527107527e-09
389,Phe_726.1,Enthesopathy,musculoskeletal,0.003682027802428018,1.3813266382280265,0.003174515614733707,0.024427523342714592
390,Phe_727,"Other disorders of synovium, tendon, and bursa",musculoskeletal,6.468406273594093e-05,1.5502906187526224,0.0016545556561900674,0.2408469524115015
391,Phe_727.1,Synovitis and tenosynovitis,musculoskeletal,-2.4727891129997812e-05,1.6048341713070102,0.0029509734426373334,0.036449858357115866
392,Phe_727.4,"Ganglion and cyst of synovium, tendon, and bursa",musculoskeletal,2.8614436435813566e-05,1.729849037031597,0.0038570764245965347,0.00625336110842644
393,Phe_728,"Disorders of muscle, ligament, and fascia",musculoskeletal,0.0003084072616352433,3.7592390328565446,0.0020111937595880284,0.15395939721331703
394,Phe_728.7,Fasciitis,musculoskeletal,0.0002474945598163338,0.0,-0.001565501850716594,0.26710918137303213
395,Phe_728.71,Contracture of palmar fascia [Dupuytren's disease],musculoskeletal,0.00021875419120749077,0.8961653421979998,-0.0005159013902181764,0.7145821089212798
396,Phe_729,Other disorders of soft tissues,musculoskeletal,0.00020897400530650186,1.4464030257586704,0.0014859414179431794,0.29218245381086017
397,Phe_729.1,"Rheumatism, unspecified and fibrositis",musculoskeletal,2.7876703636738805e-05,6.158753309147956,0.009293575554597323,4.454385808133272e-11
398,Phe_733,Other disorders of bone and cartilage,musculoskeletal,5.0246706754176355e-06,2.4141902045867716,0.004072134437568771,0.0038937621678352646
399,Phe_733.8,Malunion and nonunion of fracture,musculoskeletal,-3.76030964300417e-07,1.3097801155201534,0.0003825878241590434,0.7862321276722964
400,Phe_735,Acquired foot deformities,musculoskeletal,2.0337011409661585e-05,4.236020568731033,0.0038491315781623986,0.006361155201956521
401,Phe_735.2,Acquired toe deformities,musculoskeletal,0.00014419968608919486,1.3699998909463675,0.0016763652347740754,0.23470234213471078
402,Phe_735.21,Hammer toe (acquired),musculoskeletal,-2.4490403787171628e-05,0.7521268889048542,-0.001071473540344617,0.44752955524225546
403,Phe_735.23,Hallux rigidus,musculoskeletal,2.7624399030630717e-05,0.7039431068335456,-0.0011172824112175995,0.42835320169750113
404,Phe_735.3,Hallux valgus (Bunion),musculoskeletal,-3.520551718833048e-05,1.3214472360236176,0.0025531365786342648,0.0703182198952217
405,Phe_736,Other acquired deformities of limbs,musculoskeletal,7.496929295587089e-05,2.1984410546578776,0.0019791191126161574,0.16063244484125538
406,Phe_737,Curvature of spine,musculoskeletal,2.711635464898998e-05,0.0,-0.0004983709922932385,0.7238768030257987
407,Phe_737.3,Kyphoscoliosis and scoliosis,musculoskeletal,2.8355394239727773e-05,2.8299299423319515,0.004069926334147166,0.003913175106886403
408,Phe_738,Other acquired musculoskeletal deformity,musculoskeletal,-1.1076122237233828e-06,3.551673687484097,0.004688964316089241,0.0008876685389249679
409,Phe_738.4,Acquired spondylolisthesis,musculoskeletal,2.353580259643417e-07,6.464398634663983,0.00911496622913889,1.0367168968018195e-10
410,Phe_740,Osteoarthrosis,musculoskeletal,0.00035770281363634634,1.5454571108287163,0.008379391106424383,2.849566057176286e-09
411,Phe_740.1,Osteoarthritis; localized,musculoskeletal,0.0002705272572468148,1.4358204639382632,0.00436187614404494,0.0019878889686982303
412,Phe_740.11,"Osteoarthrosis, localized, primary",musculoskeletal,0.0005322661946296848,1.1610075149264238,0.0014648140969281325,0.29909813687299075
413,Phe_740.9,Osteoarthrosis NOS,musculoskeletal,0.0005714228825625419,2.287018180484306,0.009928057570775339,1.9513572931905542e-12
414,Phe_741,Symptoms and disorders of the joints,musculoskeletal,9.64570031859581e-05,2.833887886307241,0.004075875821150658,0.0038610687104279613
415,Phe_741.4,Joint effusions,musculoskeletal,7.49254719296513e-05,3.0958439094112715,0.0033677695139389292,0.016971186187867124
416,Phe_742,"Derangement of joint, non-traumatic",musculoskeletal,2.1288042593930865e-06,0.0,-0.0005873440294640225,0.6771517075491282
417,Phe_742.9,Other derangement of joint,musculoskeletal,1.4504529071179316e-07,2.932739671022836,0.005048296069384679,0.0003454011470164052
418,Phe_743,"Osteoporosis, osteopenia and pathological fracture",musculoskeletal,4.594826868834531e-05,2.4961539282365877,0.009895591396842096,2.3011306392357124e-12
419,Phe_743.1,Osteoporosis,musculoskeletal,4.4220502445383144e-05,2.5033969275949888,0.009645805686997565,8.040680248261419e-12
420,Phe_743.11,Osteoporosis NOS,musculoskeletal,4.0886818974535305e-05,2.5055213309619226,0.009655291336517876,7.67190236307355e-12
421,Phe_745,Pain in joint,musculoskeletal,0.0008462269154087483,1.5234810817365996,0.0021662342006607154,0.12463918019158839
422,Phe_747,Cardiac and circulatory congenital anomalies,congenital anomalies,0.00010505015834645526,7.42208732128087,0.0033312813408657486,0.018202858750725793
423,Phe_747.1,Cardiac congenital anomalies,congenital anomalies,8.028748313308218e-05,8.683842165898618,0.011057442483094128,4.556906427514223e-15
424,Phe_747.13,Congenital anomalies of great vessels,congenital anomalies,7.91848862099456e-05,2.3914195293352476,0.006247065945641163,9.49230543989504e-06
425,Phe_751,Genitourinary congenital anomalies,congenital anomalies,0.0,1.3388594150321644,0.001311504031265909,0.35253075944890677
426,Phe_939,Atopic__contact dermatitis due to other or unspecified,dermatologic,-1.301347924025277e-05,1.9558203076348237,0.004647645036909587,0.0009855730321424623
