,PheCode,description,category,f_score,RR,phi,pval
0,Phe_112,Candidiasis,infectious diseases,0.000688980235310257,1.9689532605653515,0.015343564532632975,1.4788511788061117e-27
1,Phe_153,Colorectal cancer,neoplasms,-4.063802365927384e-05,0.7988950715421302,-0.00032292151319517195,0.818938319800107
2,Phe_153.2,Colon cancer,neoplasms,-3.313493845896356e-05,0.9373219638931449,-0.0011042170027875198,0.43377329958014865
3,Phe_153.3,"Malignant neoplasm of rectum, rectosigmoid junction, and anus",neoplasms,-6.669172173642079e-05,1.0165306810519217,0.00023835223416883303,0.8658267438812899
4,Phe_158,Neoplasm of unspecified nature of digestive system,neoplasms,-0.0006242833252736614,0.7296237900223381,-0.002841438582861013,0.04398577917635484
5,Phe_159,Malignant neoplasm of other and ill-defined sites within the digestive organs and peritoneum,neoplasms,-0.00010640479716999514,1.1826779980672713,0.004221298478846257,0.0027680918165561997
6,Phe_165,Cancer within the respiratory system,neoplasms,0.0006045599219139266,1.3624097398586041,0.0039673874878013,0.00491749421815292
7,Phe_165.1,Cancer of bronchus; lung,neoplasms,0.0006188637511761648,1.282082211197732,0.0045677092080620135,0.0012039288765321918
8,Phe_172,Skin cancer,neoplasms,-9.442115913065201e-05,1.0908147232964236,0.003422857420768876,0.01525020430341874
9,Phe_172.2,Other non-epithelial cancer of skin,neoplasms,-0.00014815534037676952,1.1154384017758046,0.0039181255033254045,0.005478417050370041
10,Phe_174,Breast cancer,neoplasms,-0.0001790671286020312,1.4163503975801464,0.01500325602593513,2.026033232557767e-26
11,Phe_189,Cancer of urinary organs (incl. kidney and bladder),neoplasms,-0.0002541029667549991,1.3265555236728839,0.005542240588758689,8.537753959360698e-05
12,Phe_189.11,"Malignant neoplasm of kidney, except pelvis",neoplasms,-7.560390934981218e-05,1.0828984755367548,0.0008413769195770357,0.5508877246843953
13,Phe_189.2,Cancer of bladder,neoplasms,-0.000316026128370792,1.3435962566844921,0.003011466548546981,0.032780986835338685
14,Phe_189.21,Malignant neoplasm of bladder,neoplasms,-0.00037174457084020944,1.1681098065482054,0.0024321454936697532,0.08469204555166135
15,Phe_195,"Cancer, suspected or other",neoplasms,-4.1341938098158374e-05,1.3153931446634068,0.002876608906378792,0.04143428218648339
16,Phe_195.1,"Malignant neoplasm, other",neoplasms,-5.656029263375194e-05,1.398616199748998,0.01642824298443073,2.3952142181036886e-31
17,Phe_197,Chemotherapy,neoplasms,0.0009413505948975267,2.2752734768696503,0.057277623813201,0.0
18,Phe_198,Secondary malignant neoplasm,neoplasms,-0.0003078575353697052,1.1082601468119424,0.001210213221548209,0.3909536863600138
19,Phe_198.1,Secondary malignancy of lymph nodes,neoplasms,-0.00030819575513175545,1.2191191588616843,0.005271513506750051,0.00018632860678386286
20,Phe_198.2,Secondary malignancy of respiratory organs,neoplasms,-8.65849565780418e-05,1.0126288264082142,0.000202918427008174,0.8856239570269334
21,Phe_198.3,Secondary malignant neoplasm of digestive systems,neoplasms,-7.347902592390229e-05,0.9755096479943867,-0.0003250206617124424,0.8177819420900215
22,Phe_198.4,Secondary malignant neoplasm of liver,neoplasms,2.4944693776671644e-05,0.9814148649940589,-0.00032335514349333565,0.8186994094293562
23,Phe_198.6,Secondary malignancy of bone,neoplasms,-0.0002009649009282162,1.0717049399861123,0.0011330587994862035,0.42186128213050356
24,Phe_199,Neoplasm of uncertain behavior,neoplasms,1.897149090215395e-05,1.451083957219251,0.004844745346443023,0.0005940102752447185
25,Phe_202,"Cancer of other lymphoid, histiocytic tissue",neoplasms,0.0016752756727322815,1.7629352157771039,0.008383759606909418,2.79622743631643e-09
26,Phe_202.2,Non-Hodgkins lymphoma,neoplasms,0.0014607906003992039,1.309404834506847,0.00377030183202519,0.007524825194650383
27,Phe_204,Leukemia,neoplasms,0.00011363847225126167,1.0300904634581105,0.0002041943170934354,0.8849097877705177
28,Phe_208,Benign neoplasm of colon,neoplasms,4.3859405210019105e-05,1.3557290364986376,0.017005204978592384,1.816019453485407e-33
29,Phe_211,Benign neoplasm of other parts of digestive system,neoplasms,-0.00047962576046191893,1.5469213369931551,0.013396301051131503,2.1661164246591897e-21
30,Phe_214,Lipoma,neoplasms,-0.0001220965781672295,1.3965846291659967,0.0053113826913657,0.0001664636395992217
31,Phe_214.1,Lipoma of skin and subcutaneous tissue,neoplasms,-8.821248130071402e-05,1.6719953417508713,0.014637479574945149,3.1657380097581466e-25
32,Phe_215,Other benign neoplasm of connective and other soft tissue,neoplasms,-0.00013467424514884523,2.468196196314197,0.015017590980554793,1.8166445782686148e-26
33,Phe_216,Benign neoplasm of skin,neoplasms,-2.5222105318928085e-05,1.340040251907132,0.00982976806305559,3.2093864497135333e-12
34,Phe_228,"Hemangioma and lymphangioma, any site",neoplasms,-0.0001303939941709819,1.6330246053853295,0.007772015568094142,3.5992840665751696e-08
35,Phe_229,Benign neoplasm of unspecified sites,neoplasms,6.847113675873909e-05,1.342269903025376,0.00499584210720711,0.0003979414935734018
36,Phe_241,Nontoxic nodular goiter,endocrine/metabolic,0.0003952753958623828,3.111486068111455,0.0024295768728177466,0.08502122096045171
37,Phe_242,Thyrotoxicosis with or without goiter,endocrine/metabolic,0.0014995109820931374,1.9158687363834424,0.011260377106734129,1.4346527960734879e-15
38,Phe_244,Hypothyroidism,endocrine/metabolic,0.0012376061257883082,2.124637316528142,0.044980800930213935,2.515186596257234e-223
39,Phe_244.1,Secondary hypothyroidism,endocrine/metabolic,0.0017608189852643132,2.264811267605634,0.014091288477315412,1.6952746548551636e-23
40,Phe_244.4,Hypothyroidism NOS,endocrine/metabolic,0.0012224679573981992,2.1437673409469924,0.04460434523983319,1.2347221661832123e-219
41,Phe_250.1,Type 1 diabetes,endocrine/metabolic,0.0012971603691266354,3.9006956395259826,0.04764363368915289,2.5393518054725173e-250
42,Phe_250.2,Type 2 diabetes,endocrine/metabolic,0.0009553382099326659,2.1637542980675413,0.05477800724410184,0.0
43,Phe_250.23,Type 2 diabetes with ophthalmic manifestations,endocrine/metabolic,0.0013685823345119374,3.4440321043003266,0.030896271675138892,2.2378021990135314e-106
44,Phe_250.7,Diabetic retinopathy,endocrine/metabolic,0.0013580542506913776,3.441553154250057,0.0311084519075874,8.126734153855574e-108
45,Phe_260,Protein-calorie malnutrition,endocrine/metabolic,-1.2417063160299985e-05,1.0556827731092437,0.0002695213368795549,0.8484811706340567
46,Phe_261,Vitamin deficiency,endocrine/metabolic,0.00021892836433263008,2.4632598039215687,0.0023176383244457545,0.10040031319598224
47,Phe_272,Disorders of lipoid metabolism,endocrine/metabolic,0.00021516081116866378,1.8035922665814597,0.05204452888904101,2.3734994171461125e-298
48,Phe_272.1,Hyperlipidemia,endocrine/metabolic,0.00020623236997477322,1.927604532624688,0.02184642286035906,4.167209410852124e-54
49,Phe_272.11,Hypercholesterolemia,endocrine/metabolic,0.00019361858963958765,1.8162767027009805,0.05068845959304693,4.251106955960722e-283
50,Phe_274,Gout and other crystal arthropathies,endocrine/metabolic,9.801600351311525e-05,2.0164987107171632,0.01627023054681858,8.859615890578492e-31
51,Phe_274.1,Gout,endocrine/metabolic,0.00010553176989019565,1.9926463278694515,0.014914474008479091,3.972622282808396e-26
52,Phe_275,Disorders of mineral metabolism,endocrine/metabolic,-0.0005286023837459886,1.8474448529411764,0.0008948201709357346,0.5258752843253827
53,Phe_275.5,Disorders of calcium__phosphorus metabolism,endocrine/metabolic,-0.0003266877546736715,1.5748064809301454,0.006586031927657149,3.030848666172313e-06
54,Phe_276,"Disorders of fluid, electrolyte, and acid-base balance",endocrine/metabolic,8.929701317626768e-05,1.5844752252252252,0.018047176295879278,1.7662171302278621e-37
55,Phe_276.1,Electrolyte imbalance,endocrine/metabolic,7.466500169598647e-05,1.8474448529411767,0.0034663963326524074,0.014000678270068827
56,Phe_276.12,Hyposmolality and__or hyponatremia,endocrine/metabolic,5.373797035359765e-05,1.442525433118453,0.006939004734963246,8.701413471120291e-07
57,Phe_276.14,Hypopotassemia,endocrine/metabolic,-1.764260026944846e-05,1.5061280619285837,0.006997164345364651,7.043175330686095e-07
58,Phe_276.5,Hypovolemia,endocrine/metabolic,0.00012316437532278922,1.70681018981019,0.013265875207370558,5.240297740315899e-21
59,Phe_277,Other disorders of metabolism,endocrine/metabolic,-0.00023576108779151635,1.7272259979689089,0.007460897266668708,1.23047081971552e-07
60,Phe_278,"Overweight, obesity and other hyperalimentation",endocrine/metabolic,9.424807859222704e-05,0.0,-0.0005279455550220734,0.708220589131737
61,Phe_278.1,Obesity,endocrine/metabolic,9.331769713765973e-05,2.8550457993043534,0.06917726876558868,0.0
62,Phe_280,Iron deficiency anemias,hematopoietic,0.0017756756889897632,1.845893444941913,0.025895702264749937,2.7525819040489674e-75
63,Phe_280.1,"Iron deficiency anemias, unspecified or not due to blood loss",hematopoietic,0.0017336975888430463,1.883091612183065,0.02643839718147164,2.1358748604670458e-78
64,Phe_281,Other deficiency anemia,hematopoietic,0.0019481444287922475,6.568692810457517,0.004409971865016083,0.001771231931004495
65,Phe_281.1,Megaloblastic anemia,hematopoietic,0.0014205268982077702,0.0,-0.0010559037178999146,0.45415680774314515
66,Phe_285,Other anemias,hematopoietic,0.0015249818644735085,1.7614887638627668,0.027575498440641066,4.0234370164005994e-85
67,Phe_287,Purpura and other hemorrhagic conditions,hematopoietic,0.0015941848515378856,2.349068952084145,0.004376685054321063,0.0019187178606198721
68,Phe_287.3,Thrombocytopenia,hematopoietic,0.0016120705153567297,1.3880949957837805,0.0046171008434937,0.0010642728111506508
69,Phe_288,Diseases of white blood cells,hematopoietic,0.001257798595283242,1.3876005008990497,0.0030994574015168197,0.02801113630360644
70,Phe_289,Other diseases of blood and blood-forming organs,hematopoietic,0.0001083826874670382,1.692466123599906,0.0050130344142249195,0.00037994957102067506
71,Phe_289.4,Lymphadenitis,hematopoietic,8.433886995517022e-05,1.7366344930302504,0.01245274209286987,1.0678461889495823e-18
72,Phe_290,Delirium dementia and amnestic and other cognitive disorders,mental disorders,0.00017384938449882068,1.7535069790628115,0.005296237902076946,0.00017376257726328605
73,Phe_292,Neurological disorders,mental disorders,0.0002354756725489901,1.9800365887981988,0.007486251332221012,1.1151504108163199e-07
74,Phe_292.1,Aphasia__speech disturbance,mental disorders,5.141903976831929e-05,1.8397791066634122,0.010908748711941864,1.0490965693432306e-14
75,Phe_292.4,Altered mental status,mental disorders,0.00017875720338243279,1.4853050479548007,0.007949104707037975,1.750547602971232e-08
76,Phe_293,Symptoms involving head and neck,mental disorders,-1.884065687338133e-05,1.6485902204576324,0.009109339194999785,1.0644066710583215e-10
77,Phe_296,Mood disorders,mental disorders,-0.00019474749260709663,2.0743240454076366,0.003028268672177448,0.03181986762294399
78,Phe_296.1,Bipolar,mental disorders,0.00011288570328225482,1.2723512898609226,0.002883018452099626,0.0409830569798095
79,Phe_296.2,Depression,mental disorders,-0.00020645357741553642,1.425171743697479,0.0026574062294925107,0.05959612098941283
80,Phe_300,Anxiety disorders,mental disorders,-0.00038041742477401157,1.3175575695394435,0.0019051440868071172,0.1768529164267491
81,Phe_300.1,Anxiety disorder,mental disorders,-0.00031179436145016933,2.164629491670021,0.03072072528560087,3.4173413299973767e-105
82,Phe_306,Other mental disorder,mental disorders,0.00018562320461626943,1.8054602040073697,0.04788467240658739,7.660485100636223e-253
83,Phe_317,Alcohol-related disorders,mental disorders,0.00046178470471797063,1.439194082953799,0.010432467614949899,1.408693149104705e-13
84,Phe_317.1,Alcoholism,mental disorders,0.0005441035128836778,1.7932658385623022,0.02362261614988281,5.876163035391952e-63
85,Phe_318,Tobacco use disorder,mental disorders,0.0003589933531143689,1.7535952271417972,0.034504375052363964,3.355541789347669e-132
86,Phe_327,Sleep disorders,neurological,8.515778871716337e-05,1.510319879776728,0.004992901632264144,0.0004010973246555666
87,Phe_327.3,Sleep apnea,neurological,8.990811692844113e-05,2.4937679029064634,0.03289149999825967,2.6371132259082885e-120
88,Phe_331,Other cerebral degenerations,neurological,0.00012233769271046582,2.2958537978298117,0.006946085708636565,8.481030985573381e-07
89,Phe_332,Parkinson's disease,neurological,-0.0005466902432722127,1.4337239725611606,0.005049946915579956,0.000343858026186213
90,Phe_334,Degenerative disease of the spinal cord,neurological,-0.00010871733937092544,3.3583848724340952,0.02938417147293791,2.121309216887888e-96
91,Phe_335,Multiple sclerosis,neurological,-0.0003315963699353156,1.2344101048997478,0.0026093521155170813,0.06435603620020093
92,Phe_339,Other headache syndromes,neurological,4.5804937956441015e-05,1.955252004104573,0.027102898890463224,2.7156207701049283e-82
93,Phe_340,Migraine,neurological,-2.6406869781732214e-05,1.9924364004380917,0.01713712342258818,5.810340871354606e-34
94,Phe_342,Hemiplegia,neurological,0.001187132875631061,2.0667350549976087,0.014000617261759734,3.2357858780256163e-23
95,Phe_345,"Epilepsy, recurrent seizures, convulsions",neurological,1.1592303622393242e-05,1.618564792936202,0.01128305836296596,1.2592101323368146e-15
96,Phe_345.3,Convulsions,neurological,-1.7622128666834818e-05,1.4815043958759975,0.007361305076700614,1.805637953928859e-07
97,Phe_348,Other conditions of brain,neurological,0.00018288485857483996,1.807107629077832,0.003224820807651325,0.022254380563886445
98,Phe_350,Abnormal movement,neurological,-0.00014212238922278606,2.2082399653979237,0.022893427543867972,3.060251540486479e-59
99,Phe_350.2,Abnormality of gait,neurological,-0.00027954589305413555,2.180740855548667,0.017759990523437897,2.378875665374985e-36
100,Phe_351,Other peripheral nerve disorders,neurological,0.03921075225671356,29.559117647058827,1.0000000000000002,
101,Phe_352,Disorders of other cranial nerves,neurological,0.00010476164590451177,4.461753607103218,0.009409191555718588,2.5566419832450702e-11
102,Phe_353,Nerve root and plexus disorders,neurological,2.0482988095284194e-05,3.9050920279616275,0.03054958078139504,4.8016433630045533e-104
103,Phe_357,Inflammatory and toxic neuropathy,neurological,3.912346878313838e-05,3.4186666407988,0.030515012422393677,8.173915151102327e-104
104,Phe_361,Retinal detachments and defects,sense organs,0.00020095614576751166,1.0349831108914154,0.0004949172877706309,0.7257128341156873
105,Phe_361.1,Retinal detachment with retinal defect,sense organs,0.0002686708101561611,0.8989087981872932,-0.001187650307469781,0.3998468141933015
106,Phe_362,Other retinal disorders,sense organs,-8.656638667345131e-05,1.5557430340557277,0.005655837268173304,6.089677486724242e-05
107,Phe_362.2,Degeneration of macula and posterior pole of retina,sense organs,-0.00010035811635405403,1.5636182202569715,0.009388799048365372,2.8210209455782766e-11
108,Phe_362.29,Macular degeneration (senile) of retina NOS,sense organs,-9.951621615173842e-05,1.5636182202569715,0.009388799048365372,2.8210209455782766e-11
109,Phe_365,Glaucoma,sense organs,0.0002353870828111506,1.5022421301232673,0.010246437775592712,3.7685161013850025e-13
110,Phe_365.1,Open-angle glaucoma,sense organs,0.0002911769089752401,1.0252628853035344,0.00028922543414374943,0.8375530414024892
111,Phe_365.11,Primary open angle glaucoma,sense organs,0.00030318535609694726,1.029106934686033,0.000332609257051228,0.813604865347062
112,Phe_366,Cataract,sense organs,0.0011531195105602514,1.5268500069500552,0.023530535961359508,1.7571714330784039e-62
113,Phe_366.2,Senile cataract,sense organs,0.0005406282433915985,1.5132788409951559,0.01685971422202737,6.318005100920725e-33
114,Phe_367,Disorders of refraction and accommodation; blindness and low vision,sense organs,0.00013303910314197326,1.2402426984779926,0.0007584682976784645,0.5908127557185474
115,Phe_367.1,Myopia,sense organs,0.00010988172736117178,1.0227085394465332,0.0002740209608263132,0.8459829781057752
116,Phe_368,Visual disturbances,sense organs,0.00038830033936023165,1.942099953905613,0.010146019157126566,6.364569358170767e-13
117,Phe_371,Inflammation of the eye,sense organs,-0.0013861825958804625,1.2402426984779926,0.0007584682976784645,0.5908127557185474
118,Phe_371.3,Inflammation of eyelids,sense organs,-0.0014867388469034695,1.1830817251096921,0.0027845665103416683,0.04839187223035285
119,Phe_374,Other disorders of eyelids,sense organs,0.0004164497211011541,1.6577832140460746,0.011311081278103742,1.0714093389433464e-15
120,Phe_374.1,Ectropion or entropion,sense organs,2.3931551440509737e-06,1.3835387133980726,0.004031965704005796,0.004260951292661742
121,Phe_374.3,Ptosis of eyelid,sense organs,4.266274003952506e-05,1.9038448819587401,0.012398471097022532,1.5050418205328976e-18
122,Phe_375,Disorders of lacrimal system,sense organs,0.00011937900957525148,1.7085504541347665,0.009326093618712216,3.8129418770345086e-11
123,Phe_378,Strabismus and other disorders of binocular eye movements,sense organs,0.0004714408356138587,0.4618612132352941,-0.0016073557689194036,0.25453067709562005
124,Phe_379,Other disorders of eye,sense organs,0.00018959176088679595,1.4974883389479139,0.002799397180525072,0.04720858547243748
125,Phe_379.2,Disorders of vitreous body,sense organs,0.0002816719969554909,1.4069070750622952,0.0049337312433291374,0.00046978931262981865
126,Phe_379.3,Aphakia and other disorders of lens,sense organs,0.00018590991412051656,1.482990727415153,0.007268253695813754,2.5724935853174145e-07
127,Phe_380,Disorders of external ear,sense organs,0.002332889357526296,2.008547065485311,0.007918006271756248,1.9889734295330735e-08
128,Phe_381,Otitis media and Eustachian tube disorders,sense organs,-0.00012203636800947434,1.8593154827030574,0.01237135570346078,1.7855633807387134e-18
129,Phe_381.1,Otitis media,sense organs,-0.00014100703092124068,1.9444066191907134,0.009437369147469897,2.2308583028094018e-11
130,Phe_384,Other disorders of tympanic membrane,sense organs,-7.174103098112525e-05,1.1232464705882352,0.0007278352400510805,0.6058937842524805
131,Phe_384.4,Perforation of tympanic membrane,sense organs,-6.165611789888405e-05,1.6563298681541583,0.0064729396610996555,4.4634099280320855e-06
132,Phe_386,Vertiginous syndromes and other disorders of vestibular system,sense organs,0.00012189560528251486,0.9048709483793517,-0.0002486142234068894,0.8601083914688744
133,Phe_386.9,Dizziness and giddiness (Light-headedness and vertigo),sense organs,0.00019411999963894955,1.8624070006863418,0.01957291773140548,8.847080872041153e-44
134,Phe_389,Hearing loss,sense organs,0.00011050239018300496,2.1183852321867054,0.021840380818559175,4.454310713986749e-54
135,Phe_394,Rheumatic disease of the heart valves,circulatory system,-8.902295030228837e-05,1.339590304816023,0.0036770972901936315,0.009144401575364954
136,Phe_394.2,Mitral valve disease,circulatory system,-1.1215020992569696e-05,1.357458973474075,0.006666924146277255,2.289153089024724e-06
137,Phe_394.3,Aortic valve disease,circulatory system,0.0002746681126680435,1.5308394261659466,0.006471688854715827,4.4824037363537325e-06
138,Phe_394.7,Disease of tricuspid valve,circulatory system,-7.25340788685789e-05,1.6767030058967352,0.00809445630913899,9.577596430970936e-09
139,Phe_395,Heart valve disorders,circulatory system,3.2785024492072346e-06,1.3535575023729507,0.007794231104386092,3.290869958468333e-08
140,Phe_395.1,Nonrheumatic mitral valve disorders,circulatory system,-1.0768339256751494e-05,1.326410395569425,0.0059786857064719374,2.2534573246287517e-05
141,Phe_395.6,Heart valve replaced,circulatory system,0.00027781435884643725,1.3430148649680556,0.004362860050748759,0.001983223184681523
142,Phe_396,Abnormal heart sounds,circulatory system,0.0,2.744400633109542,0.01896738310669151,3.219375117456935e-41
143,Phe_401.1,Essential hypertension,circulatory system,0.00028592500255018074,1.7354646316790754,0.07414488067319663,0.0
144,Phe_401.2,Hypertensive heart and__or renal disease,circulatory system,0.00029771385587835974,3.111486068111455,0.004208309712224716,0.0028527483118839726
145,Phe_401.22,Hypertensive chronic kidney disease,circulatory system,0.0002708055054154027,2.247517126196003,0.015042725429251932,1.5000092906014786e-26
146,Phe_402,Elevated blood pressure reading without diagnosis of hypertension,circulatory system,-0.00010065844317731178,1.9813176683716964,0.01219896009687956,5.247934831064602e-18
147,Phe_411.1,Unstable angina (intermediate coronary syndrome),circulatory system,0.000223217748049801,1.7385184931448194,0.016268754989567487,8.96797014316307e-31
148,Phe_411.2,Myocardial infarction,circulatory system,0.00028376630012506236,1.5284821184959123,0.01876409653354039,2.2369689829841367e-40
149,Phe_411.3,Angina pectoris,circulatory system,0.00025895070978135867,1.8784166748416211,0.035823561911253174,2.3635487117456467e-142
150,Phe_411.4,Coronary atherosclerosis,circulatory system,0.0002379795770903344,1.4229633989255308,0.019256888427905485,1.9647938169637294e-42
151,Phe_411.8,"Other chronic ischemic heart disease, unspecified",circulatory system,0.000275998941091508,1.8574073103329625,0.03423387189326377,3.6348247581760745e-130
152,Phe_411.9,Other acute and subacute forms of ischemic heart disease,circulatory system,0.0004439236444819239,1.492589108910891,0.00585588533954465,3.308506678026832e-05
153,Phe_414,Other forms of chronic heart disease,circulatory system,0.00012766318151767828,1.4656661352560734,0.007027176973799005,6.311112391193446e-07
154,Phe_415,Pulmonary heart disease,circulatory system,-3.5844041310955786e-05,1.428082025360393,0.008366819187057903,3.008655252117795e-09
155,Phe_416,Cardiomegaly,circulatory system,2.702028569082335e-05,1.609522673506818,0.010751623845772077,2.502244198015069e-14
156,Phe_418,Nonspecific chest pain,circulatory system,0.00030534080535931827,1.7214284341220942,0.04023957805474133,4.1488912995542786e-179
157,Phe_418.1,Precordial pain,circulatory system,0.00011910231314338034,1.8529135213200727,0.017160416773517904,4.747004004150699e-34
158,Phe_420,Carditis,circulatory system,3.876756232928923e-05,1.970607843137255,0.0009923236031385073,0.4817861455563266
159,Phe_420.2,Pericarditis,circulatory system,3.3300632551033765e-05,1.038057672118934,0.0004194222369908725,0.7662240636276266
160,Phe_425,Cardiomyopathy,circulatory system,0.00013135479171066155,5.096399594320487,0.005823328087976694,3.658660993557981e-05
161,Phe_425.1,Primary__intrinsic cardiomyopathies,circulatory system,0.00013472775009292718,1.4214618843838398,0.0044879002009628275,0.001465791443130728
162,Phe_426,Cardiac conduction disorders,circulatory system,0.0001843670744840029,2.872140985949035,0.007768751030661736,3.646904444220992e-08
163,Phe_426.2,Atrioventricular [AV] block,circulatory system,9.744537562979674e-05,0.8912296778007686,-0.0004051169156854536,0.7739768699713061
164,Phe_426.3,Bundle branch block,circulatory system,0.00012175913715762555,1.7135720375106565,0.004141690301394824,0.003325283386120836
165,Phe_426.31,Right bundle branch block,circulatory system,0.00011040282479366786,1.4835754864683517,0.00656355381356473,3.274840963711567e-06
166,Phe_426.32,Left bundle branch block,circulatory system,9.277726490140052e-05,1.618453535932344,0.008933963691166131,2.401561313961567e-10
167,Phe_426.9,Cardiac pacemaker__device in situ,circulatory system,0.00019831623762322516,1.929675336009775,0.0045066035025683356,0.0014000984595762367
168,Phe_426.91,Cardiac pacemaker in situ,circulatory system,0.00020542053207131495,1.5339902408933461,0.00862813414996612,9.572807321386318e-10
169,Phe_427,Cardiac dysrhythmias,circulatory system,0.00017996199148433514,1.4003389432359377,0.020984141753167138,4.666038303855932e-50
170,Phe_427.1,"Paroxysmal tachycardia, unspecified",circulatory system,0.00017043757400639098,1.3095811615785555,0.0010273744705575787,0.4664425987602737
171,Phe_427.11,Paroxysmal supraventricular tachycardia,circulatory system,0.0001058352260530687,1.4260977812177502,0.006600284781000491,2.8852786638291846e-06
172,Phe_427.2,Atrial fibrillation and flutter,circulatory system,0.0001427625022719208,1.3144921982560809,0.012529168837378868,6.569720751987525e-19
173,Phe_427.3,Other specified cardiac dysrhythmias,circulatory system,2.9438700827608466e-05,1.4428975287429222,0.0083927423207812,2.689587499657135e-09
174,Phe_427.4,Cardiac arrest and ventricular fibrillation,circulatory system,2.3159101060596604e-05,1.3442986070539036,0.003982707441340296,0.004753957796982721
175,Phe_427.7,Tachycardia NOS,circulatory system,0.0004751006835021907,1.7223681203891101,0.01148871305678883,3.8141939789454874e-16
176,Phe_427.9,Palpitations,circulatory system,0.00014230369821131348,1.6586905614548624,0.013163708344958665,1.0407195160648293e-20
177,Phe_428,Congestive heart failure; nonhypertensive,circulatory system,0.00015129792135645375,1.6588794923223622,0.016597924785840594,5.798182923725271e-32
178,Phe_428.1,Congestive heart failure (CHF) NOS,circulatory system,0.00015880020305051185,1.7537153247769859,0.011992290562119682,1.874308167656213e-17
179,Phe_428.2,Heart failure NOS,circulatory system,0.00017520785360727436,1.63240666699985,0.014128337316949999,1.3002183449998416e-23
180,Phe_430,Intracranial hemorrhage,circulatory system,5.705121904644396e-06,0.8165502112447189,-0.0006516166105585582,0.6441428561200324
181,Phe_433,Cerebrovascular disease,circulatory system,0.00026416475124364927,1.992027493606138,0.012587550316280687,4.524250768962006e-19
182,Phe_433.1,Occlusion and stenosis of precerebral arteries,circulatory system,0.00023669409124187668,1.7967306805074972,0.00823904428093603,5.203055380823945e-09
183,Phe_433.2,Occlusion of cerebral arteries,circulatory system,0.00018847989218271673,1.336778980288343,0.006012609275077918,2.0240462068146836e-05
184,Phe_433.21,"Cerebral artery occlusion, with cerebral infarction",circulatory system,0.00036952624858624465,1.3607777944937565,0.004995978753823978,0.00039779540474440075
185,Phe_433.3,Cerebral ischemia,circulatory system,0.00024463757133146187,1.7634700868983957,0.008469692755973542,1.924511575339648e-09
186,Phe_433.31,Transient cerebral ischemia,circulatory system,0.00026497664530646505,1.6223233468493572,0.009116580393308175,1.0289046682388886e-10
187,Phe_433.8,Late effects of cerebrovascular disease,circulatory system,0.00011220360145834565,1.8593402383241557,0.010213273169195855,4.4830870466370835e-13
188,Phe_440,Atherosclerosis,circulatory system,0.0005078114607151264,1.8190226244343892,0.0034870033855059317,0.013441442632783004
189,Phe_442,Other aneurysm,circulatory system,0.0005730225823308026,2.5156695869837296,0.0027430339942118406,0.051838868190377536
190,Phe_442.1,Aortic aneurysm,circulatory system,0.0005644992889048342,0.8228448167275475,-0.0014305027590918963,0.31056038081045423
191,Phe_443,Peripheral vascular disease,circulatory system,0.0012200681596646215,2.3071005705097782,0.027052559932618916,5.399553860583689e-82
192,Phe_443.1,Raynaud's syndrome,circulatory system,0.00013227202283996208,2.5581592603540577,0.017437827534180446,4.187290257748655e-35
193,Phe_443.9,"Peripheral vascular disease, unspecified",circulatory system,0.0006537248082622877,2.0970241953385127,0.018330180055379872,1.308099068491955e-38
194,Phe_447,Other disorders of arteries and arterioles,circulatory system,0.00047330427065254353,2.2463503157595968,0.009480545744213437,1.808977788853636e-11
195,Phe_451,Phlebitis and thrombophlebitis,circulatory system,-1.9277327145410966e-05,1.9194232238349884,0.005637678534906608,6.43032300575047e-05
196,Phe_451.2,Phlebitis and thrombophlebitis of lower extremities,circulatory system,-1.857521679808291e-05,1.5706903690888119,0.010813297845527828,1.7814844011106938e-14
197,Phe_454,Varicose veins,circulatory system,-0.0011612535259314907,1.1951125733312193,0.0014039948026029754,0.3196117460784951
198,Phe_454.1,Varicose veins of lower extremity,circulatory system,-0.0011427235921923577,1.392471326091412,0.012591649306471083,4.407019044045009e-19
199,Phe_455,Hemorrhoids,circulatory system,-3.481640175272528e-05,1.520496859468021,0.02553143331329325,3.0998011874266746e-73
200,Phe_458,Hypotension,circulatory system,8.496252474175778e-05,1.650681872057977,0.007170970560025155,3.707754838099412e-07
201,Phe_458.1,Orthostatic hypotension,circulatory system,7.429689173473194e-05,1.8285238691953634,0.010831877164334846,1.6075814884486487e-14
202,Phe_458.9,Hypotension NOS,circulatory system,5.4189950238275136e-05,1.793518125518492,0.01645732403075806,1.880204696868743e-31
203,Phe_459,Other disorders of circulatory system,circulatory system,1.577640027045251e-05,1.310502752825268,0.0011680424521777217,0.40767314295476875
204,Phe_459.9,Circulatory disease NEC,circulatory system,2.5636369446104324e-05,1.8623318315317912,0.03716673031947932,4.4228320025313725e-153
205,Phe_465,Acute upper respiratory infections of multiple or unspecified sites,respiratory,0.00020426644775257304,1.8218254327925314,0.009590979368497845,1.0538197075067736e-11
206,Phe_470,Septal Deviations__Turbinate Hypertrophy,respiratory,-7.504805091415278e-05,1.6457106096788343,0.013321639026278451,3.5955481391414956e-21
207,Phe_471,Nasal polyps,respiratory,0.0006580825233178961,1.1331458552376736,0.002301584508040091,0.10277730714011359
208,Phe_473,Diseases of the larynx and vocal cords,respiratory,2.0462881030161744e-05,1.5703715534168532,0.0069585716955915524,8.10545714342467e-07
209,Phe_473.4,Voice disturbance,respiratory,9.920485673947703e-05,1.990512972865914,0.01009075055984381,8.474465206387352e-13
210,Phe_474,Acute and chronic tonsillitis,respiratory,1.5148978850643423e-06,1.367503663387063,0.002301072152553192,0.10285389937399281
211,Phe_474.2,Chronic tonsillitis and adenoiditis,respiratory,1.7298531559026704e-05,1.6255375840640165,0.006146995132648059,1.3156440038105386e-05
212,Phe_475,Chronic sinusitis,respiratory,0.0003303615702284892,1.658760810721595,0.010418366083273992,1.5186969523215212e-13
213,Phe_476,Allergic rhinitis,respiratory,4.3380475196534555e-05,1.763815662067296,0.008907089005776456,2.7168548145837504e-10
214,Phe_477,Epistaxis or throat hemorrhage,respiratory,-0.0016926786635110863,1.4662260737628383,0.007335811944336256,1.990344562301795e-07
215,Phe_479,Other upper respiratory disease,respiratory,-0.00012716146710616309,1.5565568490691828,0.01118989907587234,2.1481571075289696e-15
216,Phe_480,Pneumonia,respiratory,0.0006113449152159967,1.6980672851305934,0.014945192119912314,3.1484071744953143e-26
217,Phe_480.1,Bacterial pneumonia,respiratory,0.0005003960956848634,1.6768364892130994,0.0069670171054209825,7.860559994409462e-07
218,Phe_480.11,Pneumococcal pneumonia,respiratory,0.0004801282020528866,1.626047654131793,0.016675778988480452,3.0098291419935626e-32
219,Phe_495,Asthma,respiratory,0.0009537800564881543,2.074850790975287,0.05704335725369981,0.0
220,Phe_496,Chronic airway obstruction,respiratory,0.0007311619614484986,2.265702583337787,0.03721372978386471,1.83302581971098e-153
221,Phe_496.1,Emphysema,respiratory,0.0006908653171458206,1.73626528881823,0.010266578121244815,3.390485019108791e-13
222,Phe_496.2,Chronic bronchitis,respiratory,0.0016019732373775979,2.8991885112253857,0.010862121909367787,1.3595542085557329e-14
223,Phe_496.21,Obstructive chronic bronchitis,respiratory,0.001620035615355296,1.914760657299357,0.016172584098485227,1.9758638848268145e-30
224,Phe_496.3,Bronchiectasis,respiratory,0.00040119563673885465,1.8532948999739225,0.012697891080762578,2.2251442297356887e-19
225,Phe_506,Empyema and pneumothorax,respiratory,0.0004922421274165744,1.3467355002748764,0.003793574972206066,0.007162848264221627
226,Phe_507,Pleurisy; pleural effusion,respiratory,0.0002836570979652378,1.3746432938446578,0.010162833099190404,5.831912994103888e-13
227,Phe_508,Pulmonary collapse; interstitial and compensatory emphysema,respiratory,-0.00025205379139229037,1.476718408825992,0.007559561540680002,8.375150011714945e-08
228,Phe_509.1,Respiratory failure,respiratory,0.0003595976117177306,1.8009907270451702,0.011812733844646364,5.567901449625244e-17
229,Phe_509.2,Respiratory insufficiency,respiratory,0.0004304017015603208,1.8453852711653222,0.011607399303828956,1.8963245732992653e-16
230,Phe_512,Other symptoms of respiratory system,respiratory,-7.600743390358441e-06,1.9419748454164758,0.03025819405339349,4.175648747445107e-102
231,Phe_512.7,Shortness of breath,respiratory,-1.1432620827264084e-05,1.9882814560801896,0.025485939940285352,5.56575776415074e-73
232,Phe_512.8,Cough,respiratory,1.6950364810608995e-06,1.8868878204721613,0.016016135684251243,7.072268724307153e-30
233,Phe_514,Abnormal findings examination of lungs,respiratory,0.00013743939867531905,1.3792319137871258,0.006414059370198326,5.446580388986451e-06
234,Phe_516,Abnormal sputum,respiratory,0.00012471003883514595,2.426494732221247,0.0043595122067262545,0.001999140207697615
235,Phe_516.1,Hemoptysis,respiratory,0.000138463067554633,1.807362222995707,0.0117902761185994,6.372996306398698e-17
236,Phe_519,"Other diseases of respiratory system, not elsewhere classified",respiratory,-0.002683143315411204,1.4172179693795328,0.0013309445019379783,0.34543926808805303
237,Phe_519.8,"Other diseases of respiratory system, NEC",respiratory,-0.0025118424250777887,1.659168526832898,0.02081504424419009,2.7798599670133094e-49
238,Phe_520,Disorders of tooth development,digestive,-0.0002483614902251551,2.364729411764706,0.00254747877674689,0.0709426051708076
239,Phe_520.2,Disturbances in tooth eruption,digestive,-0.0002494605320286373,0.9940751730959445,-8.639406437200892e-05,0.9511660708872611
240,Phe_521,Diseases of hard tissues of teeth,digestive,2.434717348464975e-06,1.970607843137255,0.0014033784443415092,0.3198242395521748
241,Phe_521.1,Dental caries,digestive,6.870918452766555e-06,1.5384388617986542,0.009858121932847973,2.7816324567989924e-12
242,Phe_522,Diseases of pulp and periapical tissues,digestive,5.246056727544427e-05,1.1898009618941916,0.0014137844543328575,0.31624908719348216
243,Phe_522.5,Periapical abscess,digestive,5.341896428083775e-05,1.6175784426673896,0.00680418130916145,1.4115718256172631e-06
244,Phe_523,Gingival and periodontal diseases,digestive,1.1591214752607389e-06,1.8183720440966085,0.005715431914107829,5.08784097485455e-05
245,Phe_523.3,Periodontitis (acute or chronic),digestive,2.7920801504447143e-05,2.687192513368984,0.0014771450696143382,0.29504863384150204
246,Phe_525,Other diseases of the teeth and supporting structures,digestive,-3.610846749785047e-05,1.731979549632353,0.012019536579685429,1.5866578637381403e-17
247,Phe_528,"Diseases of the oral soft tissues, excluding lesions specific for gingiva and tongue",digestive,-9.698698709553845e-06,1.6601553182205413,0.00929823016310183,4.356481232181714e-11
248,Phe_529,Diseases and other conditions of the tongue,digestive,0.0002411180279117589,1.7040733011608191,0.006845570501646534,1.2178907392594864e-06
249,Phe_530,Diseases of esophagus,digestive,-0.0010919714102653525,1.4427265139881151,0.003471857885259886,0.013850496799672185
250,Phe_530.1,"Esophagitis, GERD and related diseases",digestive,-0.001108231765865617,1.720122090369694,0.02208598458449249,2.9254110637125135e-55
251,Phe_530.11,GERD,digestive,-0.0004222574174806005,2.188547587713853,0.04947010577152778,9.726203474031e-270
252,Phe_530.12,Ulcer of esophagus,digestive,-0.0001913325174572217,1.4994700173849866,0.010947430736459771,8.45400436379908e-15
253,Phe_530.14,Reflux esophagitis,digestive,-0.0008037785973435107,1.6186994161465673,0.02023864305843325,1.0946537651246452e-46
254,Phe_530.2,Esophageal bleeding (varices__hemorrhage),digestive,-0.00027192070120917974,1.5085812152950204,0.006871222220770487,1.1109723641797086e-06
255,Phe_530.3,Stricture and stenosis of esophagus,digestive,0.0,1.2303375306051065,0.0032603797268502877,0.020821539271592675
256,Phe_530.9,Heartburn,digestive,9.22773511426656e-05,1.860433249965537,0.01245050112569927,1.0831172132661757e-18
257,Phe_531,Peptic ulcer (excl. esophageal),digestive,0.0016840546946622415,1.7991799539505966,0.022277194144403142,3.4388496709388663e-56
258,Phe_531.2,Gastric ulcer,digestive,0.0035347835341989213,1.998403381780728,0.02082655835134358,2.462885780384466e-49
259,Phe_531.3,Duodenal ulcer,digestive,0.0006253379174195012,1.5597744058754244,0.009668330334555773,7.191903508162186e-12
260,Phe_532,Dysphagia,digestive,3.5864589062045243e-05,1.8958687450357425,0.023974870856956026,8.553960926469662e-65
261,Phe_535,Gastritis and duodenitis,digestive,0.0017646231420208362,1.9039131872446835,0.03920218434721256,4.325769501005254e-170
262,Phe_535.1,Acute gastritis,digestive,0.00018575899067671398,2.052237456242707,0.011519099127197688,3.191479489899267e-16
263,Phe_535.6,Duodenitis,digestive,0.0011225669161642933,1.6543776277370292,0.018232271910396277,3.233580161733749e-38
264,Phe_535.8,Other specified gastritis,digestive,0.0012366599953012908,1.7549785522417631,0.022809971831633313,8.012064580946536e-59
265,Phe_537,Other disorders of stomach and duodenum,digestive,0.0006131605069195061,1.7061044080618883,0.013462323555549873,1.3805811216571642e-21
266,Phe_540,Appendiceal conditions,digestive,0.00017416269335505816,1.5138092595528778,0.002613404738482274,0.0639428517720275
267,Phe_540.1,Appendicitis,digestive,0.00017804280143326247,1.239962986547799,0.0017232308858331508,0.22187608232155215
268,Phe_540.11,Acute appendicitis,digestive,0.0002093115854962723,1.0965479127134725,0.0014233932441979696,0.31297121647980786
269,Phe_550,Abdominal hernia,digestive,-0.0012688130873995053,1.747280001842193,0.014171890058294731,9.51010635056915e-24
270,Phe_550.1,Inguinal hernia,digestive,-0.001463389968987436,0.9406682890303257,-0.0023397100428658177,0.0972040565862373
271,Phe_550.2,Diaphragmatic hernia,digestive,-0.0011382406203410593,1.775419073874008,0.04236630526734884,2.472396309442708e-198
272,Phe_550.4,Umbilical hernia,digestive,-0.00028692006168267017,1.487765324049974,0.00953421164665425,1.3922635277901821e-11
273,Phe_550.5,Ventral hernia,digestive,-0.0008884085147871125,1.7202144583165528,0.013464159134673774,1.3633576053930334e-21
274,Phe_555,Inflammatory bowel disease and other gastroenteritis and colitis,digestive,-0.0010859057438623637,1.430510613666341,0.009003213012976114,1.7447750021118669e-10
275,Phe_555.1,Regional enteritis,digestive,-0.0007222635001952672,1.6020870549295432,0.007832528892408475,2.818350536284195e-08
276,Phe_555.2,Ulcerative colitis,digestive,-0.0006695831993801422,1.3889223954642098,0.00664117917911896,2.5039001999852266e-06
277,Phe_556,Ulceration of the lower GI tract,digestive,-0.0003500930561962649,1.4972755670895808,0.003249337856838238,0.021257609618110195
278,Phe_557,Intestinal malabsorption (non-celiac),digestive,0.0015159130054499482,1.6871642492613483,0.003797907478982477,0.007097215196845348
279,Phe_557.1,Celiac disease,digestive,0.001516768696575091,1.4160768921095008,0.005487605436220718,0.000100223283974953
280,Phe_558,Noninfectious gastroenteritis,digestive,0.0003304331420875629,1.8360598362400813,0.032219518689986966,1.6194610515368564e-115
281,Phe_559,Ileostomy status,digestive,-0.0003762143855843037,1.5129182795698926,0.006543710864040444,3.5057895845862123e-06
282,Phe_560.4,Other intestinal obstruction,digestive,0.00016248031693757777,1.5182853366065527,0.009706883953123649,5.938346929762738e-12
283,Phe_561,Symptoms involving digestive system,digestive,0.0008023675379068954,1.8251005860483398,0.0324426015388933,4.27289572913219e-117
284,Phe_561.2,Flatulence,digestive,4.809506253907909e-05,1.8045453844459134,0.011003236658048357,6.183575696562769e-15
285,Phe_562,Diverticulosis and diverticulitis,digestive,0.00031345981580602265,1.5468649472902323,0.030573655678869233,3.313823331872046e-104
286,Phe_562.1,Diverticulosis,digestive,0.0003285227402988405,1.5468649472902323,0.030573655678869233,3.313823331872046e-104
287,Phe_563,Constipation,digestive,2.2272737538663307e-05,1.8435893541722934,0.029331814191916154,4.6037663163858615e-96
288,Phe_564,Functional digestive disorders,digestive,-0.00010230740758386047,2.0705662119920434,0.00997169791091565,1.5621819284006793e-12
289,Phe_564.1,Irritable Bowel Syndrome,digestive,-2.611739455110934e-06,2.4905765712746044,0.036137736316043535,7.93637652638405e-145
290,Phe_564.8,Abnormal findings on exam of gastrointestinal tract__ abdominal area,digestive,5.701725307223573e-05,1.568122952098611,0.007724365910451547,4.358231837819506e-08
291,Phe_564.9,Personal history of diseases of digestive system,digestive,-0.00031394641885699033,1.6438963644219493,0.02688050315704303,5.6028448708154615e-81
292,Phe_565,Anal and rectal conditions,digestive,-9.26841917477824e-05,1.4872829107764547,0.014094210297248062,1.6602131304232244e-23
293,Phe_565.1,Anal and rectal polyp,digestive,-6.747907147923357e-05,1.3956906543603549,0.011083527246375641,3.932331952726768e-15
294,Phe_568,Other disorders of peritoneum,digestive,9.830175904014924e-05,1.6606245869134173,0.00329147861846869,0.01963501294828199
295,Phe_568.1,Peritoneal adhesions (postoperative) (postinfection),digestive,0.00010642758177687823,1.8426309056394659,0.015789494165311457,4.3895679926609254e-29
296,Phe_569,Other disorders of intestine,digestive,0.00037252330770651157,1.5734478923728081,0.01123406727843491,1.6684739750070236e-15
297,Phe_571,Chronic liver disease and cirrhosis,digestive,-0.00015095983852494462,2.1079435599199163,0.020649339413715804,1.575841092852724e-48
298,Phe_571.5,Other chronic nonalcoholic liver disease,digestive,-8.631333592600323e-05,2.5993940787994028,0.02271065383075305,2.507272039078834e-58
299,Phe_572,Ascites (non malignant),digestive,-9.452251808248827e-05,1.108466911764706,0.0014294035739812081,0.3109323111851812
300,Phe_573,Other disorders of liver,digestive,0.0004572797232810191,1.4489763552479817,0.006000061605121075,2.1061804693753787e-05
301,Phe_573.7,Abnormal results of function study of liver,digestive,0.00016763093231895695,1.4995688858681222,0.009869049629084761,2.63215570816395e-12
302,Phe_574,Cholelithiasis and cholecystitis,digestive,8.049187640127098e-05,1.6551303658735979,0.026421383838952737,2.6795001694472124e-78
303,Phe_574.1,Cholelithiasis,digestive,8.219084396339964e-05,1.6396720971354473,0.01909826684144283,9.140697958070188e-42
304,Phe_574.11,Cholelithiasis with acute cholecystitis,digestive,7.659179998017238e-05,1.6282003898738178,0.007853569153963964,2.5874990160919e-08
305,Phe_574.12,Cholelithiasis with other cholecystitis,digestive,6.036478733789907e-05,1.7415341391422186,0.01714103169515469,5.616701393405202e-34
306,Phe_574.2,Calculus of bile duct,digestive,6.15389329585454e-05,1.7548713635781112,0.012119209859485645,8.598364034774983e-18
307,Phe_574.3,Cholecystitis without cholelithiasis,digestive,5.7484494503529197e-05,1.8095854123750668,0.013320010308208818,3.635404172903528e-21
308,Phe_575,Other biliary tract disease,digestive,6.836259784762558e-05,1.5950616763098684,0.012091086828786846,1.022596314039161e-17
309,Phe_575.7,Other disorders of gallbladder,digestive,8.556368190494083e-05,1.7285184275184273,0.008692832889346525,7.172277637463965e-10
310,Phe_575.8,Other disorders of biliary tract,digestive,6.313001050143432e-05,1.7365981617647057,0.007790055393839121,3.3468134938587986e-08
311,Phe_577,Diseases of pancreas,digestive,7.273296448401898e-05,1.7618017140631086,0.006058363406055709,1.749641342148044e-05
312,Phe_577.1,Acute pancreatitis,digestive,7.178726773360407e-05,1.6113999398737349,0.006784608620054389,1.513168297610824e-06
313,Phe_578.1,Hematemesis,digestive,7.655047071804236e-05,1.5494698766603416,0.007596360129034216,7.24685401695721e-08
314,Phe_578.2,Blood in stool,digestive,-0.0005168632907338017,1.6366238780409486,0.010463337376241957,1.1944905013659814e-13
315,Phe_578.9,Hemorrhage of gastrointestinal tract,digestive,9.296442587408086e-05,1.5083504441037383,0.012913368855892664,5.469389223233704e-20
316,Phe_579,Other symptoms involving abdomen and pelvis,digestive,-7.452046070336428e-05,1.7698977850399418,0.008193117281557265,6.32287382551443e-09
317,Phe_579.8,Nonspecific abnormal findings in stool contents,digestive,-0.00010755809413637402,1.6216460375816995,0.008831712851850868,3.832663456873072e-10
318,Phe_580,Nephritis; nephrosis; renal sclerosis,genitourinary,0.001951902962297205,2.5857423356082765,0.019550621353888017,1.1028355125022696e-43
319,Phe_580.1,Glomerulonephritis,genitourinary,0.001017533643509578,2.2958537978298112,0.012533809846592664,6.378163999396172e-19
320,Phe_585,Renal failure,genitourinary,6.732481241739985e-05,1.7176725735515792,0.02211551418200237,2.1043416013971254e-55
321,Phe_585.1,Acute renal failure,genitourinary,0.00017024226864304076,1.6801425252181799,0.017516697307904845,2.0849030429294402e-35
322,Phe_585.2,Renal failure NOS,genitourinary,8.57295712542933e-05,1.7421593937136475,0.008894838273933479,2.8736655118345966e-10
323,Phe_585.3,Chronic renal failure [CKD],genitourinary,1.6468429334883887e-05,1.9513804051826251,0.017514250141370733,2.130604724088378e-35
324,Phe_586,Other disorders of the kidney and ureters,genitourinary,1.7264866132008715e-06,1.7327167047898673,0.008042331744868231,1.1904171895710856e-08
325,Phe_586.2,"Cyst of kidney, acquired",genitourinary,0.00017017491795657378,1.525365903683649,0.006445713648478629,4.894797194340616e-06
326,Phe_590,Pyelonephritis,genitourinary,-8.519591315095901e-05,1.7935682862044156,0.009679301178780412,6.81093892995564e-12
327,Phe_591,Urinary tract infection,genitourinary,-0.0007253084097381843,1.7628832961059404,0.027878596336404535,5.813260870181994e-87
328,Phe_592,Cystitis and urethritis,genitourinary,-5.829588243672193e-05,1.6916157881217297,0.01209498228725245,9.983569197158946e-18
329,Phe_592.1,Cystitis,genitourinary,-5.1729090840591145e-05,1.7430953923309997,0.0104366482402531,1.3776128418586195e-13
330,Phe_593,Hematuria,genitourinary,-0.0013374841521939052,1.3509701419653781,0.013946502153591599,4.7499143978198134e-23
331,Phe_594,Urinary calculus,genitourinary,-0.000749127294997725,1.2001446262715614,0.0013633260299580978,0.33383057322179255
332,Phe_594.1,Calculus of kidney,genitourinary,-0.0005752607897246144,1.4263572446990804,0.007581314940392053,7.689139434476185e-08
333,Phe_594.3,Calculus of ureter,genitourinary,-0.0004241640423642525,1.197623314031495,0.0030212922609103065,0.032215960598455606
334,Phe_594.8,Renal colic,genitourinary,-0.00023960891052868602,1.290895554339811,0.003828052192456364,0.006655305753175379
335,Phe_595,Hydronephrosis,genitourinary,5.1211616774340984e-06,1.1631392635102822,0.002395363080679527,0.08950525141915916
336,Phe_596,Other disorders of bladder,genitourinary,-0.0006723079661078856,1.6284098148158408,0.01727746994445364,1.7120523323363516e-34
337,Phe_596.1,Bladder neck obstruction,genitourinary,-0.0008904095073126368,1.3150091022869497,0.004238680951865812,0.002658388333237058
338,Phe_596.5,Functional disorders of bladder,genitourinary,-0.00025620309181258183,2.1775965947215385,0.014288542524598106,4.0959243231486656e-24
339,Phe_597,Other disorders of urethra and urinary tract,genitourinary,-8.788302300452792e-06,1.8867521902377975,0.007704423824303161,4.720016266338026e-08
340,Phe_597.1,Urethral stricture (not specified as infectious),genitourinary,-6.221331968241633e-05,1.6604157470995105,0.01209904470866569,9.736826140542502e-18
341,Phe_598,Abnormal findings on examination of urine,genitourinary,-0.0010073931796346432,1.5218044861923827,0.009368660444007745,3.1083026144719287e-11
342,Phe_599,Other symptoms__disorders or the urinary system,genitourinary,-0.0010995464779461855,1.5680558666247248,0.014636348499661979,3.192432150905063e-25
343,Phe_599.2,Retention of urine,genitourinary,-0.0003006463817345432,1.4645063343841076,0.01292993420637337,4.905388388926327e-20
344,Phe_599.3,Dysuria,genitourinary,-0.0001258411537367444,1.6564034730009856,0.007221478543714881,3.0685737684598987e-07
345,Phe_599.4,Urinary incontinence,genitourinary,-3.2366634804734266e-05,2.2505822343866635,0.03669129233121798,3.0771372415280875e-149
346,Phe_599.5,Frequency of urination and polyuria,genitourinary,-5.833069710306025e-05,1.9274164383561645,0.018213908772612347,3.829736081387961e-38
347,Phe_599.9,Other abnormality of urination,genitourinary,-7.832732933519018e-05,1.9166403307194808,0.012087051490397497,1.0483185538340119e-17
348,Phe_611.3,Lump or mass in breast,genitourinary,3.362117426173094e-05,1.5884235179171815,0.007041946685827576,5.978339303093185e-07
349,Phe_613,Other nonmalignant breast conditions,genitourinary,2.689326921845813e-05,3.2843464052287583,0.0025583703126387967,0.06974465533857378
350,Phe_681,Superficial cellulitis and abscess,dermatologic,1.9328330321442794e-05,1.7129946884414144,0.005130580873206598,0.0002758748909840515
351,Phe_681.3,Cellulitis and abscess of arm__hand,dermatologic,3.819298195972471e-05,2.049653871332072,0.025261731373333353,9.810248507309152e-72
352,Phe_686,Other local infections of skin and subcutaneous tissue,dermatologic,-3.5692706248243105e-05,2.1349047646203414,0.013635145134640607,4.2028500878699373e-22
353,Phe_686.1,Carbuncle and furuncle,dermatologic,-5.7989374911730536e-05,1.6589741561634885,0.010209058758338435,4.582923759054985e-13
354,Phe_687,Symptoms affecting skin,dermatologic,2.2036392053904654e-05,2.5105004029008864,0.007620482600425496,6.588680123621264e-08
355,Phe_687.1,Rash and other nonspecific skin eruption,dermatologic,0.00016879238270620494,1.7234590307425735,0.01099499171993465,6.476624476870318e-15
356,Phe_687.4,Disturbance of skin sensation,dermatologic,0.00011116526137041308,2.351050572072647,0.023067529499961433,4.0633685628354867e-60
357,Phe_689,Disorder of skin and subcutaneous tissue NOS,dermatologic,0.0001502935449623037,1.524357027996826,0.012775538826776954,1.3455755581928626e-19
358,Phe_695,Erythematous conditions,dermatologic,0.0015972961000831635,2.1107900854536417,0.01782602715667848,1.31303158538153e-36
359,Phe_696,Psoriasis and related disorders,dermatologic,-0.00032390981038672365,2.1155798487059494,0.017500350564298814,2.409714810718639e-35
360,Phe_696.4,Psoriasis,dermatologic,-0.0002900921075037912,1.8796945137157104,0.011417717914718331,5.774219274162862e-16
361,Phe_696.41,Psoriasis vulgaris,dermatologic,-0.0003591426979973732,1.8762343774453911,0.01189537246339924,3.3801132525467106e-17
362,Phe_701,Other hypertrophic and atrophic conditions of skin,dermatologic,-9.200377436187098e-05,1.6562208775725857,0.008395419209875053,2.6585816779041387e-09
363,Phe_701.2,Scar conditions and fibrosis of skin,dermatologic,-8.34679501527396e-05,2.3872190429024744,0.020803778248688364,3.129252886571307e-49
364,Phe_702,Degenerative skin conditions and other dermatoses,dermatologic,3.707183355131011e-05,0.0,-0.0008755047559242524,0.5348478535166626
365,Phe_702.1,Actinic keratosis,dermatologic,-5.780499879753673e-05,1.3893015565093865,0.006401781588768559,5.676234592720575e-06
366,Phe_702.2,Seborrheic keratosis,dermatologic,5.0550700621495575e-05,1.244811608682561,0.0042548857968652265,0.0025597110166565777
367,Phe_703,"Diseases of nail, NOS",dermatologic,-8.653594761447673e-05,1.5098959898301167,0.0030382112428640018,0.031262587723514035
368,Phe_704,Diseases of hair and hair follicles,dermatologic,-0.0009375834342751977,1.2323714009986897,0.005033210797535923,0.00035980516882252756
369,Phe_706,Diseases of sebaceous glands,dermatologic,-0.0011006637766742872,1.4007976110371905,0.011542497349402577,2.7813004789662973e-16
370,Phe_706.2,Sebaceous cyst,dermatologic,-0.001092447186462647,1.3960895988886959,0.011352057595557649,8.454450571806395e-16
371,Phe_707,Chronic ulcer of skin,dermatologic,0.0004953203391412587,2.6952259737975908,0.020087584571232015,5.098820600829298e-46
372,Phe_709,Diffuse diseases of connective tissue,dermatologic,0.0015741418583559625,5.867705443371378,0.08179728271013274,0.0
373,Phe_709.7,Unspecified diffuse connective tissue disease,dermatologic,0.0015469619662630413,7.034452039352327,0.0855815147039932,0.0
374,Phe_714,Rheumatoid arthritis and other inflammatory polyarthropathies,musculoskeletal,0.00045904817789821145,3.4348565514585534,0.015897015236359512,1.852113128148765e-29
375,Phe_714.1,Rheumatoid arthritis,musculoskeletal,0.00044757255651568074,3.5465042624682694,0.04273258881396964,9.594048836760772e-202
376,Phe_715,Other inflammatory spondylopathies,musculoskeletal,-0.0005659297643883879,3.7980989155438714,0.01712536344748367,6.433908278817484e-34
377,Phe_716,Other arthropathies,musculoskeletal,0.0004090657761089422,4.266264402668284,0.00849251923245109,1.7416344346840316e-09
378,Phe_716.2,Unspecified monoarthritis,musculoskeletal,0.0007620422881457105,2.6069778114773725,0.06672894832549475,0.0
379,Phe_716.9,Arthropathy NOS,musculoskeletal,0.00040992448636076653,2.763447748576924,0.09493252520105722,0.0
380,Phe_717,Polymyalgia Rheumatica,musculoskeletal,0.0005458088854017616,2.863963464018958,0.021831454420226645,4.9148951759764736e-54
381,Phe_720,Spinal stenosis,musculoskeletal,0.0022111053467632957,3.909516900594018,0.025720383108381803,2.6962723211985122e-74
382,Phe_721,Spondylosis and allied disorders,musculoskeletal,0.00010300635119696754,3.930447337404907,0.031444958109381166,4.0377537180173233e-110
383,Phe_721.1,Spondylosis without myelopathy,musculoskeletal,9.45357002759381e-05,4.367842126541338,0.033960204412510436,4.006142928974589e-128
384,Phe_722,Intervertebral disc disorders,musculoskeletal,0.0010220510918484836,3.3124006149134453,0.06113322201523924,0.0
385,Phe_722.6,Degeneration of intervertebral disc,musculoskeletal,0.00017837909889014205,3.789630467571644,0.048660512331936474,4.840931983702677e-261
386,Phe_722.9,Other and unspecified disc disorder,musculoskeletal,0.00024892354483411225,3.2304767732369193,0.045069923998619484,3.328151626427533e-224
387,Phe_724,Other and unspecified disorders of back,musculoskeletal,-0.00011052397871535846,3.897905623787977,0.020654855416386585,1.487737381045753e-48
388,Phe_726,Peripheral enthesopathies and allied syndromes,musculoskeletal,0.00020177229991041266,3.263987203609438,0.06654239468528161,0.0
389,Phe_726.1,Enthesopathy,musculoskeletal,0.00017658426515614997,3.367380444715199,0.06263539833116244,0.0
390,Phe_727,"Other disorders of synovium, tendon, and bursa",musculoskeletal,6.949972815674685e-05,3.007928574643323,0.019187084869856205,3.87083339910174e-42
391,Phe_727.1,Synovitis and tenosynovitis,musculoskeletal,-7.224932390610449e-05,6.529399491923995,0.0857390001661341,0.0
392,Phe_727.4,"Ganglion and cyst of synovium, tendon, and bursa",musculoskeletal,8.547480654361216e-05,3.3342331409655497,0.0392049496516042,4.095789873847934e-170
393,Phe_728,"Disorders of muscle, ligament, and fascia",musculoskeletal,0.0008361782608175115,4.222731092436975,0.0074655210054797964,1.2086136703697563e-07
394,Phe_728.7,Fasciitis,musculoskeletal,0.0009192061116617278,3.9134606462303227,0.014495533584068547,9.035675239092638e-25
395,Phe_728.71,Contracture of palmar fascia [Dupuytren's disease],musculoskeletal,0.0009434462777649792,2.021633996125892,0.016132109576930287,2.7513068328889182e-30
396,Phe_729,Other disorders of soft tissues,musculoskeletal,0.00018343045403129625,2.3078636513943493,0.013835934366906999,1.0359291907315234e-22
397,Phe_729.1,"Rheumatism, unspecified and fibrositis",musculoskeletal,2.4618355916835823e-05,4.465313516896121,0.019840475258442986,6.163635489326044e-45
398,Phe_733,Other disorders of bone and cartilage,musculoskeletal,3.6852780118404214e-05,3.1309490752097338,0.01950108694960892,1.7978701264911004e-43
399,Phe_733.8,Malunion and nonunion of fracture,musculoskeletal,0.0001791380520894982,2.808784934788395,0.007099634712816835,4.83340501796628e-07
400,Phe_735,Acquired foot deformities,musculoskeletal,-0.0010003294614571456,4.1815337159253945,0.012027060030997702,1.5152173694056438e-17
401,Phe_735.2,Acquired toe deformities,musculoskeletal,-0.00013724309235900204,3.6873950005965876,0.03869635150565634,8.868171227101528e-166
402,Phe_735.21,Hammer toe (acquired),musculoskeletal,0.0006406863119373693,3.8622158172845977,0.03932111962234898,4.1125582191002938e-171
403,Phe_735.23,Hallux rigidus,musculoskeletal,-2.7581194453533517e-06,2.8322695410849166,0.021975998240950836,9.940304489266902e-55
404,Phe_735.3,Hallux valgus (Bunion),musculoskeletal,-0.0016201532198655234,2.906213214826071,0.04811796953140183,2.7076536518046725e-255
405,Phe_736,Other acquired deformities of limbs,musculoskeletal,0.00027390013049206777,3.816493670886076,0.014782078330541385,1.0764471420935622e-25
406,Phe_737,Curvature of spine,musculoskeletal,-2.8477347890248686e-06,3.2843464052287583,0.0036181467985926014,0.010322964644382442
407,Phe_737.3,Kyphoscoliosis and scoliosis,musculoskeletal,-5.93375766780417e-06,2.8072905027932964,0.012774723722754643,1.352720337065463e-19
408,Phe_738,Other acquired musculoskeletal deformity,musculoskeletal,6.82357267114396e-05,1.632098520389751,0.0036915438457975833,0.008874565180242776
409,Phe_738.4,Acquired spondylolisthesis,musculoskeletal,9.094448494469627e-05,3.66738432345643,0.014140662245497326,1.1901982810752758e-23
410,Phe_740,Osteoarthrosis,musculoskeletal,0.00033239819068514055,2.6939885229101006,0.08270538395756319,0.0
411,Phe_740.1,Osteoarthritis; localized,musculoskeletal,0.0003932078068606713,2.6077878026210484,0.05114061017055751,3.869136992836354e-288
412,Phe_740.11,"Osteoarthrosis, localized, primary",musculoskeletal,0.0006183954559322204,2.6764143901288118,0.048471806848135006,4.9135354869806837e-259
413,Phe_740.9,Osteoarthrosis NOS,musculoskeletal,0.0002021257749477419,3.2347713651498333,0.054787838629473756,0.0
414,Phe_741,Symptoms and disorders of the joints,musculoskeletal,0.000215975133802651,2.6045096668037844,0.011333445617391807,9.415753806899356e-16
415,Phe_741.4,Joint effusions,musculoskeletal,0.0003483771570472415,2.845262661214218,0.009423518449644733,2.3855688919738854e-11
416,Phe_742,"Derangement of joint, non-traumatic",musculoskeletal,-2.0818450526150386e-05,0.5911823529411765,-0.000763121444048948,0.5885371447542528
417,Phe_742.9,Other derangement of joint,musculoskeletal,-1.8911534787313814e-05,2.5156695869837296,0.012581935584161617,4.689847385269012e-19
418,Phe_743,"Osteoporosis, osteopenia and pathological fracture",musculoskeletal,0.0018300189131522703,2.261069522986454,0.026507939580178677,8.440896950409575e-79
419,Phe_743.1,Osteoporosis,musculoskeletal,0.0018670619132269551,2.2406182106554677,0.02529731724752828,6.231959470967614e-72
420,Phe_743.11,Osteoporosis NOS,musculoskeletal,0.0019377876839124035,2.242519617826764,0.02532521778313119,4.3644893004150365e-72
421,Phe_745,Pain in joint,musculoskeletal,-3.4657410911070575e-05,2.8960754941652773,0.024936270889894373,6.040848414940346e-70
422,Phe_747,Cardiac and circulatory congenital anomalies,congenital anomalies,0.00034191999089789037,2.2737782805429867,0.0020999086868499104,0.1365999679280517
423,Phe_747.1,Cardiac congenital anomalies,congenital anomalies,0.00034996105036443564,2.955911764705882,0.008945342580471027,2.2791043563079255e-10
424,Phe_747.13,Congenital anomalies of great vessels,congenital anomalies,0.00044943120407215005,1.617865647463805,0.00881624215567062,4.111701306939369e-10
425,Phe_751,Genitourinary congenital anomalies,congenital anomalies,0.0,1.5586213745442672,0.006871302798389908,1.1106511914024214e-06
426,Phe_939,Atopic__contact dermatitis due to other or unspecified,dermatologic,4.896880606035485e-05,1.9190849001175088,0.014203121230457024,7.595038164944278e-24
