,PheCode,description,category,f_score,RR,phi,pval
0,Phe_112,Candidiasis,infectious diseases,4.657791808609717e-05,2.8572362697659077,0.009349572136331093,3.4069334186693606e-11
1,Phe_153,Colorectal cancer,neoplasms,-6.0561018036684346e-06,7.664343237142335,0.003401987912850102,0.01588321303791453
2,Phe_153.2,Colon cancer,neoplasms,-2.905923471617544e-06,1.2846237815368804,0.001594084646745503,0.25847367570380203
3,Phe_153.3,"Malignant neoplasm of rectum, rectosigmoid junction, and anus",neoplasms,2.9508249141952626e-05,1.147325825115036,0.0006753182824404491,0.6321408957531645
4,Phe_158,Neoplasm of unspecified nature of digestive system,neoplasms,0.00015566460514006338,0.7179258222133326,-0.0009423978200000015,0.5041070628723279
5,Phe_159,Malignant neoplasm of other and ill-defined sites within the digestive organs and peritoneum,neoplasms,-3.6563073775378536e-05,1.2022499195517387,0.0014857622504324188,0.2922406460599618
6,Phe_165,Cancer within the respiratory system,neoplasms,-0.00022006819726428717,1.9853957977194845,0.0034293878816834336,0.015056739942616264
7,Phe_165.1,Cancer of bronchus; lung,neoplasms,-0.0001757471382817943,1.3666539748157416,0.0018874710126604642,0.18090278673592844
8,Phe_172,Skin cancer,neoplasms,0.0005579985297169642,0.9842531433569882,-0.00018868073671481585,0.8935995622588115
9,Phe_172.2,Other non-epithelial cancer of skin,neoplasms,0.0005587089563660903,0.9921603890640334,-8.459090907984313e-05,0.9521840637802528
10,Phe_174,Breast cancer,neoplasms,8.836635020268547e-05,1.467694645167053,0.005357844177602952,0.0001458305175448387
11,Phe_189,Cancer of urinary organs (incl. kidney and bladder),neoplasms,7.222936582411922e-05,1.3141544623685515,0.0016950117688190386,0.2295376064942183
12,Phe_189.11,"Malignant neoplasm of kidney, except pelvis",neoplasms,2.3001521808737e-05,1.1543312066795102,0.0004979651464415326,0.7240924734701164
13,Phe_189.2,Cancer of bladder,neoplasms,5.9058574092158966e-05,1.5468038169505438,0.0015235696111835619,0.2801334189488061
14,Phe_189.21,Malignant neoplasm of bladder,neoplasms,7.072436895066107e-05,1.2346112180393378,0.001079062057266318,0.4443195557574564
15,Phe_195,"Cancer, suspected or other",neoplasms,0.0001912104112599072,0.714309067441477,-0.0008283734533193097,0.5570609358310088
16,Phe_195.1,"Malignant neoplasm, other",neoplasms,0.0001966550951918033,1.2198068641356952,0.002879907695786816,0.04120152822632747
17,Phe_197,Chemotherapy,neoplasms,-0.0003223782500539874,3.988549644287895,0.042672028124120104,3.531986977513481e-201
18,Phe_198,Secondary malignant neoplasm,neoplasms,0.0003628463976150846,0.9521456064049234,-0.00017006550908606462,0.9040434844307439
19,Phe_198.1,Secondary malignancy of lymph nodes,neoplasms,0.0004094761006862216,1.179995568758421,0.001376632218872821,0.3291341451801002
20,Phe_198.2,Secondary malignancy of respiratory organs,neoplasms,0.00013931519172317595,1.2336300153312294,0.0011934061609331218,0.3975666751628041
21,Phe_198.3,Secondary malignant neoplasm of digestive systems,neoplasms,9.65703860898662e-05,1.3530689452450086,0.0014896238173154944,0.29098816243647774
22,Phe_198.4,Secondary malignant neoplasm of liver,neoplasms,-1.7238086665497996e-05,1.3826781275271869,0.002116648962955863,0.13350063948407323
23,Phe_198.6,Secondary malignancy of bone,neoplasms,4.193405957750493e-05,1.5143432534320014,0.002583792085015324,0.06701306981772322
24,Phe_199,Neoplasm of uncertain behavior,neoplasms,-4.883005174547395e-05,0.6874683630891306,-0.0010671088058621533,0.44938182657916914
25,Phe_202,"Cancer of other lymphoid, histiocytic tissue",neoplasms,-0.00022352182280329112,1.6420422685249934,0.0022429310366190395,0.1118443320229825
26,Phe_202.2,Non-Hodgkins lymphoma,neoplasms,-0.00027435031741097074,1.2027456635100835,0.0007854196135593185,0.577688879258144
27,Phe_204,Leukemia,neoplasms,-2.9698666195529082e-06,0.8593354538614132,-0.00030345938137382316,0.829678046810155
28,Phe_208,Benign neoplasm of colon,neoplasms,-5.6599261807407796e-05,1.0869396015514659,0.0013212388802729899,0.3489682419803868
29,Phe_211,Benign neoplasm of other parts of digestive system,neoplasms,-0.00026524870007427616,1.273014364019152,0.0021259188053336,0.13180796632399353
30,Phe_214,Lipoma,neoplasms,1.4010069956680934e-05,0.4429218270585964,-0.0023718597395247483,0.09269450090819341
31,Phe_214.1,Lipoma of skin and subcutaneous tissue,neoplasms,1.3102879102095755e-05,0.9708776562679556,-0.00020166359626444045,0.886326429119076
32,Phe_215,Other benign neoplasm of connective and other soft tissue,neoplasms,6.689673340438447e-05,1.8943266517987065,0.002908127847052813,0.039255278636826874
33,Phe_216,Benign neoplasm of skin,neoplasms,9.512749088859872e-05,1.2589598214173867,0.002379832947988283,0.09160251645028704
34,Phe_228,"Hemangioma and lymphangioma, any site",neoplasms,0.00017826813536282705,0.7899183837723297,-0.0008199781223510155,0.5610643203996989
35,Phe_229,Benign neoplasm of unspecified sites,neoplasms,-0.00018391806171117765,1.1197658431362938,0.000555743143311308,0.6936165110255004
36,Phe_241,Nontoxic nodular goiter,endocrine/metabolic,-0.00010912959387697569,0.0,-0.0003657998889139376,0.7953990899005777
37,Phe_242,Thyrotoxicosis with or without goiter,endocrine/metabolic,-0.00029443279951948747,1.4441609710726528,0.0017360460431542564,0.21845790590982211
38,Phe_244,Hypothyroidism,endocrine/metabolic,-0.0007252772665677604,1.9892241853528754,0.01257797030089781,4.810389898491242e-19
39,Phe_244.1,Secondary hypothyroidism,endocrine/metabolic,-0.0003200828289684643,2.236692843289988,0.004380139801674439,0.0019029022832994546
40,Phe_244.4,Hypothyroidism NOS,endocrine/metabolic,-0.0007414222594182996,1.9929417634850675,0.012310179888515543,2.622151314261221e-18
41,Phe_250.1,Type 1 diabetes,endocrine/metabolic,-0.0008599152424129848,2.214320924838103,0.006340701932950695,6.963386002430937e-06
42,Phe_250.2,Type 2 diabetes,endocrine/metabolic,-0.0011275316624956456,1.4319383917173025,0.006463501927517488,4.608649827061386e-06
43,Phe_250.23,Type 2 diabetes with ophthalmic manifestations,endocrine/metabolic,-0.0009011126473667287,0.9937124827832374,-2.5268502259485334e-05,0.9857089067663917
44,Phe_250.7,Diabetic retinopathy,endocrine/metabolic,-0.0008829299607128027,0.9782861570479219,-8.795287752258335e-05,0.9502860884336938
45,Phe_260,Protein-calorie malnutrition,endocrine/metabolic,1.2516716581983543e-05,0.0,-0.0015387690442870171,0.27536345871327594
46,Phe_261,Vitamin deficiency,endocrine/metabolic,0.0002995466624994981,0.0,-0.0005035300175222989,0.7211371622551364
47,Phe_272,Disorders of lipoid metabolism,endocrine/metabolic,-0.0010537695477523643,1.1394715222717748,0.002871613713570798,0.041788849052665965
48,Phe_272.1,Hyperlipidemia,endocrine/metabolic,-0.0010503041051915317,1.1942525641335873,0.0014544050650496338,0.3025452103783318
49,Phe_272.11,Hypercholesterolemia,endocrine/metabolic,-0.0010624666059211934,1.1206924483044889,0.0023826098545451494,0.09122463672120963
50,Phe_274,Gout and other crystal arthropathies,endocrine/metabolic,-0.00010153253379169753,0.5438533968273602,-0.002321092586534522,0.09989463464019964
51,Phe_274.1,Gout,endocrine/metabolic,-0.00010387915114883683,0.5285753956649886,-0.002251784322581428,0.11043664297175103
52,Phe_275,Disorders of mineral metabolism,endocrine/metabolic,0.0015662600806399948,0.0,-0.0003356799978035773,0.8119161008955993
53,Phe_275.5,Disorders of calcium__phosphorus metabolism,endocrine/metabolic,0.00010108156349218656,1.661900744548178,0.0024109943343501336,0.08743354990151175
54,Phe_276,"Disorders of fluid, electrolyte, and acid-base balance",endocrine/metabolic,-9.526976845503425e-05,3.0870271371823295,0.020486718244027473,8.53439812053683e-48
55,Phe_276.1,Electrolyte imbalance,endocrine/metabolic,-7.33390142372544e-05,3.5447587471783297,0.0033091353479088002,0.018987984121939756
56,Phe_276.12,Hyposmolality and__or hyponatremia,endocrine/metabolic,-8.290569894752226e-05,3.399083730171001,0.011959292779766336,2.2922370898445028e-17
57,Phe_276.14,Hypopotassemia,endocrine/metabolic,-9.831604202730016e-07,3.1185560825615806,0.009311138080799617,4.09586121590264e-11
58,Phe_276.5,Hypovolemia,endocrine/metabolic,-6.348137698788909e-05,4.419439477001554,0.020402771770833182,2.0306910040502288e-47
59,Phe_277,Other disorders of metabolism,endocrine/metabolic,6.38615921394219e-05,2.636208364435411,0.005336560247298483,0.00015496416520188576
60,Phe_278,"Overweight, obesity and other hyperalimentation",endocrine/metabolic,-4.97564326960286e-05,0.0,-0.00016783799483412382,0.9052943623280427
61,Phe_278.1,Obesity,endocrine/metabolic,-5.19065062199627e-05,1.3887254899078425,0.004608429405681784,0.001087652588372124
62,Phe_280,Iron deficiency anemias,hematopoietic,-0.00038032655496950314,1.753571775075622,0.0073339475869240245,2.004546648924711e-07
63,Phe_280.1,"Iron deficiency anemias, unspecified or not due to blood loss",hematopoietic,-0.00042876387723582193,1.695786356487799,0.006622262870136061,2.6738756210791924e-06
64,Phe_281,Other deficiency anemia,hematopoietic,-0.00022261173257789011,0.0,-0.00025175824478038984,0.8583578813770566
65,Phe_281.1,Megaloblastic anemia,hematopoietic,-0.00017344263242867665,0.0,-0.0003356799978035773,0.8119161008955993
66,Phe_285,Other anemias,hematopoietic,-0.0005569014172790887,1.485124943691031,0.005584889975011895,7.525958392182e-05
67,Phe_287,Purpura and other hemorrhagic conditions,hematopoietic,-0.0001606938970163165,1.8780178792997773,0.000905556709698937,0.5209213383401547
68,Phe_287.3,Thrombocytopenia,hematopoietic,-2.4540562072177357e-05,1.6821395933223908,0.002579916914908437,0.06742367919724795
69,Phe_288,Diseases of white blood cells,hematopoietic,-0.00031681981444972487,2.786273251057202,0.00454098828693492,0.001286359673693818
70,Phe_289,Other diseases of blood and blood-forming organs,hematopoietic,-1.5275829150053228e-05,1.5104165101159328,0.0011747028230778905,0.4050045224560108
71,Phe_289.4,Lymphadenitis,hematopoietic,-3.247384382881707e-05,1.3942020637869537,0.0021185220126000966,0.13315727155158374
72,Phe_290,Delirium dementia and amnestic and other cognitive disorders,mental disorders,-0.0005176770508124403,8.01075423091148,0.015665566091427014,1.1782916304663465e-28
73,Phe_292,Neurological disorders,mental disorders,-0.00033157026591799314,9.837129537624072,0.021460235280632883,2.8399571683659403e-52
74,Phe_292.1,Aphasia__speech disturbance,mental disorders,-9.698848085593867e-05,6.236422028230754,0.021624479264137682,4.7589683842966645e-53
75,Phe_292.4,Altered mental status,mental disorders,-0.0004886055617731982,3.8592505596079167,0.014888699627479145,4.8267344868030845e-26
76,Phe_293,Symptoms involving head and neck,mental disorders,6.5947867580120384e-06,0.8059131787545759,-0.0008665899927249302,0.5390149072051429
77,Phe_296,Mood disorders,mental disorders,-0.0001874527129221942,2.4875499980198805,0.0013330051395688868,0.3446929560160854
78,Phe_296.1,Bipolar,mental disorders,-7.730801846820726e-05,3.007406048760155,0.00675545116171259,1.6776567114160266e-06
79,Phe_296.2,Depression,mental disorders,-0.0001839959460163181,2.0255764269590455,0.002037805495464995,0.14858459245683225
80,Phe_300,Anxiety disorders,mental disorders,-1.9372578716312543e-05,4.396599996500254,0.006478148618912993,4.3851365618673445e-06
81,Phe_300.1,Anxiety disorder,mental disorders,-0.0001902405705040041,1.8536579292771982,0.007158610029566372,3.882745946937079e-07
82,Phe_306,Other mental disorder,mental disorders,-0.00027804141144830937,1.7481044200449665,0.014138905707723932,1.2052957587023852e-23
83,Phe_317,Alcohol-related disorders,mental disorders,-0.00022114098261357407,1.2810773236131996,0.0021225479934930762,0.132421541845593
84,Phe_317.1,Alcoholism,mental disorders,-0.00022763632456289287,1.507921864735867,0.0048084742430211675,0.0006529174153067065
85,Phe_318,Tobacco use disorder,mental disorders,-0.0002536885646999338,2.237795982154431,0.01801715604183334,2.3223825355422507e-37
86,Phe_327,Sleep disorders,neurological,-9.323343447854112e-06,0.6209796345421891,-0.001178892524232758,0.4033311928440625
87,Phe_327.3,Sleep apnea,neurological,-2.031794336399924e-05,1.446207852557092,0.0031234812973972765,0.026817745739474475
88,Phe_331,Other cerebral degenerations,neurological,-0.0003804995836566134,1.3766053387100308,0.0006417586762033496,0.6491623652360807
89,Phe_332,Parkinson's disease,neurological,0.0007838347766357063,4.097141173209215,0.011463982972314556,4.408163891137658e-16
90,Phe_334,Degenerative disease of the spinal cord,neurological,2.2815682912508713e-05,4.858461042119982,0.015283190746749789,2.362759513272246e-27
91,Phe_335,Multiple sclerosis,neurological,0.012433351304658828,283.58069977426635,1.0000000000000004,
92,Phe_339,Other headache syndromes,neurological,-3.2933189812498216e-05,3.4653446000928683,0.022237018867464327,5.400445264855138e-56
93,Phe_340,Migraine,neurological,4.453235579830481e-05,2.539728162013227,0.008452407709848309,2.0753106862973757e-09
94,Phe_342,Hemiplegia,neurological,6.18361716692613e-05,6.570772311842758,0.02324380210501685,5.180329791275801e-61
95,Phe_345,"Epilepsy, recurrent seizures, convulsions",neurological,2.9913886051607478e-05,4.376615451061616,0.019580527392443627,8.205585626415491e-44
96,Phe_345.3,Convulsions,neurological,-2.7242166123695937e-05,5.702252966649414,0.022853972163759683,4.825675648013549e-59
97,Phe_348,Other conditions of brain,neurological,1.6683884973939566e-06,2.476687334273069,0.0018757019479901558,0.1836376660279664
98,Phe_350,Abnormal movement,neurological,0.0005457194789144838,10.3979589917231,0.056609890165853,0.0
99,Phe_350.2,Abnormality of gait,neurological,0.0011252045704525286,11.779235514492155,0.051543896278908694,1.1313301327266822e-292
100,Phe_351,Other peripheral nerve disorders,neurological,-0.00033159636993531554,1.2344101048997478,0.0026093521155170817,0.06435603620020083
101,Phe_352,Disorders of other cranial nerves,neurological,0.00022156145738993967,5.350579241023894,0.0037592774934143472,0.0077019488181401695
102,Phe_353,Nerve root and plexus disorders,neurological,1.904164325491462e-05,1.9718000616415488,0.003248803372258071,0.021278918082966038
103,Phe_357,Inflammatory and toxic neuropathy,neurological,-7.204197984324767e-05,4.239992872614361,0.012995193059346018,3.1907717068595094e-20
104,Phe_361,Retinal detachments and defects,sense organs,-0.00015590669089936908,0.4964648105291779,-0.0022646712600740884,0.10841264964900295
105,Phe_361.1,Retinal detachment with retinal defect,sense organs,-0.00017182024667140112,0.5749228581333328,-0.0015876110839927473,0.26041232864016867
106,Phe_362,Other retinal disorders,sense organs,0.0001346901340637076,0.5740499995430492,-0.0013781060686655884,0.3286165956639975
107,Phe_362.2,Degeneration of macula and posterior pole of retina,sense organs,0.00015469012459132619,0.9330673492952322,-0.0003544575152168333,0.8016086436982187
108,Phe_362.29,Macular degeneration (senile) of retina NOS,sense organs,0.00015627391609426928,0.9330673492952322,-0.0003544575152168333,0.8016086436982187
109,Phe_365,Glaucoma,sense organs,-0.000395772849938892,0.7206014732532603,-0.0018121119448645344,0.198945982084755
110,Phe_365.1,Open-angle glaucoma,sense organs,-0.0004056873464881284,0.6052949835096401,-0.0014365717505818868,0.30851210949718666
111,Phe_365.11,Primary open angle glaucoma,sense organs,-0.00041526731856872547,0.6075644344387067,-0.0014256317702038039,0.3122108069333712
112,Phe_366,Cataract,sense organs,-0.0005390229137822324,0.9842189402887697,-0.00022406918623820446,0.8737974181113085
113,Phe_366.2,Senile cataract,sense organs,-0.0003402593775024593,1.03834222006422,0.0004003826478768842,0.7765476343410846
114,Phe_367,Disorders of refraction and accommodation; blindness and low vision,sense organs,-8.53957345671439e-05,0.0,-0.0010036640769681263,0.4767920091114669
115,Phe_367.1,Myopia,sense organs,-8.30504326320919e-05,1.090170878517122,0.00034590913230094807,0.8062969039883042
116,Phe_368,Visual disturbances,sense organs,-0.00017276730438428258,6.495519343834914,0.018815188815978132,1.3769299317692622e-40
117,Phe_371,Inflammation of the eye,sense organs,-0.00015940161457077916,3.9661636332065227,0.0029770318850586485,0.034828607497583534
118,Phe_371.3,Inflammation of eyelids,sense organs,-9.676173570638785e-05,1.1178135527790973,0.0005696511743423936,0.6863517066048155
119,Phe_374,Other disorders of eyelids,sense organs,-0.00014190964225760058,1.0782536113089976,0.0004277862980273898,0.7617019046784042
120,Phe_374.1,Ectropion or entropion,sense organs,-0.00010202478915068909,0.8968396577301277,-0.00034476370665124543,0.806925632433803
121,Phe_374.3,Ptosis of eyelid,sense organs,-1.8129871385326395e-05,1.4780825751450966,0.0020848666892027447,0.13943197130460172
122,Phe_375,Disorders of lacrimal system,sense organs,5.846561074723146e-05,1.3754924807159241,0.0015711996701122742,0.26537209824507696
123,Phe_378,Strabismus and other disorders of binocular eye movements,sense organs,-8.567153074664408e-05,11.077371084932281,0.009568990286841812,1.1740872324648014e-11
124,Phe_379,Other disorders of eye,sense organs,-0.0001212829845088016,1.8738812760414079,0.0015632743216854189,0.2677904051800739
125,Phe_379.2,Disorders of vitreous body,sense organs,-8.329916245259444e-05,0.269948310113533,-0.0028140706871619507,0.046061882919961016
126,Phe_379.3,Aphakia and other disorders of lens,sense organs,-0.00012847346374649944,1.492992225507132,0.00235848164013505,0.09455017817157917
127,Phe_380,Disorders of external ear,sense organs,-2.7426635259699846e-05,2.248091617689541,0.0031150662133255617,0.02723067318260955
128,Phe_381,Otitis media and Eustachian tube disorders,sense organs,2.3541328404731684e-06,1.3426208308555052,0.001568120981626463,0.26630972331843034
129,Phe_381.1,Otitis media,sense organs,-3.8736069188844996e-07,1.3891286902868192,0.0012361931070299498,0.3808639106546218
130,Phe_384,Other disorders of tympanic membrane,sense organs,-5.283923888690765e-05,0.0,-0.0018774126190343459,0.18323825125972978
131,Phe_384.4,Perforation of tympanic membrane,sense organs,-8.020661713925886e-05,0.611165301237643,-0.001219117451695836,0.38747741906628885
132,Phe_386,Vertiginous syndromes and other disorders of vestibular system,sense organs,-0.00021820481501158654,5.787361219882987,0.003977499615077454,0.004808989315868627
133,Phe_386.9,Dizziness and giddiness (Light-headedness and vertigo),sense organs,-0.00030479063279967674,2.4134527640363097,0.01019825205219747,4.849011700568845e-13
134,Phe_389,Hearing loss,sense organs,-8.826961848196342e-05,1.4666161052233948,0.002896874306547517,0.04002183334096911
135,Phe_394,Rheumatic disease of the heart valves,circulatory system,-0.00012254867509642708,1.1836999990577606,0.0006323538057658598,0.6539660814993489
136,Phe_394.2,Mitral valve disease,circulatory system,-8.599352099620033e-05,1.376883834631275,0.0022346420392901868,0.11317509221683768
137,Phe_394.3,Aortic valve disease,circulatory system,-0.0004067483960483796,0.801075423091148,-0.0007709816573597005,0.5847023484021114
138,Phe_394.7,Disease of tricuspid valve,circulatory system,2.566305937042321e-06,1.8027134948975367,0.0030524691715134895,0.030478059133882292
139,Phe_395,Heart valve disorders,circulatory system,-0.0001092237027377387,1.2779476221837849,0.0019479478648233405,0.1673247437198775
140,Phe_395.1,Nonrheumatic mitral valve disorders,circulatory system,-7.448419534740103e-05,1.2487302778904579,0.0014483433895767794,0.30456473287644126
141,Phe_395.6,Heart valve replaced,circulatory system,-0.0003638240987953063,1.104381781898917,0.0004220697159335707,0.764791793258611
142,Phe_396,Abnormal heart sounds,circulatory system,0.0,1.1738999990655616,0.0006011210065239682,0.6700210228359873
143,Phe_401.1,Essential hypertension,circulatory system,-0.0007425378626850872,1.3094823721928368,0.00991873848294809,2.0460359363950944e-12
144,Phe_401.2,Hypertensive heart and__or renal disease,circulatory system,-0.000179858673964746,0.0,-0.000633607951438021,0.6533246682654557
145,Phe_401.22,Hypertensive chronic kidney disease,circulatory system,-0.0001631041830239595,1.2282128479154943,0.0008748251247390495,0.5351649624391216
146,Phe_402,Elevated blood pressure reading without diagnosis of hypertension,circulatory system,-0.00010836575149016618,1.2843328794124385,0.0011236768152366036,0.42571495273489013
147,Phe_411.1,Unstable angina (intermediate coronary syndrome),circulatory system,-0.0005270716439596243,1.2798080787599733,0.001959540923770981,0.16481172168627461
148,Phe_411.2,Myocardial infarction,circulatory system,-0.0005529411531295609,1.234159834097477,0.002643083646514722,0.06098325628946713
149,Phe_411.3,Angina pectoris,circulatory system,-0.0006777481082920903,0.9831859598949813,-0.000217992432478454,0.8771924951271588
150,Phe_411.4,Coronary atherosclerosis,circulatory system,-0.0006845773649569387,0.888556225035978,-0.0016130219823465007,0.25285999412411514
151,Phe_411.8,"Other chronic ischemic heart disease, unspecified",circulatory system,-0.0005543978384246821,1.192277871274678,0.0024406150730790417,0.0836139451636098
152,Phe_411.9,Other acute and subacute forms of ischemic heart disease,circulatory system,-0.00035370845482239036,1.6846378204411863,0.0025874370359574984,0.06662873511967385
153,Phe_414,Other forms of chronic heart disease,circulatory system,-0.00020061678096562914,1.1353708337128003,0.0006494302045342635,0.6452547513365627
154,Phe_415,Pulmonary heart disease,circulatory system,-5.889894469639892e-05,2.1439809497962234,0.0071080967092163085,4.6843679136909237e-07
155,Phe_416,Cardiomegaly,circulatory system,-0.00014226048623300255,1.0251448703995167,0.00014100507454843845,0.9203801728489565
156,Phe_418,Nonspecific chest pain,circulatory system,-0.0006517680246174996,1.4730566772812765,0.008388310238520142,2.741699172017508e-09
157,Phe_418.1,Precordial pain,circulatory system,-0.00016742714749094355,1.0369484059306273,0.00023633045051726272,0.8669541935813192
158,Phe_420,Carditis,circulatory system,-0.00010712606019806136,0.0,-0.0003250204368767108,0.8177820659262156
159,Phe_420.2,Pericarditis,circulatory system,-8.285434310921837e-05,1.7958478396758377,0.002788305904351114,0.04809119493248522
160,Phe_425,Cardiomyopathy,circulatory system,-6.281183999317748e-05,0.0,-0.0004519288736696129,0.7486949188389345
161,Phe_425.1,Primary__intrinsic cardiomyopathies,circulatory system,-6.56736271427723e-05,1.0490038216064106,0.00016588838572687627,0.9063893734084767
162,Phe_426,Cardiac conduction disorders,circulatory system,-0.00026927332021703095,0.0,-0.0013192095817026555,0.3497089813140376
163,Phe_426.2,Atrioventricular [AV] block,circulatory system,-5.3616346129472384e-05,1.4250286420817404,0.0005032563978058965,0.7212823753798643
164,Phe_426.3,Bundle branch block,circulatory system,-0.00015486995192933787,0.5871236020171146,-0.0007618351379804715,0.5891658049189966
165,Phe_426.31,Right bundle branch block,circulatory system,-0.00011699350730258287,0.8626028890471981,-0.0005928618685353261,0.6742922662331116
166,Phe_426.32,Left bundle branch block,circulatory system,-0.00014011191022256103,1.1430864619721857,0.0006571080627812047,0.6413536958551722
167,Phe_426.9,Cardiac pacemaker__device in situ,circulatory system,-0.00028106308078179495,0.841485756006725,-0.00024427975673931555,0.8625228366609619
168,Phe_426.91,Cardiac pacemaker in situ,circulatory system,-0.00030376112646484575,0.5337630810486327,-0.002394922000728885,0.08956427887217629
169,Phe_427,Cardiac dysrhythmias,circulatory system,-0.0002311753969177185,1.4116982319178468,0.006860306502547056,1.1553171917262824e-06
170,Phe_427.1,"Paroxysmal tachycardia, unspecified",circulatory system,-0.0003937086231386151,0.0,-0.0010550071157268612,0.4545401214889847
171,Phe_427.11,Paroxysmal supraventricular tachycardia,circulatory system,-0.0002579252656579778,1.8242033318812456,0.004058718322571898,0.004013074609575716
172,Phe_427.2,Atrial fibrillation and flutter,circulatory system,-0.00019238281415298537,1.1192262588612623,0.0015100295520064223,0.2844296435760546
173,Phe_427.3,Other specified cardiac dysrhythmias,circulatory system,-8.779977282434363e-05,1.223049479520459,0.0013437020850807677,0.3408353321084203
174,Phe_427.4,Cardiac arrest and ventricular fibrillation,circulatory system,-2.6175046831182974e-05,1.7788648182389946,0.0028642199898162054,0.04231837973944195
175,Phe_427.7,Tachycardia NOS,circulatory system,-0.000797352128632582,3.30476953122064,0.011653099636674597,1.446253531290206e-16
176,Phe_427.9,Palpitations,circulatory system,-0.0001921485770944702,1.2009770239248974,0.0012768631886151281,0.3653935425768685
177,Phe_428,Congestive heart failure; nonhypertensive,circulatory system,-0.00022323304542013023,1.2364055104747222,0.001893243794541029,0.17957242221562086
178,Phe_428.1,Congestive heart failure (CHF) NOS,circulatory system,-0.00017948031492123187,1.4937713600529696,0.0024975939731813088,0.07664680390807216
179,Phe_428.2,Heart failure NOS,circulatory system,-0.0002499416817045102,1.1243641452392323,0.000883264853241036,0.5312338039690835
180,Phe_430,Intracranial hemorrhage,circulatory system,1.2504730945083461e-06,3.133488395295761,0.002409163973139622,0.08767412010004161
181,Phe_433,Cerebrovascular disease,circulatory system,-0.00032547993016269155,2.8358069977426634,0.007405351485145992,1.5248454216285747e-07
182,Phe_433.1,Occlusion and stenosis of precerebral arteries,circulatory system,-0.0004358486473881432,1.1120811755853584,0.0003684674406529181,0.7939405630191736
183,Phe_433.2,Occlusion of cerebral arteries,circulatory system,-0.00021283275302895022,0.9383874909803653,-0.0003496938899862956,0.8042203284599438
184,Phe_433.21,"Cerebral artery occlusion, with cerebral infarction",circulatory system,0.00010012608452772753,2.279421043125269,0.0056324250010109786,6.532191171157629e-05
185,Phe_433.3,Cerebral ischemia,circulatory system,-0.0004216977092579096,4.350385735173405,0.011816030027120832,5.458506859735154e-17
186,Phe_433.31,Transient cerebral ischemia,circulatory system,-0.00025881321845901524,1.297004180607556,0.0013831827975489016,0.3268379191964178
187,Phe_433.8,Late effects of cerebrovascular disease,circulatory system,0.00036992320260867347,3.5114004429701136,0.009488922751210794,1.7366965130583717e-11
188,Phe_440,Atherosclerosis,circulatory system,-0.0004144492946734582,1.0906949991317938,0.00012275549895297646,0.9306570493970363
189,Phe_442,Other aneurysm,circulatory system,-0.00017436158937933743,0.0,-0.0005753442779013303,0.683386229274245
190,Phe_442.1,Aortic aneurysm,circulatory system,-0.00013564481361948781,1.214478371624267,0.0005505787995055337,0.6963213150961005
191,Phe_443,Peripheral vascular disease,circulatory system,-0.00040021527715207,2.6149381174640074,0.0106256717035315,4.978701659260809e-14
192,Phe_443.1,Raynaud's syndrome,circulatory system,6.724537656294924e-05,4.908431989392662,0.013905424031300044,6.350493427711403e-23
193,Phe_443.9,"Peripheral vascular disease, unspecified",circulatory system,-0.00044415566273181106,1.712185357127646,0.0037830728936509663,0.007324210585802391
194,Phe_447,Other disorders of arteries and arterioles,circulatory system,-0.0004042579055279983,2.0524537981249678,0.0025450563025049147,0.07121133159116991
195,Phe_451,Phlebitis and thrombophlebitis,circulatory system,-5.6289235564149624e-05,1.5783712417862692,0.0011274380144354619,0.4241675703146778
196,Phe_451.2,Phlebitis and thrombophlebitis of lower extremities,circulatory system,-5.617735100536789e-05,1.7793298809365732,0.004694400028946901,0.0008754820684104123
197,Phe_454,Varicose veins,circulatory system,0.0005214396662505343,0.3821842315017067,-0.0014133195825443217,0.31640823947192115
198,Phe_454.1,Varicose veins of lower extremity,circulatory system,0.0005480845489149155,0.6916602433518692,-0.003144889255205011,0.025791552028261427
199,Phe_455,Hemorrhoids,circulatory system,4.3296107772497707e-05,1.097108866350458,0.0015143180946485802,0.28306410244612107
200,Phe_458,Hypotension,circulatory system,-8.147982421842605e-05,2.2856245232237935,0.00450427113095338,0.001408139803937426
201,Phe_458.1,Orthostatic hypotension,circulatory system,-0.00014189233472202342,2.439653705554934,0.005983535689286837,2.2192060684286037e-05
202,Phe_458.9,Hypotension NOS,circulatory system,-8.609251980489428e-05,2.325194324157645,0.008737417347095267,5.871317118243923e-10
203,Phe_459,Other disorders of circulatory system,circulatory system,-9.162115724461157e-05,1.3969492599717555,0.0004747110201777798,0.7364860332487037
204,Phe_459.9,Circulatory disease NEC,circulatory system,-9.857590317620564e-05,1.9042786760003665,0.012390344259021214,1.5842069876497366e-18
205,Phe_465,Acute upper respiratory infections of multiple or unspecified sites,respiratory,-8.114339851879584e-05,3.495601846215918,0.009258909144842868,5.254455757461056e-11
206,Phe_470,Septal Deviations__Turbinate Hypertrophy,respiratory,3.473919990268295e-05,0.563872145367224,-0.002860452292336577,0.04259039435598056
207,Phe_471,Nasal polyps,respiratory,-0.0013416599973591068,0.5335478829243018,-0.002563347511311885,0.06920277281557127
208,Phe_473,Diseases of the larynx and vocal cords,respiratory,-1.4586949074247393e-05,1.5998911129718836,0.002326675525735325,0.09908162993096668
209,Phe_473.4,Voice disturbance,respiratory,8.87669584788407e-05,1.3367440393399763,0.0010905971651229331,0.43946537781251493
210,Phe_474,Acute and chronic tonsillitis,respiratory,5.490860375589717e-05,0.0,-0.0019905344974760937,0.15823288989743686
211,Phe_474.2,Chronic tonsillitis and adenoiditis,respiratory,4.243565033850823e-05,1.2311752522761203,0.0007221907900081464,0.6086913097435728
212,Phe_475,Chronic sinusitis,respiratory,-0.001280717351082419,1.1139533661166467,0.000572928150375605,0.6846441711567184
213,Phe_476,Allergic rhinitis,respiratory,-7.049410642945053e-05,1.3128736100660479,0.0011598913526498415,0.4109532777961421
214,Phe_477,Epistaxis or throat hemorrhage,respiratory,0.00032414504160275897,1.3664602880279275,0.0018330727228443788,0.1938002153000809
215,Phe_479,Other upper respiratory disease,respiratory,-8.276076392158722e-06,1.2856317688109722,0.0018256784609724669,0.19560419696724807
216,Phe_480,Pneumonia,respiratory,-0.0002203570942866722,3.5813364209902727,0.017569118441293115,1.3093332147266858e-35
217,Phe_480.1,Bacterial pneumonia,respiratory,-0.00012257403852309508,3.741170181718554,0.008970161377476681,2.0327896780341215e-10
218,Phe_480.11,Pneumococcal pneumonia,respiratory,-8.654140260351704e-05,3.182468775021827,0.018481104450551598,3.211369631170429e-39
219,Phe_495,Asthma,respiratory,-0.0010769725317913315,1.4023263066541733,0.0067879162046529775,1.4955194659574682e-06
220,Phe_496,Chronic airway obstruction,respiratory,-0.0006817867278026209,1.2179892944793798,0.0020375479773942066,0.14863590807696442
221,Phe_496.1,Emphysema,respiratory,-0.00028265124010834876,1.6350598905903646,0.0028151868087624016,0.045975628764863795
222,Phe_496.2,Chronic bronchitis,respiratory,-0.00047069898514335076,1.2092993593785346,0.0003805534311219848,0.7873414481448572
223,Phe_496.21,Obstructive chronic bronchitis,respiratory,-0.00044938347932153876,1.594583332064026,0.0033418412496782827,0.01783859991314362
224,Phe_496.3,Bronchiectasis,respiratory,4.656846460921402e-05,1.3469634251469271,0.0016414108074635316,0.244604638275953
225,Phe_506,Empyema and pneumothorax,respiratory,-0.0002642797710243196,1.1595005247779584,0.0005547708373623197,0.6941254553765408
226,Phe_507,Pleurisy; pleural effusion,respiratory,-0.00014465260955752874,2.0289057123944416,0.008873062758995664,3.174490994734564e-10
227,Phe_508,Pulmonary collapse; interstitial and compensatory emphysema,respiratory,9.767841193546112e-05,2.6118233582335444,0.00812555948189186,8.406720399158209e-09
228,Phe_509.1,Respiratory failure,respiratory,-0.0001299755003441519,4.20525860400266,0.015027514296399399,1.684409335178626e-26
229,Phe_509.2,Respiratory insufficiency,respiratory,-0.00013061328856496738,4.004484054783397,0.013114486665866888,1.44573210664543e-20
230,Phe_512,Other symptoms of respiratory system,respiratory,-2.9734077901177134e-05,1.6757758259741824,0.006900927978544636,9.984312931492304e-07
231,Phe_512.7,Shortness of breath,respiratory,-2.0619517194537503e-05,1.725827448978559,0.00595051482625742,2.4625681944902975e-05
232,Phe_512.8,Cough,respiratory,-4.3932343835247375e-05,1.3454335551075827,0.001983146123782941,0.15978283285298456
233,Phe_514,Abnormal findings examination of lungs,respiratory,-1.2540415683229817e-05,1.462474139307366,0.002486661642410906,0.07794556988792674
234,Phe_516,Abnormal sputum,respiratory,-8.065208294297641e-05,2.1162738789124353,0.0010845251624380685,0.44201677955103413
235,Phe_516.1,Hemoptysis,respiratory,-8.525189899238614e-05,1.1186615375710705,0.0005508922560341055,0.6961570329597
236,Phe_519,"Other diseases of respiratory system, not elsewhere classified",respiratory,-4.229884674799599e-05,0.0,-0.0010141404051677695,0.4722037323474916
237,Phe_519.8,"Other diseases of respiratory system, NEC",respiratory,-4.40972713869356e-05,2.7718107783024455,0.01778686296721037,1.8683496120679807e-36
238,Phe_520,Disorders of tooth development,digestive,0.00016898540447522834,5.671613995485327,0.0027722482547024923,0.04939354878068488
239,Phe_520.2,Disturbances in tooth eruption,digestive,0.00016509427255809506,0.9349841733408057,-0.00030138974590719576,0.8308220391440454
240,Phe_521,Diseases of hard tissues of teeth,digestive,-1.721049328174854e-05,0.0,-0.00045965517059213845,0.7445471792562725
241,Phe_521.1,Dental caries,digestive,-1.667962117214522e-05,2.32101726992579,0.007688956924727479,5.0204954317649926e-08
242,Phe_522,Diseases of pulp and periapical tissues,digestive,-3.193755570724362e-05,1.426821130939705,0.0010107223043650734,0.473698065483794
243,Phe_522.5,Periapical abscess,digestive,-3.6900282403409925e-05,2.613647002527801,0.005651886473288643,6.162304572800437e-05
244,Phe_523,Gingival and periodontal diseases,digestive,-4.168272553069923e-05,3.245558795699758,0.00498567363079217,0.0004089543451376748
245,Phe_523.3,Periodontitis (acute or chronic),digestive,-6.068204948971152e-05,0.0,-0.0002783297658333762,0.8435921782946696
246,Phe_525,Other diseases of the teeth and supporting structures,digestive,1.1558572905661401e-05,2.6585690603837473,0.008658117592933869,8.376145507171491e-10
247,Phe_528,"Diseases of the oral soft tissues, excluding lesions specific for gingiva and tongue",digestive,3.65747857643451e-05,1.302207381513763,0.0013531949814765453,0.33743517259712363
248,Phe_529,Diseases and other conditions of the tongue,digestive,-2.1126255359631373e-05,1.0479700656846502,0.0001482733942132097,0.9162907695579257
249,Phe_530,Diseases of esophagus,digestive,0.00017165641733690756,1.609425083849412,0.0015193151845345437,0.2814785606019752
250,Phe_530.1,"Esophagitis, GERD and related diseases",digestive,0.00020079568574682142,1.2080115006358525,0.0020281455685836145,0.15051880767173997
251,Phe_530.11,GERD,digestive,4.393905801777186e-05,1.376605338710031,0.004983263831281428,0.00041160565361311074
252,Phe_530.12,Ulcer of esophagus,digestive,5.8384163343967166e-05,1.2092104533824033,0.0014577642929233386,0.3014298863425116
253,Phe_530.14,Reflux esophagitis,digestive,0.00011773257236850428,1.1608900534346855,0.0016731390108438837,0.2356042316489912
254,Phe_530.2,Esophageal bleeding (varices__hemorrhage),digestive,0.00022790675256096303,1.8499124697477087,0.003650472025916484,0.009660963109239116
255,Phe_530.3,Stricture and stenosis of esophagus,digestive,0.0,0.9918877221905085,-3.650458680033394e-05,0.9793553205052968
256,Phe_530.9,Heartburn,digestive,0.00021339736209018581,1.8987659844276288,0.004134446906737085,0.0033807417237137105
257,Phe_531,Peptic ulcer (excl. esophageal),digestive,-7.263267938650047e-05,1.1437850206313795,0.001274179743644543,0.36640203755747547
258,Phe_531.2,Gastric ulcer,digestive,-4.396174615913055e-05,1.1034268473706863,0.0006858764566308726,0.6268252876390108
259,Phe_531.3,Duodenal ulcer,digestive,-7.665910959276092e-05,1.336069256887003,0.0018453059113690642,0.19084254942770756
260,Phe_532,Dysphagia,digestive,-5.326130481154384e-05,2.7592244418068015,0.014966983715076054,2.668865700702298e-26
261,Phe_535,Gastritis and duodenitis,digestive,-0.0004903671212570927,1.2841223083817346,0.0039173287804803985,0.005487945373867719
262,Phe_535.1,Acute gastritis,digestive,-9.495644042776838e-05,0.4963489494298711,-0.0017528132486658132,0.21404296619169666
263,Phe_535.6,Duodenitis,digestive,-0.0002499124045148589,0.9887206708342162,-9.990719403583338e-05,0.9435397222395088
264,Phe_535.8,Other specified gastritis,digestive,-6.732506262485109e-05,1.266084427597179,0.002555705089986453,0.07003625516114176
265,Phe_537,Other disorders of stomach and duodenum,digestive,-0.00024389118617118916,1.4829902951588596,0.002927457849008342,0.03796767695982346
266,Phe_540,Appendiceal conditions,digestive,-0.00017533736233159918,1.5287369260068269,0.0008549594835002187,0.5444757404953862
267,Phe_540.1,Appendicitis,digestive,-0.0001782882765758059,0.0,-0.0022829707966968648,0.10558913067485551
268,Phe_540.11,Acute appendicitis,digestive,-0.00019394139427265212,1.2806870312386223,0.00131554437754467,0.3510493895115847
269,Phe_550,Abdominal hernia,digestive,0.00026594567021166667,2.1092320593897282,0.006687564322860413,2.1298719772406772e-06
270,Phe_550.1,Inguinal hernia,digestive,0.00028855475043346494,0.6502926941659983,-0.004384105704137619,0.001884894334737415
271,Phe_550.2,Diaphragmatic hernia,digestive,0.00018377679093372351,1.1781440091951787,0.0030942576845594356,0.028275376039181233
272,Phe_550.4,Umbilical hernia,digestive,6.557027831251867e-05,0.9933689704482046,-4.1205574540874115e-05,0.9766974528180012
273,Phe_550.5,Ventral hernia,digestive,9.522331436663497e-05,2.055760207787674,0.006274568056096556,8.670475554505939e-06
274,Phe_555,Inflammatory bowel disease and other gastroenteritis and colitis,digestive,0.0008018566234767814,1.8298480385498719,0.005517132054655751,9.192169119201579e-05
275,Phe_555.1,Regional enteritis,digestive,0.0005402642860056049,1.6425857661728296,0.0026575103320369306,0.05958613533801051
276,Phe_555.2,Ulcerative colitis,digestive,0.0011582249052886277,1.9133155647420381,0.004957974048803582,0.00044041511629641726
277,Phe_556,Ulceration of the lower GI tract,digestive,-0.00015927353273709853,1.390101469481698,0.0008103571715872789,0.5656692046443685
278,Phe_557,Intestinal malabsorption (non-celiac),digestive,-0.00022429652350256852,1.2948890400651434,0.0005181358000057205,0.7134004172800948
279,Phe_557.1,Celiac disease,digestive,-0.0002336660562333292,1.5982809166021454,0.0025085084933444968,0.0753678088141232
280,Phe_558,Noninfectious gastroenteritis,digestive,-0.00033340201138556876,1.9278938309998543,0.011367922907138495,7.71185525998066e-16
281,Phe_559,Ileostomy status,digestive,0.0009038652056648711,2.927284642831137,0.00781669074645436,3.005185905242546e-08
282,Phe_560.4,Other intestinal obstruction,digestive,-3.9217098506627145e-05,2.332826783857328,0.007935709691869968,1.8496316299709103e-08
283,Phe_561,Symptoms involving digestive system,digestive,-0.0003421431343753873,2.1886787501990534,0.014858481249927948,6.062181199747153e-26
284,Phe_561.2,Flatulence,digestive,-6.539329815275852e-06,1.9117799984782002,0.003964250701744429,0.004951599691497489
285,Phe_562,Diverticulosis and diverticulitis,digestive,-0.0009005221434879088,1.0260690691200995,0.00046333376629895513,0.7425749756083107
286,Phe_562.1,Diverticulosis,digestive,-0.0009069482112680589,1.0260690691200995,0.00046333376629895513,0.7425749756083107
287,Phe_563,Constipation,digestive,-0.00019693698172834015,3.9905220408280284,0.0330564328758287,1.7014033144148757e-121
288,Phe_564,Functional digestive disorders,digestive,-3.243693453918035e-05,3.4248876784331688,0.00718039526804166,3.579466572195636e-07
289,Phe_564.1,Irritable Bowel Syndrome,digestive,-2.5246070931570376e-05,2.187700673282672,0.00915408205880859,8.627749117361971e-11
290,Phe_564.8,Abnormal findings on exam of gastrointestinal tract__ abdominal area,digestive,-4.784347674792656e-05,1.8267798015015264,0.0035736458062685453,0.011300288328897559
291,Phe_564.9,Personal history of diseases of digestive system,digestive,2.2377635088167344e-05,1.5473448466171933,0.007264129849654888,2.6129110938168483e-07
292,Phe_565,Anal and rectal conditions,digestive,1.2299109668017999e-05,1.4510354755633619,0.004147356929107449,0.00328247646032458
293,Phe_565.1,Anal and rectal polyp,digestive,-3.1716599054751374e-06,1.0299852892918058,0.0002670124969339566,0.8498747421411594
294,Phe_568,Other disorders of peritoneum,digestive,-2.6509303742762435e-05,0.7965749993659167,-0.00032221204835248683,0.819329238574966
295,Phe_568.1,Peritoneal adhesions (postoperative) (postinfection),digestive,1.6671294596693682e-05,1.534712145501141,0.003185312358464078,0.02394620919061521
296,Phe_569,Other disorders of intestine,digestive,-0.00022287523857937908,2.186194822048309,0.007387546509981956,1.6328559399735393e-07
297,Phe_571,Chronic liver disease and cirrhosis,digestive,0.0004641274232740449,1.8384486209028614,0.004967823124787286,0.0004289784988136644
298,Phe_571.5,Other chronic nonalcoholic liver disease,digestive,0.0002805025841911704,2.06993211514063,0.004829826408843614,0.000617614006380397
299,Phe_572,Ascites (non malignant),digestive,0.00014415923497291996,1.4865117326876867,0.0020382246574599415,0.14850109498962152
300,Phe_573,Other disorders of liver,digestive,0.00010517406374387681,1.5569136458195016,0.0023660354286561547,0.09349876585960569
301,Phe_573.7,Abnormal results of function study of liver,digestive,8.718896350104289e-05,2.81584013135668,0.011404039313820176,6.252685131957613e-16
302,Phe_574,Cholelithiasis and cholecystitis,digestive,9.383723360654823e-05,1.8815540019094152,0.011302587983857512,1.1252069932780166e-15
303,Phe_574.1,Cholelithiasis,digestive,0.00010048274968628877,2.091336623585772,0.010358489362347411,2.087619466244417e-13
304,Phe_574.11,Cholelithiasis with acute cholecystitis,digestive,0.0001420453706888693,2.4129123581330325,0.005615458719354881,6.871705646979845e-05
305,Phe_574.12,Cholelithiasis with other cholecystitis,digestive,0.00015186695881273923,1.6895447490853948,0.005067215892422078,0.00032809796105150526
306,Phe_574.2,Calculus of bile duct,digestive,0.00015808328328925316,2.1623800636381967,0.005932676296182656,2.604392240116827e-05
307,Phe_574.3,Cholecystitis without cholelithiasis,digestive,0.00016747357286770468,1.1769886371953986,0.0009257386936935045,0.5116746496698339
308,Phe_575,Other biliary tract disease,digestive,0.00013266221000271403,1.6948983080770699,0.004488753507408265,0.0014627335128642581
309,Phe_575.7,Other disorders of gallbladder,digestive,7.098659763073682e-05,1.8115720378700062,0.0030785698320669108,0.029085657542148615
310,Phe_575.8,Other disorders of biliary tract,digestive,0.00013525621754344758,2.4813311230248307,0.004980388335824043,0.0004147903366327449
311,Phe_577,Diseases of pancreas,digestive,0.00012872543909138646,1.5650148994164812,0.0014284808412090028,0.3112447623360931
312,Phe_577.1,Acute pancreatitis,digestive,0.00011618732285513308,0.9662034063859161,-0.0001192266886836179,0.9326456154834997
313,Phe_578.1,Hematemesis,digestive,-7.34813644181609e-05,1.6632299106995097,0.0029149217850172396,0.03879856032834884
314,Phe_578.2,Blood in stool,digestive,-0.0004304519660259179,1.7691543526338427,0.004018851432568787,0.004387463506919097
315,Phe_578.9,Hemorrhage of gastrointestinal tract,digestive,-0.0001600807332089587,1.4657750895623576,0.003761436648497025,0.007666967110034069
316,Phe_579,Other symptoms involving abdomen and pelvis,digestive,-9.731812403217313e-05,2.625747220132096,0.0055000959536637625,9.662863540888486e-05
317,Phe_579.8,Nonspecific abnormal findings in stool contents,digestive,-5.380364541862786e-05,1.476982811324304,0.002154297334443798,0.12672934180422088
318,Phe_580,Nephritis; nephrosis; renal sclerosis,genitourinary,-0.0003426210877508159,1.5667441976478804,0.0022213457983998874,0.1153357624207748
319,Phe_580.1,Glomerulonephritis,genitourinary,-0.00021861448143483235,1.2707126203477208,0.0008324089536666706,0.5551415377080612
320,Phe_585,Renal failure,genitourinary,-7.183929964091065e-05,2.0945815931472795,0.010723090632715957,2.9262769340116325e-14
321,Phe_585.1,Acute renal failure,genitourinary,-8.754656764343934e-05,2.4284367353822853,0.011695383061868774,1.1245359564870993e-16
322,Phe_585.2,Renal failure NOS,genitourinary,-7.431432607145111e-05,1.243169166082999,0.000926510866746727,0.5113225759577155
323,Phe_585.3,Chronic renal failure [CKD],genitourinary,-6.437087522195797e-05,1.3540286682184195,0.002071938792495799,0.14190187518237604
324,Phe_586,Other disorders of the kidney and ureters,genitourinary,-1.8717634189230604e-05,1.645854322543624,0.002253624762619386,0.11014577401664823
325,Phe_586.2,"Cyst of kidney, acquired",genitourinary,-3.5128416003797585e-05,1.9775502076308673,0.0038128466739782317,0.0068750223143776166
326,Phe_590,Pyelonephritis,genitourinary,-8.703974113544755e-05,4.535157004856565,0.013707856555860933,2.5368759538759706e-22
327,Phe_591,Urinary tract infection,genitourinary,0.00011148477442749601,5.867928460742633,0.05655332313496157,0.0
328,Phe_592,Cystitis and urethritis,genitourinary,-0.00030421157351769696,3.7150310014096024,0.015094414629377629,1.0106756679515519e-26
329,Phe_592.1,Cystitis,genitourinary,-0.00024610069852394893,4.4325224831501675,0.015326077343189998,1.694134090480169e-27
330,Phe_593,Hematuria,genitourinary,-3.765059448097791e-05,1.7655949116601004,0.009671532817947016,7.078589252092376e-12
331,Phe_594,Urinary calculus,genitourinary,1.4795843029038257e-06,2.5586228551061625,0.0033751880718291805,0.016729913231052673
332,Phe_594.1,Calculus of kidney,genitourinary,-5.973283904672946e-05,1.7026192781643743,0.003971843222519394,0.004869413388790029
333,Phe_594.3,Calculus of ureter,genitourinary,-4.485630701105164e-06,1.6170568114378936,0.0029990303142088154,0.03350827930536907
334,Phe_594.8,Renal colic,genitourinary,-4.1171024930762164e-06,1.3760486847113613,0.0015732074157285023,0.26476185884158165
335,Phe_595,Hydronephrosis,genitourinary,-6.4683531465148426e-06,2.7666409734074766,0.00824636013820499,5.0434982552423755e-09
336,Phe_596,Other disorders of bladder,genitourinary,0.00018819665757156752,4.539854879143543,0.030940247915248513,1.1277069546335429e-106
337,Phe_596.1,Bladder neck obstruction,genitourinary,0.00019707115885675766,2.0843455689404493,0.004638488442892763,0.0010085810830875149
338,Phe_596.5,Functional disorders of bladder,genitourinary,0.0008898261623424354,18.59987479508021,0.06788942235075307,0.0
339,Phe_597,Other disorders of urethra and urinary tract,genitourinary,-4.0557581126280655e-06,2.0986545774228778,0.0030345913099158943,0.03146450739692884
340,Phe_597.1,Urethral stricture (not specified as infectious),genitourinary,6.346060268970189e-06,2.199221524134952,0.006984482295783334,7.376520066389675e-07
341,Phe_598,Abnormal findings on examination of urine,genitourinary,0.0002615687061512811,3.7117892640610783,0.015478425164834457,5.158377499245097e-28
342,Phe_599,Other symptoms__disorders or the urinary system,genitourinary,9.822837565170963e-05,7.430724218683985,0.05267477900665673,1.4083463624498462e-305
343,Phe_599.2,Retention of urine,genitourinary,3.984006110749263e-05,3.9100197597334274,0.025751454073336587,1.801432743850237e-74
344,Phe_599.3,Dysuria,genitourinary,2.3571704218639655e-05,2.1297221820135546,0.003951191289978261,0.005095902401151646
345,Phe_599.4,Urinary incontinence,genitourinary,-4.038151766810167e-05,4.680480986570375,0.034328630403823876,7.071831671147465e-131
346,Phe_599.5,Frequency of urination and polyuria,genitourinary,-2.1657838611719827e-05,3.1595292577589498,0.013483064264501536,1.1978826826472449e-21
347,Phe_599.9,Other abnormality of urination,genitourinary,0.00014711086027688995,3.9973115151426994,0.01256476693929677,5.234253806737515e-19
348,Phe_611.3,Lump or mass in breast,genitourinary,-5.815689732214719e-05,2.7706956499684066,0.0067367088086744365,1.7923222830600877e-06
349,Phe_613,Other nonmalignant breast conditions,genitourinary,3.333243760166022e-05,15.754483320792577,0.005253232167713652,0.00019616402447796816
350,Phe_681,Superficial cellulitis and abscess,dermatologic,0.0005200096376774426,5.350579241023894,0.0099524148625981,1.7237258802581246e-12
351,Phe_681.3,Cellulitis and abscess of arm__hand,dermatologic,0.0005703758992915694,3.121225752682399,0.016229496119589123,1.2387437235167895e-30
352,Phe_686,Other local infections of skin and subcutaneous tissue,dermatologic,0.000513338189879353,3.299048373525154,0.008781113679622874,4.820965214010506e-10
353,Phe_686.1,Carbuncle and furuncle,dermatologic,0.001013264845046723,2.0723523806947264,0.005281484209307965,0.00018116161048296615
354,Phe_687,Symptoms affecting skin,dermatologic,1.8178228494870385e-05,4.661600544234516,0.005872644868904036,3.14090914529295e-05
355,Phe_687.1,Rash and other nonspecific skin eruption,dermatologic,-0.0003366174653134804,3.6168810782020007,0.012643464573848033,3.1601165547667503e-19
356,Phe_687.4,Disturbance of skin sensation,dermatologic,-8.404796000550565e-06,8.885391894590173,0.0428009989909699,2.196110914337055e-202
357,Phe_689,Disorder of skin and subcutaneous tissue NOS,dermatologic,0.00012123425264660818,1.1848304276112358,0.0014316166669023948,0.31018376841245254
358,Phe_695,Erythematous conditions,dermatologic,-0.00032657219351176934,2.4733121811873873,0.00751654900531529,9.910232789821063e-08
359,Phe_696,Psoriasis and related disorders,dermatologic,-0.0006370053669267348,1.3746426849622264,0.0018683769017549556,0.18535524336933076
360,Phe_696.4,Psoriasis,dermatologic,-0.0006509505135702061,1.2965036149280673,0.0012234284144642027,0.38580118412290887
361,Phe_696.41,Psoriasis vulgaris,dermatologic,-0.0005885751791696888,1.508981298684808,0.0021966493044653455,0.11943494909133211
362,Phe_701,Other hypertrophic and atrophic conditions of skin,dermatologic,0.0002165861646780956,1.212920016143141,0.0008659842202239431,0.5392986544800498
363,Phe_701.2,Scar conditions and fibrosis of skin,dermatologic,0.00022216040218913085,1.8569362941252239,0.004085515435608659,0.003777980353512871
364,Phe_702,Degenerative skin conditions and other dermatoses,dermatologic,-5.9809492067854195e-06,0.0,-0.0002783297658333762,0.8435921782946696
365,Phe_702.1,Actinic keratosis,dermatologic,0.00014645495210479116,1.178211164993057,0.0009316456636347901,0.5089845775616133
366,Phe_702.2,Seborrheic keratosis,dermatologic,-5.163404475108775e-05,1.1216546989675498,0.0006721805368762123,0.633724310081339
367,Phe_703,"Diseases of nail, NOS",dermatologic,6.201588286651115e-06,0.5571330054504251,-0.0008389012270769111,0.5520604264220921
368,Phe_704,Diseases of hair and hair follicles,dermatologic,0.0003258281620162542,1.3658311849452924,0.002519093640703202,0.07414410506134968
369,Phe_706,Diseases of sebaceous glands,dermatologic,0.0003014043667743783,1.439000712710219,0.004019213062374595,0.004383929735442537
370,Phe_706.2,Sebaceous cyst,dermatologic,0.0003016723857711327,1.4033773126526465,0.003675308175276978,0.009178323739232167
371,Phe_707,Chronic ulcer of skin,dermatologic,-0.0009509366302774563,5.086649323305226,0.015394608090277881,9.937147996724087e-28
372,Phe_709,Diffuse diseases of connective tissue,dermatologic,-0.00034408908900328755,1.904646491021192,0.004832753390340939,0.0006129154144976069
373,Phe_709.7,Unspecified diffuse connective tissue disease,dermatologic,-0.00036102699868932554,1.6797463052831108,0.003064715248104009,0.02981778979482017
374,Phe_714,Rheumatoid arthritis and other inflammatory polyarthropathies,musculoskeletal,-0.0014304459083163065,1.8565021261817767,0.001777754556588784,0.2075953583084854
375,Phe_714.1,Rheumatoid arthritis,musculoskeletal,-0.0014280823314881635,1.6269284347239028,0.003344520860287318,0.017747190219587778
376,Phe_715,Other inflammatory spondylopathies,musculoskeletal,-0.0006976920123822892,1.0561664796062062,0.00010928362257328622,0.9382509840404749
377,Phe_716,Other arthropathies,musculoskeletal,-0.00013974219105320325,0.0,-0.0008265827655655661,0.5579136718361091
378,Phe_716.2,Unspecified monoarthritis,musculoskeletal,-0.0001741305762380464,0.9739669556358367,-0.00034366120068851386,0.8075309199569721
379,Phe_716.9,Arthropathy NOS,musculoskeletal,-0.00014933801504398174,1.1369510756095136,0.0023437917943860843,0.09662197955815924
380,Phe_717,Polymyalgia Rheumatica,musculoskeletal,-0.0012053315579175618,1.1568819980592202,0.0005841434760242494,0.6788124286242986
381,Phe_720,Spinal stenosis,musculoskeletal,-8.628047594007264e-05,1.7739632693653842,0.002175094068336687,0.12310526284094947
382,Phe_721,Spondylosis and allied disorders,musculoskeletal,-0.00010641768480364056,2.5827021837364876,0.005399051194696728,0.000129569474280286
383,Phe_721.1,Spondylosis without myelopathy,musculoskeletal,-0.00012950120000385478,2.1439090704583714,0.003667002609184586,0.009337275230931218
384,Phe_722,Intervertebral disc disorders,musculoskeletal,-0.00024116270411129578,2.2204305351452627,0.01025719045079466,3.561813823000692e-13
385,Phe_722.6,Degeneration of intervertebral disc,musculoskeletal,-0.00010703898970747545,2.2272450432721316,0.0068055374916229745,1.4047807222180848e-06
386,Phe_722.9,Other and unspecified disc disorder,musculoskeletal,-8.183001985712966e-05,2.399077052648317,0.008987355041595767,1.8776053567316856e-10
387,Phe_724,Other and unspecified disorders of back,musculoskeletal,7.045468872300095e-05,2.7267374978294843,0.003912599422172031,0.005544814206175085
388,Phe_726,Peripheral enthesopathies and allied syndromes,musculoskeletal,-9.607879887690351e-05,1.2187946432152947,0.0020443831255292097,0.14727844951914904
389,Phe_726.1,Enthesopathy,musculoskeletal,-7.914928793207597e-05,1.554813462058116,0.004666592972551973,0.0009394973296357571
390,Phe_727,"Other disorders of synovium, tendon, and bursa",musculoskeletal,1.0721878459955219e-05,2.169706960782451,0.0035533579230263455,0.01177249682495766
391,Phe_727.1,Synovitis and tenosynovitis,musculoskeletal,-9.781834620441808e-05,1.3239834246828892,0.0015970715853329117,0.2575825514960124
392,Phe_727.4,"Ganglion and cyst of synovium, tendon, and bursa",musculoskeletal,-6.376520151955833e-06,1.4828672049949188,0.0025782529575047192,0.0676006247747315
393,Phe_728,"Disorders of muscle, ligament, and fascia",musculoskeletal,-0.00021551079669635667,3.682866230834628,0.0019757692242622538,0.16134179603920135
394,Phe_728.7,Fasciitis,musculoskeletal,-0.0002435629641898329,0.7988188726035673,-0.00031820971341319,0.82153538423903
395,Phe_728.71,Contracture of palmar fascia [Dupuytren's disease],musculoskeletal,-0.0002578516336315525,0.877958822830546,-0.0006126371938804525,0.6640831761623649
396,Phe_729,Other disorders of soft tissues,musculoskeletal,-6.2852427914139555e-06,1.4170178627071397,0.001402496628910339,0.3201284117227722
397,Phe_729.1,"Rheumatism, unspecified and fibrositis",musculoskeletal,-3.494969872139956e-06,3.016815955045387,0.0036709371703256897,0.009261672180784006
398,Phe_733,Other disorders of bone and cartilage,musculoskeletal,-1.4934718665054453e-05,3.07468648629313,0.006035862951332162,1.879830218122928e-05
399,Phe_733.8,Malunion and nonunion of fracture,musculoskeletal,-1.61602513789867e-05,0.0,-0.0012478150420861857,0.3764025574597064
400,Phe_735,Acquired foot deformities,musculoskeletal,0.00019687486684602285,1.3833204867037383,0.0004606659622380477,0.7440050965014224
401,Phe_735.2,Acquired toe deformities,musculoskeletal,3.6474472518446425e-05,2.5884648052417822,0.007271386941921792,2.5421892819430077e-07
402,Phe_735.21,Hammer toe (acquired),musculoskeletal,7.32410127682618e-05,1.5789571256919062,0.0025285470901094355,0.07306500496764586
403,Phe_735.23,Hallux rigidus,musculoskeletal,0.00011032963365756791,1.6551402710560295,0.002498012977140443,0.07659737925475572
404,Phe_735.3,Hallux valgus (Bunion),musculoskeletal,0.0003431123830497846,1.610356941152164,0.0048980233290741495,0.0005163986684014084
405,Phe_736,Other acquired deformities of limbs,musculoskeletal,-0.00010730547366781927,9.333035688773323,0.01390372297503661,6.427207724288938e-23
406,Phe_737,Curvature of spine,musculoskeletal,1.658925299213011e-05,0.0,-0.0005035300175222989,0.7211371622551364
407,Phe_737.3,Kyphoscoliosis and scoliosis,musculoskeletal,1.4622296568175452e-05,3.5645618686709457,0.005762857427772498,4.4043735532898746e-05
408,Phe_738,Other acquired musculoskeletal deformity,musculoskeletal,2.393309824680781e-05,1.159839262880435,0.0002967617134929813,0.8333814811638339
409,Phe_738.4,Acquired spondylolisthesis,musculoskeletal,1.438218181804141e-05,2.8146967719530163,0.0030583653592977512,0.030158604097171474
410,Phe_740,Osteoarthrosis,musculoskeletal,1.6990989410520326e-05,1.177601881790228,0.002756589047518074,0.05069195648258813
411,Phe_740.1,Osteoarthritis; localized,musculoskeletal,2.3929390863615597e-05,0.8841801863710119,-0.0011711733518667267,0.4064173777690163
412,Phe_740.11,"Osteoarthrosis, localized, primary",musculoskeletal,3.743004821457983e-06,1.4520261125154448,0.004155014054539467,0.003225430284279329
413,Phe_740.9,Osteoarthrosis NOS,musculoskeletal,1.3265602666089987e-05,1.1704392089739766,0.0013283781532703826,0.34637017531964975
414,Phe_741,Symptoms and disorders of the joints,musculoskeletal,-0.0006319035528187234,0.7932327266413045,-0.00046430415745959383,0.7420550012415659
415,Phe_741.4,Joint effusions,musculoskeletal,-0.0010357786951424198,1.5164743303436703,0.0008385033018138805,0.5522490324737102
416,Phe_742,"Derangement of joint, non-traumatic",musculoskeletal,-4.2887193204636464e-05,0.0,-0.0005934240837067462,0.6740011794805163
417,Phe_742.9,Other derangement of joint,musculoskeletal,-3.840394732299297e-05,2.0112106366969247,0.0026686135998247673,0.05852903683200011
418,Phe_743,"Osteoporosis, osteopenia and pathological fracture",musculoskeletal,-0.0003203387671161797,3.12473144114091,0.014198489060772387,7.852852140472798e-24
419,Phe_743.1,Osteoporosis,musculoskeletal,-0.0003630451086375543,3.318139441143697,0.015027163656280202,1.6889149469091221e-26
420,Phe_743.11,Osteoporosis NOS,musculoskeletal,-0.0003450112490755886,3.3209552417556654,0.015038961390101024,1.5436853473703532e-26
421,Phe_745,Pain in joint,musculoskeletal,-9.49506852745999e-05,1.722149998629148,0.003019287307454657,0.032330572590841516
422,Phe_747,Cardiac and circulatory congenital anomalies,congenital anomalies,-0.00047116500136830207,0.0,-0.0005240922231466302,0.7102536637921639
423,Phe_747.1,Cardiac congenital anomalies,congenital anomalies,-0.0004805931315058769,4.726344996237773,0.005417911713562349,0.00012271120722518402
424,Phe_747.13,Congenital anomalies of great vessels,congenital anomalies,-0.00047696957341910126,0.9761814105826726,-0.00010804549002854189,0.9389491969137098
425,Phe_751,Genitourinary congenital anomalies,congenital anomalies,0.0,1.3116591108892988,0.0012187159918630429,0.387633744678347
426,Phe_939,Atopic__contact dermatitis due to other or unspecified,dermatologic,-7.718275362098813e-05,2.082701966614765,0.005319100955120504,0.00016285578089452157
