,PheCode,description,category,f_score,RR,phi,pval
0,Phe_112,Candidiasis,infectious diseases,1.810886079597836e-06,3.0231513181222205,0.011438404700606265,5.118349787610669e-16
1,Phe_153,Colorectal cancer,neoplasms,0.00030436830467957265,0.0,-0.0005733078931910385,0.6844464023491126
2,Phe_153.2,Colon cancer,neoplasms,0.0002069828767289176,1.4781515200541249,0.0030075873311428657,0.0330063857184613
3,Phe_153.3,"Malignant neoplasm of rectum, rectosigmoid junction, and anus",neoplasms,0.00020986230696373203,1.669180100249461,0.003444967700010099,0.014603895310398813
4,Phe_158,Neoplasm of unspecified nature of digestive system,neoplasms,8.25067010272886e-05,1.709132857539667,0.0026607928339335233,0.05927198469859075
5,Phe_159,Malignant neoplasm of other and ill-defined sites within the digestive organs and peritoneum,neoplasms,0.0003460175110086113,2.08697772085196,0.008967969374502099,2.053452997504171e-10
6,Phe_165,Cancer within the respiratory system,neoplasms,-0.00012737598714590646,1.7068061500323197,0.0027626046230266542,0.05018982260379019
7,Phe_165.1,Cancer of bronchus; lung,neoplasms,-7.691135230778391e-05,1.6267650089835384,0.003623607478762888,0.010208374816692664
8,Phe_172,Skin cancer,neoplasms,-3.178531089836079e-06,1.194555223011595,0.0026181172696762133,0.0634651438837814
9,Phe_172.2,Other non-epithelial cancer of skin,neoplasms,-2.1425578245996374e-06,1.1809952145688314,0.0021933542786387278,0.11999039145111524
10,Phe_174,Breast cancer,neoplasms,0.00014389928251647821,1.340020780676239,0.004374673576926065,0.0019279817649348525
11,Phe_189,Cancer of urinary organs (incl. kidney and bladder),neoplasms,-0.002555579723490502,1.756377180431007,0.00458332247313479,0.0011580509062223351
12,Phe_189.11,"Malignant neoplasm of kidney, except pelvis",neoplasms,-0.0009890000410870054,1.9847121717472158,0.003568346443492368,0.011421981903849923
13,Phe_189.2,Cancer of bladder,neoplasms,-0.0026610999926454815,0.8183120954280829,-0.0005685508222233726,0.6869254273683739
14,Phe_189.21,Malignant neoplasm of bladder,neoplasms,-0.002893298026621189,1.2811818640744435,0.0014524375385967369,0.3031997376266161
15,Phe_195,"Cancer, suspected or other",neoplasms,3.7130555354573896e-06,1.700522616443749,0.002281205387806084,0.10585895513382329
16,Phe_195.1,"Malignant neoplasm, other",neoplasms,4.732990062415654e-06,1.9165990018951788,0.013487430177701605,1.1625874522490125e-21
17,Phe_197,Chemotherapy,neoplasms,9.188826602923492e-06,1.5866698741404122,0.00940782237509279,2.5736061282246433e-11
18,Phe_198,Secondary malignant neoplasm,neoplasms,0.0003884015024154903,1.1333645417932317,0.0005322887836988962,0.705931528569715
19,Phe_198.1,Secondary malignancy of lymph nodes,neoplasms,0.0004462585210802694,1.48720286588019,0.004184836181877423,0.003011760785067429
20,Phe_198.2,Secondary malignancy of respiratory organs,neoplasms,0.0001324939252129433,1.407238717667924,0.002336260201841861,0.09769820325172136
21,Phe_198.3,Secondary malignant neoplasm of digestive systems,neoplasms,-0.0002534962147493707,1.700071848354566,0.003317204247769172,0.01869855964815589
22,Phe_198.4,Secondary malignant neoplasm of liver,neoplasms,-5.70729327064776e-06,1.4629679904333037,0.0028759324053936265,0.04148215166585423
23,Phe_198.6,Secondary malignancy of bone,neoplasms,0.0010936521397781778,1.517948237724943,0.002922155932950527,0.03831721988899149
24,Phe_199,Neoplasm of uncertain behavior,neoplasms,9.240511580913392e-06,1.9093948893321935,0.003487223140167118,0.013435586855539295
25,Phe_202,"Cancer of other lymphoid, histiocytic tissue",neoplasms,-1.711114984605815e-05,1.6939581593256492,0.002722689383445339,0.053600942256433776
26,Phe_202.2,Non-Hodgkins lymphoma,neoplasms,-1.8272348556061903e-05,1.5907339272577012,0.002570127059091949,0.0684702311477447
27,Phe_204,Leukemia,neoplasms,1.7276045451061028e-05,2.3867436116652416,0.0033598864806608543,0.01723090637292664
28,Phe_208,Benign neoplasm of colon,neoplasms,0.00013634039896426086,1.6958458938579772,0.011876522070410773,3.7888306585968724e-17
29,Phe_211,Benign neoplasm of other parts of digestive system,neoplasms,-0.00043756438196563375,2.2862470238480994,0.01124858957306407,1.535124433007837e-15
30,Phe_214,Lipoma,neoplasms,0.00036691281787995224,1.4059247246714426,0.0019410238739044053,0.16883932384043826
31,Phe_214.1,Lipoma of skin and subcutaneous tissue,neoplasms,0.0003810071087764474,1.2394054139596224,0.001861862749556563,0.1868926384234233
32,Phe_215,Other benign neoplasm of connective and other soft tissue,neoplasms,-6.296998079148463e-06,1.6535698655109892,0.0023868320067276013,0.09065249125036945
33,Phe_216,Benign neoplasm of skin,neoplasms,0.0004041044420057887,0.9990491731086473,-9.813593248695802e-06,0.9944494793148577
34,Phe_228,"Hemangioma and lymphangioma, any site",neoplasms,0.002225947817969081,1.6715753109951554,0.0029438891212243113,0.03690157876296972
35,Phe_229,Benign neoplasm of unspecified sites,neoplasms,-6.740852558273403e-05,1.4069367221493034,0.0021207063217064588,0.13275770732956038
36,Phe_241,Nontoxic nodular goiter,endocrine/metabolic,-4.2731685211425836e-05,0.0,-0.00041082425917632397,0.770881008435824
37,Phe_242,Thyrotoxicosis with or without goiter,endocrine/metabolic,-1.2062021745302702e-06,2.396214816473437,0.006128943238110759,1.3947250206661271e-05
38,Phe_244,Hypothyroidism,endocrine/metabolic,-5.1538827627419316e-05,2.2243224148069074,0.017483329848925224,2.801407622662365e-35
39,Phe_244.1,Secondary hypothyroidism,endocrine/metabolic,-8.456545555405567e-06,2.155272702042979,0.004595398177466351,0.001123681724310439
40,Phe_244.4,Hypothyroidism NOS,endocrine/metabolic,-4.804713993308169e-05,2.2270122881982894,0.017084491036302614,9.164641409912936e-34
41,Phe_250.1,Type 1 diabetes,endocrine/metabolic,-4.564040888498242e-05,2.3429029280866507,0.007875189114038618,2.3694354608672652e-08
42,Phe_250.2,Type 2 diabetes,endocrine/metabolic,-5.8579969714647295e-05,2.332835277395802,0.02239933197509431,8.676430313616883e-57
43,Phe_250.23,Type 2 diabetes with ophthalmic manifestations,endocrine/metabolic,-4.6339864327388786e-05,2.6613961053672868,0.007498700585177836,1.062425849047819e-07
44,Phe_250.7,Diabetic retinopathy,endocrine/metabolic,-4.2923159228705825e-05,2.8141608283911004,0.008252806398070814,4.906860310857625e-09
45,Phe_260,Protein-calorie malnutrition,endocrine/metabolic,0.00027791220333046575,2.009248448595739,0.0017441508459794127,0.21631574387254598
46,Phe_261,Vitamin deficiency,endocrine/metabolic,-0.0034769806518857404,6.250995173408967,0.0029694737902876854,0.03529237679189152
47,Phe_272,Disorders of lipoid metabolism,endocrine/metabolic,-0.001319695770287602,1.879624339292033,0.020339966202373314,3.8752777250834976e-47
48,Phe_272.1,Hyperlipidemia,endocrine/metabolic,-0.0013114165347573783,2.010274098646069,0.008495136242992996,1.7217828052642476e-09
49,Phe_272.11,Hypercholesterolemia,endocrine/metabolic,-0.001264718552416639,1.8869982420802451,0.019665641014459456,3.5286723823415057e-44
50,Phe_274,Gout and other crystal arthropathies,endocrine/metabolic,-0.0023950649780526937,2.28118508793993,0.007321708023682813,2.100245526199306e-07
51,Phe_274.1,Gout,endocrine/metabolic,-0.0021776211376252495,2.5167100791357626,0.008136350149497582,8.03400016013683e-09
52,Phe_275,Disorders of mineral metabolism,endocrine/metabolic,4.5226279984253166e-05,0.0,-0.0003769970702490016,0.7892817077470634
53,Phe_275.5,Disorders of calcium__phosphorus metabolism,endocrine/metabolic,-1.9400751235691344e-05,1.5585859036523155,0.002285103121016697,0.10526395482979885
54,Phe_276,"Disorders of fluid, electrolyte, and acid-base balance",endocrine/metabolic,-0.00024116336616448583,3.091708423604975,0.02305992844448908,4.439223596369526e-60
55,Phe_276.1,Electrolyte imbalance,endocrine/metabolic,-0.0003969037345173869,3.75059710404538,0.004017051576145895,0.004405089763986745
56,Phe_276.12,Hyposmolality and__or hyponatremia,endocrine/metabolic,-0.00019025308034989266,2.119344253998246,0.006266662104462585,8.89948522624678e-06
57,Phe_276.14,Hypopotassemia,endocrine/metabolic,-0.00015643367540718752,3.6296101006890775,0.012979760312435978,3.53304272084144e-20
58,Phe_276.5,Hypovolemia,endocrine/metabolic,-9.123955037217097e-05,3.4620896345034278,0.016498734030383818,1.330991978439857e-31
59,Phe_277,Other disorders of metabolism,endocrine/metabolic,0.0062575231185737525,3.1379497683248196,0.00783128117055278,2.8326507078145613e-08
60,Phe_278,"Overweight, obesity and other hyperalimentation",endocrine/metabolic,-0.00018097583513722044,0.0,-0.00018849628438676497,0.8937029603476464
61,Phe_278.1,Obesity,endocrine/metabolic,-0.0001751139633026606,3.3412456618481894,0.031172340880026603,2.9814258582808996e-108
62,Phe_280,Iron deficiency anemias,hematopoietic,-5.927575808028724e-06,2.0443746333982755,0.01141516003718382,5.860861865986738e-16
63,Phe_280.1,"Iron deficiency anemias, unspecified or not due to blood loss",hematopoietic,-9.997675512946969e-06,2.0813391679282285,0.011558592508422094,2.529779667155836e-16
64,Phe_281,Other deficiency anemia,hematopoietic,-0.0001403741712537225,0.0,-0.0002827458332765352,0.8411433571989331
65,Phe_281.1,Megaloblastic anemia,hematopoietic,-0.000153986998579391,14.064739140170174,0.004925368379411616,0.00048033932156395736
66,Phe_285,Other anemias,hematopoietic,-2.06350903713108e-05,2.195774048785112,0.015460468556949122,5.9380595743707805e-28
67,Phe_287,Purpura and other hemorrhagic conditions,hematopoietic,3.088562969652467e-05,4.470910455153433,0.004020390279605577,0.004372444074087347
68,Phe_287.3,Thrombocytopenia,hematopoietic,6.138132588721014e-05,1.5573413580811268,0.002367370573490251,0.09331390613016137
69,Phe_288,Diseases of white blood cells,hematopoietic,-5.536617617790523e-05,4.176429089657519,0.009068890601009887,1.2858652494631308e-10
70,Phe_289,Other diseases of blood and blood-forming organs,hematopoietic,2.943555796034491e-05,1.1985929493620389,0.0005133098946663341,0.7159535066078468
71,Phe_289.4,Lymphadenitis,hematopoietic,2.132135604285011e-05,1.9361489475160516,0.00565030058658275,6.191687802074992e-05
72,Phe_290,Delirium dementia and amnestic and other cognitive disorders,mental disorders,-0.0006713552338645765,3.1784721220723564,0.005466959651118217,0.00010644308884734225
73,Phe_292,Neurological disorders,mental disorders,-0.00046621680375554263,1.0767264413527406,0.00020925740010943727,0.8820766947826656
74,Phe_292.1,Aphasia__speech disturbance,mental disorders,-0.0001306654768661784,1.7741413687185614,0.003590408012589606,0.010922909161274232
75,Phe_292.4,Altered mental status,mental disorders,-0.0006167554797259396,2.1202014511222247,0.006551084420240582,3.418203373409591e-06
76,Phe_293,Symptoms involving head and neck,mental disorders,1.1463835004936897e-05,1.5988335789891497,0.003002868255297304,0.03328237132158943
77,Phe_296,Mood disorders,mental disorders,-8.885379290901561e-05,1.9739984758133577,0.000980236886272374,0.48714008749357485
78,Phe_296.1,Bipolar,mental disorders,2.2094021283423912e-05,1.1230733686474001,0.00046515289639644956,0.7416003094921451
79,Phe_296.2,Depression,mental disorders,-8.845548259813607e-05,3.214797517753183,0.0049424380990921064,0.0004590353167641928
80,Phe_300,Anxiety disorders,mental disorders,-7.878174758054891e-05,3.052811596316007,0.004397117856765965,0.0018269037877913675
81,Phe_300.1,Anxiety disorder,mental disorders,-2.2304750293205947e-05,1.9306515580010943,0.008764849154150644,5.188525520388904e-10
82,Phe_306,Other mental disorder,mental disorders,-0.000105646232063139,2.334812028044138,0.028332585005526364,9.346553896127671e-90
83,Phe_317,Alcohol-related disorders,mental disorders,-7.157760278738215e-05,1.722573146041673,0.006128102745311099,1.3985153281478604e-05
84,Phe_317.1,Alcoholism,mental disorders,-4.115523132989079e-05,1.92183351448023,0.009801112868455216,3.707058603229405e-12
85,Phe_318,Tobacco use disorder,mental disorders,-0.00016643578866362167,1.966070771091216,0.015792781445891656,4.275642797382186e-29
86,Phe_327,Sleep disorders,neurological,-8.738107384347525e-05,1.642597271844692,0.002244724551237149,0.11155802237283162
87,Phe_327.3,Sleep apnea,neurological,-8.728247302983543e-05,2.164121307302886,0.009151924965756179,8.71574755181469e-11
88,Phe_331,Other cerebral degenerations,neurological,-0.0005071180507876788,2.184813847016726,0.002267503203315072,0.10797182933619305
89,Phe_332,Parkinson's disease,neurological,0.0002148288451676591,1.5095282462102149,0.002118143145565962,0.13322667034357782
90,Phe_334,Degenerative disease of the spinal cord,neurological,-0.00012712182423228893,1.420424511901767,0.0018702534046800305,0.18491411295407312
91,Phe_335,Multiple sclerosis,neurological,0.0001420453706888693,2.4129123581330325,0.005615458719354881,6.871705646979845e-05
92,Phe_339,Other headache syndromes,neurological,9.261837336682028e-05,2.0126289250433897,0.010257978207707226,3.547116029524781e-13
93,Phe_340,Migraine,neurological,0.0001432068871503911,1.9093306021065333,0.005606227309609378,7.063382896264501e-05
94,Phe_342,Hemiplegia,neurological,0.0001521405021755138,2.2869494536862076,0.006030672747471116,1.9111444979242852e-05
95,Phe_345,"Epilepsy, recurrent seizures, convulsions",neurological,2.605862586169482e-05,2.3312379462776778,0.008669837983159984,7.949175356174781e-10
96,Phe_345.3,Convulsions,neurological,-2.2720985112176968e-05,2.093670652318249,0.0059697311768581824,2.3180216007719966e-05
97,Phe_348,Other conditions of brain,neurological,-1.1472464288437521e-05,0.0,-0.0014265526046839687,0.31189836045776004
98,Phe_350,Abnormal movement,neurological,0.00010401102522035825,2.338607606051825,0.009055752960481134,1.3670432842422094e-10
99,Phe_350.2,Abnormality of gait,neurological,0.00020981782609196992,2.581006066640032,0.008490540373880896,1.7567931979275656e-09
100,Phe_351,Other peripheral nerve disorders,neurological,7.65917999801724e-05,1.6282003898738178,0.007853569153963964,2.5874990160919e-08
101,Phe_352,Disorders of other cranial nerves,neurological,0.0001425446007823283,0.0,-0.0009704425109735909,0.4915020713120273
102,Phe_353,Nerve root and plexus disorders,neurological,-1.1804255715691065e-05,1.4224767777668952,0.0015862142921593862,0.26083194538150145
103,Phe_357,Inflammatory and toxic neuropathy,neurological,-0.00012595241888577202,2.6719293353357587,0.0075312854834034965,9.355915333954954e-08
104,Phe_361,Retinal detachments and defects,sense organs,-4.6397589545391803e-05,1.3394989657304928,0.00171485067697209,0.22413194646844617
105,Phe_361.1,Retinal detachment with retinal defect,sense organs,-8.031564644787142e-05,0.91246153570288,-0.0003671874299610506,0.7946403399027921
106,Phe_362,Other retinal disorders,sense organs,0.00011309688519227446,0.6073841464041101,-0.001426607049859307,0.31187989323159493
107,Phe_362.2,Degeneration of macula and posterior pole of retina,sense organs,0.00012911512155938703,1.3100035443134963,0.001843764016631392,0.19121349868807383
108,Phe_362.29,Macular degeneration (senile) of retina NOS,sense organs,0.0001319831021403278,1.3100035443134963,0.001843764016631392,0.19121349868807383
109,Phe_365,Glaucoma,sense organs,-0.000588165463458517,1.3724021251462004,0.0027125988513250357,0.05449328475450598
110,Phe_365.1,Open-angle glaucoma,sense organs,-0.000561507208396745,0.7204989100620793,-0.0011424854904549823,0.41800992565548
111,Phe_365.11,Primary open angle glaucoma,sense organs,-0.000576062630331001,0.6026669154866706,-0.0016210867111011915,0.2504953089740599
112,Phe_366,Cataract,sense organs,1.3486236297566887e-05,1.4124978017007412,0.006577791810456563,3.118195397514155e-06
113,Phe_366.2,Senile cataract,sense organs,-0.000193739155225829,1.7977697323165391,0.009355953581098517,3.3041003005948864e-11
114,Phe_367,Disorders of refraction and accommodation; blindness and low vision,sense organs,1.4734953965712763e-05,4.721031319777401,0.0041943456501809815,0.00294639277246795
115,Phe_367.1,Myopia,sense organs,2.7235276607767266e-05,0.9732448035485367,-0.00011527002375221429,0.9348757869785586
116,Phe_368,Visual disturbances,sense organs,6.021121968574094e-06,2.0346819732615082,0.003978498825996473,0.004798386093738922
117,Phe_371,Inflammation of the eye,sense organs,-1.7823215062950306e-05,1.573677106592467,0.0006466487029699252,0.6466704287317662
118,Phe_371.3,Inflammation of eyelids,sense organs,-1.3266104653411767e-05,0.887042371484353,-0.0006133972460580807,0.6636920223283436
119,Phe_374,Other disorders of eyelids,sense organs,-7.405776138396541e-05,1.1765181029800147,0.0010837378565985017,0.44234821825164783
120,Phe_374.1,Ectropion or entropion,sense organs,-0.00015011756868693005,0.42701295302224435,-0.002150631897214746,0.12737661096465644
121,Phe_374.3,Ptosis of eyelid,sense organs,-8.52264607264153e-05,1.5918394261398858,0.002898623306114424,0.0399018702078639
122,Phe_375,Disorders of lacrimal system,sense organs,0.0005655597417938725,1.091523813626788,0.00043010724111229695,0.7604484845784464
123,Phe_378,Strabismus and other disorders of binocular eye movements,sense organs,-1.3965736801563622e-05,1.7580923925212717,0.000808450646435805,0.5665838769490841
124,Phe_379,Other disorders of eye,sense organs,-3.7603218673168303e-05,1.4870208782558776,0.000978459492991202,0.4879301042725297
125,Phe_379.2,Disorders of vitreous body,sense organs,2.6331630189870105e-05,1.07108913014147,0.0003077493210394736,0.8273079321782999
126,Phe_379.3,Aphakia and other disorders of lens,sense organs,-4.253579584123888e-05,1.5332264407989784,0.0028649471651263905,0.042266049766076945
127,Phe_380,Disorders of external ear,sense organs,4.3649734440001615e-05,0.5097074207083189,-0.0013743224712401928,0.3299462862510325
128,Phe_381,Otitis media and Eustachian tube disorders,sense organs,9.9457737988804e-06,1.826465955301098,0.0042481836360508925,0.002600109522562023
129,Phe_381.1,Otitis media,sense organs,-4.45232646096064e-06,2.047211855252202,0.003736286123646622,0.008083412747506843
130,Phe_384,Other disorders of tympanic membrane,sense organs,0.0006241101566314397,1.350214957456337,0.0007384259233978805,0.6006603797736642
131,Phe_384.4,Perforation of tympanic membrane,sense organs,0.0005746540386900654,1.1316456779447268,0.00046355327281104964,0.7424573449557637
132,Phe_386,Vertiginous syndromes and other disorders of vestibular system,sense organs,-0.00019619211696387712,0.0,-0.0009330962850140377,0.5083250904106119
133,Phe_386.9,Dizziness and giddiness (Light-headedness and vertigo),sense organs,-0.0003525430142593531,1.8534179237561246,0.006915422415937145,9.47584188027574e-07
134,Phe_389,Hearing loss,sense organs,-7.885312592803423e-06,1.9535803164772758,0.006648745615502849,2.4388573206014813e-06
135,Phe_394,Rheumatic disease of the heart valves,circulatory system,-0.001110147733475643,1.4760847278890583,0.0018405505270822236,0.19198830513649534
136,Phe_394.2,Mitral valve disease,circulatory system,-0.0013099470465448315,1.8210465405035228,0.005467398656563075,0.00010630712394938764
137,Phe_394.3,Aortic valve disease,circulatory system,-0.0006287277648610451,2.0130323439791584,0.0044095211084920595,0.0017731575127186204
138,Phe_394.7,Disease of tricuspid valve,circulatory system,1.3515434033213062e-05,2.4209233141026414,0.0060683954473789445,1.6944066470184384e-05
139,Phe_395,Heart valve disorders,circulatory system,-0.0008463537798469592,1.5375321752301165,0.004230886186749876,0.0027070813232339484
140,Phe_395.1,Nonrheumatic mitral valve disorders,circulatory system,-0.0012435497720468753,1.6987397242059175,0.004569522625972349,0.0011985154496270728
141,Phe_395.6,Heart valve replaced,circulatory system,-0.0003127737063187008,1.0711354775724582,0.0003230414483020241,0.8188722393839921
142,Phe_396,Abnormal heart sounds,circulatory system,0.0,2.7946495275559897,0.006967139169571958,7.857073215045912e-07
143,Phe_401.1,Essential hypertension,circulatory system,-0.0001679333948241923,1.9528691973400716,0.03429780464464778,1.2051081484115625e-130
144,Phe_401.2,Hypertensive heart and__or renal disease,circulatory system,-0.0001805721440645947,3.9479969516267155,0.002097781061820403,0.13699782567757401
145,Phe_401.22,Hypertensive chronic kidney disease,circulatory system,-0.000185588486265791,3.790305061836043,0.012012830663380884,1.653130535974632e-17
146,Phe_402,Elevated blood pressure reading without diagnosis of hypertension,circulatory system,-0.00011399196388420634,2.1402863908954615,0.005061051885816946,0.00033364413197959134
147,Phe_411.1,Unstable angina (intermediate coronary syndrome),circulatory system,-0.000791025926231015,1.8346202168572538,0.0065644070046766605,3.265245420729272e-06
148,Phe_411.2,Myocardial infarction,circulatory system,-0.0010532054519028185,1.7138959451573115,0.00904994484968882,1.4045087758782352e-10
149,Phe_411.3,Angina pectoris,circulatory system,-0.0013760778586130041,1.9357070983750402,0.013624537674483716,4.523064146928916e-22
150,Phe_411.4,Coronary atherosclerosis,circulatory system,-0.0014022291264598153,1.5544579060383914,0.009012920978689902,1.6680375136108174e-10
151,Phe_411.8,"Other chronic ischemic heart disease, unspecified",circulatory system,-0.0013824079772965586,2.190505026492092,0.016971246000819073,2.4317188743122466e-33
152,Phe_411.9,Other acute and subacute forms of ischemic heart disease,circulatory system,-0.0003245186270662408,2.785096859439639,0.007576754247985546,7.828297695661457e-08
153,Phe_414,Other forms of chronic heart disease,circulatory system,0.00013700754682586554,1.2475038104000649,0.0013335269002197549,0.3445041505092763
154,Phe_415,Pulmonary heart disease,circulatory system,0.0006891458867225922,2.199317497854381,0.008369147404727625,2.978554865766068e-09
155,Phe_416,Cardiomegaly,circulatory system,-0.00015267946695616703,2.6438913160012616,0.010353112989709775,2.1479342441057883e-13
156,Phe_418,Nonspecific chest pain,circulatory system,-0.00040537074822602216,2.178739739503986,0.023474251011714735,3.4252594487573565e-62
157,Phe_418.1,Precordial pain,circulatory system,-0.00013607041134773207,2.233508984125927,0.008860919784881778,3.3553780784968607e-10
158,Phe_420,Carditis,circulatory system,0.0007908416049633089,0.0,-0.00036502548044363913,0.7958226443995549
159,Phe_420.2,Pericarditis,circulatory system,0.0005462724703701056,0.5182172164484118,-0.0018957198808623032,0.17900403050237423
160,Phe_425,Cardiomyopathy,circulatory system,2.2797436888628917e-05,7.759856077335269,0.0034309947247626368,0.015009470022317254
161,Phe_425.1,Primary__intrinsic cardiomyopathies,circulatory system,2.2876144922990762e-05,2.49731496446918,0.005692613617874399,5.4514207610892e-05
162,Phe_426,Cardiac conduction disorders,circulatory system,-0.00017677929044546722,4.555381098030826,0.005267596103356218,0.00018839632733728522
163,Phe_426.2,Atrioventricular [AV] block,circulatory system,0.0001451834612660096,0.0,-0.001329791702304587,0.3458572326252253
164,Phe_426.3,Bundle branch block,circulatory system,-0.00025889771385624664,2.329563418661727,0.0027552595190937063,0.05080350129367136
165,Phe_426.31,Right bundle branch block,circulatory system,-0.0001273561553382846,3.3370331648160416,0.011325393606621985,9.864288009934582e-16
166,Phe_426.32,Left bundle branch block,circulatory system,-9.980159393377367e-05,1.8141954416611847,0.004199324434440725,0.002912687450324869
167,Phe_426.9,Cardiac pacemaker__device in situ,circulatory system,-9.835690254747173e-05,2.0032862870272057,0.0017364271711504263,0.21835683054764143
168,Phe_426.91,Cardiac pacemaker in situ,circulatory system,-0.00014547911998810168,2.299371174300475,0.007496015104694526,1.0735911301859673e-07
169,Phe_427,Cardiac dysrhythmias,circulatory system,5.2107108198603297e-05,1.9696790043126724,0.0181470076092545,7.083910397372795e-38
170,Phe_427.1,"Paroxysmal tachycardia, unspecified",circulatory system,-0.0003904830210725682,1.4242773812830556,0.0005027102958924658,0.7215722279706901
171,Phe_427.11,Paroxysmal supraventricular tachycardia,circulatory system,-0.00024056296120624697,1.9081985266195793,0.005022822728073808,0.00037004862166814046
172,Phe_427.2,Atrial fibrillation and flutter,circulatory system,0.00021291116227552384,2.106806266797405,0.015743368140992118,6.344852645161389e-29
173,Phe_427.3,Other specified cardiac dysrhythmias,circulatory system,-8.037281558694186e-05,1.7646408644793006,0.005173349181247919,0.00024514639906847565
174,Phe_427.4,Cardiac arrest and ventricular fibrillation,circulatory system,1.3185678182738352e-05,1.764525558620409,0.003157539591384877,0.02520126103454343
175,Phe_427.7,Tachycardia NOS,circulatory system,-8.36535109041926e-05,3.309350385922394,0.013113429885446401,1.4559517834362484e-20
176,Phe_427.9,Palpitations,circulatory system,0.00013238136118228194,1.350135537718824,0.002498311918749412,0.07656213274010829
177,Phe_428,Congestive heart failure; nonhypertensive,circulatory system,8.627237834580726e-05,2.012617786407806,0.0091076641933929,1.0727878261964885e-10
178,Phe_428.1,Congestive heart failure (CHF) NOS,circulatory system,9.04131972695668e-05,2.4955456195477996,0.008495875082248116,1.7162182836572131e-09
179,Phe_428.2,Heart failure NOS,circulatory system,-5.992538154129352e-06,1.9438098839997295,0.007528228504785068,9.468379049760483e-08
180,Phe_430,Intracranial hemorrhage,circulatory system,4.530332768448385e-05,0.0,-0.0012682024464901324,0.36865466416196335
181,Phe_433,Cerebrovascular disease,circulatory system,-0.00021216721003788346,1.7611499445082652,0.0034482709794640995,0.014509439263705567
182,Phe_433.1,Occlusion and stenosis of precerebral arteries,circulatory system,-0.0007620028145544346,2.059151351240601,0.003910542196108749,0.005569717164387626
183,Phe_433.2,Occlusion of cerebral arteries,circulatory system,3.7601885656039685e-05,1.8368245248137531,0.00533416027235616,0.00015602720294223283
184,Phe_433.21,"Cerebral artery occlusion, with cerebral infarction",circulatory system,-0.00012982828080526155,1.8088374780196936,0.003999039611933426,0.004585051183474576
185,Phe_433.3,Cerebral ischemia,circulatory system,-0.0005273819029280807,1.7900577087489316,0.0031293064946742973,0.026535080660943233
186,Phe_433.31,Transient cerebral ischemia,circulatory system,-0.000338386227226866,1.7644102678292541,0.0039981219810128876,0.004594395223277109
187,Phe_433.8,Late effects of cerebrovascular disease,circulatory system,0.00047818474419350547,2.34064009464942,0.005688865419018365,5.5134483355374095e-05
188,Phe_440,Atherosclerosis,circulatory system,-0.00046228186921759844,2.5965672258775707,0.002426930481471387,0.08536144421124534
189,Phe_442,Other aneurysm,circulatory system,-0.00011052237768982388,0.0,-0.0006461603568057977,0.6469191103869125
190,Phe_442.1,Aortic aneurysm,circulatory system,-2.488372470727566e-05,1.9275017237064052,0.0026740111739057986,0.058020808682111805
191,Phe_443,Peripheral vascular disease,circulatory system,-0.0001690748282799349,2.1121426141668365,0.008218139363764058,5.686533434846441e-09
192,Phe_443.1,Raynaud's syndrome,circulatory system,-7.537751731195902e-05,1.6334258744586243,0.0025309874326798097,0.07278853928480702
193,Phe_443.9,"Peripheral vascular disease, unspecified",circulatory system,-0.0004455584958522489,2.3777370319985804,0.008219218252407484,5.660545853788983e-09
194,Phe_447,Other disorders of arteries and arterioles,circulatory system,-0.0004519390682927037,0.8143636655345818,-0.0005041617002896948,0.7208019593609827
195,Phe_451,Phlebitis and thrombophlebitis,circulatory system,0.0010124016915640567,1.670024684547108,0.0014668621350817695,0.29842300294270063
196,Phe_451.2,Phlebitis and thrombophlebitis of lower extremities,circulatory system,0.0010218006611874787,1.6767375288673463,0.004578166038204847,0.001173020754038775
197,Phe_454,Varicose veins,circulatory system,0.00011212531756927307,1.8196967081621789,0.0021059453183612646,0.1354759942113595
198,Phe_454.1,Varicose veins of lower extremity,circulatory system,0.00011145494206383434,1.1761454333243353,0.0020177145754708267,0.15262890532323325
199,Phe_455,Hemorrhoids,circulatory system,-0.00022006230824009342,1.4417337057333215,0.007736263930549403,4.1553442222001046e-08
200,Phe_458,Hypotension,circulatory system,-0.00012285461388899645,3.2388576028025735,0.008809461468849044,4.2401626968637957e-10
201,Phe_458.1,Orthostatic hypotension,circulatory system,-0.00040186685884355293,2.304750371187247,0.006090315440059529,1.579444404080349e-05
202,Phe_458.9,Hypotension NOS,circulatory system,-0.00010763890849592769,2.3249027637408224,0.00981070079621257,3.5326515999770183e-12
203,Phe_459,Other disorders of circulatory system,circulatory system,0.0007382034225690655,3.3256526045722583,0.0031235730776712125,0.026813272061769977
204,Phe_459.9,Circulatory disease NEC,circulatory system,0.0007154635328971571,2.1867124844252572,0.01826161178920741,2.466720469504087e-38
205,Phe_465,Acute upper respiratory infections of multiple or unspecified sites,respiratory,-2.156323749014145e-05,3.005100915413864,0.008354746384444832,3.1695510793461964e-09
206,Phe_470,Septal Deviations__Turbinate Hypertrophy,respiratory,4.0848847601172604e-05,1.1186536515794008,0.0008740061799833495,0.5355471995184174
207,Phe_471,Nasal polyps,respiratory,-7.220138671697876e-05,1.3231175108344473,0.0019942216404194167,0.15746366741173967
208,Phe_473,Diseases of the larynx and vocal cords,respiratory,-2.53363035708429e-05,1.7985938157622414,0.0034785788141499163,0.013667638538034719
209,Phe_473.4,Voice disturbance,respiratory,8.344351386494966e-06,2.1215498770357706,0.004079393043717117,0.003830561667569712
210,Phe_474,Acute and chronic tonsillitis,respiratory,2.8038613846520833e-05,0.40041961964897294,-0.0013403852295432407,0.3420285163256668
211,Phe_474.2,Chronic tonsillitis and adenoiditis,respiratory,1.8169397090308594e-05,1.1398341416056872,0.0004906099340225175,0.7280048851559509
212,Phe_475,Chronic sinusitis,respiratory,-0.00010596938489666635,1.389110038535326,0.002197141107870767,0.11935221887030148
213,Phe_476,Allergic rhinitis,respiratory,-3.1014490810603895e-05,1.7363875481691575,0.0030659659344044817,0.029751054114899395
214,Phe_477,Epistaxis or throat hemorrhage,respiratory,3.090417913377348e-06,2.1687126111827024,0.0065655788018183624,3.252110567134405e-06
215,Phe_479,Other upper respiratory disease,respiratory,-1.1346561193482198e-06,1.5695611246223038,0.004088562424272074,0.003752056935149843
216,Phe_480,Pneumonia,respiratory,-8.481584977150352e-05,2.0448350143725005,0.007986667260235322,1.4994018077384163e-08
217,Phe_480.1,Bacterial pneumonia,respiratory,-9.544239326972622e-05,4.304775040263166,0.012145591517634852,7.305236412415267e-18
218,Phe_480.11,Pneumococcal pneumonia,respiratory,-0.00010300116298978601,2.7734876380616136,0.016866328698577564,5.971220898675189e-33
219,Phe_495,Asthma,respiratory,-7.952373755882688e-05,1.9729959372273682,0.018436631712006143,4.8633768489906536e-39
220,Phe_496,Chronic airway obstruction,respiratory,-1.0300510402025378e-06,3.0668961204302687,0.02169720735831549,2.148372544782064e-53
221,Phe_496.1,Emphysema,respiratory,-3.9612655604066545e-05,2.757195708919847,0.00874833046872022,5.589780977276722e-10
222,Phe_496.2,Chronic bronchitis,respiratory,-2.473151558788758e-05,2.8789231502267305,0.0038368009753350935,0.006531768319151582
223,Phe_496.21,Obstructive chronic bronchitis,respiratory,-3.2873399390199456e-05,3.087536077554226,0.01317709224812483,9.515395114153372e-21
224,Phe_496.3,Bronchiectasis,respiratory,5.333916971526721e-05,2.2802870296919346,0.006802263472399076,1.4212293338703654e-06
225,Phe_506,Empyema and pneumothorax,respiratory,-8.092458532768331e-05,2.103138563016101,0.004309174541762237,0.0022530344744028244
226,Phe_507,Pleurisy; pleural effusion,respiratory,-0.00016343466841247934,2.676148760306962,0.016233906735549967,1.1946406078023449e-30
227,Phe_508,Pulmonary collapse; interstitial and compensatory emphysema,respiratory,0.00011193046109576173,4.082424980680151,0.017451825257411787,3.700689279089773e-35
228,Phe_509.1,Respiratory failure,respiratory,1.505169799196043e-05,2.8292705427034783,0.009631956832287975,8.610468340253997e-12
229,Phe_509.2,Respiratory insufficiency,respiratory,5.033476038272821e-05,3.0105127256551545,0.00985600080389767,2.8115966773234267e-12
230,Phe_512,Other symptoms of respiratory system,respiratory,-0.00021739925555960395,2.2685063129306733,0.014548224268785543,6.129036466201928e-25
231,Phe_512.7,Shortness of breath,respiratory,-0.00021291380238214522,2.4026887277677003,0.01291501669681519,5.410529232451072e-20
232,Phe_512.8,Cough,respiratory,-5.153747713961386e-05,2.329462941481711,0.008571936410670793,1.2280690612613115e-09
233,Phe_514,Abnormal findings examination of lungs,respiratory,-9.709195389318917e-07,2.044775434916686,0.006309060713818037,7.73558772217985e-06
234,Phe_516,Abnormal sputum,respiratory,6.165279248614374e-09,1.6793718376322597,0.0007412913318410841,0.5992479522856475
235,Phe_516.1,Hemoptysis,respiratory,1.6759378853033486e-06,1.7014543075551032,0.0036573674385883973,0.00952474623145256
236,Phe_519,"Other diseases of respiratory system, not elsewhere classified",respiratory,-0.0002025143504401577,1.5413412756350877,0.0006165690770411693,0.6620606588932441
237,Phe_519.8,"Other diseases of respiratory system, NEC",respiratory,-0.00022398433971931566,2.700947461731688,0.019177210306087145,4.2596883476014085e-42
238,Phe_520,Disorders of tooth development,digestive,-0.0005273997458209672,0.0,-0.0006664655101182124,0.6366126190429886
239,Phe_520.2,Disturbances in tooth eruption,digestive,-0.0005356103602420485,0.7419578840841503,-0.0013434221031828,0.3409359478507875
240,Phe_521,Diseases of hard tissues of teeth,digestive,-3.5602067124314583e-06,0.0,-0.0005162316902165879,0.7144073830275182
241,Phe_521.1,Dental caries,digestive,-1.0384807751335798e-06,1.5112584343687576,0.0033420422035467003,0.01783173048342795
242,Phe_522,Diseases of pulp and periapical tissues,digestive,-2.6726570386757583e-06,0.8491917971423502,-0.00040107298809149083,0.7761726180983847
243,Phe_522.5,Periapical abscess,digestive,7.862887319381328e-07,0.7777735930048023,-0.0008741643079279357,0.5354733836257493
244,Phe_523,Gingival and periodontal diseases,digestive,8.769715530432125e-05,1.9316379934997665,0.0023230529971652756,0.09960854968866605
245,Phe_523.3,Periodontitis (acute or chronic),digestive,5.78431902034728e-05,0.0,-0.0003125879020759314,0.8246365903449391
246,Phe_525,Other diseases of the teeth and supporting structures,digestive,6.958024864218328e-05,1.2892677545155993,0.001695908653695179,0.22929124084914682
247,Phe_528,"Diseases of the oral soft tissues, excluding lesions specific for gingiva and tongue",digestive,-1.402583447599256e-07,1.192348072638941,0.0009672876904310833,0.49291154162458684
248,Phe_529,Diseases and other conditions of the tongue,digestive,-0.00042452037380127044,0.9979415797903449,-7.1456125621253535e-06,0.9959584609200327
249,Phe_530,Diseases of esophagus,digestive,-2.149999571873951e-05,0.7662967976483183,-0.0006543418951945368,0.6427580289015671
250,Phe_530.1,"Esophagitis, GERD and related diseases",digestive,-9.956207341275106e-06,2.0370655197690564,0.011356133320552677,8.257215567148515e-16
251,Phe_530.11,GERD,digestive,2.7808298808234106e-05,2.783262857286525,0.02650057419957557,9.314100798894587e-79
252,Phe_530.12,Ulcer of esophagus,digestive,0.00024104127301198563,1.8529637214516215,0.006674934357304754,2.226025004751849e-06
253,Phe_530.14,Reflux esophagitis,digestive,-2.699964048449004e-05,1.9783701253470694,0.011426639445135599,5.481784974663384e-16
254,Phe_530.2,Esophageal bleeding (varices__hemorrhage),digestive,-0.001392101399569955,2.158824119749835,0.005589910585586239,7.414606680956369e-05
255,Phe_530.3,Stricture and stenosis of esophagus,digestive,0.0,2.125207173331065,0.0056865599992786215,5.5519313526224664e-05
256,Phe_530.9,Heartburn,digestive,0.00018452500960858498,2.335490664052362,0.006899603912561713,1.003204921965222e-06
257,Phe_531,Peptic ulcer (excl. esophageal),digestive,0.004319601298831677,2.6404423649343216,0.0163264040593785,5.572957840078277e-31
258,Phe_531.2,Gastric ulcer,digestive,0.001885638882320476,2.5174241262561408,0.011301396318220634,1.1329649765331368e-15
259,Phe_531.3,Duodenal ulcer,digestive,0.004943051086624029,3.021682472517126,0.012467088566287417,9.749986364199802e-19
260,Phe_532,Dysphagia,digestive,7.348758005051306e-06,1.8991307814367986,0.008591092858497537,1.1282914635404217e-09
261,Phe_535,Gastritis and duodenitis,digestive,-4.8943528538581825e-06,2.35428041663933,0.020970355785072697,5.399710919166601e-50
262,Phe_535.1,Acute gastritis,digestive,-1.602317108870699e-05,2.231977273119188,0.004815275178388317,0.0006414741555130062
263,Phe_535.6,Duodenitis,digestive,0.0014299768763962174,2.353801650763409,0.013467315720802144,1.3342346169757464e-21
264,Phe_535.8,Other specified gastritis,digestive,-0.0001141333215220179,2.309054064212163,0.014120867381409098,1.3717408317408796e-23
265,Phe_537,Other disorders of stomach and duodenum,digestive,0.0010355019285153786,3.007451483778399,0.013665005652956778,3.4169972763496737e-22
266,Phe_540,Appendiceal conditions,digestive,0.0008738686848506954,1.8196967081621789,0.001488577995108957,0.29132701364327945
267,Phe_540.1,Appendicitis,digestive,0.0007717048838173563,1.2180558930593925,0.0005590886757878282,0.6918663806206989
268,Phe_540.11,Acute appendicitis,digestive,0.0004104860274823975,1.6696206463169754,0.0035247190273082016,0.01246885419472743
269,Phe_550,Abdominal hernia,digestive,9.34235205993635e-06,3.655896178928556,0.017983290697186658,3.1609402195738418e-37
270,Phe_550.1,Inguinal hernia,digestive,1.453710892131343e-05,1.20058424708304,0.0028241362513359443,0.045288920158076146
271,Phe_550.2,Diaphragmatic hernia,digestive,2.2403246481752945e-05,2.3943013811765312,0.027199093203304693,7.276794332171156e-83
272,Phe_550.4,Umbilical hernia,digestive,-4.0363343524534576e-05,3.485068105528893,0.017343063634881358,9.638853805199337e-35
273,Phe_550.5,Ventral hernia,digestive,-1.3218454599409794e-05,3.57990943881899,0.01722009400496273,2.8247894075388676e-34
274,Phe_555,Inflammatory bowel disease and other gastroenteritis and colitis,digestive,4.433991266303749e-05,2.1055134573443977,0.008254511033512517,4.871334510158524e-09
275,Phe_555.1,Regional enteritis,digestive,-4.434694174672594e-05,3.1655846471876607,0.010058460985695735,1.0010463729030495e-12
276,Phe_555.2,Ulcerative colitis,digestive,6.857115761930714e-05,1.6267650089835384,0.0038212077024744142,0.006753413788604328
277,Phe_556,Ulceration of the lower GI tract,digestive,0.00019625415240331486,2.5739391890507513,0.00367197194226483,0.009241879858507778
278,Phe_557,Intestinal malabsorption (non-celiac),digestive,8.18286835606563e-06,3.0826825512701754,0.0041097987784056746,0.003575824630581237
279,Phe_557.1,Celiac disease,digestive,6.47124711521811e-06,1.3589119942193406,0.0016900941905353757,0.23089176529241684
280,Phe_558,Noninfectious gastroenteritis,digestive,-0.0005528652738929315,2.4213969369753996,0.01955738202211575,1.0315752536139552e-43
281,Phe_559,Ileostomy status,digestive,1.5112873536676035e-05,2.80689847786622,0.008230445300341617,5.396881450282268e-09
282,Phe_560.4,Other intestinal obstruction,digestive,3.474811129918946e-05,3.2057671876471345,0.01474973588920479,1.3714223757500742e-25
283,Phe_561,Symptoms involving digestive system,digestive,5.801603210602443e-05,1.7580096548680872,0.010641360850527932,4.571763981254115e-14
284,Phe_561.2,Flatulence,digestive,2.2154482342524402e-06,1.348529295836541,0.0017018561608268395,0.22766227850829193
285,Phe_562,Diverticulosis and diverticulitis,digestive,0.00014660525693970636,2.2514511999029088,0.024980139444296123,3.4773629664637605e-70
286,Phe_562.1,Diverticulosis,digestive,0.00014319694277953755,2.2514511999029088,0.024980139444296123,3.4773629664637605e-70
287,Phe_563,Constipation,digestive,-4.136345749064232e-05,2.7373029964531304,0.02156736357683228,8.870783140450417e-53
288,Phe_564,Functional digestive disorders,digestive,-0.00017875883023552443,1.811882658959121,0.0026999921544740672,0.05562552039501977
289,Phe_564.1,Irritable Bowel Syndrome,digestive,0.0002782106506667483,2.49557570085951,0.012945794549667362,4.4194072391363165e-20
290,Phe_564.8,Abnormal findings on exam of gastrointestinal tract__ abdominal area,digestive,-6.341211543580025e-05,2.814013742330372,0.008805919933591793,4.3088067545330017e-10
291,Phe_564.9,Personal history of diseases of digestive system,digestive,-0.0001884611830950891,3.9576080250031835,0.04408346192419638,1.404001931711127e-214
292,Phe_565,Anal and rectal conditions,digestive,0.0002747572734579981,1.6504418434994168,0.006717098156450626,1.9203489140132614e-06
293,Phe_565.1,Anal and rectal polyp,digestive,0.00031046746859374663,1.6551259353183096,0.0065518002630711196,3.4098129279550525e-06
294,Phe_568,Other disorders of peritoneum,digestive,0.007336317795627461,3.160615537116893,0.0038435050506386266,0.006438503191730079
295,Phe_568.1,Peritoneal adhesions (postoperative) (postinfection),digestive,0.009815274831868536,12.945536606867398,0.07991902056394745,0.0
296,Phe_569,Other disorders of intestine,digestive,-3.688567009822202e-05,2.106612910862493,0.007740204738968424,4.0901866186609565e-08
297,Phe_571,Chronic liver disease and cirrhosis,digestive,-0.0012035522463364533,5.92679445128727,0.03278435359674711,1.5531713336564317e-119
298,Phe_571.5,Other chronic nonalcoholic liver disease,digestive,-0.0016253721097889647,7.196140429033888,0.03141297450755296,6.701446334082016e-110
299,Phe_572,Ascites (non malignant),digestive,-0.0016920985904271923,3.720350353206304,0.012799590778674987,1.1507410409372723e-19
300,Phe_573,Other disorders of liver,digestive,0.011731634477679113,4.67721521210365,0.01754546746453282,1.615388521470575e-35
301,Phe_573.7,Abnormal results of function study of liver,digestive,0.014930838030894764,6.500402996720644,0.03879610421355646,1.2646380368574062e-166
302,Phe_574,Cholelithiasis and cholecystitis,digestive,0.015406171836429608,22.52779521205057,0.30998525769652935,0.0
303,Phe_574.1,Cholelithiasis,digestive,0.015621130222051709,12.122170359527832,0.11856042546075127,0.0
304,Phe_574.11,Cholelithiasis with acute cholecystitis,digestive,0.055365251684869714,225.03582624272278,1.0,0.0
305,Phe_574.12,Cholelithiasis with other cholecystitis,digestive,0.01661603695004922,24.699417444090717,0.19559472347913764,0.0
306,Phe_574.2,Calculus of bile duct,digestive,0.017308887901948823,18.7529855202269,0.10176218194559819,0.0
307,Phe_574.3,Cholecystitis without cholelithiasis,digestive,0.01702794225816142,17.86276597413052,0.09905681404429365,0.0
308,Phe_575,Other biliary tract disease,digestive,0.016872870182631148,16.216721085114248,0.11039212541191726,0.0
309,Phe_575.7,Other disorders of gallbladder,digestive,0.017035616719629165,24.107032000448932,0.09844158809008478,0.0
310,Phe_575.8,Other disorders of biliary tract,digestive,0.01650161481403154,17.440276533811016,0.06207728145279144,0.0
311,Phe_577,Diseases of pancreas,digestive,0.014743447743004704,6.209597854379768,0.014792147584687122,9.981618966114499e-26
312,Phe_577.1,Acute pancreatitis,digestive,0.01524847916991927,12.012133825562715,0.04362993287374455,3.169255586439929e-210
313,Phe_578.1,Hematemesis,digestive,-3.568268431766707e-05,3.2996455460809795,0.011351054661628468,8.503692444331862e-16
314,Phe_578.2,Blood in stool,digestive,-8.362465370910944e-05,2.456850715413142,0.008549013692875968,1.358804144128757e-09
315,Phe_578.9,Hemorrhage of gastrointestinal tract,digestive,4.311022635667351e-06,1.9056151567898005,0.008213602621555478,5.797087495954556e-09
316,Phe_579,Other symptoms involving abdomen and pelvis,digestive,-0.0001960977838420621,2.639309073217119,0.006228602277625176,1.0085242190153085e-05
317,Phe_579.8,Nonspecific abnormal findings in stool contents,digestive,-9.950563511015767e-05,1.4846113536846295,0.0024581535700168825,0.08141678692354368
318,Phe_580,Nephritis; nephrosis; renal sclerosis,genitourinary,-1.7311349598655727e-05,3.2118372990443858,0.00973631860913438,5.127986318748234e-12
319,Phe_580.1,Glomerulonephritis,genitourinary,-1.743160676536459e-05,3.6973772795667674,0.00931499115701284,4.0210659679355e-11
320,Phe_585,Renal failure,genitourinary,-0.00020244015041157446,3.052943075345953,0.022587140580764487,1.0288740332655196e-57
321,Phe_585.1,Acute renal failure,genitourinary,-0.0005301062462193421,3.2760514203607687,0.020928977993664808,8.365277174677487e-50
322,Phe_585.2,Renal failure NOS,genitourinary,-5.983322978605961e-05,2.959555435242823,0.008385173970697523,2.7791675914976947e-09
323,Phe_585.3,Chronic renal failure [CKD],genitourinary,-5.8855668196628045e-05,2.9431714870856416,0.01277209473308168,1.3760211297843671e-19
324,Phe_586,Other disorders of the kidney and ureters,genitourinary,-3.157622922924481e-05,2.8733535562042376,0.007341406906635966,1.948305329725754e-07
325,Phe_586.2,"Cyst of kidney, acquired",genitourinary,-7.446709292678471e-06,5.754054134518714,0.020825090782988522,2.5011944674135852e-49
326,Phe_590,Pyelonephritis,genitourinary,-5.9183289553334874e-05,3.1754820260026735,0.009473901291949126,1.8683970463335896e-11
327,Phe_591,Urinary tract infection,genitourinary,-0.0002708718779439359,2.389200040278082,0.018125551984516607,8.62440623825934e-38
328,Phe_592,Cystitis and urethritis,genitourinary,0.00015269234595944196,2.120539847380288,0.00699650742117245,7.060080039715961e-07
329,Phe_592.1,Cystitis,genitourinary,0.00016130933212435384,2.3183086895342666,0.00661069695050746,2.7832008275504965e-06
330,Phe_593,Hematuria,genitourinary,-3.1441617636057166e-05,1.6190374437976645,0.008782652550964169,4.787534402154508e-10
331,Phe_594,Urinary calculus,genitourinary,-1.3401726089671612e-05,1.3535989548434453,0.0008599642977137536,0.5421224805762932
332,Phe_594.1,Calculus of kidney,genitourinary,-1.2505710306452537e-06,3.2526859474709764,0.014301618778671669,3.725289443413664e-24
333,Phe_594.3,Calculus of ureter,genitourinary,0.00026291153085543215,1.620906311472193,0.003389177315535175,0.01628312544680591
334,Phe_594.8,Renal colic,genitourinary,-2.7316334152625828e-05,1.5469506858577793,0.0025698193427603697,0.06850334177773214
335,Phe_595,Hydronephrosis,genitourinary,-7.246759075283724e-05,1.390465267841214,0.0020469579419454048,0.1467695565341282
336,Phe_596,Other disorders of bladder,genitourinary,-7.68482359442154e-05,1.7377283879746934,0.007241813537283579,2.842497518392133e-07
337,Phe_596.1,Bladder neck obstruction,genitourinary,-2.117641939282777e-05,1.915198521214662,0.004396798784538263,0.0018283059493775988
338,Phe_596.5,Functional disorders of bladder,genitourinary,6.39641514371935e-05,2.1391238236000265,0.00493487301088108,0.00046836582596477275
339,Phe_597,Other disorders of urethra and urinary tract,genitourinary,0.000399734459779566,1.8735637707534736,0.002709855705172565,0.05473800244626659
340,Phe_597.1,Urethral stricture (not specified as infectious),genitourinary,0.00023464495614410795,1.0848509753893574,0.0005550142791452022,0.693998015122661
341,Phe_598,Abnormal findings on examination of urine,genitourinary,3.3734758712709246e-06,1.5218391390760049,0.0033451838798740914,0.01772463604487338
342,Phe_599,Other symptoms__disorders or the urinary system,genitourinary,-4.93354166190768e-05,1.732896202082999,0.006742140826790966,1.7583363169660146e-06
343,Phe_599.2,Retention of urine,genitourinary,-0.00011141562648729988,2.2960728663427,0.012880945686500696,6.765181390718653e-20
344,Phe_599.3,Dysuria,genitourinary,0.0005652538396794393,1.8200471215471514,0.0032211260468929352,0.022408066474928802
345,Phe_599.4,Urinary incontinence,genitourinary,0.00015105858912830734,2.1650622745422448,0.012204318967240245,5.076105877894362e-18
346,Phe_599.5,Frequency of urination and polyuria,genitourinary,-5.664791786954579e-05,1.1919705864911343,0.0013460981128606481,0.33997506104629305
347,Phe_599.9,Other abnormality of urination,genitourinary,6.532946886034773e-05,1.1781980431556167,0.0008389537069628482,0.5520355547049647
348,Phe_611.3,Lump or mass in breast,genitourinary,-3.4431013827431404e-06,1.539082348509096,0.002303411222402879,0.10250459999887598
349,Phe_613,Other nonmalignant breast conditions,genitourinary,2.2960764713058668e-05,0.0,-0.00039986657306338144,0.7768280177316911
350,Phe_681,Superficial cellulitis and abscess,dermatologic,-0.00011969258987618612,2.1229794928558756,0.0028851322471428425,0.04083516399258243
351,Phe_681.3,Cellulitis and abscess of arm__hand,dermatologic,-3.976657636855995e-05,1.6237145344650417,0.005359404313716283,0.00014518135011430984
352,Phe_686,Other local infections of skin and subcutaneous tissue,dermatologic,3.086119222362634e-05,2.399800376800728,0.006004545055391916,2.076475037299179e-05
353,Phe_686.1,Carbuncle and furuncle,dermatologic,0.0002692906725072112,2.170763597196683,0.006475900796958522,4.418751197945336e-06
354,Phe_687,Symptoms affecting skin,dermatologic,-3.7039842411355735e-06,3.6992190615242104,0.0048619828061892065,0.0005677848912788397
355,Phe_687.1,Rash and other nonspecific skin eruption,dermatologic,-0.00013147666628501094,3.075193495573193,0.011260384442584384,1.4345923314331771e-15
356,Phe_687.4,Disturbance of skin sensation,dermatologic,-0.00024023501045512114,1.4644413855274803,0.0028312228004286756,0.04475130733479619
357,Phe_689,Disorder of skin and subcutaneous tissue NOS,dermatologic,0.00014035789729036256,1.4774943826369529,0.004153689760039576,0.0032352313139652512
358,Phe_695,Erythematous conditions,dermatologic,-1.0500402732214893e-05,1.4720250285705498,0.002704588844651858,0.05521043158818396
359,Phe_696,Psoriasis and related disorders,dermatologic,-0.00012296860836709684,2.7592074503670028,0.009853188685473226,2.8518106431549327e-12
360,Phe_696.4,Psoriasis,dermatologic,-0.00012351810701231712,3.2735884948027008,0.010535931654089038,8.08947430286061e-14
361,Phe_696.41,Psoriasis vulgaris,dermatologic,-0.0001228289489527357,2.9936350887477374,0.009663113531146792,7.380308209544916e-12
362,Phe_701,Other hypertrophic and atrophic conditions of skin,dermatologic,6.560683816126689e-06,1.1550170722466526,0.000708085220745433,0.6157073764617248
363,Phe_701.2,Scar conditions and fibrosis of skin,dermatologic,7.746202015911767e-06,1.4735741662292419,0.002535705621556776,0.07225644494760004
364,Phe_702,Degenerative skin conditions and other dermatoses,dermatologic,6.10272313817702e-05,0.0,-0.0003125879020759314,0.8246365903449391
365,Phe_702.1,Actinic keratosis,dermatologic,-2.3411929747958083e-05,1.3440207747552906,0.0020198217231152137,0.15220084364980835
366,Phe_702.2,Seborrheic keratosis,dermatologic,0.00018926598385226218,1.0995235809905022,0.0006175833095029018,0.6615393479083953
367,Phe_703,"Diseases of nail, NOS",dermatologic,0.0001952819572348099,1.326340822648661,0.0006942588590205092,0.6226188299074071
368,Phe_704,Diseases of hair and hair follicles,dermatologic,0.00015836759821705323,1.3209508162953325,0.0024820731918783418,0.07849599261288495
369,Phe_706,Diseases of sebaceous glands,dermatologic,6.19599078108801e-05,1.1612754428969956,0.0016582750199046947,0.2397911256354732
370,Phe_706.2,Sebaceous cyst,dermatologic,6.552839305722205e-05,1.1331896094875777,0.001362903633560007,0.33398036273207177
371,Phe_707,Chronic ulcer of skin,dermatologic,0.00020726257371096404,3.251638744912287,0.009526041947815363,1.4490116005465829e-11
372,Phe_709,Diffuse diseases of connective tissue,dermatologic,-1.0651088394850649e-05,2.127204327667529,0.006762867679434359,1.6342582093105577e-06
373,Phe_709.7,Unspecified diffuse connective tissue disease,dermatologic,9.283256123833941e-05,1.960242388873892,0.004862242985727628,0.0005673974397024922
374,Phe_714,Rheumatoid arthritis and other inflammatory polyarthropathies,musculoskeletal,-0.00010652381597949957,1.4732296317035862,0.0011031327981237025,0.43422484920798265
375,Phe_714.1,Rheumatoid arthritis,musculoskeletal,-0.00010786344139627373,2.918898220160036,0.011496890436742816,3.6357152180515266e-16
376,Phe_715,Other inflammatory spondylopathies,musculoskeletal,-0.00010600270055293254,5.447794676267032,0.009719302985323327,5.582183164179249e-12
377,Phe_716,Other arthropathies,musculoskeletal,2.501075766801338e-05,0.0,-0.0009283224588165045,0.5104970740751235
378,Phe_716.2,Unspecified monoarthritis,musculoskeletal,0.00017354163623833246,1.9560865154239389,0.014174744815271197,9.316820288261475e-24
379,Phe_716.9,Arthropathy NOS,musculoskeletal,4.937878160407099e-06,2.0856721809484084,0.020867230011546094,1.6050483246420404e-49
380,Phe_717,Polymyalgia Rheumatica,musculoskeletal,-4.492273827419946e-05,2.0656016687246352,0.004456088650541586,0.0015840845589864374
381,Phe_720,Spinal stenosis,musculoskeletal,6.032905503716804e-05,3.8209836448719687,0.008903705224241222,2.7593121019157256e-10
382,Phe_721,Spondylosis and allied disorders,musculoskeletal,8.611058475416154e-05,3.0059430342075903,0.007685096956951387,5.098327447939022e-08
383,Phe_721.1,Spondylosis without myelopathy,musculoskeletal,0.00010182788443143565,1.7013017791546052,0.0025248592174618584,0.07348443267954366
384,Phe_722,Intervertebral disc disorders,musculoskeletal,4.5980696614521896e-05,1.8535592765568991,0.008056780881686612,1.1209265924922245e-08
385,Phe_722.6,Degeneration of intervertebral disc,musculoskeletal,0.0012418507160936035,1.975366458125079,0.006074513089590724,1.6615438672082718e-05
386,Phe_722.9,Other and unspecified disc disorder,musculoskeletal,-5.767157589389085e-06,1.7483791748830328,0.005399138529604448,0.00012953690005308347
387,Phe_724,Other and unspecified disorders of back,musculoskeletal,1.4345717261035187e-05,0.927345437813418,-0.0001848904450326265,0.8957246395076073
388,Phe_726,Peripheral enthesopathies and allied syndromes,musculoskeletal,0.0001973065511653439,1.7483566961580248,0.007853201904517349,2.5913664020021363e-08
389,Phe_726.1,Enthesopathy,musculoskeletal,-0.0002952204165865879,1.3480671893918819,0.003287975178374614,0.01976566129460969
390,Phe_727,"Other disorders of synovium, tendon, and bursa",musculoskeletal,-0.0009348613221035028,1.5495963551526435,0.001875073242391908,0.1837846208347587
391,Phe_727.1,Synovitis and tenosynovitis,musculoskeletal,-5.92331319531498e-05,1.7729697427935558,0.004279338064441871,0.0024171401114216956
392,Phe_727.4,"Ganglion and cyst of synovium, tendon, and bursa",musculoskeletal,-0.0028732127065149854,1.849148970619983,0.00509206821847597,0.0003066001345148709
393,Phe_728,"Disorders of muscle, ligament, and fascia",musculoskeletal,0.00011921329698978456,0.0,-0.0008270841701479043,0.5576748360392718
394,Phe_728.7,Fasciitis,musculoskeletal,0.00010495518759103807,3.1695186794749692,0.003853914718660684,0.006296059955057461
395,Phe_728.71,Contracture of palmar fascia [Dupuytren's disease],musculoskeletal,9.074003040929307e-05,0.8867158928787275,-0.0006386728714069089,0.6507369034375476
396,Phe_729,Other disorders of soft tissues,musculoskeletal,7.946510486736913e-05,1.4055954168814666,0.0015319786693410282,0.2774875537380881
397,Phe_729.1,"Rheumatism, unspecified and fibrositis",musculoskeletal,-5.9273556767927465e-06,2.393998151518328,0.002849609778666954,0.04338144903655584
398,Phe_733,Other disorders of bone and cartilage,musculoskeletal,-2.7727269552700507e-05,1.8768626041928507,0.00286504173448376,0.0422592482624268
399,Phe_733.8,Malunion and nonunion of fracture,musculoskeletal,-1.2398226330408724e-05,1.0182616572068905,2.5591922650007973e-05,0.985526010009032
400,Phe_735,Acquired foot deformities,musculoskeletal,-1.9637690982656284e-05,1.0977357377693795,0.0001319137299457282,0.9254982245600187
401,Phe_735.2,Acquired toe deformities,musculoskeletal,-6.31247401013722e-05,1.1411553054904806,0.0007256870563399028,0.6069577976431353
402,Phe_735.21,Hammer toe (acquired),musculoskeletal,6.31170331921659e-05,0.8353222948876124,-0.0008077406885815792,0.5669246666625555
403,Phe_735.23,Hallux rigidus,musculoskeletal,2.0588881522244682e-05,1.0945322288070176,0.0004048114641726163,0.7741426593676806
404,Phe_735.3,Hallux valgus (Bunion),musculoskeletal,4.682976415764033e-06,0.9521613848372638,-0.0004311496840122397,0.759885720015087
405,Phe_736,Other acquired deformities of limbs,musculoskeletal,-2.233244942790741e-07,3.418265715079334,0.00453152514808394,0.0013167801660215557
406,Phe_737,Curvature of spine,musculoskeletal,9.762719667432095e-06,0.0,-0.0005655068595996997,0.688513480485724
407,Phe_737.3,Kyphoscoliosis and scoliosis,musculoskeletal,8.645254207588804e-06,1.2571833868308537,0.0006490529339500254,0.6454466923672395
408,Phe_738,Other acquired musculoskeletal deformity,musculoskeletal,1.4153523856351747e-05,0.9203919273730994,-0.00016599462398103775,0.9063296993742965
409,Phe_738.4,Acquired spondylolisthesis,musculoskeletal,3.550129199375549e-05,1.6752046618564973,0.001278007030574357,0.3649641900770231
410,Phe_740,Osteoarthrosis,musculoskeletal,-1.725628862198632e-05,2.002473163456226,0.017474700053473347,3.02354620977624e-35
411,Phe_740.1,Osteoarthritis; localized,musculoskeletal,-1.0127559922064829e-05,1.9614091998196501,0.010918402633157227,9.941399766340662e-15
412,Phe_740.11,"Osteoarthrosis, localized, primary",musculoskeletal,5.3291739496574864e-05,1.939632910950248,0.009700178019848701,6.139829178216645e-12
413,Phe_740.9,Osteoarthrosis NOS,musculoskeletal,-3.063127250840478e-05,2.5475753914270505,0.013546170616561567,7.767323851055879e-22
414,Phe_741,Symptoms and disorders of the joints,musculoskeletal,8.597785289972378e-05,1.5736771065924673,0.001446774355939826,0.3050889306029896
415,Phe_741.4,Joint effusions,musculoskeletal,-4.971746742069822e-05,3.00850035083854,0.0036621865166470416,0.009430566175262705
416,Phe_742,"Derangement of joint, non-traumatic",musculoskeletal,-2.112312045994872e-05,0.0,-0.0006664655101182124,0.6366126190429886
417,Phe_742.9,Other derangement of joint,musculoskeletal,-3.324750736211744e-05,1.1399991197706323,0.00041493673220035343,0.7686525171668943
418,Phe_743,"Osteoporosis, osteopenia and pathological fracture",musculoskeletal,-0.000109948948152259,1.8327734171796328,0.006249963080126861,9.402345187680659e-06
419,Phe_743.1,Osteoporosis,musculoskeletal,-1.9733208461064724e-05,1.946214539321496,0.006888736748236998,1.0432228906416332e-06
420,Phe_743.11,Osteoporosis NOS,musculoskeletal,-1.9843935190009684e-05,1.9096726599009064,0.0066198588999040854,2.6962539454426688e-06
421,Phe_745,Pain in joint,musculoskeletal,-0.0001715467195933843,2.1865829270547965,0.005571698831457795,7.826107609824218e-05
422,Phe_747,Cardiac and circulatory congenital anomalies,congenital anomalies,-0.0006499675928896728,5.7701493908390455,0.0028077097319249367,0.04655606476461191
423,Phe_747.1,Cardiac congenital anomalies,congenital anomalies,-0.0006562592501400187,1.5002388416181518,0.0008168433628696038,0.5625627190288105
424,Phe_747.13,Congenital anomalies of great vessels,congenital anomalies,-0.000658401747569212,1.9366250106946885,0.004771653150568505,0.0007182388530836723
425,Phe_751,Genitourinary congenital anomalies,congenital anomalies,0.0,1.8735637707534736,0.0038364523488778287,0.006536651379344585
426,Phe_939,Atopic__contact dermatitis due to other or unspecified,dermatologic,-0.00023668936435913552,2.181604660989968,0.006519495869646823,3.8088181020038956e-06
