,PheCode,description,category,f_score,RR,phi,pval
0,Phe_112,Candidiasis,infectious diseases,3.570709808724951e-05,3.25071717681028,0.022438941593353755,5.542265296820275e-57
1,Phe_153,Colorectal cancer,neoplasms,-0.00010232981562223455,0.0,-0.0010109560415325432,0.47359579698071885
2,Phe_153.2,Colon cancer,neoplasms,-9.033842305793116e-05,2.1178458179464243,0.012398780262885233,1.5021085947072697e-18
3,Phe_153.3,"Malignant neoplasm of rectum, rectosigmoid junction, and anus",neoplasms,-0.00010235579215085281,1.6008745037644745,0.005454692388260122,0.00011030942454470683
4,Phe_158,Neoplasm of unspecified nature of digestive system,neoplasms,-3.046126519695389e-05,2.2654478591052203,0.008372825878840197,2.9315943651000087e-09
5,Phe_159,Malignant neoplasm of other and ill-defined sites within the digestive organs and peritoneum,neoplasms,-8.149617329434421e-05,2.293673159319243,0.0188209868954791,1.3030461097022092e-40
6,Phe_165,Cancer within the respiratory system,neoplasms,0.0004115053779034459,3.1111941998570725,0.01455093663397441,6.007565660957136e-25
7,Phe_165.1,Cancer of bronchus; lung,neoplasms,0.0004007604154344512,2.4251921676141013,0.014529617534935025,7.030522865631422e-25
8,Phe_172,Skin cancer,neoplasms,-0.00013948434595572397,1.5808918569134518,0.013784335673380206,1.4875125062514118e-22
9,Phe_172.2,Other non-epithelial cancer of skin,neoplasms,-8.007457168013503e-05,1.6521171365506069,0.01393515030794789,5.14725531869289e-23
10,Phe_174,Breast cancer,neoplasms,-0.0005855380569824597,1.1667372563290441,0.0037828332231071822,0.0073279308392900505
11,Phe_189,Cancer of urinary organs (incl. kidney and bladder),neoplasms,4.057289731599008e-05,2.957599126361957,0.02091751600197838,9.442270841469871e-50
12,Phe_189.11,"Malignant neoplasm of kidney, except pelvis",neoplasms,2.2044616142440116e-05,2.3292465042665196,0.00849390861406841,1.7310675129908723e-09
13,Phe_189.2,Cancer of bladder,neoplasms,4.741875406061666e-05,2.6563321835890528,0.009139765795935402,9.228440484475931e-11
14,Phe_189.21,Malignant neoplasm of bladder,neoplasms,3.425264975674417e-05,2.470851520401404,0.013397486982507778,2.148702429631633e-21
15,Phe_195,"Cancer, suspected or other",neoplasms,-2.934044055202637e-05,1.5333571588727737,0.0030627017530626267,0.029925498763566073
16,Phe_195.1,"Malignant neoplasm, other",neoplasms,-3.134654712123094e-05,2.136674631500141,0.02949377397710345,4.170922815665539e-97
17,Phe_197,Chemotherapy,neoplasms,-5.731947167477648e-05,1.945450606455322,0.02673489712109047,4.010650502430014e-80
18,Phe_198,Secondary malignant neoplasm,neoplasms,-0.002258798979124179,1.5942452528815103,0.0041823176012602,0.003029293684690114
19,Phe_198.1,Secondary malignancy of lymph nodes,neoplasms,-0.0026677678826187816,1.3588873488437447,0.005435895857261987,0.0001164915702850802
20,Phe_198.2,Secondary malignancy of respiratory organs,neoplasms,-0.0006471980110188979,1.8868047388870037,0.008971075376205544,2.0242338342557574e-10
21,Phe_198.3,Secondary malignant neoplasm of digestive systems,neoplasms,-0.00039765758858472885,1.5684506133716671,0.004749705573101843,0.0007600108086691664
22,Phe_198.4,Secondary malignant neoplasm of liver,neoplasms,9.664786423288648e-07,1.4925293439251235,0.005395158031597839,0.00013102941561619745
23,Phe_198.6,Secondary malignancy of bone,neoplasms,-6.366240443843327e-05,1.7656620613232457,0.007617255210544733,6.673259443638947e-08
24,Phe_199,Neoplasm of uncertain behavior,neoplasms,5.4708166895534636e-05,2.169337949931059,0.007906997912362653,2.0807024308353242e-08
25,Phe_202,"Cancer of other lymphoid, histiocytic tissue",neoplasms,4.9981727214600544e-05,4.737407715954998,0.025857089593539107,4.555970117513443e-75
26,Phe_202.2,Non-Hodgkins lymphoma,neoplasms,-1.42677705978506e-05,3.4768909707439177,0.01900263912079458,2.2953507534038696e-41
27,Phe_204,Leukemia,neoplasms,4.36668384407638e-06,3.320415229486315,0.009913761997534017,2.0984260431354104e-12
28,Phe_208,Benign neoplasm of colon,neoplasms,-0.00011789686591326175,1.8721421280264883,0.02624870169744766,2.654694560306639e-77
29,Phe_211,Benign neoplasm of other parts of digestive system,neoplasms,0.00013860094521653938,1.9761667957651574,0.015053658861537927,1.379970673466749e-26
30,Phe_214,Lipoma,neoplasms,0.00014779338172611384,1.6258495500881842,0.00527715277797896,0.00018338946335511274
31,Phe_214.1,Lipoma of skin and subcutaneous tissue,neoplasms,0.00015928091982191583,1.2613426117369866,0.0035840022485219055,0.011065783724108779
32,Phe_215,Other benign neoplasm of connective and other soft tissue,neoplasms,-0.0007171548181729554,1.2687224524156129,0.001730526038881546,0.21992558479506769
33,Phe_216,Benign neoplasm of skin,neoplasms,6.507195310851092e-06,1.0103269766831067,0.00018795078538898143,0.8940087602424615
34,Phe_228,"Hemangioma and lymphangioma, any site",neoplasms,-0.00010923436982310983,2.0008816006839543,0.007736664842490524,4.148669802257458e-08
35,Phe_229,Benign neoplasm of unspecified sites,neoplasms,0.00013699769923731305,1.2499358415703667,0.002296817767538212,0.10349164396283939
36,Phe_241,Nontoxic nodular goiter,endocrine/metabolic,-3.641501018243299e-05,0.0,-0.0007244366801069679,0.6075775035015172
37,Phe_242,Thyrotoxicosis with or without goiter,endocrine/metabolic,6.41515975956762e-05,5.1743137326161746,0.032311922191176526,3.6040880673892187e-116
38,Phe_244,Hypothyroidism,endocrine/metabolic,0.0001453401209448258,2.339142841360816,0.03372093480838088,2.370608036515365e-126
39,Phe_244.1,Secondary hypothyroidism,endocrine/metabolic,6.470084035507412e-05,3.8273631321290145,0.019831911589233545,6.715970355275495e-45
40,Phe_244.4,Hypothyroidism NOS,endocrine/metabolic,0.00014502556045694766,2.301447626193651,0.03195392265623467,1.1876378142537814e-113
41,Phe_250.1,Type 1 diabetes,endocrine/metabolic,9.371951810935913e-05,3.897728444816055,0.02996528452540714,3.5604657413159864e-100
42,Phe_250.2,Type 2 diabetes,endocrine/metabolic,0.00015511623819348266,3.031500019911563,0.060203226756493824,0.0
43,Phe_250.23,Type 2 diabetes with ophthalmic manifestations,endocrine/metabolic,9.818620415653221e-05,4.703557972912285,0.029476527715221638,5.389588470852954e-97
44,Phe_250.7,Diabetic retinopathy,endocrine/metabolic,9.731706974849137e-05,4.567539707659055,0.028617984115773917,1.553565651832409e-91
45,Phe_260,Protein-calorie malnutrition,endocrine/metabolic,-4.245889821664173e-05,5.217795360621353,0.012853334446183778,8.104697927572044e-20
46,Phe_261,Vitamin deficiency,endocrine/metabolic,8.987007477112854e-05,10.145713201208187,0.009120104329253278,1.0120489618774599e-10
47,Phe_272,Disorders of lipoid metabolism,endocrine/metabolic,0.0004673120590158561,4.076705951821133,0.1254536587491354,0.0
48,Phe_272.1,Hyperlipidemia,endocrine/metabolic,0.0004660232652031599,6.003527689045701,0.07419109620443524,0.0
49,Phe_272.11,Hypercholesterolemia,endocrine/metabolic,0.0004567060715049018,4.097281421817133,0.1210905819548499,0.0
50,Phe_274,Gout and other crystal arthropathies,endocrine/metabolic,0.0003474993323916929,4.9433250293229145,0.03973813282858577,1.0149760616256144e-174
51,Phe_274.1,Gout,endocrine/metabolic,0.0003495532754591486,5.378268097714088,0.041416534790642556,1.2622559734270042e-189
52,Phe_275,Disorders of mineral metabolism,endocrine/metabolic,-1.962006818253722e-05,4.565570940543683,0.002370344160386943,0.09290324702585319
53,Phe_275.5,Disorders of calcium__phosphorus metabolism,endocrine/metabolic,2.6902354526249884e-05,3.619376430223229,0.018895487361072008,6.405396089770221e-41
54,Phe_276,"Disorders of fluid, electrolyte, and acid-base balance",endocrine/metabolic,0.00012126488356695991,5.818703625125344,0.09367665544252547,0.0
55,Phe_276.1,Electrolyte imbalance,endocrine/metabolic,0.00010149602809392593,3.9568281484711925,0.007614666043651016,6.741872501901812e-08
56,Phe_276.12,Hyposmolality and__or hyponatremia,endocrine/metabolic,0.00013609891222880212,5.54539666750968,0.04487337597998187,2.86417032489255e-222
57,Phe_276.14,Hypopotassemia,endocrine/metabolic,3.489585570198402e-05,5.489396145521731,0.03907577441207804,5.234138918161906e-169
58,Phe_276.5,Hypovolemia,endocrine/metabolic,0.00011373180944886433,4.6996646325037075,0.0437173139557729,4.630867215110528e-211
59,Phe_277,Other disorders of metabolism,endocrine/metabolic,-0.0003254636397942768,4.316980756530017,0.021425088407890175,4.154931804829852e-52
60,Phe_278,"Overweight, obesity and other hyperalimentation",endocrine/metabolic,0.00034434010727046026,0.0,-0.000332389384082206,0.813725818593684
61,Phe_278.1,Obesity,endocrine/metabolic,0.00033952485961271343,3.040701167174288,0.047912209032783634,3.940057144310463e-253
62,Phe_280,Iron deficiency anemias,hematopoietic,7.008705301972198e-05,3.680619064977578,0.05166603605355495,4.7136274190508696e-294
63,Phe_280.1,"Iron deficiency anemias, unspecified or not due to blood loss",hematopoietic,7.116476727611878e-05,3.7217666477530393,0.051302467969743235,5.918205489675964e-290
64,Phe_281,Other deficiency anemia,hematopoietic,7.300507164873807e-05,0.0,-0.0004985865566546757,0.7237622589334434
65,Phe_281.1,Megaloblastic anemia,hematopoietic,7.479598857677981e-05,0.0,-0.0006647867059477183,0.6374621205264828
66,Phe_285,Other anemias,hematopoietic,7.896832541250157e-05,4.252474454874646,0.07415352028087496,0.0
67,Phe_287,Purpura and other hemorrhagic conditions,hematopoietic,3.7096631088373154e-05,9.191613019372713,0.01673164275350655,1.8767703902034647e-32
68,Phe_287.3,Thrombocytopenia,hematopoietic,1.794355241123705e-05,5.199740705394289,0.03145660159853465,3.357251361940001e-110
69,Phe_288,Diseases of white blood cells,hematopoietic,6.361640921993202e-05,3.827902273294267,0.01423717247420498,5.940406156157625e-24
70,Phe_289,Other diseases of blood and blood-forming organs,hematopoietic,-5.9466376108946765e-05,3.1126129448180637,0.009628975853556541,8.738193747925083e-12
71,Phe_289.4,Lymphadenitis,hematopoietic,1.7031047387193643e-05,2.5319390466731932,0.01630468584980151,6.668163137784657e-31
72,Phe_290,Delirium dementia and amnestic and other cognitive disorders,mental disorders,0.0005626959811520439,7.428725598172773,0.02844874429204481,1.7725606901634676e-90
73,Phe_292,Neurological disorders,mental disorders,0.0004670360221537803,5.854416325673241,0.023346250444490797,1.5536539038283186e-61
74,Phe_292.1,Aphasia__speech disturbance,mental disorders,0.00015044088392079076,3.879788085574052,0.02355203347433037,1.3611791831736526e-62
75,Phe_292.4,Altered mental status,mental disorders,0.000565390838606636,5.161807501478334,0.04291838829189443,1.7396071391710255e-203
76,Phe_293,Symptoms involving head and neck,mental disorders,0.00013347731832675922,1.6348474273776317,0.005613630831077414,6.909264023285425e-05
77,Phe_296,Mood disorders,mental disorders,6.64552359970388e-05,1.9223456591762877,0.0016368573119889852,0.24591588164573727
78,Phe_296.1,Bipolar,mental disorders,0.00014039003356477808,1.959521401805399,0.006394854367129687,5.8098676958131816e-06
79,Phe_296.2,Depression,mental disorders,5.684689123312105e-05,1.4348937241708721,0.0017113336976152472,0.22508354866373423
80,Phe_300,Anxiety disorders,mental disorders,0.00012118953463329073,3.1144980059522807,0.007986760193063292,1.498826150496514e-08
81,Phe_300.1,Anxiety disorder,mental disorders,0.00018771635397242596,2.603834963946066,0.026635531370661793,1.5272306769649287e-79
82,Phe_306,Other mental disorder,mental disorders,0.001287067562615558,3.797457802991772,0.10470658231797367,0.0
83,Phe_317,Alcohol-related disorders,mental disorders,0.0028918282501551274,2.612498869228159,0.024115040217654808,1.5620602233930352e-65
84,Phe_317.1,Alcoholism,mental disorders,0.001236782638533188,2.8485160621632524,0.03465696091515046,2.349396004451715e-133
85,Phe_318,Tobacco use disorder,mental disorders,0.0004183244972347908,2.5940086003342677,0.04594991304642642,5.698804445630651e-233
86,Phe_327,Sleep disorders,neurological,0.00011499377274556517,2.2394625343396757,0.007634875047806817,6.22397620672672e-08
87,Phe_327.3,Sleep apnea,neurological,0.0001279676557333168,3.235747785925175,0.030994267194424937,4.853139148281222e-107
88,Phe_331,Other cerebral degenerations,neurological,0.00035090801458067394,2.8368596135417063,0.006198949587906979,1.1112152931124417e-05
89,Phe_332,Parkinson's disease,neurological,-0.0002281643483946577,2.4500483891462492,0.010629525746214301,4.875554421761764e-14
90,Phe_334,Degenerative disease of the spinal cord,neurological,0.022669996763771356,2.5359708740982048,0.012048687950034569,1.3270531461258638e-17
91,Phe_335,Multiple sclerosis,neurological,-0.00010922370273773872,1.2779476221837849,0.0019479478648233405,0.1673247437198775
92,Phe_339,Other headache syndromes,neurological,9.010818440663144e-05,2.296328959735068,0.023156398652817604,1.4412810463379955e-60
93,Phe_340,Migraine,neurological,-3.9002504346409156e-05,2.2897796279700584,0.014021961155734439,2.780058969217529e-23
94,Phe_342,Hemiplegia,neurological,9.699468252402299e-05,5.345058662099923,0.03590411840454549,5.511718032285353e-143
95,Phe_345,"Epilepsy, recurrent seizures, convulsions",neurological,4.865684412480753e-06,3.227752478896,0.025583890034803946,1.576435366361572e-73
96,Phe_345.3,Convulsions,neurological,4.060816721313853e-05,3.7708437059952638,0.0266700970920078,9.597278152811115e-80
97,Phe_348,Other conditions of brain,neurological,-1.7154475644205957e-07,7.9747964026963905,0.01754541628614007,1.6161224632422965e-35
98,Phe_350,Abnormal movement,neurological,0.0010132494501248225,4.139450986092941,0.037451510305797256,2.091449380442223e-155
99,Phe_350.2,Abnormality of gait,neurological,0.002778227617001253,4.981652111194596,0.037705912699799955,1.691298954354994e-157
100,Phe_351,Other peripheral nerve disorders,neurological,3.2785024492072024e-06,1.3535575023729507,0.007794231104386092,3.290869958468333e-08
101,Phe_352,Disorders of other cranial nerves,neurological,-9.368423882731221e-06,2.0674283504348754,0.001826639719862089,0.1953689845037891
102,Phe_353,Nerve root and plexus disorders,neurological,0.0007117811741678196,1.8931823874820837,0.005913485252986378,2.765630226069386e-05
103,Phe_357,Inflammatory and toxic neuropathy,neurological,0.00013134558432210353,3.8548356226226357,0.02267653270531198,3.706142559501002e-58
104,Phe_361,Retinal detachments and defects,sense organs,2.4968524047193612e-05,1.7648425484454577,0.006812464378657474,1.3705814276610801e-06
105,Phe_361.1,Retinal detachment with retinal defect,sense organs,8.207804479516792e-05,1.2588294939968394,0.0019144630830924244,0.17474481521537263
106,Phe_362,Other retinal disorders,sense organs,-0.00016147143768298764,1.8237638305005808,0.0052781727932398595,0.00018286251630065015
107,Phe_362.2,Degeneration of macula and posterior pole of retina,sense organs,-0.00018574886352346387,2.126208689091465,0.011811414222327225,5.612301065275527e-17
108,Phe_362.29,Macular degeneration (senile) of retina NOS,sense organs,-0.0001870510753340595,2.126208689091465,0.011811414222327225,5.612301065275527e-17
109,Phe_365,Glaucoma,sense organs,0.0004988446111165796,2.289359644927885,0.016561201720420377,7.891315457136856e-32
110,Phe_365.1,Open-angle glaucoma,sense organs,0.0004886627515081762,2.1049377228547184,0.007964331695789598,1.644167553383366e-08
111,Phe_365.11,Primary open angle glaucoma,sense organs,0.0005187143254636879,2.1128298300105746,0.008006166662328435,1.3832034545127411e-08
112,Phe_366,Cataract,sense organs,0.0001276140620439973,2.1442202910838746,0.032174549986861464,3.3595035200884086e-115
113,Phe_366.2,Senile cataract,sense organs,0.0002595361902691239,2.2419047505126297,0.02568284570422867,4.386112330601975e-74
114,Phe_367,Disorders of refraction and accommodation; blindness and low vision,sense organs,1.994282889323896e-05,1.5324993366859918,0.0010584352953907018,0.4530754966145618
115,Phe_367.1,Myopia,sense organs,2.266035191162715e-05,1.6498363033584096,0.004936925335000255,0.00046581722474500444
116,Phe_368,Visual disturbances,sense organs,3.390479782437007e-05,4.183042694169017,0.021582371623438967,7.532965111465475e-53
117,Phe_371,Inflammation of the eye,sense organs,-1.8696992111718457e-06,4.086664897829311,0.00613528477469749,1.3664412704822455e-05
118,Phe_371.3,Inflammation of eyelids,sense organs,0.00020565251990198037,1.0853267487526526,0.0008170634895146802,0.5624574366066726
119,Phe_374,Other disorders of eyelids,sense organs,8.875268547522485e-05,1.5102839232977205,0.005524477759280457,8.995968847370906e-05
120,Phe_374.1,Ectropion or entropion,sense organs,1.786095197234575e-05,2.2640149382582213,0.008365999529316822,3.0193225340064515e-09
121,Phe_374.3,Ptosis of eyelid,sense organs,3.590555719559057e-05,1.7133639270543684,0.0061608889714578246,1.2577110376119472e-05
122,Phe_375,Disorders of lacrimal system,sense organs,-0.00012003838766807832,1.2991762094352277,0.0024792142096102354,0.07884054789419098
123,Phe_378,Strabismus and other disorders of binocular eye movements,sense organs,1.6631478157363412e-05,0.0,-0.0018805103368513612,0.18251662172896777
124,Phe_379,Other disorders of eye,sense organs,1.6820385417399535e-05,2.896221213384539,0.0067178240259564,1.9154573969775943e-06
125,Phe_379.2,Disorders of vitreous body,sense organs,-5.3791270754814857e-05,2.399043464236186,0.010679955943221159,3.704757507328483e-14
126,Phe_379.3,Aphakia and other disorders of lens,sense organs,7.2030534029929884e-06,2.465889043142826,0.013888341613853496,7.16387499514124e-23
127,Phe_380,Disorders of external ear,sense organs,-1.6992671044228813e-05,2.316393863378902,0.00650674111072163,3.978370878115898e-06
128,Phe_381,Otitis media and Eustachian tube disorders,sense organs,6.666769438870889e-06,1.7292659632766065,0.006610108811668514,2.788873212803039e-06
129,Phe_381.1,Otitis media,sense organs,1.0379356170240596e-05,1.6869289409426629,0.004321770907942593,0.002186868621487107
130,Phe_384,Other disorders of tympanic membrane,sense organs,8.297798258726272e-05,1.168786160779183,0.0006275573636155233,0.6564215021013741
131,Phe_384.4,Perforation of tympanic membrane,sense organs,0.0001165235470538946,1.206990018764422,0.0012852475985767394,0.36225368696974813
132,Phe_386,Vertiginous syndromes and other disorders of vestibular system,sense organs,0.00043041480850707027,2.2361980116948654,0.0020340370154818426,0.1493368880775488
133,Phe_386.9,Dizziness and giddiness (Light-headedness and vertigo),sense organs,0.0006666646965552203,4.141289330832212,0.04488582828245961,2.1610820070053737e-222
134,Phe_389,Hearing loss,sense organs,0.00021641031610726547,2.968380072167301,0.02420113584851904,5.470015810870315e-66
135,Phe_394,Rheumatic disease of the heart valves,circulatory system,0.07544849761808128,27.965142934564533,0.18382753840322694,0.0
136,Phe_394.2,Mitral valve disease,circulatory system,0.09531004317153338,70.49248921349259,0.8160094446974713,0.0
137,Phe_394.3,Aortic valve disease,circulatory system,0.009808006388822278,38.34735667575297,0.2866634573253867,0.0
138,Phe_394.7,Disease of tricuspid valve,circulatory system,9.079487137342704e-06,59.29660840138887,0.43902663972144157,0.0
139,Phe_395,Heart valve disorders,circulatory system,0.22158527478124168,73.04913504869894,0.9999999999999999,0.0
140,Phe_395.1,Nonrheumatic mitral valve disorders,circulatory system,0.10325566485290014,73.04913504869894,0.8308612799057137,0.0
141,Phe_395.6,Heart valve replaced,circulatory system,0.016462740778840128,73.04913504869894,0.5769592221299649,0.0
142,Phe_396,Abnormal heart sounds,circulatory system,0.0,8.898948444726187,0.054073996289163206,0.0
143,Phe_401.1,Essential hypertension,circulatory system,0.0005640540790843994,2.908550271170464,0.12113816449710033,0.0
144,Phe_401.2,Hypertensive heart and__or renal disease,circulatory system,0.00035450034402234755,21.786584137331264,0.026083184218567455,2.3580282231610866e-76
145,Phe_401.22,Hypertensive chronic kidney disease,circulatory system,0.00042930916353833886,7.9095550461777,0.05245514600189835,4.7535419373082706e-303
146,Phe_402,Elevated blood pressure reading without diagnosis of hypertension,circulatory system,0.0004654137347489675,2.5143724020385507,0.011852334121428852,4.385347552086504e-17
147,Phe_411.1,Unstable angina (intermediate coronary syndrome),circulatory system,0.0008728322670615332,6.5509196666179275,0.0769867334695015,0.0
148,Phe_411.2,Myocardial infarction,circulatory system,0.0009896135310469667,7.207447728850042,0.13876132540963523,0.0
149,Phe_411.3,Angina pectoris,circulatory system,0.0008692917644847986,5.716080391109901,0.12108975499761214,0.0
150,Phe_411.4,Coronary atherosclerosis,circulatory system,0.0008181657013285683,7.691162269503391,0.19179747967506003,0.0
151,Phe_411.8,"Other chronic ischemic heart disease, unspecified",circulatory system,0.0009827352443569273,7.097269953090847,0.15327180423979372,0.0
152,Phe_411.9,Other acute and subacute forms of ischemic heart disease,circulatory system,0.0004437168215489468,10.197948556303515,0.06884251729341982,0.0
153,Phe_414,Other forms of chronic heart disease,circulatory system,0.0006177443385028936,21.28256290608845,0.19270237794223036,0.0
154,Phe_415,Pulmonary heart disease,circulatory system,0.00016576732477116337,3.5426742610746493,0.031288311359399114,4.804477272795979e-109
155,Phe_416,Cardiomegaly,circulatory system,0.00011884921001173885,22.512205198017476,0.23890604303187693,0.0
156,Phe_418,Nonspecific chest pain,circulatory system,0.0006761601735510472,3.44892392279676,0.08599901230779113,0.0
157,Phe_418.1,Precordial pain,circulatory system,0.0003102202888783726,4.413729733919299,0.04324241832980749,1.5315089901275648e-206
158,Phe_420,Carditis,circulatory system,6.749595297757702e-05,9.739884673159859,0.0056256568013824775,6.665681795129631e-05
159,Phe_420.2,Pericarditis,circulatory system,7.139792134920825e-05,15.26588141777646,0.09898419346991134,0.0
160,Phe_425,Cardiomyopathy,circulatory system,0.0001434373454625133,10.075742765337786,0.008122863023729589,8.502452650240926e-09
161,Phe_425.1,Primary__intrinsic cardiomyopathies,circulatory system,0.00014971638130161213,17.834437410163243,0.1128603780009389,0.0
162,Phe_426,Cardiac conduction disorders,circulatory system,0.0009620968216759418,11.534073955057728,0.02752117820286581,8.555984198329737e-85
163,Phe_426.2,Atrioventricular [AV] block,circulatory system,-5.77879311059702e-05,12.480756741988763,0.026921452305062137,3.2149646398598157e-81
164,Phe_426.3,Bundle branch block,circulatory system,0.0004745579049663443,12.250476064067524,0.04111200948550001,7.101626122675667e-187
165,Phe_426.31,Right bundle branch block,circulatory system,0.00036397514611007906,8.693680330890786,0.06574563397085302,0.0
166,Phe_426.32,Left bundle branch block,circulatory system,0.0003521060496828436,13.643036307382134,0.1149864055798919,0.0
167,Phe_426.9,Cardiac pacemaker__device in situ,circulatory system,0.0019246229653066811,11.921965660766888,0.03333318819201662,1.6599853179797537e-123
168,Phe_426.91,Cardiac pacemaker in situ,circulatory system,0.0018449897120440164,16.145842702347547,0.15407600812274763,0.0
169,Phe_427,Cardiac dysrhythmias,circulatory system,0.0010220605503797903,7.9842544763293475,0.23048434619427283,0.0
170,Phe_427.1,"Paroxysmal tachycardia, unspecified",circulatory system,0.0002116739940716114,5.548035573318907,0.009502461182393777,1.6258161737822804e-11
171,Phe_427.11,Paroxysmal supraventricular tachycardia,circulatory system,0.0002083064788909331,8.693274258719434,0.07502787109266636,0.0
172,Phe_427.2,Atrial fibrillation and flutter,circulatory system,0.001129506637943873,10.82494984269155,0.24643406130736994,0.0
173,Phe_427.3,Other specified cardiac dysrhythmias,circulatory system,0.0002113362743029023,8.076791250238424,0.08442965689198452,0.0
174,Phe_427.4,Cardiac arrest and ventricular fibrillation,circulatory system,8.843221262402887e-05,11.112022111433033,0.07364430321497821,0.0
175,Phe_427.7,Tachycardia NOS,circulatory system,0.00012572976634230766,5.573948984015596,0.04579964740614098,1.839726080961618e-231
176,Phe_427.9,Palpitations,circulatory system,0.0007638193328693468,5.72327791805582,0.059428985750194396,0.0
177,Phe_428,Congestive heart failure; nonhypertensive,circulatory system,0.0005980169827985692,18.14591146765892,0.27193580012967733,0.0
178,Phe_428.1,Congestive heart failure (CHF) NOS,circulatory system,0.0006063729884919832,21.689942788233036,0.20725837736417718,0.0
179,Phe_428.2,Heart failure NOS,circulatory system,0.0006199373963996725,18.87775013648762,0.2514580166017614,0.0
180,Phe_430,Intracranial hemorrhage,circulatory system,-6.401456905552505e-05,3.632277433360721,0.005886600975803906,3.0075335163627157e-05
181,Phe_433,Cerebrovascular disease,circulatory system,0.000951001415222472,4.954636985911754,0.031592365250178396,3.8830723271667385e-111
182,Phe_433.1,Occlusion and stenosis of precerebral arteries,circulatory system,0.0007946310663831615,6.731979112331079,0.03731881988748444,2.5473241297972755e-154
183,Phe_433.2,Occlusion of cerebral arteries,circulatory system,0.0007821261770085286,6.043111767761329,0.05668584241739423,0.0
184,Phe_433.21,"Cerebral artery occlusion, with cerebral infarction",circulatory system,0.000308774501591572,5.7382404221667045,0.04131006553090876,1.1614384232148235e-188
185,Phe_433.3,Cerebral ischemia,circulatory system,0.0008228664993154978,5.7692214612324735,0.03331049811215494,2.42987470845688e-123
186,Phe_433.31,Transient cerebral ischemia,circulatory system,0.0005943703262849721,4.725164567018096,0.034357324943598,4.303839290425552e-131
187,Phe_433.8,Late effects of cerebrovascular disease,circulatory system,-5.394539172269061e-05,6.295467805088467,0.039624348893002904,9.876405054499733e-174
188,Phe_440,Atherosclerosis,circulatory system,0.0023037103124599837,6.7429970814183635,0.015394056382165483,9.980010845285983e-28
189,Phe_442,Other aneurysm,circulatory system,0.00046238102427264383,10.879658411508352,0.011257101701572186,1.4619021286763833e-15
190,Phe_442.1,Aortic aneurysm,circulatory system,0.00038559627755898674,25.88786263503142,0.12652619398202944,0.0
191,Phe_443,Peripheral vascular disease,circulatory system,0.00028938531866133974,5.857883874315228,0.06330011508754531,0.0
192,Phe_443.1,Raynaud's syndrome,circulatory system,5.067374103592969e-05,3.2629429390820297,0.015944545462702533,1.2624285833346466e-29
193,Phe_443.9,"Peripheral vascular disease, unspecified",circulatory system,0.0007043238891888246,7.130330666388727,0.06449000825508892,0.0
194,Phe_447,Other disorders of arteries and arterioles,circulatory system,0.0008761813007056894,6.6087878512091915,0.026860879615029875,7.30939976057767e-81
195,Phe_451,Phlebitis and thrombophlebitis,circulatory system,0.00015154454612326793,3.6592331100461437,0.01026595261875573,3.4016445427999983e-13
196,Phe_451.2,Phlebitis and thrombophlebitis of lower extremities,circulatory system,0.00015638054283981841,2.549558046797728,0.018485171265979483,3.091619854349472e-39
197,Phe_454,Varicose veins,circulatory system,-5.7786261082893225e-05,1.9689793813665486,0.004389881389651985,0.0018589485745170563
198,Phe_454.1,Varicose veins of lower extremity,circulatory system,-6.474169758376893e-05,1.5678838742159773,0.011470760979941862,4.236854791040811e-16
199,Phe_455,Hemorrhoids,circulatory system,-5.825751811701393e-05,1.564531149913329,0.017434239212370566,4.321947931451472e-35
200,Phe_458,Hypotension,circulatory system,-4.042179453872155e-05,5.971777303923574,0.034496807601923155,3.8273874776681286e-132
201,Phe_458.1,Orthostatic hypotension,circulatory system,-0.00022537864870065207,6.104884698867096,0.042018703318346166,4.009249367676011e-195
202,Phe_458.9,Hypotension NOS,circulatory system,-1.5037625485849535e-05,7.427101300458074,0.08392194117715328,0.0
203,Phe_459,Other disorders of circulatory system,circulatory system,0.00024563572511333127,5.757567294478734,0.01126772189843722,1.3753543682997481e-15
204,Phe_459.9,Circulatory disease NEC,circulatory system,0.0002601666943267877,5.707504705574597,0.1277405284975993,0.0
205,Phe_465,Acute upper respiratory infections of multiple or unspecified sites,respiratory,4.462070558239088e-05,3.1515805568005706,0.0158088033686943,3.7610232079777113e-29
206,Phe_470,Septal Deviations__Turbinate Hypertrophy,respiratory,-6.196103440196695e-05,1.1983205252396347,0.0025759973392583445,0.06784109748404103
207,Phe_471,Nasal polyps,respiratory,0.00010851077504260346,1.0995166140914232,0.0010830608873398297,0.4426333212956066
208,Phe_473,Diseases of the larynx and vocal cords,respiratory,9.807521055176478e-06,1.4424370813565375,0.0033983787112966076,0.015994999303875688
209,Phe_473.4,Voice disturbance,respiratory,-0.0001332840288122424,1.6725054489264404,0.004313374011217367,0.002230774507769633
210,Phe_474,Acute and chronic tonsillitis,respiratory,-0.0012486501999449241,1.0398453387715152,0.00015707392446930886,0.9113422659523124
211,Phe_474.2,Chronic tonsillitis and adenoiditis,respiratory,-0.0007698858617797177,1.0042934630428941,2.6562882228097215e-05,0.9849769293910797
212,Phe_475,Chronic sinusitis,respiratory,0.00010593467005636679,1.3527617601610915,0.0035124598310813347,0.012777921930866003
213,Phe_476,Allergic rhinitis,respiratory,0.0002502142952147851,1.3903384757211217,0.002865804772813396,0.0422044038053319
214,Phe_477,Epistaxis or throat hemorrhage,respiratory,-6.159404125431772e-05,6.2116611435968485,0.051628060382603674,1.267210094953292e-293
215,Phe_479,Other upper respiratory disease,respiratory,1.758955595952969e-05,1.7577647143366095,0.009591996756588717,1.0485575502319136e-11
216,Phe_480,Pneumonia,respiratory,0.000424515825955743,5.805229275393293,0.0647703640795388,0.0
217,Phe_480.1,Bacterial pneumonia,respiratory,0.00034363161208862973,5.5895116528028215,0.029743193507539463,1.0068983901907538e-98
218,Phe_480.11,Pneumococcal pneumonia,respiratory,0.0003476521800923555,5.262758326654763,0.07148706328762931,0.0
219,Phe_495,Asthma,respiratory,0.00012205926203811075,2.011189465669453,0.033786829557847814,7.727939673442803e-127
220,Phe_496,Chronic airway obstruction,respiratory,0.000283240258246425,4.277842301935042,0.06067609127882597,0.0
221,Phe_496.1,Emphysema,respiratory,0.000431609245418839,4.58037819764815,0.03143245488485584,4.922450940674854e-110
222,Phe_496.2,Chronic bronchitis,respiratory,0.00017147006819600932,2.1805711954835503,0.004251055628016,0.00258272721289479
223,Phe_496.21,Obstructive chronic bronchitis,respiratory,0.0001442242459945618,5.159115700695336,0.046294665375450836,1.8838813196212658e-236
224,Phe_496.3,Bronchiectasis,respiratory,4.8689814335318464e-05,3.6779013529902254,0.025089096923189703,8.784534859307687e-71
225,Phe_506,Empyema and pneumothorax,respiratory,0.0002832668731727957,5.4616175737345,0.030732699653692994,2.8388886024033942e-105
226,Phe_507,Pleurisy; pleural effusion,respiratory,0.0002182500414044597,8.009061118169255,0.11970565967057334,0.0
227,Phe_508,Pulmonary collapse; interstitial and compensatory emphysema,respiratory,-8.175282199002676e-05,6.809492354525663,0.058000384889535045,0.0
228,Phe_509.1,Respiratory failure,respiratory,0.0003517114340469084,6.946968033322434,0.05521747479408877,0.0
229,Phe_509.2,Respiratory insufficiency,respiratory,0.0003794532731953417,7.003596002439362,0.05189789159321085,1.1072929480030994e-296
230,Phe_512,Other symptoms of respiratory system,respiratory,9.862862257562126e-05,5.332424346574936,0.08761787036548901,0.0
231,Phe_512.7,Shortness of breath,respiratory,8.656276266956626e-05,6.7620756018814845,0.09355283829940915,0.0
232,Phe_512.8,Cough,respiratory,6.051243217863515e-05,3.3555026451095267,0.026781238174020408,2.1461647362499408e-80
233,Phe_514,Abnormal findings examination of lungs,respiratory,6.463967811100344e-05,3.4084812522722983,0.025646574997811655,7.014118064746911e-74
234,Phe_516,Abnormal sputum,respiratory,6.927821182818773e-05,4.3611423909671005,0.006467145680354534,4.552046504320341e-06
235,Phe_516.1,Hemoptysis,respiratory,6.904419755257006e-05,3.9622311910043804,0.027235321669348677,4.4260705860090664e-83
236,Phe_519,"Other diseases of respiratory system, not elsewhere classified",respiratory,0.006278006439472341,4.002692331435558,0.006030673040452391,1.911142716326341e-05
237,Phe_519.8,"Other diseases of respiratory system, NEC",respiratory,0.008338455609316139,4.809041807144475,0.07572767473392149,0.0
238,Phe_520,Disorders of tooth development,digestive,0.00011691801499649777,0.0,-0.0011752277300367839,0.4047946521225876
239,Phe_520.2,Disturbances in tooth eruption,digestive,0.00011733054789635451,0.9874759436190755,-0.00011497707603198349,0.9350409273001012
240,Phe_521,Diseases of hard tissues of teeth,digestive,3.973819082166985e-05,2.4349711682899646,0.0013062676976418346,0.35445650760411207
241,Phe_521.1,Dental caries,digestive,3.5648720752299635e-05,3.142722494225243,0.024699133861003583,1.1758839033712539e-68
242,Phe_522,Diseases of pulp and periapical tissues,digestive,0.0002151236915456707,1.3782855669565837,0.0017740365837611597,0.20854745728159915
243,Phe_522.5,Periapical abscess,digestive,0.0001461849411946519,2.1881077318734703,0.008241335204049136,5.15256994954707e-09
244,Phe_523,Gingival and periodontal diseases,digestive,2.549637141090386e-05,3.553176812096944,0.01122631357340446,1.74427827006777e-15
245,Phe_523.3,Periodontitis (acute or chronic),digestive,1.77675485871404e-05,0.0,-0.0005512092749233153,0.695990898293443
246,Phe_525,Other diseases of the teeth and supporting structures,digestive,-8.415303132383417e-06,2.3779015315331686,0.01424508239746406,5.610365852738835e-24
247,Phe_528,"Diseases of the oral soft tissues, excluding lesions specific for gingiva and tongue",digestive,-5.241924746331822e-06,1.4965912514392576,0.0044036342126499385,0.001798482983277566
248,Phe_529,Diseases and other conditions of the tongue,digestive,2.3091068208234616e-05,1.4037527799454341,0.002471526686821586,0.07977312883398441
249,Phe_530,Diseases of esophagus,digestive,-2.429234094560927e-05,2.5704008927465005,0.0077534492482338605,3.8783805737826305e-08
250,Phe_530.1,"Esophagitis, GERD and related diseases",digestive,-3.0266346331789573e-05,1.900411089810972,0.017386392254951234,6.587321200763375e-35
251,Phe_530.11,GERD,digestive,9.620189824147901e-05,2.2448193463677852,0.03262049900624256,2.31225219818904e-118
252,Phe_530.12,Ulcer of esophagus,digestive,6.345461243253877e-05,1.9226283155002366,0.012731734367004598,1.7877436321320056e-19
253,Phe_530.14,Reflux esophagitis,digestive,2.9921198501126957e-05,1.6863903400276783,0.014136140552253016,1.2294474682536464e-23
254,Phe_530.2,Esophageal bleeding (varices__hemorrhage),digestive,7.394625464447743e-05,2.438708652815352,0.012237833538723755,4.1206984937225576e-18
255,Phe_530.3,Stricture and stenosis of esophagus,digestive,0.0,1.9418447931798248,0.008393456145988229,2.681285155652258e-09
256,Phe_530.9,Heartburn,digestive,-2.6367247384509613e-05,1.8586321605962903,0.00782230608010413,2.9376092302103298e-08
257,Phe_531,Peptic ulcer (excl. esophageal),digestive,-9.80295720140613e-05,2.65170569981527,0.02898722105159529,7.293620165916182e-94
258,Phe_531.2,Gastric ulcer,digestive,-3.0925703974088034e-05,2.7121031008677137,0.022485336170539303,3.275335613646811e-57
259,Phe_531.3,Duodenal ulcer,digestive,-0.00015965585682728228,2.2542842618090835,0.013639310702435709,4.083329659528548e-22
260,Phe_532,Dysphagia,digestive,6.363101609574562e-06,2.11053398522353,0.018711204782445607,3.691757292739281e-40
261,Phe_535,Gastritis and duodenitis,digestive,8.214177911812609e-05,2.1615038594259204,0.03171481690100916,5.505161209528346e-112
262,Phe_535.1,Acute gastritis,digestive,8.113199895700656e-05,3.0685751012288933,0.014257193972319823,5.139883677802253e-24
263,Phe_535.6,Duodenitis,digestive,8.182801955262359e-05,2.1380561593297513,0.019963378767565414,1.791286543763291e-45
264,Phe_535.8,Other specified gastritis,digestive,2.189702231754994e-05,1.9625482354275663,0.018309253763808164,1.5878965474679135e-38
265,Phe_537,Other disorders of stomach and duodenum,digestive,-4.284144316375864e-06,2.461853476365217,0.017547407163296003,1.5878143994965692e-35
266,Phe_540,Appendiceal conditions,digestive,0.0006131551491548395,1.7720814432298935,0.0024724406143538068,0.07966179193662118
267,Phe_540.1,Appendicitis,digestive,0.0006148744348386669,1.0873348924704849,0.0003948616976607948,0.77954866911689
268,Phe_540.11,Acute appendicitis,digestive,0.0005186875064894044,0.8247482989369235,-0.0016266804986892023,0.24886423248275188
269,Phe_550,Abdominal hernia,digestive,-5.04335647632013e-05,2.6594517751141127,0.01981376726540206,8.054266248798758e-45
270,Phe_550.1,Inguinal hernia,digestive,-5.7344134766108204e-05,2.0511737658751104,0.026098027683638003,1.9396755536647318e-76
271,Phe_550.2,Diaphragmatic hernia,digestive,1.2664612466872763e-05,1.8856762156966236,0.030466116653983674,1.732938101526141e-103
272,Phe_550.4,Umbilical hernia,digestive,0.00018914859053507796,2.100970698303288,0.013549012194382353,7.616919941295922e-22
273,Phe_550.5,Ventral hernia,digestive,0.00013768899701265276,2.765452555206484,0.020779326075992876,4.0452448366168596e-49
274,Phe_555,Inflammatory bowel disease and other gastroenteritis and colitis,digestive,-8.964591766997014e-05,1.8147389574930854,0.010727293241407178,2.859650161809635e-14
275,Phe_555.1,Regional enteritis,digestive,-5.065102242367755e-05,1.843606635486403,0.00690940595291108,9.683800464197893e-07
276,Phe_555.2,Ulcerative colitis,digestive,-0.00010175271015596138,1.9362421338209357,0.010065339649631327,9.661886005898431e-13
277,Phe_556,Ulceration of the lower GI tract,digestive,9.455926848598217e-06,2.0291426402416377,0.004233809652123288,0.0026887240610471456
278,Phe_557,Intestinal malabsorption (non-celiac),digestive,7.331151804281892e-05,2.835240401433521,0.006386086435467783,5.9833314502365385e-06
279,Phe_557.1,Celiac disease,digestive,7.627819322985733e-05,1.7644718610796843,0.006347881227396865,6.7987365596478624e-06
280,Phe_558,Noninfectious gastroenteritis,digestive,0.000211909138609352,2.132951854840715,0.02748850681801492,1.3459893135238102e-84
281,Phe_559,Ileostomy status,digestive,-6.770302698759534e-05,2.3564237112483526,0.010895051932980035,1.1322309179569765e-14
282,Phe_560.4,Other intestinal obstruction,digestive,0.00010626395085085713,2.2131660097017534,0.014305042635704118,3.633861033579556e-24
283,Phe_561,Symptoms involving digestive system,digestive,0.0001253787538397833,1.7154462981458312,0.017711030252990766,3.690762595517896e-36
284,Phe_561.2,Flatulence,digestive,1.8971818424086198e-05,2.0245827691399705,0.008822160632439593,4.0026859021540065e-10
285,Phe_562,Diverticulosis and diverticulitis,digestive,4.770967946970426e-05,2.013374654693378,0.03566936091909151,3.8010988820121285e-141
286,Phe_562.1,Diverticulosis,digestive,4.71121146601579e-05,2.013374654693378,0.03566936091909151,3.8010988820121285e-141
287,Phe_563,Constipation,digestive,9.173930030658424e-05,2.678744144949606,0.0367494084537576,1.0498108980723354e-149
288,Phe_564,Functional digestive disorders,digestive,-4.6605282118745735e-05,2.5290763342142144,0.008966908835395712,2.0635238785783446e-10
289,Phe_564.1,Irritable Bowel Syndrome,digestive,-6.394964228232171e-05,1.9723970890680524,0.014842542837237557,6.835228169684782e-26
290,Phe_564.8,Abnormal findings on exam of gastrointestinal tract__ abdominal area,digestive,0.0002008112942292332,1.9099622274953494,0.0077893617858342595,3.356194919169389e-08
291,Phe_564.9,Personal history of diseases of digestive system,digestive,-7.548995361611267e-05,2.5141779953801944,0.03979755194810139,3.085393732410747e-175
292,Phe_565,Anal and rectal conditions,digestive,-0.0002533877585297465,1.569877369288089,0.010377649160428045,1.885902077219213e-13
293,Phe_565.1,Anal and rectal polyp,digestive,-0.0002023239564619103,1.757742739299484,0.01336293915358102,2.7175180429509066e-21
294,Phe_568,Other disorders of peritoneum,digestive,-0.0002807607258801385,4.309078191074937,0.010380095316974649,1.8615686247515878e-13
295,Phe_568.1,Peritoneal adhesions (postoperative) (postinfection),digestive,-0.00042221419281324017,1.698476581609356,0.008240255730512427,5.176298813558037e-09
296,Phe_569,Other disorders of intestine,digestive,0.00021247360985137477,2.4671514039942375,0.018095725518949477,1.1333386320338747e-37
297,Phe_571,Chronic liver disease and cirrhosis,digestive,5.5611773035665286e-05,2.8858552136337705,0.022128647931382854,1.8172820808410013e-55
298,Phe_571.5,Other chronic nonalcoholic liver disease,digestive,0.00028063893482862385,2.5136824365037174,0.01353215402936659,8.553311430761107e-22
299,Phe_572,Ascites (non malignant),digestive,8.672904385702824e-05,4.0648309019034095,0.025428580270019697,1.162448306405664e-72
300,Phe_573,Other disorders of liver,digestive,-0.00026415669472597806,3.265726037471247,0.019063280666930946,1.280871164179433e-41
301,Phe_573.7,Abnormal results of function study of liver,digestive,-0.0006395057040519336,4.272958973781992,0.040707883187683584,2.9492191980374985e-183
302,Phe_574,Cholelithiasis and cholecystitis,digestive,-0.0010619097448538405,1.7455029579914165,0.018929328520299042,4.63504008048753e-41
303,Phe_574.1,Cholelithiasis,digestive,-0.0008041422059874724,2.0143408782967884,0.019066829592801454,1.237810792706263e-41
304,Phe_574.11,Cholelithiasis with acute cholecystitis,digestive,-0.0008463537798469591,1.5375321752301165,0.0042308861867498765,0.0027070813232339423
305,Phe_574.12,Cholelithiasis with other cholecystitis,digestive,-0.0008603113249686366,1.3250008608065345,0.004729860435319661,0.0007997122768319543
306,Phe_574.2,Calculus of bile duct,digestive,-0.001943910511282556,2.0490361955381236,0.010603514524025023,5.614684137317156e-14
307,Phe_574.3,Cholecystitis without cholelithiasis,digestive,-0.0008746412746228624,2.1602078847086066,0.012018097038805867,1.6007013277236247e-17
308,Phe_575,Other biliary tract disease,digestive,-0.0008535058350565324,2.095671907134806,0.014016574579343214,2.888690705934951e-23
309,Phe_575.7,Other disorders of gallbladder,digestive,-0.00086737317740571,1.938404566402822,0.007049671963450507,5.811086129617092e-07
310,Phe_575.8,Other disorders of biliary tract,digestive,-0.000845476175322616,2.0545069232446576,0.007021297219206284,6.448496007220325e-07
311,Phe_577,Diseases of pancreas,digestive,-0.0007511958602436217,2.4994737157943345,0.007507757552559974,1.0255927389837852e-07
312,Phe_577.1,Acute pancreatitis,digestive,-0.000768068821017237,1.6592648506234855,0.004605930034971357,0.0010944790109384869
313,Phe_578.1,Hematemesis,digestive,7.476451843733986e-05,3.614968193392359,0.02276072413918913,1.4115282538945909e-58
314,Phe_578.2,Blood in stool,digestive,3.580297214636822e-05,4.34838885525138,0.03464824165698797,2.735790322989488e-133
315,Phe_578.9,Hemorrhage of gastrointestinal tract,digestive,2.918315542780713e-05,2.9402819122208084,0.031031244353455792,2.7227200173454656e-107
316,Phe_579,Other symptoms involving abdomen and pelvis,digestive,0.00010931822058342085,2.0742346989136733,0.007197360978086793,3.359248519575283e-07
317,Phe_579.8,Nonspecific abnormal findings in stool contents,digestive,4.901361132746375e-05,1.8769569422235144,0.00784400836151775,2.690029160561652e-08
318,Phe_580,Nephritis; nephrosis; renal sclerosis,genitourinary,5.138454006341111e-05,7.230922668264397,0.04836579289949688,6.534121372620099e-258
319,Phe_580.1,Glomerulonephritis,genitourinary,3.5502576787542457e-06,7.146704026422374,0.03743065306186585,3.099922782098034e-155
320,Phe_585,Renal failure,genitourinary,8.672206611596722e-05,7.300508974568496,0.12223746449798657,0.0
321,Phe_585.1,Acute renal failure,genitourinary,8.125930152671981e-05,7.819432139659488,0.1105753989362912,0.0
322,Phe_585.2,Renal failure NOS,genitourinary,0.00025631167763469386,8.326106966096226,0.05528052128726954,0.0
323,Phe_585.3,Chronic renal failure [CKD],genitourinary,9.148438357667534e-07,9.50836779645718,0.0986146886491241,0.0
324,Phe_586,Other disorders of the kidney and ureters,genitourinary,0.00010134768504128917,3.434114880408946,0.016820735012801378,8.807755716056932e-33
325,Phe_586.2,"Cyst of kidney, acquired",genitourinary,4.6703710252217727e-05,4.4488315627055135,0.026640300286497148,1.4324664659565856e-79
326,Phe_590,Pyelonephritis,genitourinary,3.39731244167413e-05,2.1646733339924897,0.008943795058007789,2.295392880441739e-10
327,Phe_591,Urinary tract infection,genitourinary,2.8366947585566e-06,3.4425408966127558,0.05619693748895463,0.0
328,Phe_592,Cystitis and urethritis,genitourinary,-4.5859621367100184e-05,1.9643182718220582,0.010617413727251002,5.2069906611042396e-14
329,Phe_592.1,Cystitis,genitourinary,-5.047214628314763e-05,2.153846610672118,0.01020287494076943,4.733377737729997e-13
330,Phe_593,Hematuria,genitourinary,-3.499145090246117e-05,2.3650091225470025,0.03414984113743424,1.5463391823606468e-129
331,Phe_594,Urinary calculus,genitourinary,0.0001252579251444011,2.087118144248541,0.004662196177154554,0.0009500076358459291
332,Phe_594.1,Calculus of kidney,genitourinary,5.99181664242408e-05,2.290399831413509,0.014446185792714178,1.2980444050205945e-24
333,Phe_594.3,Calculus of ureter,genitourinary,-2.751125033858082e-06,1.8634983430790546,0.008311397932289442,3.819268734511788e-09
334,Phe_594.8,Renal colic,genitourinary,1.987291034704562e-05,1.6837042853925757,0.0056645716611663875,5.931980033575684e-05
335,Phe_595,Hydronephrosis,genitourinary,5.2736503950301456e-05,2.5181165252559636,0.014033822167212348,2.554911270467916e-23
336,Phe_596,Other disorders of bladder,genitourinary,2.5096436216939176e-05,2.318255816123132,0.022818909703986274,7.228558365548842e-59
337,Phe_596.1,Bladder neck obstruction,genitourinary,-1.477636257697095e-05,2.373743653420004,0.011637811838327556,1.5836426708944165e-16
338,Phe_596.5,Functional disorders of bladder,genitourinary,4.7191014133726046e-05,1.8748352151282048,0.006683064522793895,2.1636627113926854e-06
339,Phe_597,Other disorders of urethra and urinary tract,genitourinary,0.0001094034713020894,1.6218124340136675,0.00340138118336028,0.015901956837760897
340,Phe_597.1,Urethral stricture (not specified as infectious),genitourinary,0.00011640446987188357,2.0669950181459558,0.01230705269501124,2.674033139217478e-18
341,Phe_598,Abnormal findings on examination of urine,genitourinary,-5.983974261824729e-05,2.0557020988835433,0.011933534201724499,2.6812462487665798e-17
342,Phe_599,Other symptoms__disorders or the urinary system,genitourinary,-3.545509147911526e-05,2.4063244486630238,0.02281314843755189,7.724354559732817e-59
343,Phe_599.2,Retention of urine,genitourinary,1.5708311425470657e-05,3.2834844230916245,0.04001849341546068,3.6274164179837295e-177
344,Phe_599.3,Dysuria,genitourinary,-4.1778707083326744e-05,2.6164334910568074,0.011196211712397632,2.0720797781023028e-15
345,Phe_599.4,Urinary incontinence,genitourinary,0.00015495170430088109,1.763066956885742,0.014095205385305927,1.648436874875162e-23
346,Phe_599.5,Frequency of urination and polyuria,genitourinary,-0.0001005397884432067,1.9212923190890678,0.011391576342284056,6.722521860277234e-16
347,Phe_599.9,Other abnormality of urination,genitourinary,-0.0045123220451272995,2.2653175186265884,0.01050458594331813,9.5751474022146e-14
348,Phe_611.3,Lump or mass in breast,genitourinary,5.109216603588568e-06,1.7842973876086696,0.005909374122497981,2.8013840889654177e-05
349,Phe_613,Other nonmalignant breast conditions,genitourinary,-0.00036359183859066357,4.0582852804832745,0.0021564403329594334,0.12635210353877493
350,Phe_681,Superficial cellulitis and abscess,dermatologic,0.00023174201415947994,3.937958762733097,0.013310180530258536,3.885393657546201e-21
351,Phe_681.3,Cellulitis and abscess of arm__hand,dermatologic,0.00020884715144167817,3.5555284027616705,0.03872181627040389,5.396459390475787e-166
352,Phe_686,Other local infections of skin and subcutaneous tissue,dermatologic,2.020598690773848e-05,3.6471453756742562,0.02002332263643573,9.77736593874874e-46
353,Phe_686.1,Carbuncle and furuncle,dermatologic,-8.03846920526966e-05,1.879077428905439,0.008574374676912008,1.2149068400988509e-09
354,Phe_687,Symptoms affecting skin,dermatologic,0.00019991670563131262,3.602423098292002,0.008266040757354135,4.6375336982698485e-09
355,Phe_687.1,Rash and other nonspecific skin eruption,dermatologic,6.195935511393753e-05,3.7711366408377827,0.02651532240879545,7.647563872727501e-79
356,Phe_687.4,Disturbance of skin sensation,dermatologic,-0.0001711301892945923,2.8346374410317017,0.019721399841619396,2.0260990823123406e-44
357,Phe_689,Disorder of skin and subcutaneous tissue NOS,dermatologic,-2.783535096701646e-05,1.7266000644195285,0.011145654386482094,2.7642791664347035e-15
358,Phe_695,Erythematous conditions,dermatologic,6.589941543615518e-05,2.6081866152574436,0.016248640098030863,1.0583133766702122e-30
359,Phe_696,Psoriasis and related disorders,dermatologic,5.168304013783848e-05,2.582860777313564,0.01563316142330381,1.5234718968605275e-28
360,Phe_696.4,Psoriasis,dermatologic,5.396126912889213e-05,2.519982630524527,0.012420642386454447,1.3083929197241887e-18
361,Phe_696.41,Psoriasis vulgaris,dermatologic,5.044542880787326e-05,2.4155358225909573,0.012098642068434513,9.761010490569816e-18
362,Phe_701,Other hypertrophic and atrophic conditions of skin,dermatologic,-4.805303185457832e-05,1.999634150178243,0.00805177137388224,1.1445603245136812e-08
363,Phe_701.2,Scar conditions and fibrosis of skin,dermatologic,-4.840184201056583e-05,1.047789277280995,0.0004512171974218811,0.7490773389796703
364,Phe_702,Degenerative skin conditions and other dermatoses,dermatologic,-3.186540777037656e-05,0.0,-0.0005512092749233153,0.695990898293443
365,Phe_702.1,Actinic keratosis,dermatologic,-5.4996204184557174e-05,2.0865761764105124,0.0112494916775727,1.5271964079645421e-15
366,Phe_702.2,Seborrheic keratosis,dermatologic,-1.3373855358130976e-05,1.4106743157380204,0.004493776299549764,0.0014448525473603191
367,Phe_703,"Diseases of nail, NOS",dermatologic,-2.9629307325112503e-05,2.5832700017221626,0.00593949280233967,2.5493046119048005e-05
368,Phe_704,Diseases of hair and hair follicles,dermatologic,-7.357785968671903e-05,1.2204175181224537,0.0030058448357068728,0.03310806305663983
369,Phe_706,Diseases of sebaceous glands,dermatologic,-7.261688263477794e-05,1.193715976541911,0.0035123525908274597,0.012780655223878367
370,Phe_706.2,Sebaceous cyst,dermatologic,-7.323424804714753e-05,1.1859861307611306,0.0033559827062017043,0.01736080891965663
371,Phe_707,Chronic ulcer of skin,dermatologic,7.993488193630976e-05,6.733477819635926,0.04277364533393069,3.9611285855552956e-202
372,Phe_709,Diffuse diseases of connective tissue,dermatologic,7.340510551152797e-05,2.289599755257728,0.013643554675865054,3.9650192157438346e-22
373,Phe_709.7,Unspecified diffuse connective tissue disease,dermatologic,9.042561955741197e-05,2.087118144248541,0.009706817850453853,5.940301023480211e-12
374,Phe_714,Rheumatoid arthritis and other inflammatory polyarthropathies,musculoskeletal,0.00011567954826093546,2.869360460178027,0.007684104632816046,5.118524786399298e-08
375,Phe_714.1,Rheumatoid arthritis,musculoskeletal,0.00011993358453754203,2.8607418814282197,0.019658887450058348,3.773545837745813e-44
376,Phe_715,Other inflammatory spondylopathies,musculoskeletal,1.732382549986167e-05,1.9044467238022071,0.003485119956857552,0.013491722710668027
377,Phe_716,Other arthropathies,musculoskeletal,0.0014445314073255047,2.259251599444297,0.0020613688996359973,0.14394613521235225
378,Phe_716.2,Unspecified monoarthritis,musculoskeletal,0.0005358996193705614,1.7933959121945677,0.020742082894576054,5.977605015555878e-49
379,Phe_716.9,Arthropathy NOS,musculoskeletal,0.0014765114004164175,2.1832393594518855,0.04010357156665529,6.511330880896458e-178
380,Phe_717,Polymyalgia Rheumatica,musculoskeletal,0.00010012616750939838,3.4270884367569105,0.01789735622739002,6.893344894615904e-37
381,Phe_720,Spinal stenosis,musculoskeletal,-0.000730999403193403,2.8070713200125597,0.010057495553273805,1.0060364559212407e-12
382,Phe_721,Spondylosis and allied disorders,musculoskeletal,0.007826764738951674,2.572464986535846,0.010623217915824344,5.045488083770894e-14
383,Phe_721.1,Spondylosis without myelopathy,musculoskeletal,0.004247283484574656,2.6608963282343945,0.010544332752219,7.731416205953115e-14
384,Phe_722,Intervertebral disc disorders,musculoskeletal,0.0003127813133188945,1.7679168335967408,0.012781634797641175,1.2933108213180977e-19
385,Phe_722.6,Degeneration of intervertebral disc,musculoskeletal,0.000858943276507782,1.8055572765559682,0.008846763786330784,3.578976986518305e-10
386,Phe_722.9,Other and unspecified disc disorder,musculoskeletal,0.00016652361634437416,1.677405898045055,0.008617793856253672,1.0022947363822233e-09
387,Phe_724,Other and unspecified disorders of back,musculoskeletal,7.765645096908199e-05,3.7126620835190396,0.012172831926641632,6.1715072635884155e-18
388,Phe_726,Peripheral enthesopathies and allied syndromes,musculoskeletal,0.0005031917529847088,1.51544201150702,0.009538108936538456,1.3659648853070303e-11
389,Phe_726.1,Enthesopathy,musculoskeletal,0.0005631843927992575,1.5649677627449972,0.009410949919829641,2.5350163339677055e-11
390,Phe_727,"Other disorders of synovium, tendon, and bursa",musculoskeletal,0.0001034633653639976,1.006032464327912,3.62922175760372e-05,0.9794753964998941
391,Phe_727.1,Synovitis and tenosynovitis,musculoskeletal,6.243468195058869e-06,1.5986825586963587,0.00584460357772783,3.426072850563006e-05
392,Phe_727.4,"Ganglion and cyst of synovium, tendon, and bursa",musculoskeletal,8.34272235787436e-05,1.109561065231732,0.0011585397062282429,0.41149871311029984
393,Phe_728,"Disorders of muscle, ligament, and fascia",musculoskeletal,6.0981368879494195e-05,2.846070196702556,0.002692416669272251,0.05631527125193588
394,Phe_728.7,Fasciitis,musculoskeletal,6.569814234933731e-05,0.823088845619143,-0.0005541639543606713,0.6944431924892698
395,Phe_728.71,Contracture of palmar fascia [Dupuytren's disease],musculoskeletal,6.821358128566659e-05,1.8092665027541532,0.008045358454628579,1.1755226356820809e-08
396,Phe_729,Other disorders of soft tissues,musculoskeletal,0.00031664145322175824,2.5551227749701066,0.010357828408092216,2.094943705476674e-13
397,Phe_729.1,"Rheumatism, unspecified and fibrositis",musculoskeletal,3.717700851794822e-05,2.4867790654876236,0.005359372985913224,0.00014519435869360034
398,Phe_733,Other disorders of bone and cartilage,musculoskeletal,5.076972643876131e-05,1.9496016026341667,0.005471232788566018,0.00010512659661679316
399,Phe_733.8,Malunion and nonunion of fracture,musculoskeletal,-1.272486496580778e-05,0.6610781452370945,-0.000837542113321132,0.5527047408387815
400,Phe_735,Acquired foot deformities,musculoskeletal,1.811571497093847e-05,1.7816862206999744,0.0018604303346343753,0.18723196015492952
401,Phe_735.2,Acquired toe deformities,musculoskeletal,0.0001862447465555114,1.2347723977129639,0.00212835249513638,0.13136634266909808
402,Phe_735.21,Hammer toe (acquired),musculoskeletal,-0.0006694849760671995,1.3557745925890672,0.0030772050392086805,0.029157085109305522
403,Phe_735.23,Hallux rigidus,musculoskeletal,-9.094678080485529e-06,0.6395352290255742,-0.0027219496226674935,0.05366594490092385
404,Phe_735.3,Hallux valgus (Bunion),musculoskeletal,-6.048233698834976e-05,1.081787658554388,0.00129981516351683,0.35683865245302804
405,Phe_736,Other acquired deformities of limbs,musculoskeletal,8.832972789019479e-05,0.7397380764425209,-0.0008599938824778042,0.5421085849391849
406,Phe_737,Curvature of spine,musculoskeletal,0.00010224540471812728,4.0582852804832745,0.0030497217891046983,0.030627902100149783
407,Phe_737.3,Kyphoscoliosis and scoliosis,musculoskeletal,9.724405671435303e-05,2.346550427542005,0.0059924466908971175,2.1575628877175293e-05
408,Phe_738,Other acquired musculoskeletal deformity,musculoskeletal,0.000177746552701175,0.7469236712545905,-0.0009305351655837662,0.5094897393037621
409,Phe_738.4,Acquired spondylolisthesis,musculoskeletal,0.0002760596096470178,1.9938969864409142,0.0033172907329694088,0.018695478519385054
410,Phe_740,Osteoarthrosis,musculoskeletal,0.0003791568706030383,2.0207797443845155,0.031377140995811584,1.1814544820299323e-109
411,Phe_740.1,Osteoarthritis; localized,musculoskeletal,0.0003366467992337701,2.174081400258897,0.023512206689415845,2.1841854721197306e-62
412,Phe_740.11,"Osteoarthrosis, localized, primary",musculoskeletal,0.00036622431743598257,1.6582240931006926,0.01198228404817222,1.9923943124267633e-17
413,Phe_740.9,Osteoarthrosis NOS,musculoskeletal,0.0007517094915781648,2.472299735728372,0.02272507426241402,2.1251867323533735e-58
414,Phe_741,Symptoms and disorders of the joints,musculoskeletal,0.00014933921804428005,0.7151663571201295,-0.0012666858478892512,0.369227582870967
415,Phe_741.4,Joint effusions,musculoskeletal,0.00012356917074584012,2.343822514931517,0.004320706949458687,0.0021923877069609863
416,Phe_742,"Derangement of joint, non-traumatic",musculoskeletal,3.975878605443668e-05,7.304913504869894,0.007409709186406509,1.4994819319971496e-07
417,Phe_742.9,Other derangement of joint,musculoskeletal,2.4226778787152586e-05,1.1841805073750589,0.000962597197988284,0.4950110972148556
418,Phe_743,"Osteoporosis, osteopenia and pathological fracture",musculoskeletal,7.132684702242231e-05,3.0680170101896875,0.027368377763068476,7.088377165087198e-84
419,Phe_743.1,Osteoporosis,musculoskeletal,6.535977151379543e-05,3.158814556116369,0.027714666702922577,5.783134465496e-86
420,Phe_743.11,Osteoporosis NOS,musculoskeletal,6.0130426396918054e-05,3.161495152311309,0.02773717376132111,4.222049076859261e-86
421,Phe_745,Pain in joint,musculoskeletal,0.0008620896456998902,1.6857492703545907,0.0056780504000851235,5.696191572925283e-05
422,Phe_747,Cardiac and circulatory congenital anomalies,congenital anomalies,0.0024147600144726568,5.619164234515303,0.004794330638851904,0.0006773259284875426
423,Phe_747.1,Cardiac congenital anomalies,congenital anomalies,0.001951603613260385,11.68786160779183,0.030774892684812784,1.476070193790336e-105
424,Phe_747.13,Congenital anomalies of great vessels,congenital anomalies,0.00178128835548522,27.93720793084493,0.24199146370548688,0.0
425,Phe_751,Genitourinary congenital anomalies,congenital anomalies,0.0,2.297567614852696,0.010048692178713119,1.052679772338574e-12
426,Phe_939,Atopic__contact dermatitis due to other or unspecified,dermatologic,1.0692765362050257e-05,2.7897730776530145,0.01741342264314068,5.192426624817292e-35
