,PheCode,description,category,f_score,RR,phi,pval
0,Phe_112,Candidiasis,infectious diseases,-0.0014366968105795107,2.1181750401155615,0.008315583483632923,3.7512700268548e-09
1,Phe_153,Colorectal cancer,neoplasms,0.0021195178105132195,0.0,-0.0007541083740323648,0.5929486325852087
2,Phe_153.2,Colon cancer,neoplasms,0.0031185027112571465,1.684655160092847,0.005664615470111709,5.9311989088594436e-05
3,Phe_153.3,"Malignant neoplasm of rectum, rectosigmoid junction, and anus",neoplasms,0.0019508607349802791,1.3198269034691272,0.002165723316978403,0.1247280824746038
4,Phe_158,Neoplasm of unspecified nature of digestive system,neoplasms,0.00015386214234160955,1.0736262815181985,0.00036338095576573566,0.7967222991371681
5,Phe_159,Malignant neoplasm of other and ill-defined sites within the digestive organs and peritoneum,neoplasms,0.0020738307570533285,1.8497743585001287,0.009221953721805889,6.262123757652864e-11
6,Phe_165,Cancer within the respiratory system,neoplasms,0.0004841299092786666,2.816811436027012,0.00934058575038404,3.557072272917897e-11
7,Phe_165.1,Cancer of bronchus; lung,neoplasms,0.0001521358519289994,1.7468124032527585,0.005679286386777169,5.6750201494687957e-05
8,Phe_172,Skin cancer,neoplasms,0.009449988439207729,9.550744960900104,0.15135472960993002,0.0
9,Phe_172.2,Other non-epithelial cancer of skin,neoplasms,0.008439565576497087,10.174161838103233,0.14623587672447483,0.0
10,Phe_174,Breast cancer,neoplasms,3.462125243757855e-05,1.140099125388615,0.002370944889445076,0.09282046137432062
11,Phe_189,Cancer of urinary organs (incl. kidney and bladder),neoplasms,0.000865306755564202,1.6549556339500036,0.00522035119927145,0.0002150928317950582
12,Phe_189.11,"Malignant neoplasm of kidney, except pelvis",neoplasms,0.0003051228554994481,1.416411251267094,0.001984842287940663,0.15942599784264574
13,Phe_189.2,Cancer of bladder,neoplasms,0.0006018305461973349,1.3048688652298104,0.0012548799847018793,0.3737063398451268
14,Phe_189.21,Malignant neoplasm of bladder,neoplasms,0.0003070436469053371,1.0487894429174631,0.00033149872379026395,0.814215820795446
15,Phe_195,"Cancer, suspected or other",neoplasms,0.016954204497272782,2.191215558740236,0.0051024461164294755,0.00029801948908420045
16,Phe_195.1,"Malignant neoplasm, other",neoplasms,0.01717404946764313,5.292891173054505,0.08308938621420688,0.0
17,Phe_197,Chemotherapy,neoplasms,-0.00061649692868086,1.5492725722415828,0.011585881364318849,2.1535792438686683e-16
18,Phe_198,Secondary malignant neoplasm,neoplasms,5.02127169217415e-05,1.1683213119013411,0.0008836736141331886,0.5310437788827616
19,Phe_198.1,Secondary malignancy of lymph nodes,neoplasms,2.2421057804808372e-05,1.5490427111405167,0.006203268799801885,1.095659612313372e-05
20,Phe_198.2,Secondary malignancy of respiratory organs,neoplasms,0.00010170643984706858,1.170763255915817,0.0012885830631832367,0.36100931105671263
21,Phe_198.3,Secondary malignant neoplasm of digestive systems,neoplasms,0.0001458112951276473,1.297086347146929,0.0018516467411807108,0.18932263942290717
22,Phe_198.4,Secondary malignant neoplasm of liver,neoplasms,-3.0867952409451246e-05,1.060376370630215,0.0004933334401835013,0.7265553548889059
23,Phe_198.6,Secondary malignancy of bone,neoplasms,-7.073250542126264e-05,1.3569462623244233,0.0026489008853230835,0.06041666734453
24,Phe_199,Neoplasm of uncertain behavior,neoplasms,7.370818322968451e-06,2.451571807401462,0.007321694362880305,2.1003547646932695e-07
25,Phe_202,"Cancer of other lymphoid, histiocytic tissue",neoplasms,0.00025072173800913257,3.022278784550806,0.010436423153445297,1.379268920495191e-13
26,Phe_202.2,Non-Hodgkins lymphoma,neoplasms,0.00027964577422004514,2.7671582910151495,0.010113092391286032,7.549645273078757e-13
27,Phe_204,Leukemia,neoplasms,0.0007242671007266215,4.349562884099368,0.010674865415722202,3.8091085983636474e-14
28,Phe_208,Benign neoplasm of colon,neoplasms,0.0012349011847918086,1.7377906670052046,0.016563618183512388,7.733040078327721e-32
29,Phe_211,Benign neoplasm of other parts of digestive system,neoplasms,-7.40182914922829e-06,1.772710212657155,0.008888657714542114,2.956097418469376e-10
30,Phe_214,Lipoma,neoplasms,0.0012618608727870521,1.8342553357388978,0.0052472312900809495,0.0001994974594961686
31,Phe_214.1,Lipoma of skin and subcutaneous tissue,neoplasms,0.0016008092342356722,1.3013726402262176,0.0030829278488169252,0.02885858444257303
32,Phe_215,Other benign neoplasm of connective and other soft tissue,neoplasms,2.039812596270361e-05,2.6149676657912035,0.007757816577012946,3.8108997872194216e-08
33,Phe_216,Benign neoplasm of skin,neoplasms,0.013763683139421508,3.8879811659284886,0.03920728742937395,3.910918271080825e-170
34,Phe_228,"Hemangioma and lymphangioma, any site",neoplasms,0.0003099423807956185,2.6048914208394547,0.009253759849806807,5.3847054938448004e-11
35,Phe_229,Benign neoplasm of unspecified sites,neoplasms,0.0010999015363400086,3.3491204833144197,0.016102925458161898,3.4913431661083154e-30
36,Phe_241,Nontoxic nodular goiter,endocrine/metabolic,3.7350454378683394e-05,0.0,-0.000540383304991886,0.7016724885887788
37,Phe_242,Thyrotoxicosis with or without goiter,endocrine/metabolic,-1.0533628296901301e-05,1.026980125412351,0.00015578411208402355,0.9120673120390161
38,Phe_244,Hypothyroidism,endocrine/metabolic,-6.688690300871949e-05,1.741489375568618,0.013927691086199673,5.42608355825186e-23
39,Phe_244.1,Secondary hypothyroidism,endocrine/metabolic,-2.133196920370451e-05,2.4994671221303415,0.00784551444245741,2.6736202899482485e-08
40,Phe_244.4,Hypothyroidism NOS,endocrine/metabolic,-7.359458394892458e-05,1.7280139392296099,0.013333331298744559,3.3218423137719562e-21
41,Phe_250.1,Type 1 diabetes,endocrine/metabolic,-0.00023358944772522205,1.2226777498249135,0.0017176672584339428,0.22337193017538068
42,Phe_250.2,Type 2 diabetes,endocrine/metabolic,-0.0002848774369358665,1.5010530017357369,0.011076131364927364,4.100310804709829e-15
43,Phe_250.23,Type 2 diabetes with ophthalmic manifestations,endocrine/metabolic,-0.0001578867882756871,1.6575206785661192,0.0039036249307111332,0.00565419335845829
44,Phe_250.7,Diabetic retinopathy,endocrine/metabolic,-0.00015852945687668446,1.6317894390540968,0.0037804550284118482,0.007364938022656132
45,Phe_260,Protein-calorie malnutrition,endocrine/metabolic,-4.30282284893753e-06,1.1650614868123308,0.0003752127154210033,0.7902556994908343
46,Phe_261,Vitamin deficiency,endocrine/metabolic,-1.5975154482165086e-05,0.0,-0.0007438471778632482,0.5979893866858044
47,Phe_272,Disorders of lipoid metabolism,endocrine/metabolic,-2.503834687741537e-05,1.7889879337643617,0.02399767641171568,6.49097377793412e-65
48,Phe_272.1,Hyperlipidemia,endocrine/metabolic,-3.285501637868593e-05,1.631918693115383,0.006989372303096684,7.246225336613768e-07
49,Phe_272.11,Hypercholesterolemia,endocrine/metabolic,-4.998055506358645e-05,1.8114089645510014,0.02366306473751021,3.6269169579611425e-63
50,Phe_274,Gout and other crystal arthropathies,endocrine/metabolic,3.605581762633629e-05,2.2164895792944725,0.009144390551806512,9.030053497485216e-11
51,Phe_274.1,Gout,endocrine/metabolic,3.465498740797301e-05,2.1889692054181347,0.008389643488959058,2.7259205013882446e-09
52,Phe_275,Disorders of mineral metabolism,endocrine/metabolic,8.137866341401932e-05,0.0,-0.000495888249641988,0.7251964992021196
53,Phe_275.5,Disorders of calcium__phosphorus metabolism,endocrine/metabolic,3.147793969539455e-05,1.6684524648649681,0.003596931797810456,0.010779089535839018
54,Phe_276,"Disorders of fluid, electrolyte, and acid-base balance",endocrine/metabolic,-1.9482819861063544e-05,1.704558427552455,0.010216912321017884,4.3985983982375473e-13
55,Phe_276.1,Electrolyte imbalance,endocrine/metabolic,-2.5061960764192778e-05,1.631086081537263,0.0012123133029056364,0.39013209919976366
56,Phe_276.12,Hyposmolality and__or hyponatremia,endocrine/metabolic,2.687662703765447e-05,1.6012945549338429,0.004427980682917383,0.0016958548492516012
57,Phe_276.14,Hypopotassemia,endocrine/metabolic,-7.2910253731181964e-06,1.339308219444087,0.002203005269778625,0.11836921709583309
58,Phe_276.5,Hypovolemia,endocrine/metabolic,-1.1419503701756988e-05,2.0857044798878093,0.009569830242096334,1.1692555641352989e-11
59,Phe_277,Other disorders of metabolism,endocrine/metabolic,2.9999231948576674e-05,1.5596042213902115,0.002696262329864656,0.0559642376708651
60,Phe_278,"Overweight, obesity and other hyperalimentation",endocrine/metabolic,-3.877604551114544e-05,0.0,-0.0002479411642823471,0.860483223102188
61,Phe_278.1,Obesity,endocrine/metabolic,-3.7576986098039305e-05,1.4479659718361535,0.007845367626634934,2.6752155775271598e-08
62,Phe_280,Iron deficiency anemias,hematopoietic,-6.982766201337012e-05,1.4743155359494002,0.006819285638938771,1.3376869329946316e-06
63,Phe_280.1,"Iron deficiency anemias, unspecified or not due to blood loss",hematopoietic,-9.334206500900877e-05,1.4981750645279277,0.007004398512592001,6.859578355582693e-07
64,Phe_281,Other deficiency anemia,hematopoietic,-0.00026671743799105106,0.0,-0.0003719135967408429,0.7920573885709792
65,Phe_281.1,Megaloblastic anemia,hematopoietic,-0.00054655955870272,0.0,-0.000495888249641988,0.7251964992021196
66,Phe_285,Other anemias,hematopoietic,-8.933613196069788e-05,1.5393712081542417,0.009172909952480329,7.895655823468636e-11
67,Phe_287,Purpura and other hemorrhagic conditions,hematopoietic,-9.136749529120966e-06,0.0,-0.0015235988881217007,0.280124177481134
68,Phe_287.3,Thrombocytopenia,hematopoietic,-2.1543263412641295e-05,2.322060264373365,0.007386557249939282,1.6390691864838086e-07
69,Phe_288,Diseases of white blood cells,hematopoietic,-2.35700458915194e-05,1.7094351946242057,0.002664241387045554,0.058943424017590534
70,Phe_289,Other diseases of blood and blood-forming organs,hematopoietic,7.425976987999802e-06,2.9537644086427135,0.006642534923838656,2.4921247370298982e-06
71,Phe_289.4,Lymphadenitis,hematopoietic,-3.370354562536912e-06,1.6679739673537397,0.005303126397071002,0.00017040616342038026
72,Phe_290,Delirium dementia and amnestic and other cognitive disorders,mental disorders,-3.302144341525839e-05,2.5802491685335234,0.005216332600410353,0.0002175204375837734
73,Phe_292,Neurological disorders,mental disorders,-4.3226724803294344e-05,1.5608479249160412,0.002011994222254309,0.15379559963150458
74,Phe_292.1,Aphasia__speech disturbance,mental disorders,-1.2189322200903156e-05,1.5701741531810998,0.0034783789726433004,0.013673044772620949
75,Phe_292.4,Altered mental status,mental disorders,-4.1865890758525026e-05,1.263547448665349,0.0020273172872992302,0.15068554449466964
76,Phe_293,Symptoms involving head and neck,mental disorders,3.199266269147572e-05,1.297915745166419,0.001965031121464852,0.16363157638743994
77,Phe_296,Mood disorders,mental disorders,0.0004015571054090442,1.1446218116050968,0.0001914486919757567,0.8920481530115105
78,Phe_296.1,Bipolar,mental disorders,0.00019564368295731,0.8140167593448601,-0.0009245944769051883,0.5121965899705373
79,Phe_296.2,Depression,mental disorders,0.0004962133363047499,0.4660245947249323,-0.001567380022533086,0.26653572490922917
80,Phe_300,Anxiety disorders,mental disorders,1.3947663488566411e-05,0.5057631260580661,-0.0013925153791745709,0.3235845127771143
81,Phe_300.1,Anxiety disorder,mental disorders,-1.1493514816383635e-05,1.705885147067876,0.008744545131432638,5.685909514724351e-10
82,Phe_306,Other mental disorder,mental disorders,-4.860504125082222e-05,1.6540631140939188,0.018261295708286645,2.473930286038614e-38
83,Phe_317,Alcohol-related disorders,mental disorders,3.369936510241896e-05,0.7695926297628446,-0.0025703154715839105,0.06844996424168483
84,Phe_317.1,Alcoholism,mental disorders,6.394556629368428e-05,1.4928406289287228,0.006892475682867394,1.0292840637522643e-06
85,Phe_318,Tobacco use disorder,mental disorders,-5.546978302844953e-06,1.208978058040725,0.0044936186591057305,0.0014454106657676733
86,Phe_327,Sleep disorders,neurological,-0.0006207560467979375,0.9524590257151903,-0.00021844298338396064,0.8769406943797474
87,Phe_327.3,Sleep apnea,neurological,-0.0004012275734014684,1.6541394619698893,0.006764417496899076,1.62532660966739e-06
88,Phe_331,Other cerebral degenerations,neurological,-2.414251336797392e-05,0.9501472319634542,-0.0001254968738594916,0.9291125194076284
89,Phe_332,Parkinson's disease,neurological,7.145586224267708e-05,2.1545822336095943,0.0063133193043777526,7.627082382460574e-06
90,Phe_334,Degenerative disease of the spinal cord,neurological,-1.1603833238657793e-05,1.8237572056863895,0.004820116047257699,0.0006334428565853654
91,Phe_335,Multiple sclerosis,neurological,0.0001464549521047911,1.178211164993057,0.0009316456636347901,0.5089845775616133
92,Phe_339,Other headache syndromes,neurological,0.00048720900940628907,1.1439123143341117,0.0019175877351264193,0.17404218630797635
93,Phe_340,Migraine,neurological,5.214681380084813e-05,1.199384533206755,0.0016169113293828987,0.2517176515195744
94,Phe_342,Hemiplegia,neurological,2.8676960987500224e-06,1.4321731447644261,0.0026638384980278837,0.0589817310690962
95,Phe_345,"Epilepsy, recurrent seizures, convulsions",neurological,8.466272997352568e-06,1.4621152189678637,0.00395868920754468,0.005012594666002151
96,Phe_345.3,Convulsions,neurological,1.1961201112834837e-05,1.2531753807729271,0.001817755764939266,0.19755072848427596
97,Phe_348,Other conditions of brain,neurological,0.0004435249951569204,0.569811731541402,-0.000807220525094717,0.5671744147671688
98,Phe_350,Abnormal movement,neurological,2.422794593981849e-05,1.7654108176638614,0.00681101311274579,1.377679615289704e-06
99,Phe_350.2,Abnormality of gait,neurological,5.827287372768746e-05,2.0224253955824714,0.007222362219864716,3.058398437501492e-07
100,Phe_351,Other peripheral nerve disorders,neurological,-5.780499879753671e-05,1.3893015565093865,0.0064017815887685596,5.676234592720535e-06
101,Phe_352,Disorders of other cranial nerves,neurological,-8.244815921097862e-05,0.0,-0.0012764848220889963,0.36553563561457947
102,Phe_353,Nerve root and plexus disorders,neurological,-0.00023078603826978412,1.6496445830971056,0.0032083421759120396,0.022946960888576826
103,Phe_357,Inflammatory and toxic neuropathy,neurological,-8.331116851014508e-06,1.6066986906963368,0.0035947615899343914,0.010826744729650764
104,Phe_361,Retinal detachments and defects,sense organs,-0.0027540041339193058,1.0508397724189649,0.0003377826152218691,0.810760263152315
105,Phe_361.1,Retinal detachment with retinal defect,sense organs,-0.001252665690265875,1.454998227828476,0.00251040868945361,0.0751469290742314
106,Phe_362,Other retinal disorders,sense organs,1.482876031090591e-05,1.0565739799431664,0.0002703952811582402,0.8479958365858111
107,Phe_362.2,Degeneration of macula and posterior pole of retina,sense organs,1.707681736588223e-05,1.354078042885908,0.0027700238869357414,0.04957626798898176
108,Phe_362.29,Macular degeneration (senile) of retina NOS,sense organs,1.7159639619709068e-05,1.354078042885908,0.0027700238869357414,0.04957626798898176
109,Phe_365,Glaucoma,sense organs,-0.0003173331728739144,1.7242041586976997,0.006938734650437416,8.709927611344647e-07
110,Phe_365.1,Open-angle glaucoma,sense organs,-0.00040009129808935516,1.4622329866502677,0.002485272217405493,0.07811191021524876
111,Phe_365.11,Primary open angle glaucoma,sense organs,-0.00036461117057763495,1.4677153813511525,0.002510030575023145,0.07519083911027445
112,Phe_366,Cataract,sense organs,-0.00015176838698475591,1.6910684230381903,0.014495238881880583,9.05527693394865e-25
113,Phe_366.2,Senile cataract,sense organs,-0.0003033146466940791,2.024062616327447,0.015797299725552712,4.12382859769476e-29
114,Phe_367,Disorders of refraction and accommodation; blindness and low vision,sense organs,-0.00010049344833354526,1.824991419901833,0.0012231963202183897,0.38589131654118536
115,Phe_367.1,Myopia,sense organs,-0.00016327824700197927,1.0659668769296866,0.0003738350389095006,0.7910079297771497
116,Phe_368,Visual disturbances,sense organs,-5.472119567571173e-05,1.3371169806453755,0.0017050566878314133,0.22678910741744443
117,Phe_371,Inflammation of the eye,sense organs,-0.00027071307202656603,0.0,-0.0014826776263490596,0.2932437293837393
118,Phe_371.3,Inflammation of eyelids,sense organs,-0.0002617557255915429,1.7408802325685766,0.0052920032919923764,0.00017585664235126095
119,Phe_374,Other disorders of eyelids,sense organs,-8.20970711731225e-05,2.6357854929784668,0.013210132916620744,7.62451579892805e-21
120,Phe_374.1,Ectropion or entropion,sense organs,-6.72855168195234e-05,2.9712384028003274,0.009732093485804772,5.237265689191509e-12
121,Phe_374.3,Ptosis of eyelid,sense organs,-5.8476302798367496e-05,1.8946346144438797,0.005763408820007239,4.396964891385167e-05
122,Phe_375,Disorders of lacrimal system,sense organs,5.27771037170608e-05,1.8460149669783088,0.005229576673480728,0.00020961569091434946
123,Phe_378,Strabismus and other disorders of binocular eye movements,sense organs,-6.710238204574781e-06,1.0194288009607895,2.725355846550557e-05,0.9845863541776446
124,Phe_379,Other disorders of eye,sense organs,-0.00015033567168730596,2.011912347270633,0.0026741391924835945,0.05800879929214679
125,Phe_379.2,Disorders of vitreous body,sense organs,-0.00039703581568759316,1.7389970598017466,0.004208065161027878,0.0028543646470246416
126,Phe_379.3,Aphakia and other disorders of lens,sense organs,-0.00023005527479692234,1.980135472166637,0.006926867657561773,9.092045511009513e-07
127,Phe_380,Disorders of external ear,sense organs,-8.762004913535103e-06,4.58107982130511,0.013203624694492936,7.964946951445393e-21
128,Phe_381,Otitis media and Eustachian tube disorders,sense organs,-1.1646842145779042e-05,1.3679720940860371,0.002487935058970285,0.07779337137585433
129,Phe_381.1,Otitis media,sense organs,-1.274813342520767e-05,1.5523282511481302,0.0025920816453587053,0.06614162558657287
130,Phe_384,Other disorders of tympanic membrane,sense organs,-0.0004640819290982015,0.5219475460919242,-0.001325847696318919,0.34728962608136493
131,Phe_384.4,Perforation of tympanic membrane,sense organs,-0.0003403697321412364,0.8436652145882394,-0.0007240932691804329,0.607747752684364
132,Phe_386,Vertiginous syndromes and other disorders of vestibular system,sense organs,-2.142472865451158e-05,0.0,-0.0012273609532759441,0.38427596146549436
133,Phe_386.9,Dizziness and giddiness (Light-headedness and vertigo),sense organs,-2.496128593525101e-05,1.5583197155112356,0.005950942581257075,2.4592592808244433e-05
134,Phe_389,Hearing loss,sense organs,-7.91897774132986e-05,1.952241929878364,0.008733243758109412,5.982604967198713e-10
135,Phe_394,Rheumatic disease of the heart valves,circulatory system,-4.242332736210742e-05,1.6340039457260596,0.0032240465018055827,0.022286512171973433
136,Phe_394.2,Mitral valve disease,circulatory system,-5.0950663350898745e-05,2.085467132372143,0.00950770035951003,1.5847939755992998e-11
137,Phe_394.3,Aortic valve disease,circulatory system,-3.5765218507753714e-05,1.7816006163683853,0.00447505986849448,0.0015125233916956516
138,Phe_394.7,Disease of tricuspid valve,circulatory system,1.4915726579222576e-05,1.850425285655966,0.004777329988413592,0.000707787053414995
139,Phe_395,Heart valve disorders,circulatory system,-5.499620418455716e-05,2.0865761764105124,0.011249491677572703,1.5271964079645258e-15
140,Phe_395.1,Nonrheumatic mitral valve disorders,circulatory system,-7.289855732963036e-05,2.079472295186949,0.009285659213667115,4.625863683178502e-11
141,Phe_395.6,Heart valve replaced,circulatory system,-4.930753710137931e-05,2.2020720789252533,0.0071803952218121875,3.5794671908323354e-07
142,Phe_396,Abnormal heart sounds,circulatory system,0.0,1.774806853949476,0.003956526992598785,0.005036491308204368
143,Phe_401.1,Essential hypertension,circulatory system,-2.5486058132460633e-05,1.7037493764190936,0.03331937908806525,2.0932831676738768e-123
144,Phe_401.2,Hypertensive heart and__or renal disease,circulatory system,5.625295151624661e-05,0.0,-0.000936006732762489,0.5070032840524172
145,Phe_401.22,Hypertensive chronic kidney disease,circulatory system,5.4581575554555484e-05,3.328106345388833,0.013183852184217408,9.094127806934363e-21
146,Phe_402,Elevated blood pressure reading without diagnosis of hypertension,circulatory system,-1.951760495905737e-05,1.8320169756396794,0.004857411293661759,0.0005746329753722266
147,Phe_411.1,Unstable angina (intermediate coronary syndrome),circulatory system,-6.346066778361606e-05,1.9756349102329347,0.010093453210255277,8.356936728466761e-13
148,Phe_411.2,Myocardial infarction,circulatory system,-8.565578938610206e-05,1.5467437158711033,0.009116762891588298,1.0280250429344481e-10
149,Phe_411.3,Angina pectoris,circulatory system,-8.470435163850063e-05,1.7695272507505109,0.014738446056730107,1.4922196724479314e-25
150,Phe_411.4,Coronary atherosclerosis,circulatory system,-7.18121941887865e-05,1.5564574322662863,0.011898022138103292,3.326264903697236e-17
151,Phe_411.8,"Other chronic ischemic heart disease, unspecified",circulatory system,-6.604348615201859e-05,1.95593176032985,0.017924837561071057,5.374248611479169e-37
152,Phe_411.9,Other acute and subacute forms of ischemic heart disease,circulatory system,-9.36105631680704e-05,1.2273519029389306,0.0012693045919006103,0.36823865883304086
153,Phe_414,Other forms of chronic heart disease,circulatory system,6.721699311495638e-05,1.7280369942987943,0.005159637395776484,0.00025462995439365165
154,Phe_415,Pulmonary heart disease,circulatory system,9.882790771703977e-05,1.419643427043312,0.0038518850172675687,0.0063236092056993525
155,Phe_416,Cardiomegaly,circulatory system,-0.0003445394930377535,1.680468262948468,0.005637045877279369,6.442510377144251e-05
156,Phe_418,Nonspecific chest pain,circulatory system,-8.670151850343884e-07,1.4033585405837006,0.010566007586334365,6.878013626634992e-14
157,Phe_418.1,Precordial pain,circulatory system,0.0005122335903707644,1.5223091410481855,0.004935259089226998,0.0004678853979390842
158,Phe_420,Carditis,circulatory system,2.1350239511472962e-05,0.0,-0.0004801412553481277,0.7335856460589869
159,Phe_420.2,Pericarditis,circulatory system,1.674509085455528e-05,1.1268297627200436,0.0006564322515699551,0.6416966747413542
160,Phe_425,Cardiomyopathy,circulatory system,1.2696971064100788e-05,0.0,-0.0006676186236685894,0.6360294018951691
161,Phe_425.1,Primary__intrinsic cardiomyopathies,circulatory system,1.2789110870332953e-05,1.2067221318401453,0.001033787697897166,0.46366484970907373
162,Phe_426,Cardiac conduction disorders,circulatory system,2.9011511455338043e-05,1.0565739799431664,0.00011025261096035653,0.9377045811512379
163,Phe_426.2,Atrioventricular [AV] block,circulatory system,-0.0005678137263466328,0.6557129976029198,-0.0006022129474036328,0.6694571155671042
164,Phe_426.3,Bundle branch block,circulatory system,-2.859504694293548e-06,2.1612734827822946,0.0031654379558794014,0.02483866715006094
165,Phe_426.31,Right bundle branch block,circulatory system,1.1015685910923393e-05,1.4884435725054872,0.003113498569071899,0.02730820062722837
166,Phe_426.32,Left bundle branch block,circulatory system,1.169927664665393e-06,1.8409302095952986,0.005705011958270785,5.25092209576875e-05
167,Phe_426.9,Cardiac pacemaker__device in situ,circulatory system,5.545644283586542e-05,3.0976115495069685,0.0047753213752572705,0.0007114689089182198
168,Phe_426.91,Cardiac pacemaker in situ,circulatory system,4.723011854341409e-05,2.7367510483443187,0.01317894474268872,9.398068258855154e-21
169,Phe_427,Cardiac dysrhythmias,circulatory system,0.00028901012296966475,1.70960663688479,0.017467893691655335,3.2110208644477026e-35
170,Phe_427.1,"Paroxysmal tachycardia, unspecified",circulatory system,-0.000289987504787282,0.0,-0.0015585248909700158,0.26924686223830374
171,Phe_427.11,Paroxysmal supraventricular tachycardia,circulatory system,-0.00020771783163378295,1.1827758719919335,0.0013296329367954735,0.34591482064090673
172,Phe_427.2,Atrial fibrillation and flutter,circulatory system,0.0002838753172620261,1.8743641799767354,0.01635928210284543,4.245525868063315e-31
173,Phe_427.3,Other specified cardiac dysrhythmias,circulatory system,6.024740731079702e-05,1.8929679675947064,0.007946868214346156,1.766724852975515e-08
174,Phe_427.4,Cardiac arrest and ventricular fibrillation,circulatory system,1.8033754439317515e-05,1.4324226957567183,0.0023491519992404207,0.09586182765513199
175,Phe_427.7,Tachycardia NOS,circulatory system,-7.406789044698436e-05,1.701688031792483,0.00524102677995478,0.00020299992162491816
176,Phe_427.9,Palpitations,circulatory system,9.412220697308149e-05,1.358518846807108,0.003364870079890597,0.017066310901364675
177,Phe_428,Congestive heart failure; nonhypertensive,circulatory system,4.264812439475201e-05,1.925575072222862,0.010950121802121808,8.327760110286816e-15
178,Phe_428.1,Congestive heart failure (CHF) NOS,circulatory system,0.0001236560892080203,1.8449767709099065,0.006313919862691994,7.611898239870181e-06
179,Phe_428.2,Heart failure NOS,circulatory system,1.5215067342334348e-05,1.9955513656870507,0.010445224685406268,1.3159465568519875e-13
180,Phe_430,Intracranial hemorrhage,circulatory system,0.00017132914524953455,2.1627660749665365,0.0019396652320231196,0.16913772183046513
181,Phe_433,Cerebrovascular disease,circulatory system,3.142876018776772e-05,2.38280401476748,0.008240197885416287,5.177573354718381e-09
182,Phe_433.1,Occlusion and stenosis of precerebral arteries,circulatory system,-5.040264049722081e-05,1.8762820284350215,0.004255677400667693,0.002554977575066701
183,Phe_433.2,Occlusion of cerebral arteries,circulatory system,7.295645445029651e-05,1.4392994321970114,0.0036833089241634577,0.009027494212288566
184,Phe_433.21,"Cerebral artery occlusion, with cerebral infarction",circulatory system,3.926566843584636e-05,1.3349042099537705,0.002178015112817977,0.1226027839175827
185,Phe_433.3,Cerebral ischemia,circulatory system,-2.8413500418928037e-05,1.705226357970775,0.0036742073759247706,0.009199251000947546
186,Phe_433.31,Transient cerebral ischemia,circulatory system,-1.892008258306677e-05,1.705153695171265,0.004851311446328782,0.0005838903003977123
187,Phe_433.8,Late effects of cerebrovascular disease,circulatory system,1.0806254618807732e-05,2.1974017542255355,0.006683426687528227,2.160924136445992e-06
188,Phe_440,Atherosclerosis,circulatory system,-5.756216108309752e-05,0.0,-0.0019994749557224046,0.15637260464938565
189,Phe_442,Other aneurysm,circulatory system,8.924167756194064e-06,0.0,-0.0008499358578909752,0.5468429394123664
190,Phe_442.1,Aortic aneurysm,circulatory system,2.8913606618071986e-05,2.3750289838229954,0.005214422142456021,0.00021868353137242906
191,Phe_443,Peripheral vascular disease,circulatory system,-7.795179433193803e-05,1.8478301071918937,0.008240768172278215,5.165021150889413e-09
192,Phe_443.1,Raynaud's syndrome,circulatory system,2.5903184454545753e-05,2.768565989878995,0.009295254831813388,4.4188183386022234e-11
193,Phe_443.9,"Peripheral vascular disease, unspecified",circulatory system,-0.00012995858468803747,1.5100369258005353,0.0040023184663472745,0.004551803765554528
194,Phe_447,Other disorders of arteries and arterioles,circulatory system,-3.475852693692756e-05,0.6296110326802463,-0.001323155085990989,0.34826969956693365
195,Phe_451,Phlebitis and thrombophlebitis,circulatory system,8.40849797381907e-05,1.4525441913504384,0.0013031827789699837,0.3555941414073428
196,Phe_451.2,Phlebitis and thrombophlebitis of lower extremities,circulatory system,8.554165251449681e-05,1.6630681615674057,0.005900316325373869,2.881715255375914e-05
197,Phe_454,Varicose veins,circulatory system,7.55946436345685e-05,2.286158389216649,0.004346445081721487,0.0020623949889213363
198,Phe_454.1,Varicose veins of lower extremity,circulatory system,7.075657418659753e-05,1.454906051824179,0.006854186224114745,1.180920759879415e-06
199,Phe_455,Hemorrhoids,circulatory system,-2.0949645065934718e-05,1.4498542946997892,0.01036307049490293,2.0375413911730363e-13
200,Phe_458,Hypotension,circulatory system,9.747635498155672e-05,1.878049604533406,0.004544517521224409,0.001275181541249143
201,Phe_458.1,Orthostatic hypotension,circulatory system,1.6778561578796758e-05,1.6036897155630607,0.0037065680469126343,0.008601505926332548
202,Phe_458.9,Hypotension NOS,circulatory system,0.00012057362877144749,1.626271462077166,0.006099924918586347,1.531425809385087e-05
203,Phe_459,Other disorders of circulatory system,circulatory system,0.00012316126475945088,0.6427925444481825,-0.0006310636802145786,0.6546261628482094
204,Phe_459.9,Circulatory disease NEC,circulatory system,0.00011847405832858178,1.9122544991320098,0.018465261025472256,3.723512593779278e-39
205,Phe_465,Acute upper respiratory infections of multiple or unspecified sites,respiratory,-6.420808779521913e-06,1.6754864730737165,0.003702197085979745,0.008680161280339008
206,Phe_470,Septal Deviations__Turbinate Hypertrophy,respiratory,2.4780014256103408e-05,1.2108145228313072,0.0020425832367028255,0.14763498424148597
207,Phe_471,Nasal polyps,respiratory,-0.0003476872061290192,1.4423526967497904,0.00359109961007694,0.010907582206394675
208,Phe_473,Diseases of the larynx and vocal cords,respiratory,0.00019176974757334478,1.4110006535160151,0.002354855482745343,0.0950582586805329
209,Phe_473.4,Voice disturbance,respiratory,0.0013598416109276042,1.6695291878361211,0.0032032609241431963,0.023164263462402166
210,Phe_474,Acute and chronic tonsillitis,respiratory,-1.9693107867619014e-05,1.1609153605247424,0.0004731791122406282,0.7373049346168983
211,Phe_474.2,Chronic tonsillitis and adenoiditis,respiratory,-2.276352501563048e-05,0.6609321314478056,-0.0015647883190430167,0.2673272640588916
212,Phe_475,Chronic sinusitis,respiratory,-0.00023135083302289967,1.3912743231967677,0.0029061143955714267,0.03939150549635035
213,Phe_476,Allergic rhinitis,respiratory,5.4229640988868705e-05,2.080809404430253,0.005919102303299669,2.717480434469191e-05
214,Phe_477,Epistaxis or throat hemorrhage,respiratory,3.8920608474694594e-05,1.7383457104818902,0.005455956339958408,0.00010990501924596035
215,Phe_479,Other upper respiratory disease,respiratory,-2.238808931305201e-05,1.5926908555551302,0.005596343497084297,7.274207898127672e-05
216,Phe_480,Pneumonia,respiratory,2.629821077037451e-09,1.6278203924782786,0.006312467185657917,7.648676527880158e-06
217,Phe_480.1,Bacterial pneumonia,respiratory,-5.543193338265462e-05,1.9796823153222716,0.004735958408166422,0.0007873126261648606
218,Phe_480.11,Pneumococcal pneumonia,respiratory,-4.709336971022872e-05,1.7651031744090622,0.0095710203670696,1.162442950775666e-11
219,Phe_495,Asthma,respiratory,-0.0003373766529219584,1.5870073873448018,0.014630526753484595,3.333398342267937e-25
220,Phe_496,Chronic airway obstruction,respiratory,-0.00014975639404361539,1.778337843916071,0.01074729522013931,2.5624459333560936e-14
221,Phe_496.1,Emphysema,respiratory,3.092677047596112e-05,2.257070469586699,0.00823209763789813,5.359099569439901e-09
222,Phe_496.2,Chronic bronchitis,respiratory,-5.58505839342981e-05,1.9475654704922545,0.0025451613720859413,0.0711996588782255
223,Phe_496.21,Obstructive chronic bronchitis,respiratory,-5.542045038178658e-05,1.5261624154734625,0.004368690330883839,0.001955781057099642
224,Phe_496.3,Bronchiectasis,respiratory,0.0001663086492645027,2.3965292648299243,0.009759824021425067,4.559636376480785e-12
225,Phe_506,Empyema and pneumothorax,respiratory,1.3928530058553901e-05,1.0670656608187703,0.00034459587089456475,0.8070177686019785
226,Phe_507,Pleurisy; pleural effusion,respiratory,-0.0005907386258176854,1.8545462940035016,0.010886591418424359,1.1867871519478781e-14
227,Phe_508,Pulmonary collapse; interstitial and compensatory emphysema,respiratory,1.3003374856076586e-05,1.7116616429193718,0.005299900807021558,0.00017197016535506912
228,Phe_509.1,Respiratory failure,respiratory,1.0320705737016305e-05,1.3881583672657558,0.002688384491547247,0.05668529687683074
229,Phe_509.2,Respiratory insufficiency,respiratory,-3.223749589408569e-05,1.1637626445750817,0.0010559773168085553,0.45412535096623363
230,Phe_512,Other symptoms of respiratory system,respiratory,0.00011460322616560697,1.5693987325136067,0.008589733558796506,1.1351029022664098e-09
231,Phe_512.7,Shortness of breath,respiratory,0.00022006650873973292,1.5603813037127778,0.006786770206694734,1.501611833007795e-06
232,Phe_512.8,Cough,respiratory,-1.7333638380906332e-05,1.7447028174304129,0.006315846173702237,7.563389385422144e-06
233,Phe_514,Abnormal findings examination of lungs,respiratory,-0.00032554482128430097,1.6983803992431228,0.005547274261841546,8.411969961063058e-05
234,Phe_516,Abnormal sputum,respiratory,-0.00022677284738575353,2.921348205738382,0.002757612909057154,0.05060619641893045
235,Phe_516.1,Hemoptysis,respiratory,-0.0002728916628509167,1.6729088015766802,0.004614995254318107,0.001069906730492093
236,Phe_519,"Other diseases of respiratory system, not elsewhere classified",respiratory,1.7088643020962346e-05,1.7874915962052198,0.0011797836355102063,0.40297582566662526
237,Phe_519.8,"Other diseases of respiratory system, NEC",respiratory,1.6487447503652122e-05,1.791217142869727,0.01173372923032779,8.944254434105715e-17
238,Phe_520,Disorders of tooth development,digestive,6.5251583193849704e-06,0.0,-0.0008766445188579028,0.5343162646775537
239,Phe_520.2,Disturbances in tooth eruption,digestive,2.1282027122442787e-06,0.6023133568485772,-0.0027233831258838457,0.053540042984180386
240,Phe_521,Diseases of hard tissues of teeth,digestive,-3.123338635403671e-06,0.0,-0.0006790324102575878,0.6302687974403276
241,Phe_521.1,Dental caries,digestive,-3.795148069776165e-06,1.0406089586302791,0.00034917178185734087,0.8045067107226537
242,Phe_522,Diseases of pulp and periapical tissues,digestive,-1.0902529763375193e-05,1.1489411391960596,0.000521025480350822,0.7118731982663133
243,Phe_522.5,Periapical abscess,digestive,-2.0567576423022847e-05,0.9771483437780838,-0.00011823904955498482,0.9332022487803795
244,Phe_523,Gingival and periodontal diseases,digestive,2.0283488889920433e-06,2.800147779463112,0.005904266171987832,2.8464195167895263e-05
245,Phe_523.3,Periodontitis (acute or chronic),digestive,-1.2049523674129351e-06,0.0,-0.00041116676985662927,0.7706953342235949
246,Phe_525,Other diseases of the teeth and supporting structures,digestive,4.263494135722475e-06,1.4951622414091579,0.0038185263730002982,0.0067922006269881385
247,Phe_528,"Diseases of the oral soft tissues, excluding lesions specific for gingiva and tongue",digestive,0.0005524796038928455,1.8436861394981428,0.005580775840012783,7.618382431440052e-05
248,Phe_529,Diseases and other conditions of the tongue,digestive,-7.531773631186719e-06,2.7968364443211016,0.008204645434917078,6.021534102163933e-09
249,Phe_530,Diseases of esophagus,digestive,7.302064539201894e-05,1.925459165492342,0.003408342008709904,0.01568807902444548
250,Phe_530.1,"Esophagitis, GERD and related diseases",digestive,7.513834363598543e-05,1.8363056448160273,0.01204578640065406,1.350889588446445e-17
251,Phe_530.11,GERD,digestive,0.00010940935218195287,1.702002867691057,0.013722228559466237,2.295241894694499e-22
252,Phe_530.12,Ulcer of esophagus,digestive,0.00021829800817715352,1.669219104175761,0.006888594359769753,1.0437572928980423e-06
253,Phe_530.14,Reflux esophagitis,digestive,4.533457298383978e-05,1.5674889395083287,0.008718034528254526,6.405842376337651e-10
254,Phe_530.2,Esophageal bleeding (varices__hemorrhage),digestive,8.187582334731972e-05,1.8025817017756396,0.005092399084410722,0.0003063230346397366
255,Phe_530.3,Stricture and stenosis of esophagus,digestive,0.0,1.141018594989341,0.0009374311039606635,0.5063570517107416
256,Phe_530.9,Heartburn,digestive,3.3719798858645826e-05,2.2279314404660306,0.00834455660733084,3.3118449979966214e-09
257,Phe_531,Peptic ulcer (excl. esophageal),digestive,3.599768577914571e-05,1.3635993274928808,0.0047599071118135895,0.0007403216896254282
258,Phe_531.2,Gastric ulcer,digestive,0.0005176720290106044,1.4808823048976445,0.004710963714348149,0.0008392973588001269
259,Phe_531.3,Duodenal ulcer,digestive,-7.733444920672636e-05,1.1988194521545963,0.0016127119868949227,0.25295119825016804
260,Phe_532,Dysphagia,digestive,0.00031066965751379505,1.5028275254831018,0.006319612264931628,7.469403243888015e-06
261,Phe_535,Gastritis and duodenitis,digestive,-0.00011847942209661358,1.670753748664472,0.013661744256341467,3.4952069834850997e-22
262,Phe_535.1,Acute gastritis,digestive,-7.600482055230732e-05,2.1316410867231443,0.0058179899133121455,3.7193292789615884e-05
263,Phe_535.6,Duodenitis,digestive,-9.89441100237527e-06,1.3887951955836133,0.00508736308452405,0.00031056616727000825
264,Phe_535.8,Other specified gastritis,digestive,8.658950233085018e-05,1.6557433709346696,0.009304296512311185,4.232037123623872e-11
265,Phe_537,Other disorders of stomach and duodenum,digestive,-2.3727150012827862e-05,1.4911342833344725,0.004397550656292725,0.0018250034312600584
266,Phe_540,Appendiceal conditions,digestive,8.071153280134924e-05,1.4068667010563993,0.0009718883890317814,0.4908568242779613
267,Phe_540.1,Appendicitis,digestive,8.091654791583137e-05,0.529716724721168,-0.001586055002918153,0.26087982789525455
268,Phe_540.11,Acute appendicitis,digestive,8.560450184714717e-05,0.8839434248330974,-0.0008035469554947011,0.5689397189801626
269,Phe_550,Abdominal hernia,digestive,4.486738298009062e-05,1.6345979129909545,0.005652005195406883,6.160110215033106e-05
270,Phe_550.1,Inguinal hernia,digestive,4.1507007117633246e-05,1.3801027870738354,0.007039401223753597,6.034458200888966e-07
271,Phe_550.2,Diaphragmatic hernia,digestive,3.64649176168639e-05,1.6792232641842781,0.017428345571670716,4.5525146367185956e-35
272,Phe_550.4,Umbilical hernia,digestive,1.7590188260850274e-05,1.1788085250048066,0.0016414270464623747,0.24459997082588764
273,Phe_550.5,Ventral hernia,digestive,5.319586037007615e-06,1.6553914319266625,0.005754103354188481,4.523593742689181e-05
274,Phe_555,Inflammatory bowel disease and other gastroenteritis and colitis,digestive,0.0006620927567931101,1.7892217058321325,0.00775125781500737,3.9126761682041964e-08
275,Phe_555.1,Regional enteritis,digestive,0.00045563619811704223,1.8895494531668746,0.005434659150040047,0.00011690957056360372
276,Phe_555.2,Ulcerative colitis,digestive,0.0007937637518867194,1.8865573955129789,0.007109656215774047,4.65738914364512e-07
277,Phe_556,Ulceration of the lower GI tract,digestive,3.1065477191203464e-05,2.132138668676161,0.0034742164454039156,0.013786082224644355
278,Phe_557,Intestinal malabsorption (non-celiac),digestive,-8.678286598566555e-05,1.4895763301710168,0.0012707605826739372,0.36768954259622333
279,Phe_557.1,Celiac disease,digestive,-8.513507843601668e-05,1.8385833447279936,0.005194156273904614,0.0002313862384713869
280,Phe_558,Noninfectious gastroenteritis,digestive,-4.1311276998320546e-05,1.3593713601386561,0.006504061656211816,4.014897811595389e-06
281,Phe_559,Ileostomy status,digestive,0.0013324491330987912,1.571454977481062,0.0034238713907145833,0.015220022729358284
282,Phe_560.4,Other intestinal obstruction,digestive,-4.607133379702413e-05,1.413782478379008,0.003639506595389341,0.009881160749734823
283,Phe_561,Symptoms involving digestive system,digestive,-5.189623302904031e-05,1.7010149920874278,0.012944807052179591,4.448224143328444e-20
284,Phe_561.2,Flatulence,digestive,-5.681537895336397e-06,1.5150162854728135,0.00330788472709012,0.01903319165952449
285,Phe_562,Diverticulosis and diverticulitis,digestive,-0.00026155780023746173,1.7269391246970536,0.019086435341130532,1.0246152114864405e-41
286,Phe_562.1,Diverticulosis,digestive,-0.0002609460408270197,1.7269391246970536,0.019086435341130532,1.0246152114864405e-41
287,Phe_563,Constipation,digestive,-0.001054964860252853,1.7039310803489862,0.01149469557956497,3.682795314779174e-16
288,Phe_564,Functional digestive disorders,digestive,-6.4046048903215034e-06,2.206300013673592,0.005276797302157555,0.00018357343985828952
289,Phe_564.1,Irritable Bowel Syndrome,digestive,-8.102924909379655e-05,1.7144492081732081,0.008134624523618711,8.092506451964062e-09
290,Phe_564.8,Abnormal findings on exam of gastrointestinal tract__ abdominal area,digestive,-4.026608116779273e-05,1.4339218299228687,0.002770712737838475,0.04951962228586016
291,Phe_564.9,Personal history of diseases of digestive system,digestive,2.52819643537202e-05,1.7580814511595768,0.014862668442199627,5.873895674201897e-26
292,Phe_565,Anal and rectal conditions,digestive,0.0008644392398674858,1.63581548003396,0.008636746294850513,9.212998613662206e-10
293,Phe_565.1,Anal and rectal polyp,digestive,0.0009457967535805516,1.5995396059749787,0.00788677728433867,2.2600087875336108e-08
294,Phe_568,Other disorders of peritoneum,digestive,0.0001657317159522605,0.7330723961965228,-0.0006245817518761339,0.6579466629349364
295,Phe_568.1,Peritoneal adhesions (postoperative) (postinfection),digestive,0.00011159617703855663,1.5169852512192623,0.004549550448959881,0.0012593958250916185
296,Phe_569,Other disorders of intestine,digestive,-3.0796982085328236e-05,1.7244962976605422,0.006665592022895085,2.299816822501225e-06
297,Phe_571,Chronic liver disease and cirrhosis,digestive,8.13475040030769e-05,2.035553132550555,0.009064010723259016,1.315452689966152e-10
298,Phe_571.5,Other chronic nonalcoholic liver disease,digestive,7.030194183986238e-05,1.4967213261238703,0.0033124280870935816,0.018869406669896612
299,Phe_572,Ascites (non malignant),digestive,0.0005881997957923746,1.4206233613389065,0.0026032176284449715,0.06498566765848446
300,Phe_573,Other disorders of liver,digestive,-8.649334519063171e-05,1.5863111694950636,0.003679763486659646,0.009094057320389221
301,Phe_573.7,Abnormal results of function study of liver,digestive,-7.026284334737257e-05,1.9553008812795498,0.008862977116589534,3.3240385200951737e-10
302,Phe_574,Cholelithiasis and cholecystitis,digestive,-7.225419694596002e-05,1.2577190263803875,0.004881281018703871,0.000539705489595983
303,Phe_574.1,Cholelithiasis,digestive,-6.949169946124506e-05,1.2656443502429424,0.003724745741314881,0.008281189956843918
304,Phe_574.11,Cholelithiasis with acute cholecystitis,digestive,-2.3411929747958103e-05,1.3440207747552906,0.002019821723115214,0.15220084364980824
305,Phe_574.12,Cholelithiasis with other cholecystitis,digestive,-5.2471230309662745e-05,1.2266078304159478,0.0024600289566554757,0.08118464414669259
306,Phe_574.2,Calculus of bile duct,digestive,-5.949383447219796e-05,1.2792832012056965,0.002105744464472735,0.13551327639061603
307,Phe_574.3,Cholecystitis without cholelithiasis,digestive,-5.762554813771013e-05,1.3539495359064182,0.00273490806841577,0.05253676498831342
308,Phe_575,Other biliary tract disease,digestive,-5.5525006001423216e-05,1.3146732077964278,0.0030027738455985727,0.03328791276865117
309,Phe_575.7,Other disorders of gallbladder,digestive,-6.830364887627449e-05,0.9618198023806956,-0.00021395303908951213,0.8794505553284054
310,Phe_575.8,Other disorders of biliary tract,digestive,-8.842653438830743e-05,1.2233145611529472,0.0011091402240660673,0.43172629395065243
311,Phe_577,Diseases of pancreas,digestive,-0.0006286026326421599,0.8641515663773579,-0.0005073731827345729,0.7190986147859537
312,Phe_577.1,Acute pancreatitis,digestive,-0.00017799645372732831,1.1855708031616676,0.0009670936997490202,0.49299828092578957
313,Phe_578.1,Hematemesis,digestive,-0.004766974060977278,1.243643346626652,0.0015818879290469504,0.26213461489466267
314,Phe_578.2,Blood in stool,digestive,-0.00010118189038890629,1.8316329275385954,0.006419164125153259,5.353738419033483e-06
315,Phe_578.9,Hemorrhage of gastrointestinal tract,digestive,-6.390156220438435e-05,1.6933303210944421,0.008271343194608953,4.533711368640346e-09
316,Phe_579,Other symptoms involving abdomen and pelvis,digestive,-6.888618149503811e-06,1.3693068338831347,0.001845707785570988,0.19074595355493973
317,Phe_579.8,Nonspecific abnormal findings in stool contents,digestive,-6.4902991443272e-06,1.5404701881185263,0.003606060532255734,0.010580669029861057
318,Phe_580,Nephritis; nephrosis; renal sclerosis,genitourinary,6.111051685638311e-05,2.823611264539645,0.010558925078128913,7.146153337006575e-14
319,Phe_580.1,Glomerulonephritis,genitourinary,0.0004446794083988683,3.2158829389532295,0.01006545491573756,9.656147553210595e-13
320,Phe_585,Renal failure,genitourinary,4.606359353063447e-05,2.1341313216375406,0.016413210319954106,2.7140718945415637e-31
321,Phe_585.1,Acute renal failure,genitourinary,-9.937058601609857e-06,1.759938739230958,0.009191584377757883,7.229661401506771e-11
322,Phe_585.2,Renal failure NOS,genitourinary,-8.335957103430395e-06,1.9703329187590903,0.0054616156085855036,0.00010811140956028449
323,Phe_585.3,Chronic renal failure [CKD],genitourinary,0.00020960250684697084,3.0881264404442264,0.018053176859868233,1.6720778724392353e-37
324,Phe_586,Other disorders of the kidney and ureters,genitourinary,2.9723011209931408e-06,2.120506571470383,0.005775901751234775,4.232240516884078e-05
325,Phe_586.2,"Cyst of kidney, acquired",genitourinary,4.3100324308899706e-07,1.8805641479369652,0.005073756517073948,0.00032230734216784053
326,Phe_590,Pyelonephritis,genitourinary,-0.00032606827351696645,2.086808156999697,0.006225469184665215,1.0189304994918212e-05
327,Phe_591,Urinary tract infection,genitourinary,0.0002795030038640751,1.9225628695222818,0.01583318432969167,3.093471897893426e-29
328,Phe_592,Cystitis and urethritis,genitourinary,-0.00023192446945972638,1.9193658325605119,0.007550717047183069,8.670698231924951e-08
329,Phe_592.1,Cystitis,genitourinary,-0.0001955578305994624,2.0395818852615153,0.00685700836895628,1.1690474949612552e-06
330,Phe_593,Hematuria,genitourinary,5.0765484085245304e-05,1.5887348633522573,0.010986879964645795,6.778266806788572e-15
331,Phe_594,Urinary calculus,genitourinary,0.00016174470615294714,1.7659879379050065,0.0024504013436570777,0.08238211000352699
332,Phe_594.1,Calculus of kidney,genitourinary,0.00020272968523200164,1.450821509039149,0.0037647402590285893,0.00761371901821881
333,Phe_594.3,Calculus of ureter,genitourinary,0.00012181263316643938,1.566469225966159,0.004067151782361528,0.003937692689336237
334,Phe_594.8,Renal colic,genitourinary,1.5764684130582256e-05,1.0552922484672953,0.0003417153718720583,0.8085994817053566
335,Phe_595,Hydronephrosis,genitourinary,9.013225506891063e-07,1.2306080355012845,0.0015901818377083987,0.2596412580174216
336,Phe_596,Other disorders of bladder,genitourinary,0.0001815340558967491,1.5728714073774908,0.00739696956669788,1.5748029249010142e-07
337,Phe_596.1,Bladder neck obstruction,genitourinary,6.18219462679684e-05,1.81722549896608,0.005164271099908137,0.00025138728753981157
338,Phe_596.5,Functional disorders of bladder,genitourinary,6.26791414638632e-05,1.488443572505487,0.0027833337646879647,0.04849134029363069
339,Phe_597,Other disorders of urethra and urinary tract,genitourinary,-0.00017977719374074328,2.897026157772012,0.007740530273874552,4.084848721822205e-08
340,Phe_597.1,Urethral stricture (not specified as infectious),genitourinary,-0.00016582209445285047,2.2700506353819803,0.01092733345349253,9.458278096853044e-15
341,Phe_598,Abnormal findings on examination of urine,genitourinary,7.034107475492337e-05,1.651012089514158,0.00548931612656749,9.972360979613226e-05
342,Phe_599,Other symptoms__disorders or the urinary system,genitourinary,-2.8889420361360183e-06,1.7026096423319454,0.008501886374000171,1.6715912495262352e-09
343,Phe_599.2,Retention of urine,genitourinary,7.582741412298042e-05,1.8951124249132278,0.01170150596294953,1.08422220831815e-16
344,Phe_599.3,Dysuria,genitourinary,4.685187864132619e-05,1.6584121915110244,0.003401830083247392,0.015888087024749878
345,Phe_599.4,Urinary incontinence,genitourinary,-0.001064609666449416,1.4285700440435845,0.005905165366320011,2.8384419644129912e-05
346,Phe_599.5,Frequency of urination and polyuria,genitourinary,3.7502911709480644e-05,1.6921587110742746,0.006384009947832274,6.025132485977895e-06
347,Phe_599.9,Other abnormality of urination,genitourinary,8.614282829142184e-06,1.9444280311519528,0.005848571152216258,3.384281934570802e-05
348,Phe_611.3,Lump or mass in breast,genitourinary,-3.9856539784053913e-05,1.5298902181492648,0.0029781605846564627,0.03475979838982521
349,Phe_613,Other nonmalignant breast conditions,genitourinary,0.0029305961948017825,0.0,-0.0005259699627792145,0.7092626820311138
350,Phe_681,Superficial cellulitis and abscess,dermatologic,-0.00014565734676174775,1.9344417139525494,0.003157853360687684,0.025186769766094335
351,Phe_681.3,Cellulitis and abscess of arm__hand,dermatologic,-7.046581780668653e-05,1.7074840232308879,0.00799637469456243,1.4404164818315434e-08
352,Phe_686,Other local infections of skin and subcutaneous tissue,dermatologic,-8.694137201493059e-05,3.036049710665579,0.011488100373113107,3.8279088498256296e-16
353,Phe_686.1,Carbuncle and furuncle,dermatologic,-5.446327689138146e-05,1.1442872246972906,0.0010497954818136028,0.4567717960187382
354,Phe_687,Symptoms affecting skin,dermatologic,-3.058480590583283e-05,1.4299932769641759,0.0010187855915377068,0.47017710868366513
355,Phe_687.1,Rash and other nonspecific skin eruption,dermatologic,-0.00015213092327376513,1.664272467040754,0.004741182961472727,0.0007768311805583314
356,Phe_687.4,Disturbance of skin sensation,dermatologic,6.774649216675144e-05,1.4781594761581365,0.0038340850684850177,0.006569895783833119
357,Phe_689,Disorder of skin and subcutaneous tissue NOS,dermatologic,0.01244019735796967,7.321097847176925,0.07232761499279988,0.0
358,Phe_695,Erythematous conditions,dermatologic,-1.9691630582293886e-05,3.8054229648293734,0.02114367211291252,8.551113313718448e-51
359,Phe_696,Psoriasis and related disorders,dermatologic,-5.00926101478917e-05,2.902189092897782,0.014013908363276012,2.9440052142855453e-23
360,Phe_696.4,Psoriasis,dermatologic,-5.570933636203923e-05,2.928633363358677,0.011755919391467059,7.831803290000991e-17
361,Phe_696.41,Psoriasis vulgaris,dermatologic,-9.774768964853541e-05,3.124543462922009,0.013545120586767078,7.823642067401258e-22
362,Phe_701,Other hypertrophic and atrophic conditions of skin,dermatologic,0.016670379987895258,8.427510635145481,0.04462673605660719,7.462864640462617e-220
363,Phe_701.2,Scar conditions and fibrosis of skin,dermatologic,0.01762326771797716,6.876296795255316,0.04138666151753578,2.354159885813988e-189
364,Phe_702,Degenerative skin conditions and other dermatoses,dermatologic,0.01653344436045451,11.862444229361913,0.00446627610653452,0.001545278016146543
365,Phe_702.1,Actinic keratosis,dermatologic,0.051728536706691475,130.48688652298105,1.0,0.0
366,Phe_702.2,Seborrheic keratosis,dermatologic,0.0075959070806058075,9.897330155070224,0.07262315379441686,0.0
367,Phe_703,"Diseases of nail, NOS",dermatologic,0.00011650020620593011,1.5381558332767904,0.0015059270028932724,0.2857401268427492
368,Phe_704,Diseases of hair and hair follicles,dermatologic,0.00025295188564739327,1.7675827494082321,0.007808132016085817,3.111094436544236e-08
369,Phe_706,Diseases of sebaceous glands,dermatologic,0.00027127791984975593,1.7731941232158774,0.01045737548523213,1.2331993633226398e-13
370,Phe_706.2,Sebaceous cyst,dermatologic,0.00022134197116619245,1.7673167474895852,0.010327978457992104,2.453390858078344e-13
371,Phe_707,Chronic ulcer of skin,dermatologic,-0.0006597361518120795,3.315810270389653,0.012887319466216034,6.488509677162959e-20
372,Phe_709,Diffuse diseases of connective tissue,dermatologic,-5.6637397012255394e-05,1.9151060459840499,0.0072218008785598165,3.0648583744171e-07
373,Phe_709.7,Unspecified diffuse connective tissue disease,dermatologic,-7.832560016104152e-05,1.682235122421707,0.004543972569946756,0.0012769016893754877
374,Phe_714,Rheumatoid arthritis and other inflammatory polyarthropathies,musculoskeletal,-7.185087593707543e-05,1.281376954399159,0.000862760460355128,0.5408099394541679
375,Phe_714.1,Rheumatoid arthritis,musculoskeletal,-7.574840639540658e-05,1.757618326824888,0.005970693349315751,2.3110006040069294e-05
376,Phe_715,Other inflammatory spondylopathies,musculoskeletal,0.0002465592475432927,0.9719693595752777,-8.056923737335535e-05,0.9544548253002679
377,Phe_716,Other arthropathies,musculoskeletal,-0.0003035275914959811,0.0,-0.0012210816357321067,0.3867131339305152
378,Phe_716.2,Unspecified monoarthritis,musculoskeletal,-0.00023776838406575025,1.543666949623122,0.010602220466540002,5.654201390544648e-14
379,Phe_716.9,Arthropathy NOS,musculoskeletal,-0.0003591093548003568,1.7189441717380023,0.018176367844995406,5.409678178002617e-38
380,Phe_717,Polymyalgia Rheumatica,musculoskeletal,-0.0003022496992730455,3.460131616111685,0.013532035079833804,8.560307511764175e-22
381,Phe_720,Spinal stenosis,musculoskeletal,2.3075439912008996e-05,2.3322052997851843,0.005530790452440805,8.830526883306792e-05
382,Phe_721,Spondylosis and allied disorders,musculoskeletal,-4.2457389488687366e-05,1.7429942340653206,0.00374422588464907,0.00794980870632297
383,Phe_721.1,Spondylosis without myelopathy,musculoskeletal,-4.9066749367603554e-05,2.7801329774655756,0.008430057072660275,2.287456425642064e-09
384,Phe_722,Intervertebral disc disorders,musculoskeletal,-9.311804633754398e-05,1.4065090473292647,0.005047123408093997,0.00034650121919220387
385,Phe_722.6,Degeneration of intervertebral disc,musculoskeletal,-2.3785109483132646e-05,1.687980052041335,0.00563592680370384,6.464121510745592e-05
386,Phe_722.9,Other and unspecified disc disorder,musculoskeletal,-2.154508818150351e-05,1.2616135437304798,0.00248261195692245,0.07843119982188476
387,Phe_724,Other and unspecified disorders of back,musculoskeletal,-3.306789383420447e-05,1.6131620586632271,0.002052450509188496,0.14568848792507144
388,Phe_726,Peripheral enthesopathies and allied syndromes,musculoskeletal,-0.00012377574936528495,1.5961698657245387,0.00822913101634622,5.427118414512113e-09
389,Phe_726.1,Enthesopathy,musculoskeletal,-0.00013673765523882715,1.5898493636671462,0.007329129603144058,2.0417036212473756e-07
390,Phe_727,"Other disorders of synovium, tendon, and bursa",musculoskeletal,-4.881611052217435e-05,1.3977172236585576,0.0017848208635645728,0.2057945162446863
391,Phe_727.1,Synovitis and tenosynovitis,musculoskeletal,-6.259411396415619e-05,1.8657302129051858,0.006304381980851105,7.85649903496037e-06
392,Phe_727.4,"Ganglion and cyst of synovium, tendon, and bursa",musculoskeletal,-8.107535075004478e-06,1.4946207121656194,0.0039014717498418528,0.005680723684766372
393,Phe_728,"Disorders of muscle, ligament, and fascia",musculoskeletal,-0.00013787414769403483,3.3892697798176896,0.0025993259420472744,0.06538773066593681
394,Phe_728.7,Fasciitis,musculoskeletal,-0.00012897570929174337,0.7351373888618651,-0.0006188782285659072,0.660874003730451
395,Phe_728.71,Contracture of palmar fascia [Dupuytren's disease],musculoskeletal,-0.00012072016384884183,1.5792108416797592,0.004295285223921435,0.0023281146015924153
396,Phe_729,Other disorders of soft tissues,musculoskeletal,-1.212186873955346e-05,1.793074018429471,0.003940208868626559,0.0052201856918673096
397,Phe_729.1,"Rheumatism, unspecified and fibrositis",musculoskeletal,2.58586462861596e-05,2.49868506107836,0.0040297621667937334,0.00428197465014307
398,Phe_733,Other disorders of bone and cartilage,musculoskeletal,8.760932304883121e-07,1.9589357442982975,0.004121304974051135,0.0034835162875571477
399,Phe_733.8,Malunion and nonunion of fracture,musculoskeletal,1.174837454734874e-05,0.0,-0.0018433532565116928,0.19131240885802267
400,Phe_735,Acquired foot deformities,musculoskeletal,0.00031513773190838427,0.6365213976730782,-0.0006452994524535692,0.6473576067402542
401,Phe_735.2,Acquired toe deformities,musculoskeletal,8.463646571662363e-05,2.20566069173396,0.008153106489701302,7.486858717619749e-09
402,Phe_735.21,Hammer toe (acquired),musculoskeletal,0.0005786718623431898,1.9374444918037277,0.006048233621600071,1.8071524714609162e-05
403,Phe_735.23,Hallux rigidus,musculoskeletal,0.0002111479825397305,2.030924303859627,0.005806915764617105,3.848246204217899e-05
404,Phe_735.3,Hallux valgus (Bunion),musculoskeletal,0.00020755993602531112,1.4529215735773418,0.00536930807058116,0.00014112347181250866
405,Phe_736,Other acquired deformities of limbs,musculoskeletal,-4.861520274286365e-05,0.991039644478337,-2.208571480213953e-05,0.9875088364917904
406,Phe_737,Curvature of spine,musculoskeletal,-4.083778914867751e-06,0.0,-0.0007438471778632482,0.5979893866858044
407,Phe_737.3,Kyphoscoliosis and scoliosis,musculoskeletal,-5.295314969698049e-06,1.6401982942832811,0.002125189009455398,0.1319406209634095
408,Phe_738,Other acquired musculoskeletal deformity,musculoskeletal,2.8375137603298678e-05,1.0673773948710106,0.00018479787413698727,0.8957765500312989
409,Phe_738.4,Acquired spondylolisthesis,musculoskeletal,1.8761987533196746e-05,1.9427328018309833,0.0023471036647213185,0.09615174300922724
410,Phe_740,Osteoarthrosis,musculoskeletal,-6.035945753309675e-05,1.6948465340814325,0.015932051907227393,1.3963981946295943e-29
411,Phe_740.1,Osteoarthritis; localized,musculoskeletal,-4.0913665929246885e-05,1.5534153157497743,0.00826699830057376,4.618615258789574e-09
412,Phe_740.11,"Osteoarthrosis, localized, primary",musculoskeletal,-8.199721084663305e-05,1.5367119252578414,0.0072880034964692315,2.387152526935363e-07
413,Phe_740.9,Osteoarthrosis NOS,musculoskeletal,-0.00021917255378793227,2.1542646359926114,0.0132897239051675,4.461436720735113e-21
414,Phe_741,Symptoms and disorders of the joints,musculoskeletal,-0.00013495085227681366,0.5474974259705498,-0.0015010673532315927,0.2872977240604922
415,Phe_741.4,Joint effusions,musculoskeletal,-0.00032038379561674543,2.0933725110638672,0.002622301000589468,0.06304351491699085
416,Phe_742,"Derangement of joint, non-traumatic",musculoskeletal,-6.328007342899533e-06,2.6097377304596208,0.0014111677582061867,0.3171456170089995
417,Phe_742.9,Other derangement of joint,musculoskeletal,-1.2843022409230573e-05,1.1898500290849334,0.0007401386568178011,0.5998159521110711
418,Phe_743,"Osteoporosis, osteopenia and pathological fracture",musculoskeletal,-1.816626722167952e-05,2.5630608499403817,0.015430227383857253,7.523841282816913e-28
419,Phe_743.1,Osteoporosis,musculoskeletal,-3.8407450701157195e-05,2.5889377180242126,0.015216076684329909,3.96923254145444e-27
420,Phe_743.11,Osteoporosis NOS,musculoskeletal,-2.6344861296755746e-05,2.5911347120143895,0.01523057793219748,3.5490465904926746e-27
421,Phe_745,Pain in joint,musculoskeletal,0.00024144203949454318,1.2678887759317996,0.001654588106658003,0.24083772646459364
422,Phe_747,Cardiac and circulatory congenital anomalies,congenital anomalies,-4.01055233598575e-05,0.0,-0.0007742230007378501,0.5831243709202529
423,Phe_747.1,Cardiac congenital anomalies,congenital anomalies,-3.960997494432411e-05,1.3048688652298104,0.0006548175208190595,0.6425164713208205
424,Phe_747.13,Congenital anomalies of great vessels,congenital anomalies,-3.171112558365885e-05,1.9314754287394784,0.006241951105893008,9.653139567406815e-06
425,Phe_751,Genitourinary congenital anomalies,congenital anomalies,0.0,2.172769618329009,0.00677475732356385,1.5669278312990647e-06
426,Phe_939,Atopic__contact dermatitis due to other or unspecified,dermatologic,0.000639547138272121,2.606671058625943,0.011660431772312754,1.384598745552144e-16
