,PheCode,description,category,f_score,RR,phi,pval
0,Phe_112,Candidiasis,infectious diseases,0.00011923381485087975,2.133653926075294,0.05168542548229799,2.8440970522253302e-294
1,Phe_153,Colorectal cancer,neoplasms,3.495011591557844e-05,1.5618326564064506,0.0025974393012851617,0.06558338274812876
2,Phe_153.2,Colon cancer,neoplasms,1.2407683328681421e-05,1.895887150526942,0.045441904137415556,6.87509644284304e-228
3,Phe_153.3,"Malignant neoplasm of rectum, rectosigmoid junction, and anus",neoplasms,1.7949112229920395e-06,1.859916750978137,0.0356984247954555,2.253899397648464e-141
4,Phe_158,Neoplasm of unspecified nature of digestive system,neoplasms,-6.549070993656777e-05,1.8427952496597046,0.025500931226346113,4.5899882359344226e-73
5,Phe_159,Malignant neoplasm of other and ill-defined sites within the digestive organs and peritoneum,neoplasms,0.0001057663499164866,1.9481683361208666,0.06308257741354736,0.0
6,Phe_165,Cancer within the respiratory system,neoplasms,0.00040375963095569997,2.1940797868609065,0.037635896779793905,6.389251715588218e-157
7,Phe_165.1,Cancer of bronchus; lung,neoplasms,0.00039476838874169794,1.9613697468240086,0.04482056876886334,9.448931749789181e-222
8,Phe_172,Skin cancer,neoplasms,-0.00022770640966420546,1.5784691642308009,0.062773583572396,0.0
9,Phe_172.2,Other non-epithelial cancer of skin,neoplasms,-0.0002469709839286783,1.6188406967826894,0.0604743303021505,0.0
10,Phe_174,Breast cancer,neoplasms,-0.0012738723227544956,1.2925735274844157,0.03035468484881155,9.562679677351058e-103
11,Phe_189,Cancer of urinary organs (incl. kidney and bladder),neoplasms,-5.12097853640414e-06,2.410174443191125,0.06890731750866838,0.0
12,Phe_189.11,"Malignant neoplasm of kidney, except pelvis",neoplasms,-0.00029533731463710463,2.4005372819373125,0.04092633812508732,3.297701312031673e-185
13,Phe_189.2,Cancer of bladder,neoplasms,8.378857327438379e-05,2.1821969562937684,0.029832085847299072,2.6504594128477184e-99
14,Phe_189.21,Malignant neoplasm of bladder,neoplasms,-1.930255592602738e-05,2.3997616301382436,0.0583062017698351,0.0
15,Phe_195,"Cancer, suspected or other",neoplasms,3.6870594837398926e-05,1.5265267447780677,0.013826529067207747,1.1066604633185927e-22
16,Phe_195.1,"Malignant neoplasm, other",neoplasms,3.135179943285332e-05,1.882639235779365,0.10473300537745446,0.0
17,Phe_197,Chemotherapy,neoplasms,0.00014256219004120925,1.7782163241798445,0.10063433140592924,0.0
18,Phe_198,Secondary malignant neoplasm,neoplasms,-0.0017371531415444463,1.818384394034922,0.026339940180346754,7.917683009730751e-78
19,Phe_198.1,Secondary malignancy of lymph nodes,neoplasms,-0.001979952949084981,1.6630798408393401,0.04592878531030374,9.294971513189307e-233
20,Phe_198.2,Secondary malignancy of respiratory organs,neoplasms,-0.0005285443099671557,1.8261885289186315,0.038220979959457266,8.889781525840292e-162
21,Phe_198.3,Secondary malignant neoplasm of digestive systems,neoplasms,-0.0002856305593053778,1.8152035207459465,0.031149146625278727,4.291688021774131e-108
22,Phe_198.4,Secondary malignant neoplasm of liver,neoplasms,-1.8506908726026697e-05,1.8226727408853263,0.04121025711685452,9.253157099123997e-188
23,Phe_198.6,Secondary malignancy of bone,neoplasms,1.783342571374402e-05,1.8403044408442073,0.03822999080897131,7.473249509440298e-162
24,Phe_199,Neoplasm of uncertain behavior,neoplasms,0.001925248730426213,1.8346618854766126,0.025810018641103424,8.41239830375874e-75
25,Phe_202,"Cancer of other lymphoid, histiocytic tissue",neoplasms,0.00014948389876371501,1.8789853480708314,0.027809741680512687,1.5283114344696398e-86
26,Phe_202.2,Non-Hodgkins lymphoma,neoplasms,0.0001477588173503993,1.6444366528429406,0.022609628197012697,7.96110871555563e-58
27,Phe_204,Leukemia,neoplasms,0.00021923825900924313,1.8589085183243212,0.016781309522747895,1.2315929539944716e-32
28,Phe_208,Benign neoplasm of colon,neoplasms,4.332352736052735e-06,1.8805461401795813,0.12119336289093484,0.0
29,Phe_211,Benign neoplasm of other parts of digestive system,neoplasms,0.0004507872201856214,1.9482281679759506,0.06687088145400608,0.0
30,Phe_214,Lipoma,neoplasms,0.0006448014978700006,1.5916685248915525,0.02281467814686625,7.5895014751780424e-59
31,Phe_214.1,Lipoma of skin and subcutaneous tissue,neoplasms,0.0006340311851497358,1.3703546266340383,0.02322640408972714,6.352547858851288e-61
32,Phe_215,Other benign neoplasm of connective and other soft tissue,neoplasms,-0.0001438191385491998,1.4045338533358662,0.011913385963120507,3.030307321285939e-17
33,Phe_216,Benign neoplasm of skin,neoplasms,0.00021179567316232425,1.1947016167939486,0.01620491147542206,1.5158696635875317e-30
34,Phe_228,"Hemangioma and lymphangioma, any site",neoplasms,0.00020030241787771458,1.504439405801414,0.017831432739737953,1.2505646557806673e-36
35,Phe_229,Benign neoplasm of unspecified sites,neoplasms,0.0004054002687039171,1.2520911204015772,0.010594042342240881,5.910341382136525e-14
36,Phe_241,Nontoxic nodular goiter,endocrine/metabolic,-0.00012536241471865583,1.871669904033641,0.0028877436644710996,0.04065307931292963
37,Phe_242,Thyrotoxicosis with or without goiter,endocrine/metabolic,0.00017259635926622317,2.226723951801134,0.04342408832278357,2.897700495087777e-208
38,Phe_244,Hypothyroidism,endocrine/metabolic,0.00039607910099716357,1.9697121919829303,0.11166619401676865,0.0
39,Phe_244.1,Secondary hypothyroidism,endocrine/metabolic,0.00018678709349955074,2.1362080376530437,0.03644575915051018,2.8389459137159597e-147
40,Phe_244.4,Hypothyroidism NOS,endocrine/metabolic,0.0003841846307043696,1.9717318091914373,0.10910635822872031,0.0
41,Phe_250.1,Type 1 diabetes,endocrine/metabolic,0.00042591329620852997,3.1852367800067567,0.10333926777903049,0.0
42,Phe_250.2,Type 2 diabetes,endocrine/metabolic,0.0008371363096330075,3.2262897452923394,0.3017107473698936,0.0
43,Phe_250.23,Type 2 diabetes with ophthalmic manifestations,endocrine/metabolic,0.0004344051946110393,3.7384208332866424,0.09966978527465895,0.0
44,Phe_250.7,Diabetic retinopathy,endocrine/metabolic,0.00042045431005033855,3.6938039131297815,0.09881943323585415,0.0
45,Phe_260,Protein-calorie malnutrition,endocrine/metabolic,-9.7987392798631e-05,1.9315522000704317,0.012982061309267778,3.479798362412248e-20
46,Phe_261,Vitamin deficiency,endocrine/metabolic,-0.00029154104737640085,2.3460862338755017,0.006138485970733743,1.3523723114062846e-05
47,Phe_272,Disorders of lipoid metabolism,endocrine/metabolic,0.0012620745718429243,3.169271323428718,0.4044989250025415,0.0
48,Phe_272.1,Hyperlipidemia,endocrine/metabolic,0.0012611100269977798,3.3872364558242816,0.1618739912957399,0.0
49,Phe_272.11,Hypercholesterolemia,endocrine/metabolic,0.0012328219852927845,3.1872436971891056,0.39105066538877276,0.0
50,Phe_274,Gout and other crystal arthropathies,endocrine/metabolic,0.0007838660573797067,3.058065049710308,0.09484405983575937,0.0
51,Phe_274.1,Gout,endocrine/metabolic,0.0008232771251868779,3.2327588405371364,0.09658715689982922,0.0
52,Phe_275,Disorders of mineral metabolism,endocrine/metabolic,8.178667106955838e-05,1.9447820096599555,0.0028722358436986547,0.04174454970166276
53,Phe_275.5,Disorders of calcium__phosphorus metabolism,endocrine/metabolic,0.00012604615806197607,2.458249457069224,0.048105879892377905,3.630227148044136e-255
54,Phe_276,"Disorders of fluid, electrolyte, and acid-base balance",endocrine/metabolic,0.0004410910344821597,2.7695831657087893,0.15731795618595376,0.0
55,Phe_276.1,Electrolyte imbalance,endocrine/metabolic,0.00027427599737295954,2.6671296132479387,0.019633616323432978,4.849467773407332e-44
56,Phe_276.12,Hyposmolality and__or hyponatremia,endocrine/metabolic,0.00030915251187173823,2.8112439226395707,0.0817711400891533,0.0
57,Phe_276.14,Hypopotassemia,endocrine/metabolic,9.438423966963297e-05,2.9558731173214574,0.07785141283868244,0.0
58,Phe_276.5,Hypovolemia,endocrine/metabolic,0.0005839113134228242,2.587195658804944,0.08576848447842657,0.0
59,Phe_277,Other disorders of metabolism,endocrine/metabolic,4.633865896776443e-05,2.1399612324089814,0.03367254248042183,5.392032727218615e-126
60,Phe_278,"Overweight, obesity and other hyperalimentation",endocrine/metabolic,0.0028673855292955233,1.1113040055199745,0.0001691858723534399,0.9045374229816184
61,Phe_278.1,Obesity,endocrine/metabolic,0.0028385549838815627,2.816963151475899,0.19508283504187848,0.0
62,Phe_280,Iron deficiency anemias,hematopoietic,0.00021952639071535937,2.074818746392587,0.0947352116670115,0.0
63,Phe_280.1,"Iron deficiency anemias, unspecified or not due to blood loss",hematopoietic,0.00023583883825630447,2.102103031969054,0.09499827595331467,0.0
64,Phe_281,Other deficiency anemia,hematopoietic,0.0002528388113490866,2.469564456711055,0.0033506985718496107,0.01753801212751832
65,Phe_281.1,Megaloblastic anemia,hematopoietic,0.0002613315644373683,1.3891300068999681,0.0011829958045867794,0.4016963994331998
66,Phe_285,Other anemias,hematopoietic,0.00026539315502941183,2.1459072053667954,0.1194740224168737,0.0
67,Phe_287,Purpura and other hemorrhagic conditions,hematopoietic,5.451538775848845e-05,2.6200279865239136,0.015132052150891206,7.575005154297693e-27
68,Phe_287.3,Thrombocytopenia,hematopoietic,-3.7467120883350177e-05,2.122629103968948,0.03845313724589018,1.0024772526229962e-163
69,Phe_288,Diseases of white blood cells,hematopoietic,0.00017849747122778957,1.8052624019800458,0.01853970963511102,1.8557003753308367e-39
70,Phe_289,Other diseases of blood and blood-forming organs,hematopoietic,-5.415820572241847e-05,2.119024415319046,0.023324152909617753,2.0153779383399864e-61
71,Phe_289.4,Lymphadenitis,hematopoietic,-4.146753809903365e-05,1.7472714895048567,0.036371023233012105,1.1185432529824074e-146
72,Phe_290,Delirium dementia and amnestic and other cognitive disorders,mental disorders,0.0008499411864367493,2.8881347036112333,0.0382100269515781,1.0977316257959534e-161
73,Phe_292,Neurological disorders,mental disorders,0.0006272863703521732,2.445932260953054,0.031800520220532855,1.3964535535663904e-112
74,Phe_292.1,Aphasia__speech disturbance,mental disorders,0.00011253954282741964,2.630239853728604,0.06097131220495385,0.0
75,Phe_292.4,Altered mental status,mental disorders,0.000825573859671513,2.591976262024081,0.07507652458754674,0.0
76,Phe_293,Symptoms involving head and neck,mental disorders,0.00023849650611213193,1.7180799403278613,0.029037113099547054,3.5159662110084826e-94
77,Phe_296,Mood disorders,mental disorders,0.00043418003390625426,2.26160113404065,0.010238712348812639,3.924251766983495e-13
78,Phe_296.1,Bipolar,mental disorders,-0.0003538475298106139,1.6666093757142975,0.020316718666960693,4.920071967302198e-47
79,Phe_296.2,Depression,mental disorders,0.00042761463909750434,1.68283177978739,0.012287723878629352,3.0179589723144027e-18
80,Phe_300,Anxiety disorders,mental disorders,0.0006671453853104909,1.8263290633351519,0.01427323937112904,4.576272403979667e-24
81,Phe_300.1,Anxiety disorder,mental disorders,0.0008500043263894905,2.1392970989725746,0.08652564321216275,0.0
82,Phe_306,Other mental disorder,mental disorders,0.0018445660394593763,2.3903492811314577,0.23798002902304208,0.0
83,Phe_317,Alcohol-related disorders,mental disorders,0.000669163385393262,2.097936687042602,0.07508825737514047,0.0
84,Phe_317.1,Alcoholism,mental disorders,0.0007040781880160615,2.0066504488973305,0.0863082073186476,0.0
85,Phe_318,Tobacco use disorder,mental disorders,0.0009959565213383437,1.9518485344607854,0.12547812942537992,0.0
86,Phe_327,Sleep disorders,neurological,0.0011083163581812295,1.7910651417431416,0.022283681087640273,3.1969088371072467e-56
87,Phe_327.3,Sleep apnea,neurological,0.0012574842964630576,2.5286497668949326,0.09691091953184788,0.0
88,Phe_331,Other cerebral degenerations,neurological,0.0006044807526941959,2.4168164780240224,0.02186562495842817,3.3715858008173635e-54
89,Phe_332,Parkinson's disease,neurological,-0.0007429226126193305,2.013880117330315,0.03398788624466909,2.493992675218987e-128
90,Phe_334,Degenerative disease of the spinal cord,neurological,5.6747694496815844e-06,2.058267292459899,0.03796280608786917,1.2622154669261554e-159
91,Phe_335,Multiple sclerosis,neurological,-0.0007425378626850871,1.3094823721928368,0.009918738482948091,2.046035936395095e-12
92,Phe_339,Other headache syndromes,neurological,0.000398442628366434,1.9260109799023237,0.07564462726835275,0.0
93,Phe_340,Migraine,neurological,0.0002589798747270675,1.7066360829526641,0.03513138029421171,5.596456907616867e-137
94,Phe_342,Hemiplegia,neurological,0.000530263035525484,3.0213012963079633,0.07638108695840823,0.0
95,Phe_345,"Epilepsy, recurrent seizures, convulsions",neurological,9.426720744962934e-05,1.9481887555542554,0.04979670438510866,2.7461997360106666e-273
96,Phe_345.3,Convulsions,neurological,0.00043281139147575835,1.962458814069487,0.042364382255330485,2.576019031429205e-198
97,Phe_348,Other conditions of brain,neurological,-2.6118151109324834e-05,2.484662230682214,0.017079138442758282,9.59862865271513e-34
98,Phe_350,Abnormal movement,neurological,-0.0002411971763874552,2.395186986014816,0.07611218720302428,0.0
99,Phe_350.2,Abnormality of gait,neurological,-0.0004498496227421204,2.6580352469287423,0.07180357392407444,0.0
100,Phe_351,Other peripheral nerve disorders,neurological,0.0002859250025501808,1.7354646316790754,0.07414488067319663,0.0
101,Phe_352,Disorders of other cranial nerves,neurological,3.4652034416400597e-05,2.432288012081454,0.011208582102518759,1.9306109020237886e-15
102,Phe_353,Nerve root and plexus disorders,neurological,0.0002604932418969208,2.1045934263829604,0.033443519752273436,2.5932710493394094e-124
103,Phe_357,Inflammatory and toxic neuropathy,neurological,0.00015607683359211556,2.4650032558675252,0.0532157625738458,0.0
104,Phe_361,Retinal detachments and defects,sense organs,3.0310474258116678e-05,1.5081982932056797,0.020700058045976143,9.279403158449214e-49
105,Phe_361.1,Retinal detachment with retinal defect,sense organs,0.0002169801378033627,1.5613455161182814,0.01898758134587375,2.652359748405753e-41
106,Phe_362,Other retinal disorders,sense organs,-0.00024159266740972325,2.456566749044154,0.042679314240111586,3.0196983019127377e-201
107,Phe_362.2,Degeneration of macula and posterior pole of retina,sense organs,-0.0002778737557245209,2.1084117502854287,0.053160652672399646,0.0
108,Phe_362.29,Macular degeneration (senile) of retina NOS,sense organs,-0.00027990674196057215,2.1084117502854287,0.053160652672399646,0.0
109,Phe_365,Glaucoma,sense organs,0.0006440198577392931,2.1198175677036954,0.06577656755420545,0.0
110,Phe_365.1,Open-angle glaucoma,sense organs,0.0007724809632245333,1.9355903276505853,0.030839222352170226,5.436190277317421e-106
111,Phe_365.11,Primary open angle glaucoma,sense organs,0.0008164690473623916,1.9380856143401377,0.030863452091438932,3.7296244298678474e-106
112,Phe_366,Cataract,sense organs,0.00034327770582695413,2.0694775078424694,0.13752468162178327,0.0
113,Phe_366.2,Senile cataract,sense organs,0.0004417114383481469,2.227194979174044,0.1160578659819561,0.0
114,Phe_367,Disorders of refraction and accommodation; blindness and low vision,sense organs,9.08424800142139e-05,1.3055879225689209,0.0027777143682697182,0.04894693732818973
115,Phe_367.1,Myopia,sense organs,0.00011725623492140628,1.6469301071713605,0.022475849171661937,3.6475794404009375e-57
116,Phe_368,Visual disturbances,sense organs,0.00013557072393850924,2.2346655590202746,0.038283549120811125,2.661292798297609e-162
117,Phe_371,Inflammation of the eye,sense organs,4.512118338566723e-05,2.4246632847708534,0.012949817004504873,4.303919643230597e-20
118,Phe_371.3,Inflammation of eyelids,sense organs,1.861371832141654e-05,1.280459436317739,0.012281370129799588,3.140282959481137e-18
119,Phe_374,Other disorders of eyelids,sense organs,0.00018404862284682373,1.5750515895725115,0.028470317372788156,1.3007020647614433e-90
120,Phe_374.1,Ectropion or entropion,sense organs,0.0008138125313663392,2.049691638264545,0.03177119305854242,2.233916667929962e-112
121,Phe_374.3,Ptosis of eyelid,sense organs,1.6004637209930615e-05,1.90320120081604,0.03567162556703058,3.649471813462798e-141
122,Phe_375,Disorders of lacrimal system,sense organs,-2.1285310806881073e-05,1.7284954782703563,0.027607050781896035,2.5940020589272676e-85
123,Phe_378,Strabismus and other disorders of binocular eye movements,sense organs,4.803199254915457e-05,1.4933147574174657,0.004242345052634795,0.0026357768672753694
124,Phe_379,Other disorders of eye,sense organs,2.66690279692431e-06,1.8603326964651556,0.013938377013932671,5.0310803840710875e-23
125,Phe_379.2,Disorders of vitreous body,sense organs,1.4977768743985599e-05,2.0184369752804487,0.03555318962416803,3.057066387209133e-140
126,Phe_379.3,Aphakia and other disorders of lens,sense organs,-0.00013792984763395005,2.3224154317896524,0.05729587508556373,0.0
127,Phe_380,Disorders of external ear,sense organs,-3.4786539212214494e-06,1.4448210626692308,0.010054701414019427,1.0206166461342452e-12
128,Phe_381,Otitis media and Eustachian tube disorders,sense organs,6.295390988213614e-05,1.641588060910128,0.02659408757556953,2.6635710639938265e-79
129,Phe_381.1,Otitis media,sense organs,8.33694745650097e-05,1.6331269500293537,0.018215742762519374,3.765588999338448e-38
130,Phe_384,Other disorders of tympanic membrane,sense organs,0.00018758764450662121,1.4758117193305262,0.008090174445490936,9.750715090812139e-09
131,Phe_384.4,Perforation of tympanic membrane,sense organs,0.000274184864663159,1.3955168115293934,0.011230743327333523,1.70056487387112e-15
132,Phe_386,Vertiginous syndromes and other disorders of vestibular system,sense organs,0.0005261986923384756,2.222608011039949,0.009199499602595886,6.964251958738405e-11
133,Phe_386.9,Dizziness and giddiness (Light-headedness and vertigo),sense organs,0.0007780314923689083,2.3223736691882078,0.08640953222258332,0.0
134,Phe_389,Hearing loss,sense organs,0.00026694119769400497,2.1873024534209176,0.06675661573151838,0.0
135,Phe_394,Rheumatic disease of the heart valves,circulatory system,0.0006022786230719815,3.1834850581502434,0.06807132841059306,0.0
136,Phe_394.2,Mitral valve disease,circulatory system,0.0006037070029712172,2.790512910482283,0.09614814959898493,0.0
137,Phe_394.3,Aortic valve disease,circulatory system,0.001180201840628924,3.0681199097783103,0.07259293192805433,0.0
138,Phe_394.7,Disease of tricuspid valve,circulatory system,5.965772865598928e-06,2.993184578192675,0.06864379086929627,0.0
139,Phe_395,Heart valve disorders,circulatory system,0.0005640540790843994,2.908550271170464,0.12113816449710034,0.0
140,Phe_395.1,Nonrheumatic mitral valve disorders,circulatory system,0.0005130470657243045,2.8103011756282013,0.09546776137066047,0.0
141,Phe_395.6,Heart valve replaced,circulatory system,0.001596127039415349,3.17185686733438,0.0795341611757626,0.0
142,Phe_396,Abnormal heart sounds,circulatory system,0.0,2.3185573811203253,0.0412785447843456,2.238060590652699e-188
143,Phe_401.1,Essential hypertension,circulatory system,0.025674221118532712,4.445216022079898,0.9999999999999998,0.0
144,Phe_401.2,Hypertensive heart and__or renal disease,circulatory system,0.0007371119848708033,3.6653535620658806,0.01529461201793629,2.1626373458706143e-27
145,Phe_401.22,Hypertensive chronic kidney disease,circulatory system,0.0007394240762698328,3.974596423977118,0.10326953636048694,0.0
146,Phe_402,Elevated blood pressure reading without diagnosis of hypertension,circulatory system,0.0010005264389073025,2.6856513466732714,0.06033163680304491,0.0
147,Phe_411.1,Unstable angina (intermediate coronary syndrome),circulatory system,0.0013498112859322326,3.38972798422689,0.15156732179415056,0.0
148,Phe_411.2,Myocardial infarction,circulatory system,0.001523130948136988,3.1393717689006118,0.21869949764207008,0.0
149,Phe_411.3,Angina pectoris,circulatory system,0.001459488851912316,3.3414228046249668,0.27492371350119305,0.0
150,Phe_411.4,Coronary atherosclerosis,circulatory system,0.0015475611290946493,3.1533572657253983,0.28226925722834395,0.0
151,Phe_411.8,"Other chronic ischemic heart disease, unspecified",circulatory system,0.0015061431151515922,3.4910445726827093,0.2863614160115637,0.0
152,Phe_411.9,Other acute and subacute forms of ischemic heart disease,circulatory system,0.0008875426692165164,3.285498772755093,0.07822632268472887,0.0
153,Phe_414,Other forms of chronic heart disease,circulatory system,0.0006860732912700586,3.136430522508484,0.09282376352452945,0.0
154,Phe_415,Pulmonary heart disease,circulatory system,0.000606228460458095,1.9656330483030786,0.05433875396247505,0.0
155,Phe_416,Cardiomegaly,circulatory system,0.0008553399182289958,3.273149348386441,0.11544531956551092,0.0
156,Phe_418,Nonspecific chest pain,circulatory system,0.0017518161494940905,2.216374626787551,0.19534022275321117,0.0
157,Phe_418.1,Precordial pain,circulatory system,0.0007479569165916633,2.58678599090911,0.09191901316757878,0.0
158,Phe_420,Carditis,circulatory system,0.0005858767986651675,2.963477348053266,0.005779623976742632,4.18430473188448e-05
159,Phe_420.2,Pericarditis,circulatory system,0.00042302119480917003,2.377435627237896,0.043706366926598864,5.893850465037697e-211
160,Phe_425,Cardiomyopathy,circulatory system,0.00016104005562640156,2.2992496665930506,0.00531772313574178,0.0001634943923888672
161,Phe_425.1,Primary__intrinsic cardiomyopathies,circulatory system,0.00017032138774059936,2.8145726600962115,0.05563183855056194,0.0
162,Phe_426,Cardiac conduction disorders,circulatory system,0.0008728816880478631,2.5735461180462567,0.01879993258506145,1.591845579025218e-40
163,Phe_426.2,Atrioventricular [AV] block,circulatory system,-5.862142297730085e-05,2.9262477331279726,0.020656001992547465,1.4700487401544883e-48
164,Phe_426.3,Bundle branch block,circulatory system,0.00040450159430318927,2.954274002251858,0.032657987322346455,1.2480273873120122e-118
165,Phe_426.31,Right bundle branch block,circulatory system,0.0003198413724860969,2.766851189408667,0.06904606133960758,0.0
166,Phe_426.32,Left bundle branch block,circulatory system,0.001335180160689458,3.0923891104223946,0.08702493768409546,0.0
167,Phe_426.9,Cardiac pacemaker__device in situ,circulatory system,0.0008479622923211776,3.825260078347687,0.03943125836953745,4.623625030772392e-172
168,Phe_426.91,Cardiac pacemaker in situ,circulatory system,0.0008652861474418939,3.0778250220101473,0.09666220647395678,0.0
169,Phe_427,Cardiac dysrhythmias,circulatory system,0.0008653841877005598,2.523657104876651,0.22994013271152786,0.0
170,Phe_427.1,"Paroxysmal tachycardia, unspecified",circulatory system,0.0006305831348288877,2.025668060694637,0.009799981134294321,3.728194100077141e-12
171,Phe_427.11,Paroxysmal supraventricular tachycardia,circulatory system,0.0006086755832440715,2.212209844906429,0.05406240629080501,0.0
172,Phe_427.2,Atrial fibrillation and flutter,circulatory system,0.0008877115341247098,2.7883071404216637,0.2051250309981817,0.0
173,Phe_427.3,Other specified cardiac dysrhythmias,circulatory system,0.0008270992376324662,2.570748336627269,0.08569814164718484,0.0
174,Phe_427.4,Cardiac arrest and ventricular fibrillation,circulatory system,9.552551202831785e-05,2.8395472969062396,0.061265821606465945,0.0
175,Phe_427.7,Tachycardia NOS,circulatory system,0.0005770851749019749,2.3854183647898233,0.06343923175390286,0.0
176,Phe_427.9,Palpitations,circulatory system,0.0006317877334998317,2.1947616780976804,0.06874518087082691,0.0
177,Phe_428,Congestive heart failure; nonhypertensive,circulatory system,0.00079110412891541,3.2962680686926733,0.16654613256569697,0.0
178,Phe_428.1,Congestive heart failure (CHF) NOS,circulatory system,0.0006550112056124083,3.4703987574652047,0.1131686201930966,0.0
179,Phe_428.2,Heart failure NOS,circulatory system,0.0009026103366895841,3.2989772262419637,0.14787455416841339,0.0
180,Phe_430,Intracranial hemorrhage,circulatory system,-0.00014912168025066677,2.2840060223946437,0.013131252573180634,1.2927710722037583e-20
181,Phe_433,Cerebrovascular disease,circulatory system,0.000898347531372834,3.022746895014331,0.07389638916675821,0.0
182,Phe_433.1,Occlusion and stenosis of precerebral arteries,circulatory system,0.0009442532945063667,3.4748224590899075,0.07368405327974739,0.0
183,Phe_433.2,Occlusion of cerebral arteries,circulatory system,0.0006892620402447062,2.992896381951875,0.10243936723086908,0.0
184,Phe_433.21,"Cerebral artery occlusion, with cerebral infarction",circulatory system,0.0004224944147089038,3.0354799946172193,0.08115434660097269,0.0
185,Phe_433.3,Cerebral ischemia,circulatory system,0.0009975333271407061,3.1874219431050177,0.06986704228595367,0.0
186,Phe_433.31,Transient cerebral ischemia,circulatory system,0.0007040826365310152,2.8521412176951713,0.07811854257914792,0.0
187,Phe_433.8,Late effects of cerebrovascular disease,circulatory system,-0.000225413282954093,3.315748058074456,0.07924197151500677,0.0
188,Phe_440,Atherosclerosis,circulatory system,0.0009303857731626073,3.3339120165599234,0.028609160486592334,1.7644398606393598e-91
189,Phe_442,Other aneurysm,circulatory system,0.0004942714346601082,2.7427928646875968,0.009081060945639844,1.2148797119475803e-10
190,Phe_442.1,Aortic aneurysm,circulatory system,0.0003688017923218021,3.255383039724465,0.05243476308294376,8.149250256654765e-303
191,Phe_443,Peripheral vascular disease,circulatory system,0.00041946015327060527,2.953473843091123,0.11640486397634449,0.0
192,Phe_443.1,Raynaud's syndrome,circulatory system,4.734004737781189e-05,1.8813365408914364,0.02839791619721071,3.672085284983222e-90
193,Phe_443.9,"Peripheral vascular disease, unspecified",circulatory system,0.0008247053396476146,3.3794824701196107,0.11447145369924558,0.0
194,Phe_447,Other disorders of arteries and arterioles,circulatory system,0.0009123285175992929,2.6810711834016274,0.036816582891316674,3.022453541696844e-150
195,Phe_451,Phlebitis and thrombophlebitis,circulatory system,0.0006279065633425677,2.0370470453687104,0.018308276430474127,1.602328150283461e-38
196,Phe_451.2,Phlebitis and thrombophlebitis of lower extremities,circulatory system,0.000633578988846899,1.8390991777624677,0.04577570916295982,3.1965670214630955e-231
197,Phe_454,Varicose veins,circulatory system,-9.783463408595418e-05,1.6534765796415796,0.013538621104078713,8.181342336536407e-22
198,Phe_454.1,Varicose veins of lower extremity,circulatory system,-0.00014437989024027305,1.1802280866985653,0.01664797145951191,3.80538161900072e-32
199,Phe_455,Hemorrhoids,circulatory system,0.0002778908682562286,1.5362204302861078,0.07572941525167559,0.0
200,Phe_458,Hypotension,circulatory system,0.0001543761081398654,2.3697582247817994,0.04346276108240984,1.2425789225287123e-208
201,Phe_458.1,Orthostatic hypotension,circulatory system,0.0003997679517805713,2.868175024488259,0.07032025340340836,0.0
202,Phe_458.9,Hypotension NOS,circulatory system,0.00013947759265872355,2.3786060806898504,0.08232025785569953,0.0
203,Phe_459,Other disorders of circulatory system,circulatory system,0.0008616577519924416,2.452532977699254,0.015731978251650482,6.947991176934648e-29
204,Phe_459.9,Circulatory disease NEC,circulatory system,0.0008970072011606853,2.6203175342668,0.20106859080480757,0.0
205,Phe_465,Acute upper respiratory infections of multiple or unspecified sites,respiratory,6.287521819206592e-05,1.908680325864815,0.030532240060376234,6.270765096855959e-104
206,Phe_470,Septal Deviations__Turbinate Hypertrophy,respiratory,-4.559187939665281e-05,1.3295136569766721,0.019572996649668408,8.840178535928271e-44
207,Phe_471,Nasal polyps,respiratory,0.0005977616453590398,1.4709357815302015,0.023438247011254965,5.24517235901123e-62
208,Phe_473,Diseases of the larynx and vocal cords,respiratory,0.000856530299486692,1.740886199526354,0.026024231742581515,5.116186886278868e-76
209,Phe_473.4,Voice disturbance,respiratory,2.046859577180174e-05,1.7331852368917582,0.02150508571956629,1.7460049042174662e-52
210,Phe_474,Acute and chronic tonsillitis,respiratory,-0.0001309626333253422,1.0678010017451711,0.0012222747445404234,0.38624933186264254
211,Phe_474.2,Chronic tonsillitis and adenoiditis,respiratory,-8.081843408877287e-05,1.2126240523329388,0.006015697857232187,2.0043018726449188e-05
212,Phe_475,Chronic sinusitis,respiratory,0.0005395955939407127,1.4954584765639163,0.022560217636698483,1.398220577698254e-57
213,Phe_476,Allergic rhinitis,respiratory,0.00023507749669201864,1.4497258014396377,0.015099382983561725,9.729678829335088e-27
214,Phe_477,Epistaxis or throat hemorrhage,respiratory,-0.00016396955402867494,2.6434419541733636,0.07445093647607601,0.0
215,Phe_479,Other upper respiratory disease,respiratory,1.592040010915163e-06,1.5788849236227989,0.033509892960628736,8.463281444969477e-125
216,Phe_480,Pneumonia,respiratory,0.00040973272703937754,2.4030045029262963,0.08648234267122909,0.0
217,Phe_480.1,Bacterial pneumonia,respiratory,0.0004181564082858511,2.4865060598441646,0.04405487368092064,2.6492840808352478e-214
218,Phe_480.11,Pneumococcal pneumonia,respiratory,0.0003917528984799127,2.274721265006216,0.09775931110142294,0.0
219,Phe_495,Asthma,respiratory,0.0006725851227846382,1.8793932752729878,0.1343705829263232,0.0
220,Phe_496,Chronic airway obstruction,respiratory,0.0007348659475964337,2.6810082921638236,0.1423002138268449,0.0
221,Phe_496.1,Emphysema,respiratory,0.0004202028274675405,2.4252457864608883,0.05721966612296391,0.0
222,Phe_496.2,Chronic bronchitis,respiratory,0.00030954839879648025,2.5211672961050167,0.025048847097921954,1.4613468861531964e-70
223,Phe_496.21,Obstructive chronic bronchitis,respiratory,0.0002927224528154392,2.718520549715529,0.08747638626973149,0.0
224,Phe_496.3,Bronchiectasis,respiratory,-0.00014183765122826166,2.079032319383157,0.0462307633166746,8.359846489181786e-236
225,Phe_506,Empyema and pneumothorax,respiratory,0.0002568574837784648,1.8954484206298632,0.02820688324989539,5.606617711089033e-89
226,Phe_507,Pleurisy; pleural effusion,respiratory,0.00033216000251940874,2.314366071633013,0.1026543444221083,0.0
227,Phe_508,Pulmonary collapse; interstitial and compensatory emphysema,respiratory,-0.00013927013299897223,2.383270995929524,0.06315476428086934,0.0
228,Phe_509.1,Respiratory failure,respiratory,0.00025768290631875325,2.7270296873043347,0.07333088008381454,0.0
229,Phe_509.2,Respiratory insufficiency,respiratory,0.00022383242810579472,2.6909167223961923,0.06684464643980335,0.0
230,Phe_512,Other symptoms of respiratory system,respiratory,0.0003822410913286667,2.3091389124708703,0.12107475357769916,0.0
231,Phe_512.7,Shortness of breath,respiratory,0.0003480714260069808,2.492662240867353,0.11082703622727373,0.0
232,Phe_512.8,Cough,respiratory,0.0005068463409837337,2.036152432800885,0.05387370739929438,0.0
233,Phe_514,Abnormal findings examination of lungs,respiratory,0.0002910918891338024,2.031568520896535,0.050233141871872326,4.563515293321266e-278
234,Phe_516,Abnormal sputum,respiratory,0.0007056317459695554,2.3221277727283045,0.011633364013381763,1.625977282158594e-16
235,Phe_516.1,Hemoptysis,respiratory,0.0006919699301226835,2.1349311664229886,0.047718769630567495,4.172709275450561e-251
236,Phe_519,"Other diseases of respiratory system, not elsewhere classified",respiratory,0.00015931837239970963,2.1008212707089933,0.010110623020342092,7.646781473660513e-13
237,Phe_519.8,"Other diseases of respiratory system, NEC",respiratory,0.00018784380619930104,2.2631817090997557,0.11484467614401081,0.0
238,Phe_520,Disorders of tooth development,digestive,-0.00022773905820692506,1.3335648066239696,0.0017927032681908288,0.2037991148831404
239,Phe_520.2,Disturbances in tooth eruption,digestive,-0.00022516234724999677,0.7694488663343048,-0.009679204476669579,6.814208926956628e-12
240,Phe_521,Diseases of hard tissues of teeth,digestive,2.8851881568926378e-05,1.1853909392213062,0.0007717625019887658,0.5843220296714267
241,Phe_521.1,Dental caries,digestive,2.4296714388149943e-05,1.6894619550863998,0.036343961034264266,1.8364663820675934e-146
242,Phe_522,Diseases of pulp and periapical tissues,digestive,0.00011361227626650987,1.2636714729434677,0.005654732976150017,6.109895558260225e-05
243,Phe_522.5,Periapical abscess,digestive,0.00013984435270792073,1.5568498510510242,0.017663876558853653,5.627691213535163e-36
244,Phe_523,Gingival and periodontal diseases,digestive,7.429191920497446e-05,1.8760210679736335,0.017614770320100254,8.72203556089244e-36
245,Phe_523.3,Periodontitis (acute or chronic),digestive,5.068160458237908e-05,1.2123316423854267,0.0005352262341571696,0.7043848765135647
246,Phe_525,Other diseases of the teeth and supporting structures,digestive,-1.5572500496278986e-05,1.6958962167570446,0.03290011491481368,2.2861358451900566e-120
247,Phe_528,"Diseases of the oral soft tissues, excluding lesions specific for gingiva and tongue",digestive,-1.6167470960107846e-05,1.5482101722962835,0.022231328670606162,5.756570146079831e-56
248,Phe_529,Diseases and other conditions of the tongue,digestive,-2.1898295661626313e-06,1.6624385123225633,0.01854391843592868,1.7839134742550727e-39
249,Phe_530,Diseases of esophagus,digestive,3.450705767099816e-05,1.7861594458754642,0.017750116528975745,2.5994516515706905e-36
250,Phe_530.1,"Esophagitis, GERD and related diseases",digestive,1.546862483336717e-05,1.843212576932719,0.07445808639581125,0.0
251,Phe_530.11,GERD,digestive,0.0007025635665997673,2.031964723643023,0.1236674139981084,0.0
252,Phe_530.12,Ulcer of esophagus,digestive,0.0010928566860185515,2.013778938983703,0.06397498772388101,0.0
253,Phe_530.14,Reflux esophagitis,digestive,4.123952663424657e-05,1.7365010713728668,0.06936481484430797,0.0
254,Phe_530.2,Esophageal bleeding (varices__hemorrhage),digestive,0.0001881917583593404,2.077618232883084,0.041918214285649305,3.358143417010592e-194
255,Phe_530.3,Stricture and stenosis of esophagus,digestive,0.0,1.8517846387887928,0.03471342334628122,8.756781683205119e-134
256,Phe_530.9,Heartburn,digestive,-3.0876817875578556e-05,1.5923606105207537,0.024678569549968332,1.5191162068422775e-68
257,Phe_531,Peptic ulcer (excl. esophageal),digestive,0.0006386243950654879,2.0357777290595997,0.08312786762713384,0.0
258,Phe_531.2,Gastric ulcer,digestive,0.0005644641447609196,2.12603554882226,0.06762818454096277,0.0
259,Phe_531.3,Duodenal ulcer,digestive,0.00035317953152598535,1.927831023945605,0.04613935258059265,7.020522814707473e-235
260,Phe_532,Dysphagia,digestive,4.2256044545315465e-05,1.8311359487300929,0.06403952794066878,0.0
261,Phe_535,Gastritis and duodenitis,digestive,0.00028198563454284097,1.8673134876684148,0.10829884078602785,0.0
262,Phe_535.1,Acute gastritis,digestive,5.330797654124554e-05,2.061812565667164,0.03346699991128194,1.7455064838331627e-124
263,Phe_535.6,Duodenitis,digestive,0.0003976114853843227,1.8447299814540212,0.06776327985022268,0.0
264,Phe_535.8,Other specified gastritis,digestive,-5.911500524158578e-06,1.8777355688162363,0.07635157429276204,0.0
265,Phe_537,Other disorders of stomach and duodenum,digestive,0.00017490890312005052,2.0034897701684917,0.055084348174447795,0.0
266,Phe_540,Appendiceal conditions,digestive,0.0004733177819411388,1.473750864463147,0.0069377544822360315,8.740893854510893e-07
267,Phe_540.1,Appendicitis,digestive,0.00048532633765067923,1.1970202819944515,0.004073561819593443,0.0038812596759510414
268,Phe_540.11,Acute appendicitis,digestive,0.0005566652911719373,1.1084361242154068,0.004602779404111464,0.0011031406462981938
269,Phe_550,Abdominal hernia,digestive,-8.726496308112872e-05,2.038587030677863,0.056708932624191785,0.0
270,Phe_550.1,Inguinal hernia,digestive,-0.00014285604630881772,1.548378081820511,0.06226147692560575,0.0
271,Phe_550.2,Diaphragmatic hernia,digestive,6.327189888003515e-05,1.8540970691208494,0.13435551770336338,0.0
272,Phe_550.4,Umbilical hernia,digestive,0.0011788256628372873,2.075909325945498,0.06054993783603892,0.0
273,Phe_550.5,Ventral hernia,digestive,0.0006750465080468497,2.042686863146663,0.0561223006396426,0.0
274,Phe_555,Inflammatory bowel disease and other gastroenteritis and colitis,digestive,-0.0004493638627712868,1.5374323522083082,0.0323594873461414,1.660167047645047e-116
275,Phe_555.1,Regional enteritis,digestive,-0.0004890896032788914,1.5522392729149501,0.020683982799309813,1.097682119690962e-48
276,Phe_555.2,Ulcerative colitis,digestive,-0.0005188858378105609,1.5692148126137473,0.027984825451049182,1.3023706965765064e-87
277,Phe_556,Ulceration of the lower GI tract,digestive,0.00034099969442803605,1.7214316948250585,0.013572415017617342,6.482969129819453e-22
278,Phe_557,Intestinal malabsorption (non-celiac),digestive,0.0001443601881965784,1.4918875690542126,0.00782733344021828,2.878361028787447e-08
279,Phe_557.1,Celiac disease,digestive,0.00014974318736557017,1.30636380681092,0.011633513597795722,1.6245355664632972e-16
280,Phe_558,Noninfectious gastroenteritis,digestive,0.0008416417210841128,1.6990787054951777,0.07756609444872606,0.0
281,Phe_559,Ileostomy status,digestive,-0.00036614040358371683,1.8947135818843779,0.032864279724257275,4.140054790300058e-120
282,Phe_560.4,Other intestinal obstruction,digestive,0.0001285889741200236,1.7820107568450314,0.042168466362880186,1.6723093249736517e-196
283,Phe_561,Symptoms involving digestive system,digestive,0.00025418757912529396,1.5610241402776694,0.0635118099677269,0.0
284,Phe_561.2,Flatulence,digestive,0.000162539922207997,1.6232530417707491,0.024541351543282217,8.344595492566841e-68
285,Phe_562,Diverticulosis and diverticulitis,digestive,0.00030810877537238124,1.9434596712366798,0.1518639834925824,0.0
286,Phe_562.1,Diverticulosis,digestive,0.00031004371106457324,1.9434596712366798,0.1518639834925824,0.0
287,Phe_563,Constipation,digestive,0.0007229682823445457,1.9052061753449592,0.09061905031034616,0.0
288,Phe_564,Functional digestive disorders,digestive,7.21857052160976e-06,1.8217511716897488,0.022037385878261942,5.026132901526586e-55
289,Phe_564.1,Irritable Bowel Syndrome,digestive,5.410631801832692e-05,1.7167878658080993,0.05003356659789631,7.080173580086027e-276
290,Phe_564.8,Abnormal findings on exam of gastrointestinal tract__ abdominal area,digestive,0.0002322583364680577,1.8663506451172895,0.03391394958286671,8.836604450893811e-128
291,Phe_564.9,Personal history of diseases of digestive system,digestive,-0.0001663683116884003,1.9807098967639116,0.11787620417057745,0.0
292,Phe_565,Anal and rectal conditions,digestive,-0.00015858374467764765,1.5857358536892558,0.04877817401633235,2.6909105576911894e-262
293,Phe_565.1,Anal and rectal polyp,digestive,-8.873990135590934e-05,1.8163508670988415,0.06583596751221837,0.0
294,Phe_568,Other disorders of peritoneum,digestive,0.0005712546449935836,2.060282706862874,0.015209752495175996,4.167591501832099e-27
295,Phe_568.1,Peritoneal adhesions (postoperative) (postinfection),digestive,0.0004169587452181304,1.8648701411531825,0.04666012528199002,3.603914767978708e-240
296,Phe_569,Other disorders of intestine,digestive,0.00031576916669169385,1.870123921183393,0.04907816670809871,1.6454728740476073e-265
297,Phe_571,Chronic liver disease and cirrhosis,digestive,0.0005887219444935123,2.5152934257838644,0.08131102355264275,0.0
298,Phe_571.5,Other chronic nonalcoholic liver disease,digestive,0.0007859017938211929,2.685361642813647,0.06890193569297176,0.0
299,Phe_572,Ascites (non malignant),digestive,0.00022886285166771317,2.0756290941808557,0.040811663087654826,3.498862092631307e-184
300,Phe_573,Other disorders of liver,digestive,0.00018528731436534773,2.1319604686289084,0.04355396154528048,1.681989792389626e-209
301,Phe_573.7,Abnormal results of function study of liver,digestive,0.00019087360375733413,2.1106550168026956,0.06317180663866537,0.0
302,Phe_574,Cholelithiasis and cholecystitis,digestive,-0.00019777618741373342,1.7511034334267042,0.08721511170495663,0.0
303,Phe_574.1,Cholelithiasis,digestive,-0.00022918784464927899,1.7894889669647494,0.0678651446108203,0.0
304,Phe_574.11,Cholelithiasis with acute cholecystitis,digestive,-0.0001679333948241921,1.9528691973400716,0.03429780464464778,1.2051081484115625e-130
305,Phe_574.12,Cholelithiasis with other cholecystitis,digestive,-0.00027529563326766395,1.7826769933642275,0.05208978195312311,7.234544472062937e-299
306,Phe_574.2,Calculus of bile duct,digestive,-0.00024150070478184951,1.8824376128361224,0.04078960785710529,5.506433634197665e-184
307,Phe_574.3,Cholecystitis without cholelithiasis,digestive,-0.00021909478897028193,1.840354026261872,0.03980781455939806,2.5113845709855595e-175
308,Phe_575,Other biliary tract disease,digestive,-0.00014516381705554724,1.9440229222244907,0.05522682317689869,0.0
309,Phe_575.7,Other disorders of gallbladder,digestive,-0.00020517858326331317,1.8545397556490584,0.029357375319554055,3.154294574303413e-96
310,Phe_575.8,Other disorders of biliary tract,digestive,-0.00017354491050431862,2.133703690598351,0.03452022670646693,2.5470090964250865e-132
311,Phe_577,Diseases of pancreas,digestive,-0.00016167341798944843,2.2029823332382716,0.02754462017911008,6.179328499116976e-85
312,Phe_577.1,Acute pancreatitis,digestive,-0.00010835726140537641,1.9638717008393871,0.030795183861952506,1.0773811781053907e-105
313,Phe_578.1,Hematemesis,digestive,0.00010034267955473519,2.274751307486634,0.05074009629096068,1.1352535730692744e-283
314,Phe_578.2,Blood in stool,digestive,0.0006501744559103232,2.087992033246264,0.051484581146858874,5.280729496969148e-292
315,Phe_578.9,Hemorrhage of gastrointestinal tract,digestive,8.272753310176756e-05,1.870872288188691,0.06369348086736587,0.0
316,Phe_579,Other symptoms involving abdomen and pelvis,digestive,0.00025791694241409464,1.528386002653397,0.01618943041386297,1.7211049712700516e-30
317,Phe_579.8,Nonspecific abnormal findings in stool contents,digestive,0.00015785783255528092,1.6947386084179612,0.028417598141917428,2.770101298143845e-90
318,Phe_580,Nephritis; nephrosis; renal sclerosis,genitourinary,0.000179488827869882,3.5774574616002126,0.09149210372213584,0.0
319,Phe_580.1,Glomerulonephritis,genitourinary,2.106518728728283e-05,3.68166136556132,0.07467843268044368,0.0
320,Phe_585,Renal failure,genitourinary,0.00015687681019116678,3.1231763459322286,0.18837398368037386,0.0
321,Phe_585.1,Acute renal failure,genitourinary,0.00013302918649274863,3.0952826186715625,0.15536710367707732,0.0
322,Phe_585.2,Renal failure NOS,genitourinary,0.0006303158116192581,3.042147350717124,0.07046802605952185,0.0
323,Phe_585.3,Chronic renal failure [CKD],genitourinary,7.423922122203949e-05,3.573152675419009,0.13638514342273028,0.0
324,Phe_586,Other disorders of the kidney and ureters,genitourinary,0.00041093677903930327,2.592827685542831,0.050336017296311486,3.3621284939023302e-279
325,Phe_586.2,"Cyst of kidney, acquired",genitourinary,0.0003412922288260427,2.5852930002891457,0.055999329889555326,0.0
326,Phe_590,Pyelonephritis,genitourinary,0.0001390252663127017,1.9988835922428894,0.03507831655660268,1.430852084915985e-136
327,Phe_591,Urinary tract infection,genitourinary,9.320725820516831e-07,2.179867864573388,0.12413959783033211,0.0
328,Phe_592,Cystitis and urethritis,genitourinary,0.0001379856433502949,1.9534022142534508,0.04800435710443468,4.246307466076096e-254
329,Phe_592.1,Cystitis,genitourinary,0.00010452379092694505,1.9960046365573683,0.04027559837722908,1.9978877233313565e-179
330,Phe_593,Hematuria,genitourinary,-5.293826742730949e-06,1.8815750888091731,0.10085991551837324,0.0
331,Phe_594,Urinary calculus,genitourinary,0.00010674804324189347,2.118997712780944,0.021945685701782507,1.3910429121020875e-54
332,Phe_594.1,Calculus of kidney,genitourinary,-0.00014627856465840284,2.0343016618724548,0.05295198895461676,8.759115495105585e-309
333,Phe_594.3,Calculus of ureter,genitourinary,-0.0002742139184817344,1.8677378244033185,0.0381950649243854,1.4641585787841618e-161
334,Phe_594.8,Renal colic,genitourinary,0.0002459768463487451,1.7597519149277074,0.028785695914068737,1.3722627130518521e-92
335,Phe_595,Hydronephrosis,genitourinary,0.0010729301870065534,2.1828540466148443,0.05000439507439491,1.4775004752682865e-275
336,Phe_596,Other disorders of bladder,genitourinary,-3.9201280328861205e-05,1.9791864914204498,0.07751161107399844,0.0
337,Phe_596.1,Bladder neck obstruction,genitourinary,-8.244024785366475e-05,1.9827211115892158,0.03807168291871634,1.5677289183065608e-160
338,Phe_596.5,Functional disorders of bladder,genitourinary,0.0001964564904153608,1.8465393551795775,0.02957349872180175,1.272830099516517e-97
339,Phe_597,Other disorders of urethra and urinary tract,genitourinary,0.000227669940853855,1.7682172890789603,0.01921702416507953,2.894850712953211e-42
340,Phe_597.1,Urethral stricture (not specified as infectious),genitourinary,0.00021370098807676555,1.8923147643773368,0.04706693348589131,2.417314928384147e-244
341,Phe_598,Abnormal findings on examination of urine,genitourinary,-0.00011909125573024423,1.7736256772216694,0.039991227036234825,6.285235181073228e-177
342,Phe_599,Other symptoms__disorders or the urinary system,genitourinary,6.922143286809952e-06,1.9958306802878516,0.0738739563001538,0.0
343,Phe_599.2,Retention of urine,genitourinary,2.2717767991275893e-05,2.2890063568059187,0.10330560773623133,0.0
344,Phe_599.3,Dysuria,genitourinary,-7.70927218598032e-06,1.928571480405548,0.029412690937861818,1.3901212573200041e-96
345,Phe_599.4,Urinary incontinence,genitourinary,0.00025538088000659714,1.68303982257566,0.05769802427113793,0.0
346,Phe_599.5,Frequency of urination and polyuria,genitourinary,-0.0010761538261797937,1.862525215461422,0.048771299955550886,3.186431244156109e-262
347,Phe_599.9,Other abnormality of urination,genitourinary,-0.0003086642947988439,1.913788130327592,0.034692139710757075,1.2705521405408212e-133
348,Phe_611.3,Lump or mass in breast,genitourinary,2.6054344241496967e-05,1.1053321715870386,0.003629342147062653,0.010089255813286697
349,Phe_613,Other nonmalignant breast conditions,genitourinary,8.926056928305032e-05,0.24695644567110545,-0.0024282069830712997,0.08519719847253758
350,Phe_681,Superficial cellulitis and abscess,dermatologic,0.0028834065802553965,2.0728365817245886,0.022226853171280824,6.053026843795767e-56
351,Phe_681.3,Cellulitis and abscess of arm__hand,dermatologic,0.0025417805674125007,2.2603899009182116,0.08733454843450891,0.0
352,Phe_686,Other local infections of skin and subcutaneous tissue,dermatologic,0.0002858843887353308,2.0922466104893753,0.037782023602449116,3.976720221401878e-158
353,Phe_686.1,Carbuncle and furuncle,dermatologic,-0.00023510809885812664,1.6957050303461756,0.031031775733271316,2.7001850673391408e-107
354,Phe_687,Symptoms affecting skin,dermatologic,5.585944662058639e-05,2.2774120441888797,0.018554822349194935,1.610519352864133e-39
355,Phe_687.1,Rash and other nonspecific skin eruption,dermatologic,0.00017093863296170536,2.0126987819377855,0.04431241461453773,8.55925075888511e-217
356,Phe_687.4,Disturbance of skin sensation,dermatologic,-0.00037726411178993537,2.0774340484003186,0.05296443433563242,6.282302425641565e-309
357,Phe_689,Disorder of skin and subcutaneous tissue NOS,dermatologic,3.9337347869372156e-05,1.5420553611273944,0.038024187310258986,3.897235735841071e-160
358,Phe_695,Erythematous conditions,dermatologic,0.00016820522216381,1.837937504904662,0.03871670255346808,5.96267638055952e-166
359,Phe_696,Psoriasis and related disorders,dermatologic,0.00041304231066004323,2.0660684676333716,0.04814989553612421,1.2478455992122947e-255
360,Phe_696.4,Psoriasis,dermatologic,0.000422787840868751,2.178266704086534,0.044030659930749366,4.534746567826812e-214
361,Phe_696.41,Psoriasis vulgaris,dermatologic,0.0004104352032412732,2.1237691143118327,0.043923709696891695,4.853249522381413e-213
362,Phe_701,Other hypertrophic and atrophic conditions of skin,dermatologic,1.837963406440707e-05,1.6883455207899698,0.025354963971364344,2.9841616455395715e-72
363,Phe_701.2,Scar conditions and fibrosis of skin,dermatologic,-2.8403067229760484e-05,1.4761942823558127,0.02056106065102918,3.949054563301901e-48
364,Phe_702,Degenerative skin conditions and other dermatoses,dermatologic,4.656577349385651e-05,2.0205527373090444,0.002572516240218189,0.06821359985880854
365,Phe_702.1,Actinic keratosis,dermatologic,-2.5486058132460633e-05,1.7037493764190936,0.03331937908806525,2.0932831676738768e-123
366,Phe_702.2,Seborrheic keratosis,dermatologic,5.693051910878136e-06,1.4913916947043306,0.02458939683044075,4.600814949460824e-68
367,Phe_703,"Diseases of nail, NOS",dermatologic,0.00020681003307539613,1.5108494534770576,0.008763820359597451,5.212673079359303e-10
368,Phe_704,Diseases of hair and hair follicles,dermatologic,-0.00011262450450293521,1.3066687072730345,0.01912476332333616,7.076720690170977e-42
369,Phe_706,Diseases of sebaceous glands,dermatologic,-0.0001097309287709692,1.3037057396828462,0.02518209294388039,2.701932928696169e-71
370,Phe_706.2,Sebaceous cyst,dermatologic,-0.0001091944471233515,1.2986761516147645,0.024645966747590495,2.2789849987619134e-68
371,Phe_707,Chronic ulcer of skin,dermatologic,0.0003810198354568306,3.1783183815070526,0.07431656711037592,0.0
372,Phe_709,Diffuse diseases of connective tissue,dermatologic,0.0001871770582525843,1.8212116388969135,0.03973139796409813,1.1615097904608547e-174
373,Phe_709.7,Unspecified diffuse connective tissue disease,dermatologic,0.00025291896353657093,1.7610489955069142,0.031075556128704288,1.3608139071866743e-107
374,Phe_714,Rheumatoid arthritis and other inflammatory polyarthropathies,musculoskeletal,0.0006406096862503736,2.386302545404593,0.02605939895412247,3.223775519484519e-76
375,Phe_714.1,Rheumatoid arthritis,musculoskeletal,0.0006375191026317658,2.2952350126478893,0.06257884392783465,0.0
376,Phe_715,Other inflammatory spondylopathies,musculoskeletal,0.00020075689848033209,2.458527297127988,0.02570132179346359,3.4522910355514816e-74
377,Phe_716,Other arthropathies,musculoskeletal,0.0015207361462091372,1.924732710591296,0.006922541773231726,9.235313438445915e-07
378,Phe_716.2,Unspecified monoarthritis,musculoskeletal,0.0010652150220246878,2.147968189773682,0.13724559601699923,0.0
379,Phe_716.9,Arthropathy NOS,musculoskeletal,0.001466231001710462,2.2307668126737683,0.19076222444325105,0.0
380,Phe_717,Polymyalgia Rheumatica,musculoskeletal,0.0005385012153688846,2.452689309480087,0.048987150531158125,1.5608855218120196e-264
381,Phe_720,Spinal stenosis,musculoskeletal,0.00034695934049692735,2.5860908224968844,0.0403690718838287,2.9901084026719184e-180
382,Phe_721,Spondylosis and allied disorders,musculoskeletal,0.00039390433715120495,2.5478348056122795,0.04781959253598604,3.6815712237575256e-252
383,Phe_721.1,Spondylosis without myelopathy,musculoskeletal,0.00039717474082604686,2.3341203030027784,0.03873269604523427,4.3641276399839987e-166
384,Phe_722,Intervertebral disc disorders,musculoskeletal,0.0003784418411485592,1.9075464320904179,0.06907918848139437,0.0
385,Phe_722.6,Degeneration of intervertebral disc,musculoskeletal,0.00027064490894546686,2.089631463370892,0.05472349144492816,0.0
386,Phe_722.9,Other and unspecified disc disorder,musculoskeletal,0.0003079109258365635,1.868801970608521,0.050544520573668004,1.6741950766580002e-281
387,Phe_724,Other and unspecified disorders of back,musculoskeletal,-0.0001971836204677522,2.1493352194672037,0.023585701637588233,9.120731167697252e-63
388,Phe_726,Peripheral enthesopathies and allied syndromes,musculoskeletal,0.0013129644237706124,1.766843859011673,0.06489265838206004,0.0
389,Phe_726.1,Enthesopathy,musculoskeletal,0.0011607702661132926,1.8297193373451015,0.06320437821598673,0.0
390,Phe_727,"Other disorders of synovium, tendon, and bursa",musculoskeletal,0.0008910391653998345,1.6699319562671995,0.018431284146223637,5.1119032443033524e-39
391,Phe_727.1,Synovitis and tenosynovitis,musculoskeletal,0.00018951114981092165,1.677170795608202,0.030231718154464828,6.251961660133956e-102
392,Phe_727.4,"Ganglion and cyst of synovium, tendon, and bursa",musculoskeletal,0.00037445134917051844,1.2961523809401296,0.014321089596962138,3.2341179455521966e-24
393,Phe_728,"Disorders of muscle, ligament, and fascia",musculoskeletal,0.00023058023114251464,2.136012893726704,0.007576759059288077,7.828149613424359e-08
394,Phe_728.7,Fasciitis,musculoskeletal,0.00020005464354176406,1.75304293828503,0.010787205546365758,2.057332524693178e-14
395,Phe_728.71,Contracture of palmar fascia [Dupuytren's disease],musculoskeletal,0.00021134812835619138,1.7403026982024032,0.03365652883444614,7.075224323085144e-126
396,Phe_729,Other disorders of soft tissues,musculoskeletal,0.0033039569392741878,1.957449903539243,0.02916260037944583,5.579398458719191e-95
397,Phe_729.1,"Rheumatism, unspecified and fibrositis",musculoskeletal,0.0006216254691683781,2.099655227450505,0.01812717991176111,8.496670912795922e-38
398,Phe_733,Other disorders of bone and cartilage,musculoskeletal,4.871783685042147e-05,1.7684470746723198,0.02024714871624675,1.0034719301776793e-46
399,Phe_733.8,Malunion and nonunion of fracture,musculoskeletal,-0.0007408097440029666,1.4281010749668448,0.004837929707378553,0.0006046873695555458
400,Phe_735,Acquired foot deformities,musculoskeletal,0.0002547596599497551,2.0599781565736115,0.011536764513843088,2.8767148935221087e-16
401,Phe_735.2,Acquired toe deformities,musculoskeletal,0.0013744385269129048,1.5944469910164882,0.02464426165597304,2.3278102324978925e-68
402,Phe_735.21,Hammer toe (acquired),musculoskeletal,-0.00017678401235605358,1.620342291641596,0.024536863767160858,8.821286981050653e-68
403,Phe_735.23,Hallux rigidus,musculoskeletal,0.0005083183063029382,1.5458800854995756,0.01885040407164753,9.847453054282472e-41
404,Phe_735.3,Hallux valgus (Bunion),musculoskeletal,-0.00017146633942938003,1.3269818678539367,0.023764224737949615,1.0811528770878737e-63
405,Phe_736,Other acquired deformities of limbs,musculoskeletal,0.00036441739391863883,2.059429195039548,0.016008948960983344,7.49671673279002e-30
406,Phe_737,Curvature of spine,musculoskeletal,-0.00029850991447337563,1.852173342533291,0.003886121093975694,0.005873142876904503
407,Phe_737.3,Kyphoscoliosis and scoliosis,musculoskeletal,-0.0002484454201880582,2.222608011039949,0.024881407889874658,1.203557451831252e-69
408,Phe_738,Other acquired musculoskeletal deformity,musculoskeletal,-8.179123994066387e-06,1.2999302477656962,0.0050432173692939635,0.00035018915449830113
409,Phe_738.4,Acquired spondylolisthesis,musculoskeletal,3.9576579403977215e-06,2.2722444182343895,0.019418642771432154,4.044238681243817e-43
410,Phe_740,Osteoarthrosis,musculoskeletal,0.0031872485574805346,2.073545877665595,0.15090655013750878,0.0
411,Phe_740.1,Osteoarthritis; localized,musculoskeletal,0.0031070284933579703,2.044635572514216,0.09566787997977073,0.0
412,Phe_740.11,"Osteoarthrosis, localized, primary",musculoskeletal,0.002984809212614447,1.9661678308960666,0.08043120323848856,0.0
413,Phe_740.9,Osteoarthrosis NOS,musculoskeletal,0.0032188267239077572,2.413941011990322,0.09980367312827096,0.0
414,Phe_741,Symptoms and disorders of the joints,musculoskeletal,0.0005576524662224664,1.4423638001713794,0.00899628843105168,1.8016077355546442e-10
415,Phe_741.4,Joint effusions,musculoskeletal,0.0005747439314816532,1.9016966939379245,0.013258046327121733,5.524198612864896e-21
416,Phe_742,"Derangement of joint, non-traumatic",musculoskeletal,6.45277821193541e-05,2.133703690598351,0.006092951867031957,1.5661291907365692e-05
417,Phe_742.9,Other derangement of joint,musculoskeletal,1.1733939756193652e-05,1.4367010243601697,0.010437375193757195,1.3722776080819182e-13
418,Phe_743,"Osteoporosis, osteopenia and pathological fracture",musculoskeletal,0.0001947923645391142,1.967764103035049,0.058569378366256114,0.0
419,Phe_743.1,Osteoporosis,musculoskeletal,0.00019253152715655085,1.9893038972814738,0.05808048028096084,0.0
420,Phe_743.11,Osteoporosis NOS,musculoskeletal,0.00018445696408201558,1.990992037044951,0.05815462542058734,0.0
421,Phe_745,Pain in joint,musculoskeletal,0.0011760368921820696,1.731294661231118,0.027690605248627632,8.093153564243133e-86
422,Phe_747,Cardiac and circulatory congenital anomalies,congenital anomalies,0.0012594797908375601,1.1397989800204869,0.0006635516557198281,0.6380873797916866
423,Phe_747.1,Cardiac congenital anomalies,congenital anomalies,0.0012632087354824393,2.089251530377552,0.014343002063014832,2.7577410282211328e-24
424,Phe_747.13,Congenital anomalies of great vessels,congenital anomalies,0.0013086461679561235,3.144550404603852,0.08810283480906034,0.0
425,Phe_751,Genitourinary congenital anomalies,congenital anomalies,0.0,2.023169549364764,0.03623542072042495,1.3366366608147543e-145
426,Phe_939,Atopic__contact dermatitis due to other or unspecified,dermatologic,0.0003051929689942167,1.903973255050673,0.04022054102569815,6.103024169168678e-179
