,PheCode,description,category,f_score,RR,phi,pval
0,Phe_112,Candidiasis,infectious diseases,-0.00015192870882855148,3.7010399634687055,0.0034431689931555295,0.01465555628299738
1,Phe_153,Colorectal cancer,neoplasms,8.248310698437147e-05,0.0,-0.00012926416883402228,0.9269904080606051
2,Phe_153.2,Colon cancer,neoplasms,9.559426312427621e-05,0.0,-0.0014182178361671714,0.31473392671068084
3,Phe_153.3,"Malignant neoplasm of rectum, rectosigmoid junction, and anus",neoplasms,6.766442970024072e-05,2.972311932900356,0.002289327767477184,0.1046220507311761
4,Phe_158,Neoplasm of unspecified nature of digestive system,neoplasms,0.00010245254869709682,2.7898345547412835,0.0015142116343285095,0.28309794727003007
5,Phe_159,Malignant neoplasm of other and ill-defined sites within the digestive organs and peritoneum,neoplasms,4.983310858472904e-05,1.7519628761888824,0.0013988144534117176,0.3214005794425195
6,Phe_165,Cancer within the respiratory system,neoplasms,0.0003267222688761886,2.57172613564249,0.0013851140238756773,0.3261629420475496
7,Phe_165.1,Cancer of bronchus; lung,neoplasms,0.00030682794478199366,4.720683905211489,0.004850085751619905,0.0005857671274098826
8,Phe_172,Skin cancer,neoplasms,0.00014178469760499457,1.3499199458425566,0.0010617081141353828,0.4516797361293279
9,Phe_172.2,Other non-epithelial cancer of skin,neoplasms,0.00012837245868660703,1.3769644497348583,0.0010299883817686238,0.46530932664497504
10,Phe_174,Breast cancer,neoplasms,-0.00033650753278710626,0.9812318095589578,-5.444435177395948e-05,0.9692139335233128
11,Phe_189,Cancer of urinary organs (incl. kidney and bladder),neoplasms,-0.00022770203120710782,4.3004278990158324,0.00450923098974987,0.0013910903727503976
12,Phe_189.11,"Malignant neoplasm of kidney, except pelvis",neoplasms,-8.245188239995268e-05,2.990460377538146,0.0016263030637843896,0.24897405345420445
13,Phe_189.2,Cancer of bladder,neoplasms,-0.00021875006155941152,8.014433811802233,0.004949098919003183,0.00045096397321223126
14,Phe_189.21,Malignant neoplasm of bladder,neoplasms,-0.0002401691425381634,2.952403614528619,0.0022738928654730526,0.10698242710358509
15,Phe_195,"Cancer, suspected or other",neoplasms,0.00037270816780389976,3.701039963468705,0.001983186120657707,0.1597744114572893
16,Phe_195.1,"Malignant neoplasm, other",neoplasms,0.00037946948602761264,1.8960506695161858,0.0029728475240969696,0.03508471523205765
17,Phe_197,Chemotherapy,neoplasms,-0.00015833212411768964,3.3816794113292583,0.008611302805169587,1.031599523131024e-09
18,Phe_198,Secondary malignant neoplasm,neoplasms,-0.00015652354766044045,0.0,-0.0008999060563912109,0.5235256071678659
19,Phe_198.1,Secondary malignancy of lymph nodes,neoplasms,-0.00020535005744989868,1.6183840153559765,0.00119761470398379,0.3959044637308944
20,Phe_198.2,Secondary malignancy of respiratory organs,neoplasms,-5.511777254451321e-05,3.5953822157350963,0.003357095616231958,0.017323688335647444
21,Phe_198.3,Secondary malignant neoplasm of digestive systems,neoplasms,-1.2645628916199682e-05,1.7526594817062537,0.0008041153876449708,0.5686663919273289
22,Phe_198.4,Secondary malignant neoplasm of liver,neoplasms,-9.164680568140384e-06,4.093743762703718,0.004333135670646973,0.002128705474659339
23,Phe_198.6,Secondary malignancy of bone,neoplasms,8.054872096511346e-05,3.716642998727848,0.0034557302505714557,0.014298123428359868
24,Phe_199,Neoplasm of uncertain behavior,neoplasms,3.6688473262999074e-05,8.014433811802233,0.006064710675839129,1.7144984390390766e-05
25,Phe_202,"Cancer of other lymphoid, histiocytic tissue",neoplasms,-0.00029334018177819445,0.0,-0.0008846165260515209,0.5306055687975166
26,Phe_202.2,Non-Hodgkins lymphoma,neoplasms,-0.0002622189535485377,0.0,-0.0009809636547347671,0.486817252136725
27,Phe_204,Leukemia,neoplasms,1.5088300938142424e-05,6.678694843168527,0.0031021814664848415,0.0278735561250065
28,Phe_208,Benign neoplasm of colon,neoplasms,6.250330468853838e-05,1.4317997130160554,0.0016616853752496584,0.23882588940761001
29,Phe_211,Benign neoplasm of other parts of digestive system,neoplasms,0.000380734709945967,2.082900695329582,0.002135268816147112,0.13011755055197857
30,Phe_214,Lipoma,neoplasms,-0.00020505928780526297,1.7211786788329668,0.0007775323867457874,0.5815153200986222
31,Phe_214.1,Lipoma of skin and subcutaneous tissue,neoplasms,-0.00012206184530074357,0.6561385228477565,-0.0006029585488772827,0.6690721741864558
32,Phe_215,Other benign neoplasm of connective and other soft tissue,neoplasms,-3.080084297379694e-05,2.9445147605151822,0.0016011473994582328,0.25637001360285855
33,Phe_216,Benign neoplasm of skin,neoplasms,0.0004250876126502126,1.8816437276919784,0.002051681566834624,0.14583946613562823
34,Phe_228,"Hemangioma and lymphangioma, any site",neoplasms,7.1613962080359036e-06,4.0927934972063404,0.003056806071598641,0.030242805080731974
35,Phe_229,Benign neoplasm of unspecified sites,neoplasms,0.0001510945290941917,4.351370776398054,0.00393791523634326,0.005246484886732637
36,Phe_241,Nontoxic nodular goiter,endocrine/metabolic,-0.00020848412945845523,0.0,-9.262885969299711e-05,0.9476467671748077
37,Phe_242,Thyrotoxicosis with or without goiter,endocrine/metabolic,-0.00038092180803393706,2.0407123131903835,0.001030040466196632,0.4652867607866499
38,Phe_244,Hypothyroidism,endocrine/metabolic,-0.0002207940759388005,2.610148572213991,0.0051842333178551,0.00023785550931013628
39,Phe_244.1,Secondary hypothyroidism,endocrine/metabolic,-0.0007131492174972405,7.450037064492216,0.005784836428029176,4.11804253179347e-05
40,Phe_244.4,Hypothyroidism NOS,endocrine/metabolic,-0.00021548887936997572,2.528816902896913,0.004799531494141542,0.0006682535220634894
41,Phe_250.1,Type 1 diabetes,endocrine/metabolic,-0.0002044997555447643,4.5892124898399045,0.004745760072906541,0.0007677552291759567
42,Phe_250.2,Type 2 diabetes,endocrine/metabolic,-4.5834921252642763e-05,3.0954624975359746,0.00794015018254783,1.8161963053703304e-08
43,Phe_250.23,Type 2 diabetes with ophthalmic manifestations,endocrine/metabolic,-0.00019171022726058374,5.792297761486502,0.004876933753183463,0.0005459155805025416
44,Phe_250.7,Diabetic retinopathy,endocrine/metabolic,-0.0001962912537101531,3.801585680458153,0.002873558332872738,0.041650512696024065
45,Phe_260,Protein-calorie malnutrition,endocrine/metabolic,-1.7340441393570162e-05,13.118864870509606,0.004722132102252647,0.0008156875125108179
46,Phe_261,Vitamin deficiency,endocrine/metabolic,-0.00011620854101185898,0.0,-0.00012750526382816592,0.9279811327842306
47,Phe_272,Disorders of lipoid metabolism,endocrine/metabolic,0.00042946046356281633,2.3779711901600864,0.00718428187856228,3.527819533570096e-07
48,Phe_272.1,Hyperlipidemia,endocrine/metabolic,0.0004325082500016449,3.375144407726821,0.004503097872852623,0.0014122009374434698
49,Phe_272.11,Hypercholesterolemia,endocrine/metabolic,0.00044142487518196026,2.3874970832968194,0.006935977310206719,8.797310240119565e-07
50,Phe_274,Gout and other crystal arthropathies,endocrine/metabolic,0.0001440588995731179,3.62296322999279,0.0033797374984484013,0.01658344698248183
51,Phe_274.1,Gout,endocrine/metabolic,0.00014080153726759922,4.108050882098069,0.0037592864074206013,0.007701804103650029
52,Phe_275,Disorders of mineral metabolism,endocrine/metabolic,-1.0266815256442961e-05,0.0,-8.500181755278936e-05,0.9519520735614231
53,Phe_275.5,Disorders of calcium__phosphorus metabolism,endocrine/metabolic,0.00014526319389432632,7.045186888371702,0.005575910579320867,7.729065568093853e-05
54,Phe_276,"Disorders of fluid, electrolyte, and acid-base balance",endocrine/metabolic,0.0001703367326047691,8.6040843475054,0.018901399979617303,6.053653148299601e-41
55,Phe_276.1,Electrolyte imbalance,endocrine/metabolic,0.00010835465582322704,0.0,-0.0003292840262258009,0.8154345649577703
56,Phe_276.12,Hyposmolality and__or hyponatremia,endocrine/metabolic,0.0001461180629799484,11.32176009372747,0.013029165532729002,2.5485841932167017e-20
57,Phe_276.14,Hypopotassemia,endocrine/metabolic,5.1642639638001986e-05,6.463253074034059,0.006080186058058205,1.6316133348257767e-05
58,Phe_276.5,Hypovolemia,endocrine/metabolic,0.0005055917490248312,11.449191159717474,0.015787729363047304,4.451966896775685e-29
59,Phe_277,Other disorders of metabolism,endocrine/metabolic,2.317915313232189e-05,5.853836117518231,0.004008765624940794,0.004487066005002908
60,Phe_278,"Overweight, obesity and other hyperalimentation",endocrine/metabolic,0.00016608006264605624,0.0,-4.2500401300837236e-05,0.9759654214534488
61,Phe_278.1,Obesity,endocrine/metabolic,0.00016527886993175853,3.2149591222129303,0.006649337601494557,2.433837464319247e-06
62,Phe_280,Iron deficiency anemias,hematopoietic,-0.0003023441076791852,1.0095286502384675,2.3482661215737216e-05,0.9867188270903893
63,Phe_280.1,"Iron deficiency anemias, unspecified or not due to blood loss",hematopoietic,-0.0002921153242705441,1.0543626048057473,0.00013101876877899999,0.9260022209827989
64,Phe_281,Other deficiency anemia,hematopoietic,-0.0002753673063324371,0.0,-6.375091912016548e-05,0.9639547682425604
65,Phe_281.1,Megaloblastic anemia,hematopoietic,-0.0002077639822776324,0.0,-8.500181755278936e-05,0.9519520735614231
66,Phe_285,Other anemias,hematopoietic,-0.00028072688732231395,3.644932687286021,0.007710426271043843,4.6081647496312634e-08
67,Phe_287,Purpura and other hemorrhagic conditions,hematopoietic,-0.0008206131902707306,0.0,-0.00026116504031957553,0.8531246105014301
68,Phe_287.3,Thrombocytopenia,hematopoietic,-0.0012465266993763404,8.71564724961192,0.007389372745315426,1.621445677043873e-07
69,Phe_288,Diseases of white blood cells,hematopoietic,-0.00024544083528194217,0.0,-0.0006437322027609562,0.6481561899785229
70,Phe_289,Other diseases of blood and blood-forming organs,hematopoietic,1.3733128411018452e-05,0.0,-0.0005827818894093894,0.6795194099940007
71,Phe_289.4,Lymphadenitis,hematopoietic,6.629675082184987e-05,2.167128120202177,0.001588310359752687,0.2602024315021658
72,Phe_290,Delirium dementia and amnestic and other cognitive disorders,mental disorders,0.0002771715011282917,31.129509862226186,0.017048107123408877,1.2548121478649777e-33
73,Phe_292,Neurological disorders,mental disorders,0.0001687304764313398,5.2726538235541005,0.0026273849841745257,0.06253427909766182
74,Phe_292.1,Aphasia__speech disturbance,mental disorders,7.69265048359552e-05,12.803141151634271,0.012342733904304338,2.137733753353022e-18
75,Phe_292.4,Altered mental status,mental disorders,0.00025257398375751585,17.304129533464646,0.021498339604581286,1.878671098237573e-52
76,Phe_293,Symptoms involving head and neck,mental disorders,0.00011278616886299705,3.1317503349848868,0.0024102201375269597,0.08753523997892348
77,Phe_296,Mood disorders,mental disorders,0.2022164828786817,4407.938596491228,1.0,0.0
78,Phe_296.1,Bipolar,mental disorders,2.930119268804929e-05,68.74514342625122,0.05772979897291837,0.0
79,Phe_296.2,Depression,mental disorders,0.1460554315422831,94.45582706766916,0.04702229620126983,6.966919897359605e-244
80,Phe_300,Anxiety disorders,mental disorders,0.000260874464200411,34.17006663946689,0.01601974485536996,6.868195912357159e-30
81,Phe_300.1,Anxiety disorder,mental disorders,0.0002557126338478349,14.856702449618073,0.029424389825770766,1.1687113908050888e-96
82,Phe_306,Other mental disorder,mental disorders,0.0002053109017722709,4.018437217612632,0.014445696061925303,1.3027115137605222e-24
83,Phe_317,Alcohol-related disorders,mental disorders,0.0004941113273109909,9.40330733346102,0.016068846610348794,4.6085410115759066e-30
84,Phe_317.1,Alcoholism,mental disorders,0.0005302689308333644,4.26162287769052,0.007818921963593187,2.9781560803346763e-08
85,Phe_318,Tobacco use disorder,mental disorders,0.0012869936462111492,5.43499791718428,0.016346822235157224,4.7069140672098815e-31
86,Phe_327,Sleep disorders,neurological,3.1399436712359664e-05,6.434946856191575,0.004280649980393549,0.0024097003479377796
87,Phe_327.3,Sleep apnea,neurological,4.902758784768579e-05,7.065033449133543,0.010750722446993688,2.5146648933699446e-14
88,Phe_331,Other cerebral degenerations,neurological,0.00019306850601842786,0.0,-0.00043150717853319097,0.7596927552433429
89,Phe_332,Parkinson's disease,neurological,-3.609542836113707e-05,13.646868719787085,0.011853873531550676,4.3447668444572116e-17
90,Phe_334,Degenerative disease of the spinal cord,neurological,1.6536572184259716e-05,0.0,-0.0010030039937619843,0.47708191850312553
91,Phe_335,Multiple sclerosis,neurological,-0.0001874527129221943,2.4875499980198805,0.0013330051395688866,0.34469295601608607
92,Phe_339,Other headache syndromes,neurological,4.085212908382231e-05,6.245197692717582,0.011980185480838186,2.018075135047445e-17
93,Phe_340,Migraine,neurological,0.02092482903292713,6.23323864693551,0.0072746092868417244,2.511383023246764e-07
94,Phe_342,Hemiplegia,neurological,-1.2549453604382322e-06,10.751069747539582,0.01030259842479172,2.8050393070054797e-13
95,Phe_345,"Epilepsy, recurrent seizures, convulsions",neurological,4.907201381988556e-05,11.182930900189163,0.014952655477333876,2.9752544337872356e-26
96,Phe_345.3,Convulsions,neurological,0.00012747142356265358,18.52075040542533,0.0215630979791648,9.29247821731999e-53
97,Phe_348,Other conditions of brain,neurological,-3.4661970373311664e-05,19.24864015935034,0.005869600397962014,3.170742072920722e-05
98,Phe_350,Abnormal movement,neurological,-5.56963905309894e-05,12.100223598211214,0.01693141451354195,3.422264726633541e-33
99,Phe_350.2,Abnormality of gait,neurological,-0.00011612442726353404,13.663789821733504,0.015334009429935347,1.5928811147822566e-27
100,Phe_351,Other peripheral nerve disorders,neurological,-0.00019474749260709666,2.0743240454076366,0.0030282686721774484,0.03181986762294394
101,Phe_352,Disorders of other cranial nerves,neurological,-5.4797171167702676e-05,0.0,-0.00021880641461952162,0.8767375915383289
102,Phe_353,Nerve root and plexus disorders,neurological,1.2690893087416063e-05,11.145230332468339,0.008588378280388758,1.1419340969939029e-09
103,Phe_357,Inflammatory and toxic neuropathy,neurological,3.829227571231461e-05,7.753629897082196,0.006859282454984566,1.1595636597391263e-06
104,Phe_361,Retinal detachments and defects,sense organs,-8.657245852008961e-05,0.0,-0.001138880325884284,0.4194803954784293
105,Phe_361.1,Retinal detachment with retinal defect,sense organs,-3.50577715042125e-05,0.0,-0.0009457560299315655,0.5025887431136409
106,Phe_362,Other retinal disorders,sense organs,-4.80349604989136e-05,2.9743175414920566,0.001617498083523025,0.25154562853709445
107,Phe_362.2,Degeneration of macula and posterior pole of retina,sense organs,-5.470089295569015e-05,1.115651378509549,0.00015508854671426268,0.9124583427009092
108,Phe_362.29,Macular degeneration (senile) of retina NOS,sense organs,-5.619153758645917e-05,1.115651378509549,0.00015508854671426268,0.9124583427009092
109,Phe_365,Glaucoma,sense organs,0.00017902883268960032,2.9869141768532796,0.003263193057201188,0.020711688254812233
110,Phe_365.1,Open-angle glaucoma,sense organs,0.00017743001191836992,0.0,-0.000921631742995912,0.513549345340724
111,Phe_365.11,Primary open angle glaucoma,sense organs,0.00018506133844757718,0.0,-0.0009199024041284128,0.5143398032869155
112,Phe_366,Cataract,sense organs,-0.00017810950731483017,1.139254547904246,0.0005006775402549974,0.722651497680278
113,Phe_366.2,Senile cataract,sense organs,-1.5450054462854074e-06,0.8803552219874632,-0.00031636941292774787,0.8225502598502799
114,Phe_367,Disorders of refraction and accommodation; blindness and low vision,sense organs,-2.020260287563079e-05,0.0,-0.0002541505937588046,0.8570263490304255
115,Phe_367.1,Myopia,sense organs,-1.534751192009681e-05,0.0,-0.0009714008416577489,0.49107434948989903
116,Phe_368,Visual disturbances,sense organs,-8.448278521299422e-05,13.284926451148971,0.010650626360020076,4.3469922999165705e-14
117,Phe_371,Inflammation of the eye,sense organs,0.00026989190234186005,0.0,-0.0002541505937588046,0.8570263490304255
118,Phe_371.3,Inflammation of eyelids,sense organs,0.0002726086791171513,2.6730979966593256,0.002048508979135347,0.1464636555067064
119,Phe_374,Other disorders of eyelids,sense organs,0.0002209103099485331,2.0950278500433592,0.0015158296385673858,0.28258386298013893
120,Phe_374.1,Ectropion or entropion,sense organs,2.307231422870145e-05,2.788069953504888,0.0015131989134010186,0.2834200386986359
121,Phe_374.3,Ptosis of eyelid,sense organs,7.217148865608273e-05,0.0,-0.0011042772469449062,0.43374821705276934
122,Phe_375,Disorders of lacrimal system,sense organs,0.0006019735116415176,3.5634103447786805,0.0027161328974337653,0.05417935634459314
123,Phe_378,Strabismus and other disorders of binocular eye movements,sense organs,-7.452032480766005e-05,34.43702028508772,0.008039872836259343,1.2026524306862864e-08
124,Phe_379,Other disorders of eye,sense organs,-4.35883156993486e-05,0.0,-0.0004529867599766046,0.7481265765170941
125,Phe_379.2,Disorders of vitreous body,sense organs,-0.00011823281771178422,0.0,-0.0009760771369287136,0.48899009848179387
126,Phe_379.3,Aphakia and other disorders of lens,sense organs,-6.830330300379754e-05,0.0,-0.001211421222693703,0.39048096768375984
127,Phe_380,Disorders of external ear,sense organs,-3.3478222403738804e-05,0.0,-0.0006320094388900575,0.654142247319969
128,Phe_381,Otitis media and Eustachian tube disorders,sense organs,7.667029699401469e-05,2.981358536686661,0.0022963158352782335,0.10356709189820257
129,Phe_381.1,Otitis media,sense organs,7.710829097478132e-05,0.0,-0.0008044439943715288,0.5685084120642575
130,Phe_384,Other disorders of tympanic membrane,sense organs,2.3484302806892686e-05,8.815877192982455,0.0037156962830101354,0.008439294988740716
131,Phe_384.4,Perforation of tympanic membrane,sense organs,4.689124992424791e-05,0.0,-0.0007939319568073715,0.5735725133056824
132,Phe_386,Vertiginous syndromes and other disorders of vestibular system,sense organs,0.00012426091556089482,0.0,-0.00021038593251019786,0.8814454187245473
133,Phe_386.9,Dizziness and giddiness (Light-headedness and vertigo),sense organs,0.00017567709539142835,4.235493503835086,0.005911364275276254,2.78402151101413e-05
134,Phe_389,Hearing loss,sense organs,3.448365422921481e-05,4.885044621157623,0.006107573290021302,1.4942049159570883e-05
135,Phe_394,Rheumatic disease of the heart valves,circulatory system,4.891986659905577e-05,0.0,-0.0008716732751337363,0.5366368210202102
136,Phe_394.2,Mitral valve disease,circulatory system,5.3796678853246584e-05,1.783507423221213,0.001176376441524506,0.40433559679192455
137,Phe_394.3,Aortic valve disease,circulatory system,0.0002471361627822771,0.0,-0.0009814277898044727,0.4866111407714263
138,Phe_394.7,Disease of tricuspid valve,circulatory system,0.0001312573825847983,2.1554711963282287,0.0011126346853051572,0.4302767495524985
139,Phe_395,Heart valve disorders,circulatory system,6.645523599703876e-05,1.9223456591762877,0.001636857311988985,0.24591588164573727
140,Phe_395.1,Nonrheumatic mitral valve disorders,circulatory system,5.1315334117473556e-05,1.8485798265847044,0.0012512334262249265,0.37509649245996834
141,Phe_395.6,Heart valve replaced,circulatory system,0.00018176214501073926,1.9073728240983245,0.0009290690700288244,0.5101570629568761
142,Phe_396,Abnormal heart sounds,circulatory system,0.0,2.606705261082926,0.0014063754914444468,0.31879185583213254
143,Phe_401.1,Essential hypertension,circulatory system,0.0004341800339062545,2.26160113404065,0.010238712348812639,3.924251766983495e-13
144,Phe_401.2,Hypertensive heart and__or renal disease,circulatory system,9.897718872999813e-05,0.0,-0.00016044395805688163,0.9094482087938324
145,Phe_401.22,Hypertensive chronic kidney disease,circulatory system,0.00011565138131383663,8.48496361211016,0.007265635366173669,2.598085056648528e-07
146,Phe_402,Elevated blood pressure reading without diagnosis of hypertension,circulatory system,0.00012242790570296126,3.9926980040681412,0.0029948838197191843,0.03375382213846028
147,Phe_411.1,Unstable angina (intermediate coronary syndrome),circulatory system,0.0003348474724184122,2.566858987620456,0.0027786045971405246,0.048874522696950605
148,Phe_411.2,Myocardial infarction,circulatory system,0.0005916224146015848,2.2717429633179322,0.0036349680476302775,0.009973600474690546
149,Phe_411.3,Angina pectoris,circulatory system,0.00027534045662150537,1.9344942493159083,0.0030679531276515053,0.0296452831226353
150,Phe_411.4,Coronary atherosclerosis,circulatory system,0.0004657825593414982,1.7264491565392028,0.002662517332829197,0.05910749368104697
151,Phe_411.8,"Other chronic ischemic heart disease, unspecified",circulatory system,0.0005959232513872866,2.820178244716077,0.005850414697390911,3.365028843807644e-05
152,Phe_411.9,Other acute and subacute forms of ischemic heart disease,circulatory system,0.00011073845027004213,4.364295640090325,0.0032196288100015875,0.02247060721578609
153,Phe_414,Other forms of chronic heart disease,circulatory system,0.00016854713573132444,1.3575419145337937,0.000434347263457377,0.7581602953132189
154,Phe_415,Pulmonary heart disease,circulatory system,-3.356694671219208e-05,3.251291607222001,0.003542167029503733,0.012040389600855675
155,Phe_416,Cardiomegaly,circulatory system,5.972707709191442e-05,3.98367699637707,0.0042368188474537025,0.0026699473490949224
156,Phe_418,Nonspecific chest pain,circulatory system,0.00037920552782594476,3.1174300523898455,0.009507648741617762,1.5851931507212397e-11
157,Phe_418.1,Precordial pain,circulatory system,0.0001626844745129002,6.140259232444684,0.008325527253224503,3.5944142810123295e-09
158,Phe_420,Carditis,circulatory system,5.0074021270460655e-05,0.0,-8.230257404996812e-05,0.9534760828313916
159,Phe_420.2,Pericarditis,circulatory system,3.8215986960661316e-05,5.075346685654839,0.0036155775804688497,0.010377273418850618
160,Phe_425,Cardiomyopathy,circulatory system,2.841922376498924e-05,0.0,-0.0001144386794502435,0.9353444391975253
161,Phe_425.1,Primary__intrinsic cardiomyopathies,circulatory system,2.887328960126975e-05,0.0,-0.000857213060388759,0.5434154822930322
162,Phe_426,Cardiac conduction disorders,circulatory system,0.0002146815662023392,0.0,-0.00033405389928355654,0.8128102709245196
163,Phe_426.2,Atrioventricular [AV] block,circulatory system,-0.00011603595831187631,0.0,-0.00029982915142510194,0.8316848960425736
164,Phe_426.3,Bundle branch block,circulatory system,0.0001503377077923483,0.0,-0.0004672439545078265,0.7404804598689455
165,Phe_426.31,Right bundle branch block,circulatory system,0.0001161699766915447,6.70408912013875,0.006232538476029815,9.955943168710157e-06
166,Phe_426.32,Left bundle branch block,circulatory system,9.835862963222877e-05,5.922658510569336,0.005724541507308666,4.9492120133905814e-05
167,Phe_426.9,Cardiac pacemaker__device in situ,circulatory system,0.00024655658928843846,0.0,-0.00039023114979577463,0.7820682440805656
168,Phe_426.91,Cardiac pacemaker in situ,circulatory system,0.00024903971458232777,0.0,-0.0013007309135276129,0.35649996333164147
169,Phe_427,Cardiac dysrhythmias,circulatory system,0.0005466563149403648,2.1702104687320047,0.004937774414106031,0.0004647666165047216
170,Phe_427.1,"Paroxysmal tachycardia, unspecified",circulatory system,8.557338697488489e-05,0.0,-0.0002671518200509041,0.8497973407533669
171,Phe_427.11,Paroxysmal supraventricular tachycardia,circulatory system,6.407993670135124e-05,1.2888709346465579,0.0003602144588880882,0.7984553249843787
172,Phe_427.2,Atrial fibrillation and flutter,circulatory system,0.0004989690076566485,1.2137508755827153,0.0006855263945356711,0.6270012213461065
173,Phe_427.3,Other specified cardiac dysrhythmias,circulatory system,1.5025034068058117e-05,2.592396743672551,0.002429158238217549,0.0850749679950993
174,Phe_427.4,Cardiac arrest and ventricular fibrillation,circulatory system,2.3433725188362578e-05,4.60840417824488,0.0033601774266277798,0.01722125904204096
175,Phe_427.7,Tachycardia NOS,circulatory system,-4.077037333769844e-06,6.1153421149989295,0.0065492472884735465,3.4398272289271718e-06
176,Phe_427.9,Palpitations,circulatory system,0.0002446091439796244,0.0,-0.0016087949865072732,0.25410559806314753
177,Phe_428,Congestive heart failure; nonhypertensive,circulatory system,0.0001524908171766886,4.435041628666412,0.006966003680079302,7.889566241442741e-07
178,Phe_428.1,Congestive heart failure (CHF) NOS,circulatory system,0.0001606832799081886,4.888204709166873,0.004980211788211937,0.00041498661543271976
179,Phe_428.2,Heart failure NOS,circulatory system,0.00013775275497501587,4.36923961702614,0.006059410947712284,1.743794512538903e-05
180,Phe_430,Intracranial hemorrhage,circulatory system,-2.011137209149348e-05,24.353251914316175,0.006677688983416601,2.20470481903015e-06
181,Phe_433,Cerebrovascular disease,circulatory system,0.0002552450766923337,7.665980167810832,0.006809032722241752,1.387422827094847e-06
182,Phe_433.1,Occlusion and stenosis of precerebral arteries,circulatory system,0.00023166543466656894,8.643016855865152,0.006362590989877077,6.4729401188438536e-06
183,Phe_433.2,Occlusion of cerebral arteries,circulatory system,0.0002344476710013456,7.779287176688688,0.009743296734456154,4.952377463026627e-12
184,Phe_433.21,"Cerebral artery occlusion, with cerebral infarction",circulatory system,3.8969932215715157e-05,8.052500176271883,0.00786190482906387,2.501209962865065e-08
185,Phe_433.3,Cerebral ischemia,circulatory system,0.00022787131238394555,15.027063397129186,0.012526977094417897,6.662149284420251e-19
186,Phe_433.31,Transient cerebral ischemia,circulatory system,0.0001216243412936971,1.4400322105492414,0.0005189245689330558,0.7129834323464495
187,Phe_433.8,Late effects of cerebrovascular disease,circulatory system,-9.915954895857465e-05,19.649057636662235,0.01784270043984636,1.1296914897708794e-36
188,Phe_440,Atherosclerosis,circulatory system,0.00022440518117476782,0.0,-0.0003427365046669108,0.8080386768120098
189,Phe_442,Other aneurysm,circulatory system,0.0002936135239606399,0.0,-0.00014569026948345933,0.9177438751427199
190,Phe_442.1,Aortic aneurysm,circulatory system,0.00029985233396842635,0.0,-0.0006500379757902502,0.6449455899666423
191,Phe_443,Peripheral vascular disease,circulatory system,-0.0002117980655390035,3.629127775803745,0.0043804118995540734,0.0019016617396773144
192,Phe_443.1,Raynaud's syndrome,circulatory system,-0.00018946050770130002,4.922321157444141,0.0035336829137149963,0.012247073360287795
193,Phe_443.9,"Peripheral vascular disease, unspecified",circulatory system,6.0794626882179184e-05,3.3267461105594176,0.00312970507742412,0.02651583403754881
194,Phe_447,Other disorders of arteries and arterioles,circulatory system,0.00029133806806055256,10.634351258121177,0.005899559414288123,2.8885263276441357e-05
195,Phe_451,Phlebitis and thrombophlebitis,circulatory system,-3.6150384085806425e-05,0.0,-0.0004936154358019875,0.7264053243198951
196,Phe_451.2,Phlebitis and thrombophlebitis of lower extremities,circulatory system,-3.588912579139576e-05,3.457206742346061,0.0037480313375701426,0.007886477389262294
197,Phe_454,Varicose veins,circulatory system,0.00023014063767745063,5.940618054570388,0.0028619722429198235,0.04248048181407169
198,Phe_454.1,Varicose veins of lower extremity,circulatory system,0.00021806972119223437,1.535867106791369,0.0013839986909801592,0.32655264811139106
199,Phe_455,Hemorrhoids,circulatory system,7.835814150569975e-05,1.2278380491619019,0.0008996782665925431,0.5236307306395112
200,Phe_458,Hypotension,circulatory system,3.2037553208170386e-05,12.6883667141371,0.010369718186844748,1.9669653201346395e-13
201,Phe_458.1,Orthostatic hypotension,circulatory system,4.080457800032898e-05,7.223168531734909,0.006549590647179779,3.4357758029162765e-06
202,Phe_458.9,Hypotension NOS,circulatory system,6.182598246150294e-05,2.1685496538986038,0.001950982765452476,0.16666410477500423
203,Phe_459,Other disorders of circulatory system,circulatory system,-9.424582678009884e-06,0.0,-0.0003028287232837769,0.830026605342955
204,Phe_459.9,Circulatory disease NEC,circulatory system,-4.1756515167331015e-06,4.178801007891827,0.011029280295315478,5.341022397522529e-15
205,Phe_465,Acute upper respiratory infections of multiple or unspecified sites,respiratory,-2.1801419999249274e-05,4.5279287072329,0.003314416428770078,0.0187981169542804
206,Phe_470,Septal Deviations__Turbinate Hypertrophy,respiratory,-1.161766467979591e-05,0.7303957906364917,-0.0004477651621753085,0.7509331686090465
207,Phe_471,Nasal polyps,respiratory,-2.7243529283902242e-05,2.073348352065488,0.0014936328648131217,0.2896916689121881
208,Phe_473,Diseases of the larynx and vocal cords,respiratory,-5.1911361580801146e-05,0.0,-0.0009821235880922742,0.48630224164150426
209,Phe_473.4,Voice disturbance,respiratory,1.0156802740643848e-05,0.0,-0.0008201007250024632,0.5610057562442714
210,Phe_474,Acute and chronic tonsillitis,respiratory,-7.508337231101561e-05,0.0,-0.0005040486513766089,0.7208619449052667
211,Phe_474.2,Chronic tonsillitis and adenoiditis,respiratory,-0.00010270147565012414,6.379071774951126,0.004255207013463502,0.0025577893170560476
212,Phe_475,Chronic sinusitis,respiratory,0.00016083356475902019,4.947181365310021,0.005025309718913453,0.0003675717235404289
213,Phe_476,Allergic rhinitis,respiratory,0.00011685035815757458,0.0,-0.0009387525415709917,0.5057579075776344
214,Phe_477,Epistaxis or throat hemorrhage,respiratory,0.0003237763448748403,1.2494157019532959,0.0003159215967326008,0.8227972632744767
215,Phe_479,Other upper respiratory disease,respiratory,2.331634749075804e-05,0.7686030682635097,-0.00037452268395573283,0.7906324417633779
216,Phe_480,Pneumonia,respiratory,0.0002773432196911308,2.0366264884450462,0.0017866126801350554,0.20533968264624214
217,Phe_480.1,Bacterial pneumonia,respiratory,0.00025325049755130105,2.9076112114058232,0.0015807270020395717,0.2624849339774723
218,Phe_480.11,Pneumococcal pneumonia,respiratory,0.00025363922272296236,3.0917404985409416,0.004485289051015603,0.0014751854591750274
219,Phe_495,Asthma,respiratory,-3.570987296982305e-05,1.885194663170181,0.0037818088805083297,0.007343850173062206
220,Phe_496,Chronic airway obstruction,respiratory,0.00016801648165021835,5.461227302169688,0.010559169896910425,7.136715466465597e-14
221,Phe_496.1,Emphysema,respiratory,0.0003070227142738076,7.9422317053896005,0.007792815384912976,3.3097344691756494e-08
222,Phe_496.2,Chronic bronchitis,respiratory,-0.00012943782560676057,0.0,-0.0004604160889270969,0.7441390905793137
223,Phe_496.21,Obstructive chronic bronchitis,respiratory,-0.00018345085499561344,11.897270165968228,0.015509348379787617,4.046452651810076e-28
224,Phe_496.3,Bronchiectasis,respiratory,-0.0002119698801190399,1.3958006955323712,0.00047414687621703876,0.7367875690034826
225,Phe_506,Empyema and pneumothorax,respiratory,0.000276511681713506,2.5747304886046893,0.0013869489995436766,0.3255224452014662
226,Phe_507,Pleurisy; pleural effusion,respiratory,0.00015934826301839685,2.130880110456941,0.00246954696165807,0.08001473755704032
227,Phe_508,Pulmonary collapse; interstitial and compensatory emphysema,respiratory,0.00032621780045590513,6.151184198285275,0.006575755501034362,3.140149866130904e-06
228,Phe_509.1,Respiratory failure,respiratory,0.005836280783789922,7.104994514009072,0.007247898479948811,2.7780341569242245e-07
229,Phe_509.2,Respiratory insufficiency,respiratory,0.0016542070374993766,6.552119801547718,0.006136814126077501,1.3597025850996274e-05
230,Phe_512,Other symptoms of respiratory system,respiratory,-0.0012716593108801242,3.0644734402747695,0.0053384710427259,0.00015412268150738416
231,Phe_512.7,Shortness of breath,respiratory,-0.0006790091280888999,3.765055388845807,0.00574020942410832,4.719117015673505e-05
232,Phe_512.8,Cough,respiratory,-0.007826463558691049,2.851804138338082,0.0026920801880406745,0.056346072426280924
233,Phe_514,Abnormal findings examination of lungs,respiratory,-0.00030413868958075206,6.494997931961534,0.007481686808709279,1.1351092141862004e-07
234,Phe_516,Abnormal sputum,respiratory,1.4091914725254971e-05,0.0,-0.000246020682446845,0.8615529262483762
235,Phe_516.1,Hemoptysis,respiratory,1.2687693837072863e-05,7.245132472865267,0.007341775487917588,1.9455662360832453e-07
236,Phe_519,"Other diseases of respiratory system, not elsewhere classified",respiratory,-0.0010068762713914057,30.191360249939915,0.0074964416885335595,1.0718099893630775e-07
237,Phe_519.8,"Other diseases of respiratory system, NEC",respiratory,-0.000913921738331662,4.751982100572691,0.009537741029930257,1.3684265500240753e-11
238,Phe_520,Disorders of tooth development,digestive,-5.666986037327728e-05,88.15877192982455,0.013097216866791252,1.6219975185693813e-20
239,Phe_520.2,Disturbances in tooth eruption,digestive,-5.6350162995824555e-05,0.0,-0.0011738487233109705,0.40534615093917137
240,Phe_521,Diseases of hard tissues of teeth,digestive,1.2792344716259203e-05,0.0,-0.00011639515372831916,0.9342415554619256
241,Phe_521.1,Dental caries,digestive,1.061141093659403e-05,0.9250658124850426,-0.00011044388722825163,0.937596725829519
242,Phe_522,Diseases of pulp and periapical tissues,digestive,4.211862807144011e-05,0.0,-0.0005996373634553068,0.6707875135594114
243,Phe_522.5,Periapical abscess,digestive,3.3882657691948535e-05,2.539135136227666,0.001365099775647982,0.333202043581751
244,Phe_523,Gingival and periodontal diseases,digestive,9.088680014425237e-06,12.61212760083327,0.006528508332696229,3.693212782089514e-06
245,Phe_523.3,Periodontitis (acute or chronic),digestive,2.4635183765336095e-06,0.0,-7.047943317946215e-05,0.9601534308477733
246,Phe_525,Other diseases of the teeth and supporting structures,digestive,3.517295311839207e-05,1.1479006761695907,0.00019550723261205325,0.8897741330003187
247,Phe_528,"Diseases of the oral soft tissues, excluding lesions specific for gingiva and tongue",digestive,8.403651169372703e-06,0.0,-0.0011338564084813505,0.4215346085280979
248,Phe_529,Diseases and other conditions of the tongue,digestive,-5.001460023995197e-05,0.0,-0.0007827005962779765,0.5790066551368568
249,Phe_530,Diseases of esophagus,digestive,0.000828001395853357,5.003335523826593,0.0025272737782031105,0.07320959884194511
250,Phe_530.1,"Esophagitis, GERD and related diseases",digestive,0.000620361151118683,2.6824516029157026,0.004153910208443163,0.003233597907284849
251,Phe_530.11,GERD,digestive,0.0003142163222520047,1.3024723586086364,0.001013481556930308,0.47249156692687666
252,Phe_530.12,Ulcer of esophagus,digestive,0.00021944663095784824,1.9443928524443002,0.001666323685591578,0.23751750855106166
253,Phe_530.14,Reflux esophagitis,digestive,0.00036856027098724245,0.5916299035623419,-0.001075373946664152,0.4458780101998011
254,Phe_530.2,Esophageal bleeding (varices__hemorrhage),digestive,7.699713401824445e-05,1.6914576348776778,0.0007520438227808737,0.5939612657293809
255,Phe_530.3,Stricture and stenosis of esophagus,digestive,0.0,3.0835527082834755,0.002374170267859745,0.09237698841624589
256,Phe_530.9,Heartburn,digestive,0.00011659938740868717,0.0,-0.0011648594850790807,0.4089521594528309
257,Phe_531,Peptic ulcer (excl. esophageal),digestive,6.51297974762311e-05,2.828450836505509,0.004103014846625825,0.0036312858505309535
258,Phe_531.2,Gastric ulcer,digestive,0.00019683545531187,2.858585341434,0.0031210294358985655,0.02693749649696173
259,Phe_531.3,Duodenal ulcer,digestive,4.603808160736991e-05,2.0767673010559378,0.001497146137902771,0.2885587073782891
260,Phe_532,Dysphagia,digestive,8.743308922373712e-06,3.9387854813761964,0.006331165551866776,7.187998292084314e-06
261,Phe_535,Gastritis and duodenitis,digestive,-0.00024025160725500632,1.2044958494530427,0.0007139568011788423,0.6127825514009174
262,Phe_535.1,Acute gastritis,digestive,-3.7748307192986494e-05,2.57172613564249,0.0013851140238756773,0.3261629420475496
263,Phe_535.6,Duodenitis,digestive,-0.00012888219589532823,1.6177405620666951,0.001385550495955755,0.32601051760667044
264,Phe_535.8,Other specified gastritis,digestive,-1.4542196693212044e-05,1.381041308527055,0.0009267574539292374,0.5112101707380268
265,Phe_537,Other disorders of stomach and duodenum,digestive,-5.277625240748328e-05,1.7075105932563348,0.0010858952698526913,0.4414403330406508
266,Phe_540,Appendiceal conditions,digestive,0.0001947022250861921,11.881236109140776,0.004455401787228285,0.0015867330070289366
267,Phe_540.1,Appendicitis,digestive,0.00020146033930107426,5.964734230705315,0.002870113752223614,0.041895818842937006
268,Phe_540.11,Acute appendicitis,digestive,0.0002005695199209971,1.421915676287493,0.0005007391710668944,0.7226187673388451
269,Phe_550,Abdominal hernia,digestive,0.00037236702290137304,0.8627791341732685,-0.000209492491919309,0.8819451834344767
270,Phe_550.1,Inguinal hernia,digestive,0.00034348128160883946,0.41257381097821305,-0.0018648004463959274,0.186198155066291
271,Phe_550.2,Diaphragmatic hernia,digestive,0.0003933098470755034,1.116640556425897,0.0005130238875805524,0.7161049154163476
272,Phe_550.4,Umbilical hernia,digestive,0.00019080394265357837,1.6253460901516326,0.0009840070226773605,0.4854666244508824
273,Phe_550.5,Ventral hernia,digestive,0.00019214483342735826,0.8876235595028652,-0.00016912062122076865,0.9045740646375944
274,Phe_555,Inflammatory bowel disease and other gastroenteritis and colitis,digestive,0.00012215007898899307,0.7110725272610466,-0.0004864143675687236,0.7302397927684754
275,Phe_555.1,Regional enteritis,digestive,0.00010217003213933544,1.8237230436455227,0.0008626364884992514,0.5408680991712834
276,Phe_555.2,Ulcerative colitis,digestive,3.095205120066407e-05,1.062153878672585,8.54386493860997e-05,0.951705452028083
277,Phe_556,Ulceration of the lower GI tract,digestive,0.00023445660307898093,0.0,-0.0005260192553326794,0.7092366743799152
278,Phe_557,Intestinal malabsorption (non-celiac),digestive,-0.0003723860780723268,0.0,-0.00044492593024147536,0.7524606336289542
279,Phe_557.1,Celiac disease,digestive,-0.000372186209362929,0.0,-0.0010617277632086186,0.4516713637303117
280,Phe_558,Noninfectious gastroenteritis,digestive,6.393648732589579e-05,2.587071464242137,0.00492359207335953,0.0004826084544677565
281,Phe_559,Ileostomy status,digestive,7.744091389801792e-06,3.7917751367666477,0.0028672149534893932,0.04210320356090676
282,Phe_560.4,Other intestinal obstruction,digestive,2.990587080135213e-05,1.7688357128777,0.0011591732678628388,0.4112429959663989
283,Phe_561,Symptoms involving digestive system,digestive,-7.100628973139037e-05,1.8669794987256365,0.0027442362571076183,0.05173627326399507
284,Phe_561.2,Flatulence,digestive,4.0531843638514294e-07,4.95273999605756,0.004351831259665565,0.0020361026151043088
285,Phe_562,Diverticulosis and diverticulitis,digestive,0.0011849805415963123,1.3915299114712474,0.0017621226048563868,0.21161970249769704
286,Phe_562.1,Diverticulosis,digestive,0.0009888447630666795,1.3915299114712474,0.0017621226048563868,0.21161970249769704
287,Phe_563,Constipation,digestive,0.00010856674217384434,5.519450869138143,0.012650200163215022,3.026106529965235e-19
288,Phe_564,Functional digestive disorders,digestive,0.00012487468319943658,3.549064892505015,0.0019113506358175503,0.1754468025735547
289,Phe_564.1,Irritable Bowel Syndrome,digestive,5.4254935268876044e-05,2.656665017171666,0.003233294388939625,0.021905374053386682
290,Phe_564.8,Abnormal findings on exam of gastrointestinal tract__ abdominal area,digestive,3.015230499719583e-05,3.3406128052226056,0.0025618516257852925,0.06936526965878893
291,Phe_564.9,Personal history of diseases of digestive system,digestive,9.65087913143454e-05,2.9602105999521364,0.0065876125330714555,3.0143644524498517e-06
292,Phe_565,Anal and rectal conditions,digestive,-1.7533082598279534e-05,1.1277345889027532,0.00029742123604603105,0.8330166366530144
293,Phe_565.1,Anal and rectal polyp,digestive,3.207285679575091e-06,1.6009946777412978,0.001355179175262939,0.3367272392207512
294,Phe_568,Other disorders of peritoneum,digestive,4.577050545024266e-05,0.0,-0.00040108848905191894,0.7761641980489875
295,Phe_568.1,Peritoneal adhesions (postoperative) (postinfection),digestive,1.3645602531491103e-05,0.8835314885731065,-0.00017568846607624524,0.9008869353829344
296,Phe_569,Other disorders of intestine,digestive,0.00028207298951811146,2.427278962825566,0.0022508980101248886,0.11057693486365124
297,Phe_571,Chronic liver disease and cirrhosis,digestive,1.9054702146078277e-05,8.037165188091786,0.010558206799494195,7.173914151838923e-14
298,Phe_571.5,Other chronic nonalcoholic liver disease,digestive,8.379857347893876e-05,7.660651019275683,0.007613681872261637,6.768131936416869e-08
299,Phe_572,Ascites (non malignant),digestive,9.390157403178897e-05,5.332183786078098,0.004595876544725793,0.0011223398424714942
300,Phe_573,Other disorders of liver,digestive,-5.784478160960227e-05,3.457206742346061,0.0026434909674980483,0.06094344113629821
301,Phe_573.7,Abnormal results of function study of liver,digestive,-6.043937932551389e-05,6.366403461261929,0.008534285458070338,1.4498602810757498e-09
302,Phe_574,Cholelithiasis and cholecystitis,digestive,-8.066152530438952e-05,2.173734625724178,0.0038106726261537146,0.006906963760642852
303,Phe_574.1,Cholelithiasis,digestive,-8.234785199937513e-05,1.7667088563091096,0.0018427691071879228,0.19145313561139093
304,Phe_574.11,Cholelithiasis with acute cholecystitis,digestive,-8.885379290901558e-05,1.9739984758133577,0.000980236886272374,0.48714008749357485
305,Phe_574.12,Cholelithiasis with other cholecystitis,digestive,-9.64258499096718e-05,2.3344041289507365,0.0024831163985869565,0.07837057428084954
306,Phe_574.2,Calculus of bile duct,digestive,-9.998113298674057e-05,0.0,-0.0012924246972368838,0.3595794231158078
307,Phe_574.3,Cholecystitis without cholelithiasis,digestive,-0.0001048251534084602,2.2868682731472,0.0017044327625417353,0.22695913966327994
308,Phe_575,Other biliary tract disease,digestive,-8.92614237397627e-05,4.516330529191832,0.005751709497362785,4.556724341839153e-05
309,Phe_575.7,Other disorders of gallbladder,digestive,-0.00010169667208782497,2.166063192378982,0.0011200741366130934,0.42720020348972
310,Phe_575.8,Other disorders of biliary tract,digestive,-8.682702377468461e-05,5.509923245614035,0.0038395732641880857,0.006493054695021667
311,Phe_577,Diseases of pancreas,digestive,-8.817305346983195e-05,0.0,-0.0006402023561494,0.6499562853521796
312,Phe_577.1,Acute pancreatitis,digestive,-6.474370302944438e-05,0.0,-0.0008933122740314203,0.5265729668697345
313,Phe_578.1,Hematemesis,digestive,0.00017312796550075438,4.847439805525544,0.004281908516366992,0.0024025830017843767
314,Phe_578.2,Blood in stool,digestive,0.00027564312622085425,2.2916239129145977,0.001708941809270426,0.2257323773864863
315,Phe_578.9,Hemorrhage of gastrointestinal tract,digestive,0.00015712042694409446,4.847617504114405,0.00786814099794422,2.4384873929789124e-08
316,Phe_579,Other symptoms involving abdomen and pelvis,digestive,0.00010418497614250391,2.720949750920511,0.001474307871654808,0.2959771033047047
317,Phe_579.8,Nonspecific abnormal findings in stool contents,digestive,7.01280774953491e-05,4.591602704678362,0.004107654935964331,0.003593267513006053
318,Phe_580,Nephritis; nephrosis; renal sclerosis,genitourinary,-0.00029781134133966686,8.117750638105392,0.007064389000159238,5.50485709020896e-07
319,Phe_580.1,Glomerulonephritis,genitourinary,-0.0001742988152633856,9.875889312527024,0.006911031405368499,9.627187689099436e-07
320,Phe_585,Renal failure,genitourinary,-8.524207326829447e-07,7.641135643601013,0.01647467800847333,1.6269582600254668e-31
321,Phe_585.1,Acute renal failure,genitourinary,-6.884678509895133e-05,7.077614959041791,0.012600546205766653,4.1627934038178255e-19
322,Phe_585.2,Renal failure NOS,genitourinary,2.9744613036501898e-05,12.88243135847412,0.011464366847668153,4.3982819491064e-16
323,Phe_585.3,Chronic renal failure [CKD],genitourinary,1.8039856907553376e-05,10.065875972888417,0.013435412723910177,1.659244866791211e-21
324,Phe_586,Other disorders of the kidney and ureters,genitourinary,6.0198777017637626e-05,2.5582928592520187,0.0013768887910351165,0.3290440106649841
325,Phe_586.2,"Cyst of kidney, acquired",genitourinary,3.502765148938846e-05,4.098501716867715,0.003060305329603805,0.030054127691289925
326,Phe_590,Pyelonephritis,genitourinary,0.00013057815154372305,4.146696704130976,0.003089715405114225,0.028507960927013295
327,Phe_591,Urinary tract infection,genitourinary,0.0004428278577080389,5.014176400320448,0.011809000588229007,5.694414765405217e-17
328,Phe_592,Cystitis and urethritis,genitourinary,3.2177402123233996e-06,1.013086324176334,1.8423065896756516e-05,0.9895802155388241
329,Phe_592.1,Cystitis,genitourinary,-3.498794684315079e-06,0.0,-0.0011306296511237781,0.42285709290556606
330,Phe_593,Hematuria,genitourinary,0.0004508434140667493,1.4230304928025919,0.00135322712085102,0.33742369808930117
331,Phe_594,Urinary calculus,genitourinary,0.0014290516447296587,13.256958184936025,0.006721131463916314,1.8933202403043528e-06
332,Phe_594.1,Calculus of kidney,genitourinary,0.00081559948135939,5.88117224348396,0.006987131509102367,7.305653896410623e-07
333,Phe_594.3,Calculus of ureter,genitourinary,0.000814684548225438,2.6458214864893326,0.0020255416662059694,0.15104345953467258
334,Phe_594.8,Renal colic,genitourinary,0.00025785400810726704,3.5648512709189064,0.0027171076543747326,0.054093034946050354
335,Phe_595,Hydronephrosis,genitourinary,4.511301720691172e-05,1.4334759663386107,0.0005123677318330111,0.7164523187774172
336,Phe_596,Other disorders of bladder,genitourinary,0.00021930674636493319,0.8301984361034425,-0.00037582248998344064,0.7899228165430902
337,Phe_596.1,Bladder neck obstruction,genitourinary,0.00025204733145889026,8.525993416810886,0.00815220988321321,7.515194632667504e-09
338,Phe_596.5,Functional disorders of bladder,genitourinary,3.256334129961032e-05,0.0,-0.0009767766824264445,0.4886787174281677
339,Phe_597,Other disorders of urethra and urinary tract,genitourinary,4.6040703418926676e-05,0.0,-0.0006994260262789244,0.6200319540746562
340,Phe_597.1,Urethral stricture (not specified as infectious),genitourinary,7.672278052428822e-05,0.9239024515806388,-0.00011222980804708974,0.9365897506941511
341,Phe_598,Abnormal findings on examination of urine,genitourinary,0.00028327480691464743,4.807960947307186,0.005503843406626,9.557412168409396e-05
342,Phe_599,Other symptoms__disorders or the urinary system,genitourinary,0.002131027098409148,4.714372830471902,0.007704262635959441,4.723055896124533e-08
343,Phe_599.2,Retention of urine,genitourinary,0.0006076811295410635,6.0776798370593275,0.011378208326830251,7.265168931408873e-16
344,Phe_599.3,Dysuria,genitourinary,7.55757202155514e-05,10.185877750413004,0.008135416827221197,8.065592626807741e-09
345,Phe_599.4,Urinary incontinence,genitourinary,0.00011856324306658332,4.3870998720987595,0.007999864835702534,1.4197652751657925e-08
346,Phe_599.5,Frequency of urination and polyuria,genitourinary,2.0998518027280503e-05,3.220411759993591,0.003510474150563605,0.012828616071577892
347,Phe_599.9,Other abnormality of urination,genitourinary,-4.969524616097898e-05,0.0,-0.001061512966909568,0.4517628924205356
348,Phe_611.3,Lump or mass in breast,genitourinary,-1.554167291143069e-06,2.1533652156771996,0.0011111519507224828,0.43089146026413705
349,Phe_613,Other nonmalignant breast conditions,genitourinary,-0.012321454603241126,0.0,-9.015822183059175e-05,0.9490412294976576
350,Phe_681,Superficial cellulitis and abscess,dermatologic,5.460585624873328e-05,0.0,-0.0005792741335817926,0.68134205182942
351,Phe_681.3,Cellulitis and abscess of arm__hand,dermatologic,2.1806690523575356e-05,3.2343930021948597,0.004328928935230141,0.00215006751525585
352,Phe_686,Other local infections of skin and subcutaneous tissue,dermatologic,3.297976414127816e-05,6.409993111717733,0.005232400167729876,0.00020796574554608155
353,Phe_686.1,Carbuncle and furuncle,dermatologic,-2.8421202826157794e-05,3.865482545885321,0.003573707316385028,0.011298882606825919
354,Phe_687,Symptoms affecting skin,dermatologic,7.65941852911038e-06,12.076544099975967,0.004498521540305524,0.0014281449480579786
355,Phe_687.1,Rash and other nonspecific skin eruption,dermatologic,6.314724504023157e-05,5.354313509251416,0.005327268085076201,0.00015911829234409536
356,Phe_687.4,Disturbance of skin sensation,dermatologic,-8.869022728433123e-05,4.249639524214247,0.00446651256759251,0.0015443877640024272
357,Phe_689,Disorder of skin and subcutaneous tissue NOS,dermatologic,0.00534454871975099,2.104781471405624,0.002166867760128239,0.12452899892781556
358,Phe_695,Erythematous conditions,dermatologic,-0.00032234772595041334,6.007002720756648,0.006468510530974295,4.531016382662814e-06
359,Phe_696,Psoriasis and related disorders,dermatologic,0.0005086876764102397,5.027588932410867,0.005086219745541359,0.00031153713383266925
360,Phe_696.4,Psoriasis,dermatologic,0.000505787380504954,5.496182788642429,0.004697808156050171,0.0008679206055576913
361,Phe_696.41,Psoriasis vulgaris,dermatologic,0.0005325165936893335,5.026155754265939,0.004399995395578232,0.0018143030226918215
362,Phe_701,Other hypertrophic and atrophic conditions of skin,dermatologic,0.00032914364102345063,0.0,-0.0010299027943747496,0.4653464091644183
363,Phe_701.2,Scar conditions and fibrosis of skin,dermatologic,0.00033207054718950417,2.748948298404258,0.002111436565485582,0.13445978404319833
364,Phe_702,Degenerative skin conditions and other dermatoses,dermatologic,0.0011723297908239885,0.0,-7.047943317946215e-05,0.9601534308477733
365,Phe_702.1,Actinic keratosis,dermatologic,0.000401557105409044,1.1446218116050968,0.00019144869197575668,0.8920481530115107
366,Phe_702.2,Seborrheic keratosis,dermatologic,0.007504207638166772,0.0,-0.0013991355556335178,0.32128950949103713
367,Phe_703,"Diseases of nail, NOS",dermatologic,3.618996234192669e-05,0.0,-0.0004796674662614712,0.7338385547486341
368,Phe_704,Diseases of hair and hair follicles,dermatologic,0.00029304295172167795,1.9903395227985676,0.0017268334299467187,0.22091133061782856
369,Phe_706,Diseases of sebaceous glands,dermatologic,0.00035463921562634384,1.1373368701706101,0.0003183946034467868,0.8214334388990839
370,Phe_706.2,Sebaceous cyst,dermatologic,0.00035429237214237825,1.1480999990860985,0.0003416961587289523,0.8086100344837054
371,Phe_707,Chronic ulcer of skin,dermatologic,-4.011688074214891e-05,10.98141155080027,0.009521294010236705,1.48302591945034e-11
372,Phe_709,Diffuse diseases of connective tissue,dermatologic,-0.0003455552240663072,1.0965021384306537,0.00013054354942689816,0.926269852336026
373,Phe_709.7,Unspecified diffuse connective tissue disease,dermatologic,-0.0003360205967738524,1.5358671067913687,0.0006117910529093489,0.664518742467594
374,Phe_714,Rheumatoid arthritis and other inflammatory polyarthropathies,musculoskeletal,6.102437489849281e-05,7.214302121916903,0.003266167605884676,0.020596092060190162
375,Phe_714.1,Rheumatoid arthritis,musculoskeletal,6.324305791050996e-05,1.0995107499354522,0.0001344276754288703,0.9240826594492938
376,Phe_715,Other inflammatory spondylopathies,musculoskeletal,0.0002711942361641377,0.0,-0.0004926978045699044,0.7268935715543293
377,Phe_716,Other arthropathies,musculoskeletal,0.00014685502615238106,0.0,-0.00020930957426899607,0.8820475080573353
378,Phe_716.2,Unspecified monoarthritis,musculoskeletal,2.521643399578343e-06,1.8690377359613417,0.002905005294020267,0.03946671679193221
379,Phe_716.9,Arthropathy NOS,musculoskeletal,0.00016640178537456488,2.5246582781704987,0.0066073733371457815,2.8154019780513683e-06
380,Phe_717,Polymyalgia Rheumatica,musculoskeletal,1.2386416487255204e-05,0.0,-0.0009428642457458028,0.5038960370310641
381,Phe_720,Spinal stenosis,musculoskeletal,0.013390906621804725,11.81752974930624,0.007698188483725535,4.8389932859498066e-08
382,Phe_721,Spondylosis and allied disorders,musculoskeletal,0.00012850861664194264,2.6763440172988635,0.001448051944831371,0.3046620562744403
383,Phe_721.1,Spondylosis without myelopathy,musculoskeletal,0.00015079734014541887,3.029511062880569,0.001647456236691757,0.24287136584180108
384,Phe_722,Intervertebral disc disorders,musculoskeletal,0.00014385917899658492,3.585876425862297,0.005503333980406423,9.571683064451391e-05
385,Phe_722.6,Degeneration of intervertebral disc,musculoskeletal,0.00010674029037190439,7.127643838170155,0.008604535032686595,1.0630429434084047e-09
386,Phe_722.9,Other and unspecified disc disorder,musculoskeletal,8.00149160334668e-05,2.2831173669671414,0.0020871775598687754,0.13899398173282992
387,Phe_724,Other and unspecified disorders of back,musculoskeletal,3.488628134664792e-05,0.0,-0.0005737752550047043,0.6842030315552348
388,Phe_726,Peripheral enthesopathies and allied syndromes,musculoskeletal,0.0001102621435012381,2.9145804423448074,0.004530039296667519,0.0013216164899018206
389,Phe_726.1,Enthesopathy,musculoskeletal,0.0001255753596811819,4.475518932370015,0.007402447559830915,1.5419772135340177e-07
390,Phe_727,"Other disorders of synovium, tendon, and bursa",musculoskeletal,5.1881891129348955e-05,0.0,-0.0007692449068152765,0.58554866381067
391,Phe_727.1,Synovitis and tenosynovitis,musculoskeletal,1.4329892801001365e-05,1.2862382831897368,0.00035729921161007077,0.8000517204094983
392,Phe_727.4,"Ganglion and cyst of synovium, tendon, and bursa",musculoskeletal,6.594852367346281e-05,2.1951885440693366,0.0016159837321583115,0.2519897692995066
393,Phe_728,"Disorders of muscle, ligament, and fascia",musculoskeletal,-0.00016276543757384374,0.0,-0.0001864832999505214,0.8948314922462478
394,Phe_728.7,Fasciitis,musculoskeletal,-0.00021931388701342856,12.41672844082036,0.004572677938377638,0.0011891497630704953
395,Phe_728.71,Contracture of palmar fascia [Dupuytren's disease],musculoskeletal,-0.00024404191151227263,1.2406244290715531,0.0003058717984029831,0.8283450375253862
396,Phe_729,Other disorders of soft tissues,musculoskeletal,8.613599614947728e-05,5.506481694554938,0.0038378458561108466,0.006517152771574304
397,Phe_729.1,"Rheumatism, unspecified and fibrositis",musculoskeletal,3.088307468132752e-05,0.0,-0.00046090713530627214,0.7438757752619356
398,Phe_733,Other disorders of bone and cartilage,musculoskeletal,-4.213855036833101e-05,0.0,-0.0007366982540043625,0.6015127151748242
399,Phe_733.8,Malunion and nonunion of fracture,musculoskeletal,-1.4399334593510857e-05,19.94542351353497,0.0059862835381913684,2.200020870029258e-05
400,Phe_735,Acquired foot deformities,musculoskeletal,0.0003037835582638829,0.0,-0.0003043174399258187,0.8292038601147641
401,Phe_735.2,Acquired toe deformities,musculoskeletal,0.00020801112691646464,4.470525959930252,0.004022885806497199,0.0043481863191406804
402,Phe_735.21,Hammer toe (acquired),musculoskeletal,-1.9155952326897932e-05,1.63620586358249,0.0007035987487829802,0.6179463586101912
403,Phe_735.23,Hallux rigidus,musculoskeletal,0.0007928747833564184,2.1439390060755,0.00110450074062748,0.4336551732565106
404,Phe_735.3,Hallux valgus (Bunion),musculoskeletal,0.00032342127205293986,2.4540355174764663,0.0029547090678821355,0.03621356550866616
405,Phe_736,Other acquired deformities of limbs,musculoskeletal,0.0009407087374699854,33.478014656895404,0.013722084399088638,2.297548689609861e-22
406,Phe_737,Curvature of spine,musculoskeletal,0.0002680754627049658,0.0,-0.00012750526382816592,0.9279811327842306
407,Phe_737.3,Kyphoscoliosis and scoliosis,musculoskeletal,0.00023370039460253938,0.0,-0.0005690198844729297,0.6866808374430554
408,Phe_738,Other acquired musculoskeletal deformity,musculoskeletal,0.0010391736888704164,0.0,-0.00047013994306142643,0.7389304443557235
409,Phe_738.4,Acquired spondylolisthesis,musculoskeletal,0.0010171808574654198,10.937812894519176,0.004241103425518472,0.0026434192810257328
410,Phe_740,Osteoarthrosis,musculoskeletal,0.0001402601981325056,1.7891595402268627,0.0031016445272918185,0.02790062829764044
411,Phe_740.1,Osteoarthritis; localized,musculoskeletal,0.00015382483158205446,1.2494157019532959,0.0006386528577801172,0.6507471205299669
412,Phe_740.11,"Osteoarthrosis, localized, primary",musculoskeletal,9.809428637691323e-05,2.6331771783101723,0.00380141272721194,0.007044509943057553
413,Phe_740.9,Osteoarthrosis NOS,musculoskeletal,9.289683712331517e-05,1.559412239324727,0.0011040453859015558,0.43384475650356613
414,Phe_741,Symptoms and disorders of the joints,musculoskeletal,7.724890356639054e-05,0.0,-0.0005686218187840703,0.6868884044971988
415,Phe_741.4,Joint effusions,musculoskeletal,7.889916143256669e-05,0.0,-0.00041111070377757876,0.7707257266105005
416,Phe_742,"Derangement of joint, non-traumatic",musculoskeletal,2.6681772266751447e-05,0.0,-0.00015026848791922413,0.915168644864686
417,Phe_742.9,Other derangement of joint,musculoskeletal,1.6398994978811674e-05,0.0,-0.0006682620739473297,0.63570405822837
418,Phe_743,"Osteoporosis, osteopenia and pathological fracture",musculoskeletal,-0.00027493036437323704,2.111755954882415,0.0018812664022939956,0.1823408126760833
419,Phe_743.1,Osteoporosis,musculoskeletal,-0.0003062573653066919,2.2424649464937567,0.0020395030229496294,0.14824666466215353
420,Phe_743.11,Osteoporosis NOS,musculoskeletal,-0.00031406223591111556,2.244367920820381,0.0020417503282054443,0.1478001957465446
421,Phe_745,Pain in joint,musculoskeletal,6.394832458458513e-05,3.569181049790468,0.0027200349540734037,0.05383449217311048
422,Phe_747,Cardiac and circulatory congenital anomalies,congenital anomalies,0.00027542384590134345,0.0,-0.00013271208241252814,0.9250486584483418
423,Phe_747.1,Cardiac congenital anomalies,congenital anomalies,0.0002777232409973031,0.0,-0.00036817272467504745,0.7941016684263643
424,Phe_747.13,Congenital anomalies of great vessels,congenital anomalies,0.0003260652008343711,1.5173626838179788,0.0005942763601085242,0.6735600066713334
425,Phe_751,Genitourinary congenital anomalies,congenital anomalies,0.0,2.038824512715647,0.0010286499752371733,0.46588940708957693
426,Phe_939,Atopic__contact dermatitis due to other or unspecified,dermatologic,5.465124810990016e-05,2.5898581648009564,0.001977836728848854,0.16090371540701853
