,PheCode,description,category,f_score,RR,phi,pval
0,Phe_112,Candidiasis,infectious diseases,1.9040128914704387e-06,3.2834128858788514,0.016990046033998285,2.068952263306659e-33
1,Phe_153,Colorectal cancer,neoplasms,0.0004061421150672037,0.0,-0.000754502941434853,0.5927551929518533
2,Phe_153.2,Colon cancer,neoplasms,0.0002963148321097581,2.6572217986965203,0.013718491528718754,2.355787404797834e-22
3,Phe_153.3,"Malignant neoplasm of rectum, rectosigmoid junction, and anus",neoplasms,0.00030286047115192987,2.021634731015495,0.006921668589472051,9.264494684111583e-07
4,Phe_158,Neoplasm of unspecified nature of digestive system,neoplasms,7.426989957586953e-05,3.795043425437948,0.013802095538639423,1.313537546302559e-22
5,Phe_159,Malignant neoplasm of other and ill-defined sites within the digestive organs and peritoneum,neoplasms,0.00042801203655622964,2.8667657128403294,0.020269185880238776,8.00885412618488e-47
6,Phe_165,Cancer within the respiratory system,neoplasms,-8.812081360896827e-05,2.20548031243426,0.006200854666696605,1.1043283203694048e-05
7,Phe_165.1,Cancer of bronchus; lung,neoplasms,-5.81790967669761e-05,2.0939998645685205,0.008323896834702253,3.6196879747190672e-09
8,Phe_172,Skin cancer,neoplasms,-6.7083845322839324e-06,1.057875008142766,0.0010249679424148479,0.4674873121464529
9,Phe_172.2,Other non-epithelial cancer of skin,neoplasms,4.651759955558643e-06,1.0668527674365953,0.0010661887601609295,0.4497728223873857
10,Phe_174,Breast cancer,neoplasms,0.00013569144359133962,1.3855604034589333,0.006528383147687528,3.6947952776922096e-06
11,Phe_189,Cancer of urinary organs (incl. kidney and bladder),neoplasms,-0.0008809017772540152,2.098341083799943,0.008758953917350758,5.328391151900493e-10
12,Phe_189.11,"Malignant neoplasm of kidney, except pelvis",neoplasms,-0.00036539457516787335,2.564581584472403,0.007461547992014415,1.2273717737218792e-07
13,Phe_189.2,Cancer of bladder,neoplasms,-0.0010192275837631907,2.1330244074991156,0.004666116281299314,0.0009406316060919895
14,Phe_189.21,Malignant neoplasm of bladder,neoplasms,-0.0011202904493274885,1.6588602410036288,0.004478952699062025,0.0014982125883807752
15,Phe_195,"Cancer, suspected or other",neoplasms,1.520790183871441e-05,1.8606006353313491,0.003688220742951811,0.008935997121286498
16,Phe_195.1,"Malignant neoplasm, other",neoplasms,1.3922971932880134e-05,1.9736633272722566,0.018855222354625285,9.405525799209953e-41
17,Phe_197,Chemotherapy,neoplasms,7.970789751503465e-06,1.7714811991310133,0.01628147266986413,8.07564531909564e-31
18,Phe_198,Secondary malignant neoplasm,neoplasms,0.0004292658586677623,2.0424408304101465,0.005475595619055752,0.00010379833382465883
19,Phe_198.1,Secondary malignancy of lymph nodes,neoplasms,0.0004919769744036029,2.1536472110962803,0.013041113186907725,2.3545954768888925e-20
20,Phe_198.2,Secondary malignancy of respiratory organs,neoplasms,0.00014659545128584026,2.4808603615707794,0.011180449753179793,2.2672043754692257e-15
21,Phe_198.3,Secondary malignant neoplasm of digestive systems,neoplasms,-0.00023748645204274834,3.0061178970276914,0.012510050631347096,7.420571390123496e-19
22,Phe_198.4,Secondary malignant neoplasm of liver,neoplasms,-6.330175984521999e-06,3.5107436782097254,0.020525942282883538,5.685140831240787e-48
23,Phe_198.6,Secondary malignancy of bone,neoplasms,0.0010665627197898183,1.7951723122260062,0.0059040672154825995,2.8481875143664507e-05
24,Phe_199,Neoplasm of uncertain behavior,neoplasms,6.947402916140714e-06,2.923033447313603,0.009704811017703686,5.999926925731955e-12
25,Phe_202,"Cancer of other lymphoid, histiocytic tissue",neoplasms,-2.1832782971399247e-05,2.7172285445848607,0.00886677986771121,3.266861432014845e-10
26,Phe_202.2,Non-Hodgkins lymphoma,neoplasms,-2.624294769805812e-05,1.5357150279145901,0.0030673937293109288,0.029675025086762796
27,Phe_204,Leukemia,neoplasms,2.668444231691111e-07,4.542551978933302,0.01129581777693402,1.1699887952622573e-15
28,Phe_208,Benign neoplasm of colon,neoplasms,0.00025669584763687885,1.8630109884535757,0.019384988732527163,5.625122073349477e-43
29,Phe_211,Benign neoplasm of other parts of digestive system,neoplasms,-0.0004494157239011428,3.279960744746622,0.026240618893425053,2.954429255847269e-77
30,Phe_214,Lipoma,neoplasms,0.00029018932886744667,1.425162734846908,0.0026755531359717115,0.057876294966365295
31,Phe_214.1,Lipoma of skin and subcutaneous tissue,neoplasms,0.0002992755017184414,1.241812363864392,0.002474943074751362,0.07935758239816154
32,Phe_215,Other benign neoplasm of connective and other soft tissue,neoplasms,-2.6794577919097085e-06,1.2190520253650405,0.0010528102933299076,0.4554800731944696
33,Phe_216,Benign neoplasm of skin,neoplasms,0.0001022609875715868,1.2352954464443213,0.0031960468449113463,0.02347584588850924
34,Phe_228,"Hemangioma and lymphangioma, any site",neoplasms,0.0023352619457787153,2.239092473568916,0.0071483113777990005,4.0346084121753656e-07
35,Phe_229,Benign neoplasm of unspecified sites,neoplasms,-0.00017588221474113713,1.5012511368636603,0.003437811303376406,0.01481039121396757
36,Phe_241,Nontoxic nodular goiter,endocrine/metabolic,-3.6064859840114256e-05,6.860604819441599,0.003168630037033972,0.024693413838803035
37,Phe_242,Thyrotoxicosis with or without goiter,endocrine/metabolic,-1.0852035379876836e-05,2.1121769467262332,0.006425105478902033,5.247588702443146e-06
38,Phe_244,Hypothyroidism,endocrine/metabolic,-6.259108153229656e-05,1.9474942714202448,0.017806475220002664,1.5659948550077578e-36
39,Phe_244.1,Secondary hypothyroidism,endocrine/metabolic,-1.2984818480143717e-05,1.8359365009773299,0.0043760768608688315,0.0019215145889279828
40,Phe_244.4,Hypothyroidism NOS,endocrine/metabolic,-5.9325316346566366e-05,1.9567991754452638,0.0175326249095585,1.810350089619402e-35
41,Phe_250.1,Type 1 diabetes,endocrine/metabolic,-5.856185964291814e-05,3.4945870982944327,0.019252541088755817,2.0496913838664353e-42
42,Phe_250.2,Type 2 diabetes,endocrine/metabolic,-8.95808467508929e-05,2.5412961337932924,0.03408926931190458,4.381472069861012e-129
43,Phe_250.23,Type 2 diabetes with ophthalmic manifestations,endocrine/metabolic,-5.732826006353692e-05,2.512249509002706,0.008982749593164651,1.917999121913037e-10
44,Phe_250.7,Diabetic retinopathy,endocrine/metabolic,-5.437773721283809e-05,2.5856699491987745,0.009493179301552484,1.7010601606614116e-11
45,Phe_260,Protein-calorie malnutrition,endocrine/metabolic,0.00017655497401114755,4.267459545426472,0.00743137518367626,1.3793149136464808e-07
46,Phe_261,Vitamin deficiency,endocrine/metabolic,-0.0021700227272618256,0.0,-0.0007442363763643178,0.5977978405002136
47,Phe_272,Disorders of lipoid metabolism,endocrine/metabolic,-0.0014629119067292647,1.9592976632946546,0.02919304467119229,3.565447464987453e-95
48,Phe_272.1,Hyperlipidemia,endocrine/metabolic,-0.0014540456758773972,2.129273981735831,0.01249693376340306,8.066395190308722e-19
49,Phe_272.11,Hypercholesterolemia,endocrine/metabolic,-0.0014029597688990168,1.9690399637254705,0.028274833229327966,2.130800410492913e-89
50,Phe_274,Gout and other crystal arthropathies,endocrine/metabolic,-0.0015014557526651865,2.8213062558854363,0.013697979953935025,2.7173585395252986e-22
51,Phe_274.1,Gout,endocrine/metabolic,-0.0014018317020034253,2.7941139851779866,0.012666309772444219,2.7279417069088447e-19
52,Phe_275,Disorders of mineral metabolism,endocrine/metabolic,6.835732497063044e-05,8.146968223086901,0.0035459519183687017,0.011949186510945732
53,Phe_275.5,Disorders of calcium__phosphorus metabolism,endocrine/metabolic,-1.7706420464254488e-05,2.4306351651191602,0.00770225235544427,4.761124789146283e-08
54,Phe_276,"Disorders of fluid, electrolyte, and acid-base balance",endocrine/metabolic,-0.00024776323491647296,3.25878728923476,0.03277216715087407,1.8995371448380719e-119
55,Phe_276.1,Electrolyte imbalance,endocrine/metabolic,-0.0003989207173243127,3.8019185041072205,0.005385288098751245,0.0001348004242307736
56,Phe_276.12,Hyposmolality and__or hyponatremia,endocrine/metabolic,-0.000195415506116611,2.8644591469300975,0.013737208567324959,2.0676219993794201e-22
57,Phe_276.14,Hypopotassemia,endocrine/metabolic,-0.000156807877962121,3.201447923441773,0.014300681886342825,3.750702214240563e-24
58,Phe_276.5,Hypovolemia,endocrine/metabolic,-9.221767478092248e-05,3.7503725846138294,0.024255560133688476,2.8124479178913386e-66
59,Phe_277,Other disorders of metabolism,endocrine/metabolic,0.006171450698804928,3.2890814605822283,0.01103493003493343,5.1737430327003535e-15
60,Phe_278,"Overweight, obesity and other hyperalimentation",endocrine/metabolic,-0.00018507455981181653,0.0,-0.0002480708929851828,0.8604109737745359
61,Phe_278.1,Obesity,endocrine/metabolic,-0.0001786146889768152,2.899717994276098,0.03328776092122514,3.558723249262995e-123
62,Phe_280,Iron deficiency anemias,hematopoietic,-7.949669127295877e-06,2.139519863151304,0.016391572001111663,3.248349051182217e-31
63,Phe_280.1,"Iron deficiency anemias, unspecified or not due to blood loss",hematopoietic,-1.2481880155767425e-05,2.2033580140895204,0.01692820422427429,3.517703175528604e-33
64,Phe_281,Other deficiency anemia,hematopoietic,2.5526845014071803e-05,14.483499063265599,0.00501732044158942,0.00037558413472324047
65,Phe_281.1,Megaloblastic anemia,hematopoietic,8.56548117426735e-05,0.0,-0.0004961477101457075,0.72505854528828
66,Phe_285,Other anemias,hematopoietic,-3.197608193121302e-05,2.3138467632493778,0.0223558537333429,1.4177942164057314e-56
67,Phe_287,Purpura and other hemorrhagic conditions,hematopoietic,3.2023362510872945e-05,1.7265098221111312,0.0011074887185343978,0.43241234180997734
68,Phe_287.3,Thrombocytopenia,hematopoietic,6.737652002745332e-05,2.8351288329476905,0.010258516194399811,3.537112639067658e-13
69,Phe_288,Diseases of white blood cells,hematopoietic,-5.982188142405037e-05,2.9884075578135354,0.007471252594856118,1.1820405990008612e-07
70,Phe_289,Other diseases of blood and blood-forming organs,hematopoietic,1.6722730302573176e-05,2.256417297472803,0.004273884025579146,0.0024482954208670167
71,Phe_289.4,Lymphadenitis,hematopoietic,1.0164883932793019e-05,2.146890347873441,0.009110065776818561,1.0607910319877875e-10
72,Phe_290,Delirium dementia and amnestic and other cognitive disorders,mental disorders,-0.0007436786387745464,2.025235038507478,0.0033860262319750888,0.016382839381404724
73,Phe_292,Neurological disorders,mental disorders,-0.0005145406713116405,2.182919715276873,0.004245844218536114,0.0026143474787275623
74,Phe_292.1,Aphasia__speech disturbance,mental disorders,-0.00014637321671770627,2.325773501030617,0.008092186415895075,9.668994252686108e-09
75,Phe_292.4,Altered mental status,mental disorders,-0.0006850399172956063,3.0361901988159503,0.0156714226628815,1.1247657933245997e-28
76,Phe_293,Symptoms involving head and neck,mental disorders,3.299890163821258e-05,1.852241443259544,0.005624265313345045,6.693444471590046e-05
77,Phe_296,Mood disorders,mental disorders,-0.0001048251534084602,2.2868682731472,0.0017044327625417356,0.22695913966327982
78,Phe_296.1,Bipolar,mental disorders,-2.066337126966031e-05,1.6263442491502236,0.003115428238497665,0.027212796340984627
79,Phe_296.2,Depression,mental disorders,-0.00010522938461181576,2.560475727255883,0.0045828669028406335,0.0011593663449982403
80,Phe_300,Anxiety disorders,mental disorders,-6.234085578736055e-05,1.0104766788324837,2.9533550498418507e-05,0.9832970526779948
81,Phe_300.1,Anxiety disorder,mental disorders,-5.970541081400042e-06,2.2765912632382554,0.015822759295328066,3.3631565846879887e-29
82,Phe_306,Other mental disorder,mental disorders,-0.00013463412386285773,2.3002705095594713,0.036322256239472134,2.732557256583372e-146
83,Phe_317,Alcohol-related disorders,mental disorders,-9.216580887856064e-05,1.8156626382485048,0.009103906877977672,1.0918235438908964e-10
84,Phe_317.1,Alcoholism,mental disorders,-5.87127089150653e-05,1.9008717349387418,0.012605465097101828,4.0335574918161424e-19
85,Phe_318,Tobacco use disorder,mental disorders,-0.00017536231716990322,1.9240919808206363,0.019880985124222195,4.104960286480535e-45
86,Phe_327,Sleep disorders,neurological,-7.633639822853749e-05,1.7126473344883408,0.0032762109716698473,0.020209935567289557
87,Phe_327.3,Sleep apnea,neurological,-8.533501691889967e-05,2.2412175441043374,0.012842072993857395,8.723464841011177e-20
88,Phe_331,Other cerebral degenerations,neurological,-0.0005594957836753491,3.796645385516225,0.007043819289759588,5.937376196618673e-07
89,Phe_332,Parkinson's disease,neurological,0.00023705128220539952,1.277955799699906,0.0015206728722516165,0.2810488188804364
90,Phe_334,Degenerative disease of the spinal cord,neurological,-0.0001304745282408574,1.4104760133748286,0.002403107645758762,0.0884739309670043
91,Phe_335,Multiple sclerosis,neurological,0.00016747357286770462,1.1769886371953986,0.0009257386936935047,0.5116746496698336
92,Phe_339,Other headache syndromes,neurological,0.00010780692304138817,2.2739080704126367,0.016983318277608437,2.1921369767350712e-33
93,Phe_340,Migraine,neurological,0.00015741049584281914,2.273393913772069,0.01033200676201554,2.401712237324988e-13
94,Phe_342,Hemiplegia,neurological,0.00016342747913470699,2.702408971560532,0.010498836872203154,9.875354419982934e-14
95,Phe_345,"Epilepsy, recurrent seizures, convulsions",neurological,1.909815932938303e-05,2.0944425706709664,0.009380398463533673,2.9375513556376434e-11
96,Phe_345.3,Convulsions,neurological,-2.6061667104660212e-05,1.877812603640678,0.0063058414184012325,7.81859058691088e-06
97,Phe_348,Other conditions of brain,neurological,-2.7026974341089298e-05,1.7076614616077344,0.0013285758451901635,0.3462984085858227
98,Phe_350,Abnormal movement,neurological,0.00012248223508552116,2.300320439459831,0.01157696401755478,2.270007459640882e-16
99,Phe_350.2,Abnormality of gait,neurological,0.0002473256748471704,2.505205355642345,0.010638259161344123,4.649531035691728e-14
100,Phe_351,Other peripheral nerve disorders,neurological,5.7484494503529176e-05,1.8095854123750668,0.013320010308208818,3.635404172903528e-21
101,Phe_352,Disorders of other cranial nerves,neurological,0.00014181176934716108,2.459462105082838,0.001863955981553375,0.18639759433275765
102,Phe_353,Nerve root and plexus disorders,neurological,-3.797488903556026e-05,1.647932889625669,0.003201563044709703,0.023237271435262004
103,Phe_357,Inflammatory and toxic neuropathy,neurological,-0.00013811552156846898,3.095418005605577,0.01242209596711144,1.2964258078923294e-18
104,Phe_361,Retinal detachments and defects,sense organs,-4.9483826311564895e-05,1.0497494068963513,0.00033071110417192437,0.8146491951211828
105,Phe_361.1,Retinal detachment with retinal defect,sense organs,-8.888066338009635e-05,0.726744251020423,-0.0015084509952141383,0.28493340208765644
106,Phe_362,Other retinal disorders,sense organs,0.00012377764172455773,1.1434341365736,0.0006859020063603863,0.6268124477235028
107,Phe_362.2,Degeneration of macula and posterior pole of retina,sense organs,0.00014162950434869434,1.1877129072381811,0.001469284265535382,0.2976258642596348
108,Phe_362.29,Macular degeneration (senile) of retina NOS,sense organs,0.0001441318268264545,1.1877129072381811,0.001469284265535382,0.2976258642596348
109,Phe_365,Glaucoma,sense organs,-0.0006206137552016966,1.457428162557982,0.004384997381357415,0.0018808671151792496
110,Phe_365.1,Open-angle glaucoma,sense organs,-0.000609978424888154,0.9042526096062301,-0.0005150710606065309,0.7150214122972601
111,Phe_365.11,Primary open angle glaucoma,sense organs,-0.0006281343288680134,0.8378242628991349,-0.0008707839457800945,0.5370524902713509
112,Phe_366,Cataract,sense organs,-2.6031879347250356e-06,1.482360781397587,0.010122866081903463,7.176927360604e-13
113,Phe_366.2,Senile cataract,sense organs,-0.00022076510676937724,1.5533531050476588,0.00854055061423095,1.4104218790056537e-09
114,Phe_367,Disorders of refraction and accommodation; blindness and low vision,sense organs,7.613815950402202e-05,2.7346466762809176,0.0025732675070897506,0.06813306697404752
115,Phe_367.1,Myopia,sense organs,0.00014078886187449222,0.8769442008512569,-0.0006977234824718426,0.620883793536629
116,Phe_368,Visual disturbances,sense organs,1.5336807770169235e-05,2.3571698294645644,0.00686783043824287,1.124572959921985e-06
117,Phe_371,Inflammation of the eye,sense organs,-1.607375279544845e-05,0.0,-0.0014834533984793006,0.2929912402389082
118,Phe_371.3,Inflammation of eyelids,sense organs,-1.2371095399872945e-05,0.9881101544071438,-8.497193077298189e-05,0.9519689468670902
119,Phe_374,Other disorders of eyelids,sense organs,-0.00011185170524054594,1.3629908814289873,0.002932943684961684,0.03760886699999646
120,Phe_374.1,Ectropion or entropion,sense organs,-0.00014739994657252014,1.6489752254192336,0.003205696569768284,0.0230598797418182
121,Phe_374.3,Ptosis of eyelid,sense organs,-0.00028769446216908925,1.4558990123163487,0.002938526112774526,0.037246705270952425
122,Phe_375,Disorders of lacrimal system,sense organs,0.0005223184994713825,1.4225910559310997,0.002613580994198489,0.0639249314792995
123,Phe_378,Strabismus and other disorders of binocular eye movements,sense organs,-6.439879362609639e-06,0.0,-0.0014034740604567868,0.3197912692276226
124,Phe_379,Other disorders of eye,sense organs,-4.3105490687388015e-05,0.8613534685202009,-0.00036658720019625826,0.7949685401489369
125,Phe_379.2,Disorders of vitreous body,sense organs,1.6602727064695096e-05,0.9926815159972615,-4.169539066099282e-05,0.9764205325338798
126,Phe_379.3,Aphakia and other disorders of lens,sense organs,-4.7178068577888425e-05,1.1303319182232676,0.0009215708816970685,0.5135771534966089
127,Phe_380,Disorders of external ear,sense organs,4.500324865546888e-05,1.476234332609178,0.0017568191018776656,0.21299778403187425
128,Phe_381,Otitis media and Eustachian tube disorders,sense organs,1.1254252743542006e-05,1.8073761090108238,0.005461692228444306,0.00010808731675567011
129,Phe_381.1,Otitis media,sense organs,-3.855922483240089e-06,1.6419362129104458,0.0030141889179436986,0.03262359385944173
130,Phe_384,Other disorders of tympanic membrane,sense organs,0.0006559748324084082,1.8249208819714655,0.002289062009913632,0.10466233882148691
131,Phe_384.4,Perforation of tympanic membrane,sense organs,0.000601722099315815,1.3110063807266277,0.0014412368629738372,0.3069437310826224
132,Phe_386,Vertiginous syndromes and other disorders of vestibular system,sense organs,-0.00022287279203114154,0.0,-0.0012280031376620687,0.3840272431638432
133,Phe_386.9,Dizziness and giddiness (Light-headedness and vertigo),sense organs,-0.00039030681367741737,2.129283115546665,0.012042947816016307,1.37461747164163e-17
134,Phe_389,Hearing loss,sense organs,-1.1130086120620403e-05,1.7576023059781123,0.006951791578088892,8.30736664260932e-07
135,Phe_394,Rheumatic disease of the heart valves,circulatory system,-0.001145647651194924,2.1764113082545804,0.00598543475025761,2.2059301049541914e-05
136,Phe_394.2,Mitral valve disease,circulatory system,-0.0013451471218172235,2.004190442903838,0.008800392983495818,4.418105952734126e-10
137,Phe_394.3,Aortic valve disease,circulatory system,-0.0006843580158906795,1.902493521022176,0.005169936669893287,0.00024747514495203024
138,Phe_394.7,Disease of tricuspid valve,circulatory system,-3.756147972286761e-05,1.6572805774103425,0.003694256524321037,0.008824697704024876
139,Phe_395,Heart valve disorders,circulatory system,-0.0008746412746228625,2.1602078847086066,0.012018097038805867,1.6007013277236247e-17
140,Phe_395.1,Nonrheumatic mitral valve disorders,circulatory system,-0.0012771841487098628,1.913316085103235,0.007860488207018188,2.5156748935201014e-08
141,Phe_395.6,Heart valve replaced,circulatory system,-0.0003442524159218791,2.538215976037459,0.009193107338300583,7.177837232822266e-11
142,Phe_396,Abnormal heart sounds,circulatory system,0.0,1.9271361852364046,0.004736869109890218,0.0007854761903479503
143,Phe_401.1,Essential hypertension,circulatory system,-0.00021909478897028204,1.840354026261872,0.03980781455939806,2.5113845709855595e-175
144,Phe_401.2,Hypertensive heart and__or renal disease,circulatory system,-0.00013789334188316706,2.2868682731472,0.0012051475999241776,0.39293976254579954
145,Phe_401.22,Hypertensive chronic kidney disease,circulatory system,-0.00013810384653829824,3.324653057352113,0.013171184404008489,9.8993263128283e-21
146,Phe_402,Elevated blood pressure reading without diagnosis of hypertension,circulatory system,-0.00012821692011426042,2.066260056580011,0.006228206522482927,1.0098330602346454e-05
147,Phe_411.1,Unstable angina (intermediate coronary syndrome),circulatory system,-0.0008604156200026708,2.0874456358469855,0.011256079989967575,1.4705059798325931e-15
148,Phe_411.2,Myocardial infarction,circulatory system,-0.0011442300743798337,2.0601850583033703,0.017687469856444676,4.5574258056339465e-36
149,Phe_411.3,Angina pectoris,circulatory system,-0.0014823531520803059,2.2425078862108765,0.02380970530113306,6.263733141537374e-64
150,Phe_411.4,Coronary atherosclerosis,circulatory system,-0.001490886816154031,1.6012556379362537,0.012862611745528283,7.627702235235264e-20
151,Phe_411.8,"Other chronic ischemic heart disease, unspecified",circulatory system,-0.0014982376018481236,2.311323404118612,0.02460171164333796,3.948915217621649e-68
152,Phe_411.9,Other acute and subacute forms of ischemic heart disease,circulatory system,-0.0003740405508354345,2.064974123871531,0.0059488564194082666,2.475436943788588e-05
153,Phe_414,Other forms of chronic heart disease,circulatory system,9.433726192279986e-05,2.047405626744352,0.007426903997677865,1.4033247275866415e-07
154,Phe_415,Pulmonary heart disease,circulatory system,0.0005759517406650928,2.475788978728971,0.013553277356369938,7.396559046060544e-22
155,Phe_416,Cardiomegaly,circulatory system,-0.0001238335363464056,2.415007299749212,0.011728151000853239,9.247574309099418e-17
156,Phe_418,Nonspecific chest pain,circulatory system,-0.00045945911656092476,2.272925654727817,0.03336183071659542,1.025775959483139e-123
157,Phe_418.1,Precordial pain,circulatory system,-0.00015904585060202314,2.519417650043938,0.014364372909199915,2.360269202044625e-24
158,Phe_420,Carditis,circulatory system,0.0030030227507362056,0.0,-0.000480392476650627,0.7334515558144221
159,Phe_420.2,Pericarditis,circulatory system,0.0020473441685005442,2.8516733906947813,0.009588712337082406,1.0656385206948977e-11
160,Phe_425,Cardiomyopathy,circulatory system,1.6243932880611332e-05,8.989758039268304,0.0053369021992578595,0.00015481325803956114
161,Phe_425.1,Primary__intrinsic cardiomyopathies,circulatory system,1.5966588185779107e-05,2.5716693774478996,0.007863805256945822,2.4819316780930596e-08
162,Phe_426,Cardiac conduction disorders,circulatory system,-0.00021359283521692508,0.5277388322647385,-0.0009208344556624284,0.5139136962652948
163,Phe_426.2,Atrioventricular [AV] block,circulatory system,6.4909076598180305e-06,1.9650978628551317,0.0016889935408418277,0.2311956283020947
164,Phe_426.3,Bundle branch block,circulatory system,-0.00028824142638153127,4.58794069705929,0.009785245506418563,4.014409294128221e-12
165,Phe_426.31,Right bundle branch block,circulatory system,-0.00014441072555895938,2.379038629403323,0.00879504117324452,4.5265183323260236e-10
166,Phe_426.32,Left bundle branch block,circulatory system,-0.00011666998412524105,1.970378609547386,0.006586656165064148,3.0243281565539274e-06
167,Phe_426.9,Cardiac pacemaker__device in situ,circulatory system,-0.0001320928104146893,1.547198712989797,0.0012463780154651257,0.37695244024374885
168,Phe_426.91,Cardiac pacemaker in situ,circulatory system,-0.00018162849078331137,2.103008737338915,0.008374313089503526,2.9128135466847547e-09
169,Phe_427,Cardiac dysrhythmias,circulatory system,3.767771460182766e-05,1.9823695107379942,0.024194960655371585,5.898315585747722e-66
170,Phe_427.1,"Paroxysmal tachycardia, unspecified",circulatory system,-0.0003945879422111741,0.0,-0.0015593403481895859,0.2689964088681351
171,Phe_427.11,Paroxysmal supraventricular tachycardia,circulatory system,-0.00024922398785309373,1.9057235609560002,0.006592281426247222,2.966173069815382e-06
172,Phe_427.2,Atrial fibrillation and flutter,circulatory system,0.00019861343215345906,2.0459022540950675,0.019578984234293117,8.331819773811495e-44
173,Phe_427.3,Other specified cardiac dysrhythmias,circulatory system,-7.599386051471413e-05,1.8910037984973318,0.007933537156087188,1.8662070463878332e-08
174,Phe_427.4,Cardiac arrest and ventricular fibrillation,circulatory system,9.930898886517943e-06,2.044194849493838,0.005675594495308883,5.738481384147673e-05
175,Phe_427.7,Tachycardia NOS,circulatory system,-3.667427948818423e-05,3.219001872829008,0.01658277286447877,6.585017049569501e-32
176,Phe_427.9,Palpitations,circulatory system,0.00011086410071457921,1.6791351481499028,0.006377341755576606,6.161265551897261e-06
177,Phe_428,Congestive heart failure; nonhypertensive,circulatory system,6.371133950596407e-05,2.5356243189573986,0.018176884825401265,5.384034144945741e-38
178,Phe_428.1,Congestive heart failure (CHF) NOS,circulatory system,6.809542199098316e-05,3.433155447488796,0.018190780140700285,4.738275437151793e-38
179,Phe_428.2,Heart failure NOS,circulatory system,-5.7009135792966426e-05,2.399560167660826,0.01469172739611506,2.1147019715873518e-25
180,Phe_430,Intracranial hemorrhage,circulatory system,-3.890324218686138e-06,2.160521959713653,0.0019369346371437628,0.16973863752768678
181,Phe_433,Cerebrovascular disease,circulatory system,-0.0002492785202520517,2.5503552698358996,0.009243478023961579,5.6542994378322584e-11
182,Phe_433.1,Occlusion and stenosis of precerebral arteries,circulatory system,-0.0008355886857899463,2.2151233861465034,0.005904353445687519,2.8456443012080426e-05
183,Phe_433.2,Occlusion of cerebral arteries,circulatory system,1.879851916908903e-05,2.0416845138819144,0.0087385803705287,5.840666925283771e-10
184,Phe_433.21,"Cerebral artery occlusion, with cerebral infarction",circulatory system,-0.0001453555222548272,2.0955300069613365,0.007128394612331833,4.344717938567185e-07
185,Phe_433.3,Cerebral ischemia,circulatory system,-0.0005845112270754487,1.9256470345478127,0.004825115535371283,0.000625246658995681
186,Phe_433.31,Transient cerebral ischemia,circulatory system,-0.00037695830063377226,2.044061285635655,0.007186683787358864,3.4962622892433425e-07
187,Phe_433.8,Late effects of cerebrovascular disease,circulatory system,0.0005274304689314546,3.4218073567001936,0.013524650976506486,9.00587581709739e-22
188,Phe_440,Atherosclerosis,circulatory system,-0.000509969116187575,2.506759453257508,0.0030143041217834767,0.03261694768206351
189,Phe_442,Other aneurysm,circulatory system,-0.000120126139829125,0.0,-0.0008503805645077924,0.5466331823625852
190,Phe_442.1,Aortic aneurysm,circulatory system,-2.387448163535393e-05,2.651689871325929,0.006266860306196587,8.893673984844586e-06
191,Phe_443,Peripheral vascular disease,circulatory system,-0.00019351695949148802,2.3395871202146474,0.013027377532521136,2.5789433273653238e-20
192,Phe_443.1,Raynaud's syndrome,circulatory system,-8.308641335855432e-05,2.1834420698390353,0.006223206455933652,1.0265096339880988e-05
193,Phe_443.9,"Peripheral vascular disease, unspecified",circulatory system,-0.0004962224576030868,2.492254933150609,0.011716023127354995,9.942470617036583e-17
194,Phe_447,Other disorders of arteries and arterioles,circulatory system,-0.0004956569320555484,1.100676044614877,0.0003598371735501769,0.7986618799059401
195,Phe_451,Phlebitis and thrombophlebitis,circulatory system,0.0007926976504517131,3.627592529760401,0.007570586564985793,8.0203742418973e-08
196,Phe_451.2,Phlebitis and thrombophlebitis of lower extremities,circulatory system,0.0008011609025041869,2.1214066275018437,0.009984065297804122,1.4664933092982385e-12
197,Phe_454,Varicose veins,circulatory system,0.00010701168490867461,2.810813834380386,0.006122668122870381,1.4232616073551456e-05
198,Phe_454.1,Varicose veins of lower extremity,circulatory system,0.00010776426526719742,1.5624011533055853,0.008478276219857426,1.853649079543837e-09
199,Phe_455,Hemorrhoids,circulatory system,-0.00017788242160992303,1.5048315182724428,0.011635638412925009,1.604191886729856e-16
200,Phe_458,Hypotension,circulatory system,-0.00012619305530665027,3.45202568347263,0.012697578871150103,2.229635619067329e-19
201,Phe_458.1,Orthostatic hypotension,circulatory system,-0.0004049458264178674,2.6700428424701026,0.010259187955050547,3.5246607278283695e-13
202,Phe_458.9,Hypotension NOS,circulatory system,-0.00011022550013024627,2.864398142062695,0.01816886100459053,5.796019655955823e-38
203,Phe_459,Other disorders of circulatory system,circulatory system,0.000626646454842087,5.137004593867602,0.007312499475216329,2.1751408513939006e-07
204,Phe_459.9,Circulatory disease NEC,circulatory system,0.0006048746122122451,2.2861456097649446,0.02604694246153618,3.797022403480282e-76
205,Phe_465,Acute upper respiratory infections of multiple or unspecified sites,respiratory,-2.8080309698525887e-05,1.8076478029653522,0.004428861181081332,0.0016922462504474491
206,Phe_470,Septal Deviations__Turbinate Hypertrophy,respiratory,4.369286236492376e-05,1.3607529360184913,0.003497166307985835,0.013172980066577895
207,Phe_471,Nasal polyps,respiratory,-8.574723567188215e-05,1.1649474787480798,0.0013397742543404918,0.34224859568144506
208,Phe_473,Diseases of the larynx and vocal cords,respiratory,-1.1788755958501863e-05,1.6546733767623605,0.0037529571089779563,0.007805172659385899
209,Phe_473.4,Voice disturbance,respiratory,1.1780967859770365e-05,2.0189119906370228,0.004877380617823612,0.000545274175866152
210,Phe_474,Acute and chronic tonsillitis,respiratory,2.870657701292849e-05,0.4638843116348413,-0.0015772979993503521,0.26352155052286713
211,Phe_474.2,Chronic tonsillitis and adenoiditis,respiratory,1.7412679263994226e-05,1.4148135843276817,0.0019153542217311696,0.1745442126948225
212,Phe_475,Chronic sinusitis,respiratory,-0.00012104784594281968,1.4264052107761578,0.0031686993433665705,0.024690268283668184
213,Phe_476,Allergic rhinitis,respiratory,-3.8207250537589544e-05,1.7433841465041926,0.00407330752997964,0.0038834843350061938
214,Phe_477,Epistaxis or throat hemorrhage,respiratory,9.890400783038857e-06,2.4385483116722697,0.010635618618033001,4.716759903804433e-14
215,Phe_479,Other upper respiratory disease,respiratory,-1.0581055603911909e-06,1.4773926681796645,0.00451002609796387,0.0013883749729530278
216,Phe_480,Pneumonia,respiratory,-8.13971140685258e-05,3.1117328189212246,0.021243685270928403,2.932267163479146e-51
217,Phe_480.1,Bacterial pneumonia,respiratory,-9.450248493306043e-05,4.729110841897409,0.018036616747766066,1.9448474540247187e-37
218,Phe_480.11,Pneumococcal pneumonia,respiratory,-0.00010067138321819454,3.147766479781872,0.02688143633761055,5.532421772775494e-81
219,Phe_495,Asthma,respiratory,-9.437440813799069e-05,1.8780426600706057,0.021895717765529475,2.4181120372760442e-54
220,Phe_496,Chronic airway obstruction,respiratory,-1.7073828253255813e-05,2.702422101587263,0.023519357546551798,2.0065049703080085e-62
221,Phe_496.1,Emphysema,respiratory,-4.083088638898495e-05,2.395649034248256,0.009144380347907764,9.030486587635776e-11
222,Phe_496.2,Chronic bronchitis,respiratory,-3.0166667129543433e-05,1.9455446502894091,0.0025410622967443697,0.07165621041839794
223,Phe_496.21,Obstructive chronic bronchitis,respiratory,-3.874319916070383e-05,3.107795345559015,0.01751003659426395,2.2116384386626235e-35
224,Phe_496.3,Bronchiectasis,respiratory,5.487416976633095e-05,2.3940425937380123,0.009747543080124836,4.84841505689979e-12
225,Phe_506,Empyema and pneumothorax,respiratory,-8.498063422849394e-05,2.208056808126356,0.0062104689096867715,1.070189504900597e-05
226,Phe_507,Pleurisy; pleural effusion,respiratory,-0.0001570970104022708,3.377569345508714,0.030305167950315823,2.0386431194852347e-102
227,Phe_508,Pulmonary collapse; interstitial and compensatory emphysema,respiratory,0.00012365195990909883,4.292904271612634,0.0245358134943891,8.936710145138592e-68
228,Phe_509.1,Respiratory failure,respiratory,2.021536819950313e-05,3.9080234416354953,0.020151505891077826,2.662719579420674e-46
229,Phe_509.2,Respiratory insufficiency,respiratory,5.8773848486942505e-05,4.020503084451654,0.01948705467121365,2.064370283000802e-43
230,Phe_512,Other symptoms of respiratory system,respiratory,-3.5103863735812195e-05,2.3108753024328808,0.019785715122104898,1.0663396178388398e-44
231,Phe_512.7,Shortness of breath,respiratory,-6.354711733085841e-05,2.463401025814873,0.01773250276659156,3.04456601731967e-36
232,Phe_512.8,Cough,respiratory,-5.761297539520779e-06,2.5018940585886877,0.012744271649281286,1.6482763456266846e-19
233,Phe_514,Abnormal findings examination of lungs,respiratory,1.1964762213006452e-05,2.336851396013138,0.010624240763643062,5.017542142916018e-14
234,Phe_516,Abnormal sputum,respiratory,-3.4063499787275587e-06,1.9455446502894091,0.001357801986984832,0.3357929225775256
235,Phe_516.1,Hemoptysis,respiratory,-1.5413348897203928e-06,2.356782391951503,0.009310058768640384,4.11705557536805e-11
236,Phe_519,"Other diseases of respiratory system, not elsewhere classified",respiratory,-0.00020728090736384807,2.6784553062203504,0.0025159001159973,0.07451157231351091
237,Phe_519.8,"Other diseases of respiratory system, NEC",respiratory,-0.00022807162224052684,2.7168271205349446,0.02547382217228595,6.503621098186002e-73
238,Phe_520,Disorders of tooth development,digestive,-0.0004000509928727736,0.0,-0.0008771032000801541,0.5341024096718856
239,Phe_520.2,Disturbances in tooth eruption,digestive,-0.00040841002525496614,0.945510324604876,-0.0003733439619108433,0.7912761116643623
240,Phe_521,Diseases of hard tissues of teeth,digestive,-1.0003271983925718e-05,0.0,-0.0006793876961336588,0.6300898404366422
241,Phe_521.1,Dental caries,digestive,-7.260574869801009e-06,1.4498696858714986,0.0038701802273914164,0.0060791598135754455
242,Phe_522,Diseases of pulp and periapical tissues,digestive,-3.0396851865176792e-05,0.3279282806777117,-0.0023522695455485696,0.09542192255396965
243,Phe_522.5,Periapical abscess,digestive,-4.3756617586430624e-05,1.3515707651204074,0.0018200494007314385,0.19698575165561885
244,Phe_523,Gingival and periodontal diseases,digestive,7.017668858479017e-05,1.3053797438994748,0.0010021325510870985,0.47746480498342114
245,Phe_523.3,Periodontitis (acute or chronic),digestive,4.588531199461915e-05,23.70027119443462,0.009338480741493764,3.593166668142088e-11
246,Phe_525,Other diseases of the teeth and supporting structures,digestive,-0.00018095097100816147,1.3578280371811502,0.0027608945167889422,0.05033214315184502
247,Phe_528,"Diseases of the oral soft tissues, excluding lesions specific for gingiva and tongue",digestive,3.045183397601301e-07,1.7496844505958444,0.004961572494724117,0.000436204047432074
248,Phe_529,Diseases and other conditions of the tongue,digestive,-0.00026374587774214255,1.0597682241413855,0.00027305415906837306,0.8465196170428358
249,Phe_530,Diseases of esophagus,digestive,-1.4419551983333045e-05,2.5152955240404506,0.005583550142394239,7.555940669886134e-05
250,Phe_530.1,"Esophagitis, GERD and related diseases",digestive,-2.82126227578824e-06,2.449172251455913,0.020884174488202623,1.3424853414292947e-49
251,Phe_530.11,GERD,digestive,1.0850698453035127e-05,2.7842066160452315,0.03489458853962536,3.650861681610137e-135
252,Phe_530.12,Ulcer of esophagus,digestive,0.00016583827933371777,2.6449795377997174,0.016941425694067036,3.140850872257198e-33
253,Phe_530.14,Reflux esophagitis,digestive,-2.4833954651424817e-05,2.3531676553362875,0.020798880772374753,3.294458336140505e-49
254,Phe_530.2,Esophageal bleeding (varices__hemorrhage),digestive,-0.001349449757762445,2.951165772292415,0.012386668648794586,1.6213490727825367e-18
255,Phe_530.3,Stricture and stenosis of esophagus,digestive,0.0,1.8693288402745738,0.005781948744491256,4.154627590271216e-05
256,Phe_530.9,Heartburn,digestive,0.00014799730389409655,2.13834050448615,0.007739778084790866,4.097192841710296e-08
257,Phe_531,Peptic ulcer (excl. esophageal),digestive,0.0027887829606078425,2.736317863176313,0.022742165382136293,1.7467703430389877e-58
258,Phe_531.2,Gastric ulcer,digestive,0.0012125613816883968,2.747356339821782,0.017126933694186317,6.3469493149894995e-34
259,Phe_531.3,Duodenal ulcer,digestive,0.0029547875802523062,2.732928798510188,0.014063902081734457,2.061684989688866e-23
260,Phe_532,Dysphagia,digestive,6.6338250584276635e-06,2.2907281580403196,0.01623055415452336,1.2280189705052454e-30
261,Phe_535,Gastritis and duodenitis,digestive,-1.640549408316266e-05,3.03273173967899,0.04142383325283693,1.0838886968545032e-189
262,Phe_535.1,Acute gastritis,digestive,-1.7786631171538607e-05,3.4983480817922743,0.012851220548538801,8.217442876734407e-20
263,Phe_535.6,Duodenitis,digestive,0.0008092280415921097,2.559429231658826,0.020415719459470606,1.7769610199011406e-47
264,Phe_535.8,Other specified gastritis,digestive,-1.919948496166484e-05,3.0221697739907225,0.028707437078241062,4.265556731344675e-92
265,Phe_537,Other disorders of stomach and duodenum,digestive,0.0009485363470185525,3.5346133681415175,0.022706463299685425,2.630625846948105e-58
266,Phe_540,Appendiceal conditions,digestive,0.000856389194283054,2.459462105082838,0.00348806237758081,0.01341324453208959
267,Phe_540.1,Appendicitis,digestive,0.0007567135835440247,1.411112222672697,0.0013872229740729942,0.32542688483680005
268,Phe_540.11,Acute appendicitis,digestive,0.0003974358250541217,1.0512217062047613,0.00035483195507714503,0.8014034484383334
269,Phe_550,Abdominal hernia,digestive,2.1515245154743846e-05,3.8526277602227346,0.025420037731698267,1.2970216941549976e-72
270,Phe_550.1,Inguinal hernia,digestive,2.771483677290222e-05,1.2139623185281117,0.003964597788423114,0.004947815409155871
271,Phe_550.2,Diaphragmatic hernia,digestive,-8.417088311040655e-07,2.463387275763527,0.03756903658970794,2.2680963292783384e-156
272,Phe_550.4,Umbilical hernia,digestive,-4.423067201008409e-05,2.595494301160428,0.014653986785237343,2.800415567175998e-25
273,Phe_550.5,Ventral hernia,digestive,-1.6988432381914636e-05,3.884820932796975,0.02534095241297969,3.569602223084806e-72
274,Phe_555,Inflammatory bowel disease and other gastroenteritis and colitis,digestive,4.584263425704316e-05,1.9766156166353763,0.009596745981685757,1.0243320900918566e-11
275,Phe_555.1,Regional enteritis,digestive,-4.870327859968595e-05,2.6426243636326565,0.010040784543879381,1.0963822008962095e-12
276,Phe_555.2,Ulcerative colitis,digestive,7.536626457030055e-05,1.5076799024893348,0.004073417166073088,0.003882525038894002
277,Phe_556,Ulceration of the lower GI tract,digestive,0.00018279943077354673,2.129926332833177,0.0034692416467393497,0.013922259572958996
278,Phe_557,Intestinal malabsorption (non-celiac),digestive,-1.0200910163314076e-07,2.9760614513559456,0.005131814416150258,0.0002749401928019654
279,Phe_557.1,Celiac disease,digestive,-1.7947867098223192e-06,1.4693404846791192,0.0029085998044373076,0.03922340470324893
280,Phe_558,Noninfectious gastroenteritis,digestive,-0.0005084609822325406,2.7541741346951314,0.031764429745710115,2.489403541640648e-112
281,Phe_559,Ileostomy status,digestive,1.080792213790593e-05,3.0275185138697123,0.012154229304359677,6.925109226821267e-18
282,Phe_560.4,Other intestinal obstruction,digestive,3.0437190574847065e-05,2.9030930104739836,0.01674779368430845,1.6367376525957005e-32
283,Phe_561,Symptoms involving digestive system,digestive,5.0260231068954094e-05,2.196142594091099,0.02209929426951151,2.5218838569558827e-55
284,Phe_561.2,Flatulence,digestive,-7.4161008263191e-07,1.95283133437289,0.0061231177215354685,1.4211986410808203e-05
285,Phe_562,Diverticulosis and diverticulitis,digestive,0.00015728147794822627,2.320243888304108,0.03468231841712306,1.5085205956289953e-133
286,Phe_562.1,Diverticulosis,digestive,0.00015603272074634042,2.320243888304108,0.03468231841712306,1.5085205956289953e-133
287,Phe_563,Constipation,digestive,-5.603326745205324e-05,3.04679415033099,0.033440185208964364,2.743180190726403e-124
288,Phe_564,Functional digestive disorders,digestive,-0.0001205466278776178,2.9386809693582383,0.008484936570957707,1.8004212128452042e-09
289,Phe_564.1,Irritable Bowel Syndrome,digestive,0.0003037776073784143,3.1425142615571455,0.02440714873131483,4.375161949586018e-67
290,Phe_564.8,Abnormal findings on exam of gastrointestinal tract__ abdominal area,digestive,-7.366340244987485e-05,3.951541995282771,0.01885628538757584,9.310713324319736e-41
291,Phe_564.9,Personal history of diseases of digestive system,digestive,-0.00013362122863221925,3.813430834160131,0.0551879593633659,0.0
292,Phe_565,Anal and rectal conditions,digestive,0.0004025583023524888,1.5229536367905923,0.007107378207246967,4.696848341468347e-07
293,Phe_565.1,Anal and rectal polyp,digestive,0.0006090417246453123,1.9056197351014124,0.011919409773975105,2.921496381984719e-17
294,Phe_568,Other disorders of peritoneum,digestive,0.007813609062491778,5.85849400311867,0.011374299207302874,7.43185213914041e-16
295,Phe_568.1,Peritoneal adhesions (postoperative) (postinfection),digestive,0.010452897600262407,10.320472874305315,0.08206452352177084,0.0
296,Phe_569,Other disorders of intestine,digestive,-3.9244264838266496e-05,2.6319133760339475,0.015021968050097523,1.7570940759948863e-26
297,Phe_571,Chronic liver disease and cirrhosis,digestive,-0.0011570968545756143,6.522856243443969,0.048365862470767594,6.523047205793633e-258
298,Phe_571.5,Other chronic nonalcoholic liver disease,digestive,-0.0015885008129302158,6.88683584238698,0.039277401792413714,9.77501693605139e-171
299,Phe_572,Ascites (non malignant),digestive,-0.001626009699816183,4.047203568888332,0.018868862901112,8.258539648271043e-41
300,Phe_573,Other disorders of liver,digestive,0.012364132669520205,5.98083314259556,0.031276698587179845,5.769840141796325e-109
301,Phe_573.7,Abnormal results of function study of liver,digestive,0.015434142574061081,7.601287556763513,0.061276686733662544,0.0
302,Phe_574,Cholelithiasis and cholecystitis,digestive,0.015050091288762363,22.527795212050567,0.40795668699355736,0.0
303,Phe_574.1,Cholelithiasis,digestive,0.015176713116371013,9.968362561699275,0.12581614647095848,0.0
304,Phe_574.11,Cholelithiasis with acute cholecystitis,digestive,0.01702794225816142,17.86276597413052,0.09905681404429366,0.0
305,Phe_574.12,Cholelithiasis with other cholecystitis,digestive,0.01649360414470137,9.077834577717379,0.08773794039053304,0.0
306,Phe_574.2,Calculus of bile duct,digestive,0.017915754204008014,15.72595609075162,0.11108912059774174,0.0
307,Phe_574.3,Cholecystitis without cholelithiasis,digestive,0.05998879038445965,130.3514915693904,0.9999999999999998,0.0
308,Phe_575,Other biliary tract disease,digestive,0.017345421563078636,16.93946125073533,0.15218213377330206,0.0
309,Phe_575.7,Other disorders of gallbladder,digestive,0.017667469593275798,21.26618928797917,0.11362648085282274,0.0
310,Phe_575.8,Other disorders of biliary tract,digestive,0.017650736094333562,15.316300259403372,0.07114221550292703,0.0
311,Phe_577,Diseases of pancreas,digestive,0.015740550122979077,9.351928203101961,0.03120949918329244,1.6623731656799868e-108
312,Phe_577.1,Acute pancreatitis,digestive,0.01624030206335849,14.878279276233656,0.0723638563851681,0.0
313,Phe_578.1,Hematemesis,digestive,-3.1994123362926745e-05,3.488144752406708,0.016163074407734308,2.135852435117272e-30
314,Phe_578.2,Blood in stool,digestive,-9.212201110015335e-05,3.5916969343268477,0.020015119723227916,1.0623069244512515e-45
315,Phe_578.9,Hemorrhage of gastrointestinal tract,digestive,3.6892495805739174e-06,2.2363172423649957,0.014756825694587054,1.3005718969512276e-25
316,Phe_579,Other symptoms involving abdomen and pelvis,digestive,-0.00021647164742015132,3.3794831147619733,0.011898313319375952,3.3203991953875797e-17
317,Phe_579.8,Nonspecific abnormal findings in stool contents,digestive,-0.00011268567220496181,2.6251342052168902,0.010848699356471689,1.464599347450905e-14
318,Phe_580,Nephritis; nephrosis; renal sclerosis,genitourinary,-1.9205821291787525e-05,2.160521959713653,0.006723075347961567,1.8804244535782494e-06
319,Phe_580.1,Glomerulonephritis,genitourinary,-8.59121404556731e-06,2.1416973969578708,0.005188774283393338,0.00023487424608341074
320,Phe_585,Renal failure,genitourinary,0.0004330176111644735,3.2519101378857567,0.03260681802971623,2.895300330870944e-118
321,Phe_585.1,Acute renal failure,genitourinary,0.001374736863264165,3.599944853875265,0.03146321547478461,3.023009436086716e-110
322,Phe_585.2,Renal failure NOS,genitourinary,-7.511363883484075e-05,3.873083772884956,0.016179899840849405,1.860932505851214e-30
323,Phe_585.3,Chronic renal failure [CKD],genitourinary,0.0001585330273809871,3.111982879485135,0.01826898466702476,2.304346178650781e-38
324,Phe_586,Other disorders of the kidney and ureters,genitourinary,-3.163837572651734e-05,2.0426525086323513,0.005377397681131976,0.00013788841950798517
325,Phe_586.2,"Cyst of kidney, acquired",genitourinary,1.0057274373659045e-06,4.120828185364272,0.017991428875007178,2.9353893759975665e-37
326,Phe_590,Pyelonephritis,genitourinary,-6.3989206491034e-05,3.4948424362442396,0.014298467572860374,3.8114490052574345e-24
327,Phe_591,Urinary tract infection,genitourinary,-0.0001369216875987819,2.6195982542789578,0.027810370200284033,1.5149021798032412e-86
328,Phe_592,Cystitis and urethritis,genitourinary,0.00014278126963356935,2.576471678916933,0.012954277120123604,4.179352137834308e-20
329,Phe_592.1,Cystitis,genitourinary,0.00015115120137084798,2.5931380205633614,0.010513723522005402,9.116358828642718e-14
330,Phe_593,Hematuria,genitourinary,-2.7251361971568378e-05,1.671250041797285,0.01253331990406257,6.398122944013603e-19
331,Phe_594,Urinary calculus,genitourinary,7.005929476331457e-06,2.9402592083321144,0.00621015182862626,1.0712991654686442e-05
332,Phe_594.1,Calculus of kidney,genitourinary,2.0795380116893707e-05,2.637755333069719,0.013683795839421965,2.99899224923619e-22
333,Phe_594.3,Calculus of ureter,genitourinary,0.0003368037904789586,1.916933699549859,0.006586871134646158,3.0220857955600168e-06
334,Phe_594.8,Renal colic,genitourinary,-1.990808967761398e-05,2.213814252290496,0.007505500722465153,1.0346535343871042e-07
335,Phe_595,Hydronephrosis,genitourinary,-8.15812017246205e-05,2.3738808220767034,0.009478695845220672,1.8253324094025137e-11
336,Phe_596,Other disorders of bladder,genitourinary,-4.18065914019373e-05,1.951773910870428,0.01229582448076864,2.8688059093844136e-18
337,Phe_596.1,Bladder neck obstruction,genitourinary,-1.2124202024875749e-05,1.5632093766541981,0.0035609360469797337,0.011594103290072927
338,Phe_596.5,Functional disorders of bladder,genitourinary,7.323630172294708e-05,2.5401193699358395,0.008780766849953584,4.828531227256273e-10
339,Phe_597,Other disorders of urethra and urinary tract,genitourinary,0.0003787962675758471,1.6881784292057964,0.0028094779220533593,0.04641824849008027
340,Phe_597.1,Urethral stricture (not specified as infectious),genitourinary,0.00021906175006119704,1.9398356532019947,0.00809044202015508,9.739808345430246e-09
341,Phe_598,Abnormal findings on examination of urine,genitourinary,2.260060478220121e-05,2.1611503837857047,0.009795911038906693,3.805185433430764e-12
342,Phe_599,Other symptoms__disorders or the urinary system,genitourinary,-3.20097042062131e-05,2.4536751354238193,0.01759931346400323,1.0009332980325157e-35
343,Phe_599.2,Retention of urine,genitourinary,-0.00012533860434824485,2.54017062346822,0.020144671145226407,2.85453880929084e-46
344,Phe_599.3,Dysuria,genitourinary,0.0005749076221076172,3.5392952650267753,0.013126687008897703,1.3327626671467211e-20
345,Phe_599.4,Urinary incontinence,genitourinary,0.00010274428325939152,2.302800672163901,0.017960374991830754,3.892866077349835e-37
346,Phe_599.5,Frequency of urination and polyuria,genitourinary,-4.9433623458945954e-05,1.6665944127593293,0.006151438819529189,1.2968438197430475e-05
347,Phe_599.9,Other abnormality of urination,genitourinary,7.374895307039363e-05,1.4174346646691667,0.002586405373057436,0.06673733215520909
348,Phe_611.3,Lump or mass in breast,genitourinary,-3.7842979288003644e-06,1.4009442181370733,0.002254619910370562,0.10998875003042463
349,Phe_613,Other nonmalignant breast conditions,genitourinary,2.3530175228591467e-05,0.0,-0.000526245162749334,0.7091174858378108
350,Phe_681,Superficial cellulitis and abscess,dermatologic,-0.00013353589894296114,2.459462105082838,0.004934688446526915,0.00046859565664067595
351,Phe_681.3,Cellulitis and abscess of arm__hand,dermatologic,-5.1333927519636655e-05,2.2158318855503563,0.013749192792542365,1.9017336740705483e-22
352,Phe_686,Other local infections of skin and subcutaneous tissue,dermatologic,1.2895826741597632e-05,2.2746745983994443,0.007195920377818425,3.377427686138833e-07
353,Phe_686.1,Carbuncle and furuncle,dermatologic,0.00023794154731297552,1.828959834940292,0.006034447058517062,1.888323963672354e-05
354,Phe_687,Symptoms affecting skin,dermatologic,-4.277360445379678e-06,2.857018993301707,0.004402148089701115,0.001804928638799821
355,Phe_687.1,Rash and other nonspecific skin eruption,dermatologic,-0.00013785966978197803,2.7709093257993707,0.012646314023893558,3.102723534190883e-19
356,Phe_687.4,Disturbance of skin sensation,dermatologic,-0.00011845607948076276,1.9793068134180754,0.00785660514985694,2.555741746132146e-08
357,Phe_689,Disorder of skin and subcutaneous tissue NOS,dermatologic,6.485802643896225e-05,1.3537757868612827,0.004050110858540022,0.004091360560747541
358,Phe_695,Erythematous conditions,dermatologic,-2.104910444339582e-05,1.9185011024113061,0.0069261026403816825,9.117225201469611e-07
359,Phe_696,Psoriasis and related disorders,dermatologic,-0.00013571280898595105,1.821278325320824,0.0060537310322079365,1.7757215086758584e-05
360,Phe_696.4,Psoriasis,dermatologic,-0.0001365361396088033,1.7878633507023622,0.004804907115597417,0.0006589950906087343
361,Phe_696.41,Psoriasis vulgaris,dermatologic,-0.00013475817726520364,1.7340563302655505,0.004682457213126297,0.0009024637284544489
362,Phe_701,Other hypertrophic and atrophic conditions of skin,dermatologic,5.905028987938655e-06,1.7841093799061134,0.004713631905521805,0.0008335998957963177
363,Phe_701.2,Scar conditions and fibrosis of skin,dermatologic,-3.1246901903633565e-06,1.7477749103472988,0.005269321966599229,0.00018748272226168266
364,Phe_702,Degenerative skin conditions and other dermatoses,dermatologic,-1.195745288529072e-05,0.0,-0.0004113819020709876,0.7705787182874879
365,Phe_702.1,Actinic keratosis,dermatologic,-5.762554813771009e-05,1.3539495359064182,0.0027349080684157703,0.05253676498831336
366,Phe_702.2,Seborrheic keratosis,dermatologic,2.687331804614299e-05,1.7287191762343537,0.005951175675417409,2.4574579537232906e-05
367,Phe_703,"Diseases of nail, NOS",dermatologic,0.00013144713333489456,1.5365598220360361,0.0015022464681924493,0.28691927296076053
368,Phe_704,Diseases of hair and hair follicles,dermatologic,0.0005735656464440885,1.373360085770218,0.0037999423082166624,0.007066576363084595
369,Phe_706,Diseases of sebaceous glands,dermatologic,0.0003012598427092998,1.3789656371407089,0.005128155236642904,0.0002777215716438273
370,Phe_706.2,Sebaceous cyst,dermatologic,0.00031641002410259686,1.3920154074522504,0.005279234535843549,0.00018231552481082642
371,Phe_707,Chronic ulcer of skin,dermatologic,0.00016603324407963725,2.7278339042921758,0.009620303741715158,9.120414073139025e-12
372,Phe_709,Diffuse diseases of connective tissue,dermatologic,-2.1239756272005e-05,1.8806931619464284,0.006953859043266916,8.2452904574337e-07
373,Phe_709.7,Unspecified diffuse connective tissue disease,dermatologic,7.960362261320373e-05,1.635070974389566,0.004232052679549906,0.002699742898719351
374,Phe_714,Rheumatoid arthritis and other inflammatory polyarthropathies,musculoskeletal,-0.00012438476421386461,2.560094760773625,0.004786078980028885,0.0006919554298592491
375,Phe_714.1,Rheumatoid arthritis,musculoskeletal,-0.00012515545535509687,2.56866246794259,0.01236889703924243,1.8134177771482014e-18
376,Phe_715,Other inflammatory spondylopathies,musculoskeletal,-0.00011684219142914195,2.184661869878051,0.0034068876860919354,0.01573255413705825
377,Phe_716,Other arthropathies,musculoskeletal,-2.4873080121587388e-05,1.3438298099937156,0.0004200639392873334,0.76587683292654
378,Phe_716.2,Unspecified monoarthritis,musculoskeletal,0.0001518367280409596,1.6360261831979122,0.012409836703774386,1.4008407149753252e-18
379,Phe_716.9,Arthropathy NOS,musculoskeletal,-4.08507766939644e-05,2.0293715851838137,0.02603821959660619,4.2579133529277e-76
380,Phe_717,Polymyalgia Rheumatica,musculoskeletal,-5.624835692440648e-05,2.26004625872477,0.006934552422467785,8.842796451640972e-07
381,Phe_720,Spinal stenosis,musculoskeletal,5.295887103917469e-05,2.329785372107067,0.005523632452348832,9.018343507776521e-05
382,Phe_721,Spondylosis and allied disorders,musculoskeletal,7.251009916899932e-05,3.1657921449760877,0.010919947385577423,9.856131911436209e-15
383,Phe_721.1,Spondylosis without myelopathy,musculoskeletal,9.221166782367742e-05,2.5980709659878496,0.007571837835168037,7.981041273278187e-08
384,Phe_722,Intervertebral disc disorders,musculoskeletal,2.9793102652539986e-05,1.6701533392051242,0.00832482413757515,3.6052923874685657e-09
385,Phe_722.6,Degeneration of intervertebral disc,musculoskeletal,0.0012529676224999563,2.1077857264627693,0.00907971960044745,1.22251150387253e-10
386,Phe_722.9,Other and unspecified disc disorder,musculoskeletal,-1.3839273230834031e-05,1.3728316619013838,0.003539880323198152,0.012095790061674638
387,Phe_724,Other and unspecified disorders of back,musculoskeletal,1.8628789556591255e-05,0.8952712333062529,-0.0003507442685839107,0.8036442634549703
388,Phe_726,Peripheral enthesopathies and allied syndromes,musculoskeletal,-3.6422040648077885e-05,1.8423096998401323,0.011632764398680178,1.6317691268642202e-16
389,Phe_726.1,Enthesopathy,musculoskeletal,-0.000937642363097447,1.6146697097639993,0.0076415291147357576,6.062048604515951e-08
390,Phe_727,"Other disorders of synovium, tendon, and bursa",musculoskeletal,-0.000292955636904862,1.3962669334135163,0.0017792429050004057,0.20721510691953107
391,Phe_727.1,Synovitis and tenosynovitis,musculoskeletal,5.802172821087899e-06,1.2932450287012762,0.0021365732026835524,0.12988307009388295
392,Phe_727.4,"Ganglion and cyst of synovium, tendon, and bursa",musculoskeletal,-0.0008721689664541888,1.4281537920949148,0.0033789606701222445,0.016608376526437707
393,Phe_728,"Disorders of muscle, ligament, and fascia",musculoskeletal,8.92437987297624e-05,0.0,-0.0010884856925959948,0.44035163958683987
394,Phe_728.7,Fasciitis,musculoskeletal,7.765069500905171e-05,1.8359365009773296,0.0019542720083471576,0.1659503166931347
395,Phe_728.71,Contracture of palmar fascia [Dupuytren's disease],musculoskeletal,6.397176087284903e-05,1.2840704207511016,0.002107698633130896,0.13515088308648435
396,Phe_729,Other disorders of soft tissues,musculoskeletal,1.659176509046373e-05,2.0354698870922925,0.00514718963599012,0.00026353618078076214
397,Phe_729.1,"Rheumatism, unspecified and fibrositis",musculoskeletal,-7.962215566044754e-06,3.6054667880895215,0.007009414655305068,6.734989716639155e-07
398,Phe_733,Other disorders of bone and cartilage,musculoskeletal,-3.019760756000496e-05,2.3917704875117507,0.005984667723198374,2.2112831151618106e-05
399,Phe_733.8,Malunion and nonunion of fracture,musculoskeletal,2.324507817307305e-06,2.9491287685382446,0.003594812770609288,0.010825618709914978
400,Phe_735,Acquired foot deformities,musculoskeletal,-3.25295530606754e-06,1.2717218689696625,0.0004826521154901825,0.73224583167358
401,Phe_735.2,Acquired toe deformities,musculoskeletal,-6.477531704997268e-05,1.0135511514861322,9.168565395223193e-05,0.9481791069028457
402,Phe_735.21,Hammer toe (acquired),musculoskeletal,7.37290935799865e-05,1.1612605039589345,0.0010409699263074937,0.4605649928347889
403,Phe_735.23,Hallux rigidus,musculoskeletal,2.398403041190396e-05,1.4582122111361764,0.0025823349939389914,0.06716721967386981
404,Phe_735.3,Hallux valgus (Bunion),musculoskeletal,1.6896864055522524e-05,1.2046736221199648,0.002427640445839371,0.08527006248851102
405,Phe_736,Other acquired deformities of limbs,musculoskeletal,-5.608076632512203e-06,1.6500188806251952,0.0016030215595371313,0.2558137912704958
406,Phe_737,Curvature of spine,musculoskeletal,8.085309307373774e-06,3.6208747658163998,0.0019505503386158776,0.16675811573275132
407,Phe_737.3,Kyphoscoliosis and scoliosis,musculoskeletal,6.933145451139571e-06,2.0026067140548807,0.003329973910308848,0.018248407953032165
408,Phe_738,Other acquired musculoskeletal deformity,musculoskeletal,1.1286057930273691e-05,1.8659722719544638,0.002376369205632573,0.09207562243516608
409,Phe_738.4,Acquired spondylolisthesis,musculoskeletal,3.193877846947797e-05,3.2345283267838814,0.0055661728860746905,7.955177772539931e-05
410,Phe_740,Osteoarthrosis,musculoskeletal,-5.9855322730656864e-05,1.8314653180412663,0.01907454246941564,1.149128951060623e-41
411,Phe_740.1,Osteoarthritis; localized,musculoskeletal,-5.296146755671209e-05,1.681120426986186,0.01017999941721315,5.333287348796092e-13
412,Phe_740.11,"Osteoarthrosis, localized, primary",musculoskeletal,7.826968612878921e-06,1.6797299220837985,0.009234872191294912,5.890061305047426e-11
413,Phe_740.9,Osteoarthrosis NOS,musculoskeletal,-8.068576130707106e-05,2.5670635721802118,0.01805195978582326,1.6907597035770069e-37
414,Phe_741,Symptoms and disorders of the joints,musculoskeletal,9.868883069441636e-05,1.276168448931095,0.000916601070469736,0.5158505539462896
415,Phe_741.4,Joint effusions,musculoskeletal,-6.093416465974586e-05,1.7426669995907809,0.001782114853601704,0.20648279483833656
416,Phe_742,"Derangement of joint, non-traumatic",musculoskeletal,-2.914026584501783e-05,0.0,-0.0008771032000801541,0.5341024096718856
417,Phe_742.9,Other derangement of joint,musculoskeletal,-3.7493932109612126e-05,0.7924102830965981,-0.0008097210507759471,0.5659743103776873
418,Phe_743,"Osteoporosis, osteopenia and pathological fracture",musculoskeletal,-3.6853647961518575e-05,1.7901993412595936,0.007804773024952426,3.1536415316099575e-08
419,Phe_743.1,Osteoporosis,musculoskeletal,-1.8592572745483216e-05,1.834691165043141,0.007997399741712485,1.434321190581007e-08
420,Phe_743.11,Osteoporosis NOS,musculoskeletal,-1.784985047172384e-05,1.814124628087239,0.007796999374110012,3.254283574347206e-08
421,Phe_745,Pain in joint,musculoskeletal,-0.00010905490407230796,1.8470859129265846,0.005234678500409801,0.0002066432731305099
422,Phe_747,Cardiac and circulatory congenital anomalies,congenital anomalies,-0.0007126341212108514,3.3423459376766766,0.001814446965889628,0.19836785195095213
423,Phe_747.1,Cardiac congenital anomalies,congenital anomalies,-0.0007197243886565404,0.869009943795936,-0.00028149631838991887,0.8418360899899887
424,Phe_747.13,Congenital anomalies of great vessels,congenital anomalies,-0.0007221761910764339,2.3781855604742486,0.009240252276089099,5.7415687709915824e-11
425,Phe_751,Genitourinary congenital anomalies,congenital anomalies,0.0,2.592559730566044,0.009204579226552325,6.798969710654399e-11
426,Phe_939,Atopic__contact dermatitis due to other or unspecified,dermatologic,-0.0005736693118927108,1.6083321521487652,0.004417286886656159,0.0017402505069891363
