,PheCode,description,category,f_score,RR,phi,pval
0,Phe_112,Candidiasis,infectious diseases,-7.730866111680563e-06,3.425947049257103,0.011606347299994414,1.9081655625953868e-16
1,Phe_153,Colorectal cancer,neoplasms,6.592517451796558e-05,0.0,-0.00048513775457838633,0.7309202788308758
2,Phe_153.2,Colon cancer,neoplasms,8.384510014046246e-06,1.9194734604575425,0.004894057381775493,0.0005218332579405264
3,Phe_153.3,"Malignant neoplasm of rectum, rectosigmoid junction, and anus",neoplasms,1.9527409870040527e-05,1.2698696827631752,0.0011756373844556969,0.4046309076971222
4,Phe_158,Neoplasm of unspecified nature of digestive system,neoplasms,9.03013294127201e-06,1.5892124384285138,0.0018708221898980748,0.18478055581811856
5,Phe_159,Malignant neoplasm of other and ill-defined sites within the digestive organs and peritoneum,neoplasms,0.00022115513335109954,1.5385757675962326,0.003760083033841384,0.007688881102880183
6,Phe_165,Cancer within the respiratory system,neoplasms,0.00026430665974161866,2.9299365842672715,0.006383202262089435,6.0414670957855285e-06
7,Phe_165.1,Cancer of bronchus; lung,neoplasms,0.00028735382211946995,3.0252477743578936,0.009908130564833967,2.1592990309160553e-12
8,Phe_172,Skin cancer,neoplasms,-6.576196767874406e-05,1.409785227638198,0.004666375166483379,0.0009400154371269593
9,Phe_172.2,Other non-epithelial cancer of skin,neoplasms,-8.034013026136553e-05,1.4118830984914073,0.004223697606621267,0.002752708483486727
10,Phe_174,Breast cancer,neoplasms,-0.0017395121596607507,1.4672510631381293,0.0050870691801812515,0.00031081549100215954
11,Phe_189,Cancer of urinary organs (incl. kidney and bladder),neoplasms,-0.00022207130071767386,1.760731097941835,0.0039007697793513683,0.005689397223023384
12,Phe_189.11,"Malignant neoplasm of kidney, except pelvis",neoplasms,-0.00010300142303898302,1.064686080697529,0.00019835616234149694,0.8881784042663156
13,Phe_189.2,Cancer of bladder,neoplasms,-0.0002406814763002767,0.5706717392538755,-0.001136867641780192,0.42030264768275016
14,Phe_189.21,Malignant neoplasm of bladder,neoplasms,-0.0002971395887766434,1.4715915580223848,0.0020613575769316173,0.14394833711262217
15,Phe_195,"Cancer, suspected or other",neoplasms,0.00011803236226455325,0.7906031652131775,-0.0005770181750626631,0.6825152399494694
16,Phe_195.1,"Malignant neoplasm, other",neoplasms,0.00011352393430455036,2.079142133293326,0.01343710253834512,1.640216399434311e-21
17,Phe_197,Chemotherapy,neoplasms,1.6033363240110369e-06,2.992727438347781,0.027040852238527296,6.334324825505621e-82
18,Phe_198,Secondary malignant neoplasm,neoplasms,-0.0004979680201976486,2.2833256495048735,0.0043343199304380535,0.002122726940517097
19,Phe_198.1,Secondary malignancy of lymph nodes,neoplasms,-0.0006152748147115833,2.0358684615408724,0.0075292269986478085,9.431502131783796e-08
20,Phe_198.2,Secondary malignancy of respiratory organs,neoplasms,-0.0001340638871503611,2.133424800092656,0.0055022714651129815,9.601512787110152e-05
21,Phe_198.3,Secondary malignant neoplasm of digestive systems,neoplasms,-1.4834641104634011e-05,2.620778762776247,0.006498759855097055,4.088122593707738e-06
22,Phe_198.4,Secondary malignant neoplasm of liver,neoplasms,-6.808946594764331e-05,2.1133536663801515,0.005852453957680706,3.34385300386505e-05
23,Phe_198.6,Secondary malignancy of bone,neoplasms,2.0637022424975687e-05,2.028948145464172,0.004912331523992632,0.000497227366522505
24,Phe_199,Neoplasm of uncertain behavior,neoplasms,0.0002688795139804689,2.0924630439308767,0.0035449583405189914,0.011973068913046118
25,Phe_202,"Cancer of other lymphoid, histiocytic tissue",neoplasms,-2.8490956911335797e-05,3.0896240660241667,0.0069376138872684215,8.745344325768037e-07
26,Phe_202.2,Non-Hodgkins lymphoma,neoplasms,-5.4006825466428194e-05,3.9936264504807024,0.01102141714144951,5.582730203823312e-15
27,Phe_204,Leukemia,neoplasms,0.0005037758308291684,2.853358696269377,0.0037998378395953784,0.007068146471321679
28,Phe_208,Benign neoplasm of colon,neoplasms,-0.00025675716875176965,1.4069377317406986,0.005877346887261006,3.095357321305725e-05
29,Phe_211,Benign neoplasm of other parts of digestive system,neoplasms,0.00024288550797230365,1.7797677396694993,0.005770535331984038,4.302268525469822e-05
30,Phe_214,Lipoma,neoplasms,0.0030297105460914565,1.4706885900334157,0.0019045667392624903,0.1769841420477764
31,Phe_214.1,Lipoma of skin and subcutaneous tissue,neoplasms,0.0030846316620332034,1.214737402698782,0.0014131834549907566,0.31645485368946086
32,Phe_215,Other benign neoplasm of connective and other soft tissue,neoplasms,-0.00012316304184494483,1.8869907209797485,0.002741107465870954,0.052003623085049716
33,Phe_216,Benign neoplasm of skin,neoplasms,0.00030624503132656636,1.1254603582997116,0.0010957469581095603,0.43730812241763706
34,Phe_228,"Hemangioma and lymphangioma, any site",neoplasms,7.11137264330025e-05,2.4771498430936565,0.005479342300996708,0.00010267031437762695
35,Phe_229,Benign neoplasm of unspecified sites,neoplasms,0.0001707332817525275,0.9295245506109521,-0.0003107911582344898,0.8256283229318615
36,Phe_241,Nontoxic nodular goiter,endocrine/metabolic,-0.00018565625825674444,0.0,-0.00034764279541624535,0.8053455280035164
37,Phe_242,Thyrotoxicosis with or without goiter,endocrine/metabolic,-2.8254439010491298e-05,2.324958937700974,0.004921674962800858,0.0004850686728399603
38,Phe_244,Hypothyroidism,endocrine/metabolic,-1.6728570025400684e-05,2.3446565947298694,0.016248635241102507,1.0583556696313632e-30
39,Phe_244.1,Secondary hypothyroidism,endocrine/metabolic,-2.406077557223981e-05,4.067040845950154,0.01032369935624321,2.5094834220166846e-13
40,Phe_244.4,Hypothyroidism NOS,endocrine/metabolic,-6.706529639274118e-05,2.3408536227940195,0.01579834725513501,4.0894024997874084e-29
41,Phe_250.1,Type 1 diabetes,endocrine/metabolic,2.4947714340912018e-05,2.1240515021682507,0.005578015720977263,7.680988939046507e-05
42,Phe_250.2,Type 2 diabetes,endocrine/metabolic,0.0004866514782453354,2.2881066591940766,0.018318401154321273,1.458935516892726e-38
43,Phe_250.23,Type 2 diabetes with ophthalmic manifestations,endocrine/metabolic,4.11334426648589e-05,1.6497737534277608,0.002481716352716323,0.07853893066639114
44,Phe_250.7,Diabetic retinopathy,endocrine/metabolic,3.842432490557774e-05,1.6241627766604476,0.00240270741933295,0.08852699217366111
45,Phe_260,Protein-calorie malnutrition,endocrine/metabolic,-5.59587920280452e-05,3.736541149876565,0.004001889458396104,0.004556141431844982
46,Phe_261,Vitamin deficiency,endocrine/metabolic,-0.0002387643845584965,17.437192032757306,0.00786579564088151,2.461895488290987e-08
47,Phe_272,Disorders of lipoid metabolism,endocrine/metabolic,0.00044180646079282446,2.1837037124139105,0.02316184502703162,1.3524023491030262e-60
48,Phe_272.1,Hyperlipidemia,endocrine/metabolic,0.0004520337295836263,2.4032883352958,0.009985163890857495,1.4582768636516401e-12
49,Phe_272.11,Hypercholesterolemia,endocrine/metabolic,0.00044011125448439593,2.1911486868982677,0.02234747586772671,1.558337509818648e-56
50,Phe_274,Gout and other crystal arthropathies,endocrine/metabolic,0.0004528821865905356,30.956987499251323,0.1448691199039914,0.0
51,Phe_274.1,Gout,endocrine/metabolic,0.00046536897299814334,3.9977159739592696,0.013608012272144749,5.070654778702165e-22
52,Phe_275,Disorders of mineral metabolism,endocrine/metabolic,0.0009730905887905174,0.0,-0.00031901795582340973,0.821089754828217
53,Phe_275.5,Disorders of calcium__phosphorus metabolism,endocrine/metabolic,0.00039715327078668726,2.50828015388624,0.005221256164194713,0.00021454966998115264
54,Phe_276,"Disorders of fluid, electrolyte, and acid-base balance",endocrine/metabolic,0.00024482370099508145,2.8040889890515124,0.016830302370695275,8.118602727523499e-33
55,Phe_276.1,Electrolyte imbalance,endocrine/metabolic,0.00014765717058729872,1.307789402456798,0.0003803743660651363,0.7874391100230242
56,Phe_276.12,Hyposmolality and__or hyponatremia,endocrine/metabolic,0.0001802895491882216,3.22468619783868,0.0105394638179984,7.93698861809258e-14
57,Phe_276.14,Hypopotassemia,endocrine/metabolic,6.052314349541252e-05,2.99142443963725,0.008317949873392079,3.713348528146254e-09
58,Phe_276.5,Hypovolemia,endocrine/metabolic,0.0004923828336695829,2.3203136650981744,0.007486882764161013,1.1124162980309121e-07
59,Phe_277,Other disorders of metabolism,endocrine/metabolic,0.000108669751418775,2.709364499113685,0.005298429408682748,0.00017268808196077142
60,Phe_278,"Overweight, obesity and other hyperalimentation",endocrine/metabolic,0.005897593369145193,78.46736414740788,0.01235659253291454,1.959394354599542e-18
61,Phe_278.1,Obesity,endocrine/metabolic,0.005808547125395102,3.548302791349311,0.02871115169039948,4.0422879474940096e-92
62,Phe_280,Iron deficiency anemias,hematopoietic,-2.1451160527766486e-05,2.5399009388885365,0.01424280820937908,5.7033498343031366e-24
63,Phe_280.1,"Iron deficiency anemias, unspecified or not due to blood loss",hematopoietic,-2.1477705637968875e-05,2.6026489782587845,0.014496347217994957,8.981775530690108e-25
64,Phe_281,Other deficiency anemia,hematopoietic,5.414823092192536e-05,0.0,-0.00023926180033677794,0.865319612282758
65,Phe_281.1,Megaloblastic anemia,hematopoietic,7.897657117738604e-05,0.0,-0.00031901795582340973,0.821089754828217
66,Phe_285,Other anemias,hematopoietic,-3.0372287649168827e-05,2.6646028839472575,0.018212154390335356,3.892114996791246e-38
67,Phe_287,Purpura and other hemorrhagic conditions,hematopoietic,-4.8570673756704044e-05,2.0786056727790165,0.0010572182646101556,0.4535951447130633
68,Phe_287.3,Thrombocytopenia,hematopoietic,-5.4141305188225856e-05,2.3272574635909407,0.004770647218341414,0.000720105794847747
69,Phe_288,Diseases of white blood cells,hematopoietic,-1.3915317320193401e-06,3.0838702066666848,0.00503457501932998,0.0003584798098903909
70,Phe_289,Other diseases of blood and blood-forming organs,hematopoietic,0.0001267426661963265,1.6717414465493021,0.0014692479994205944,0.2976377891674724
71,Phe_289.4,Lymphadenitis,hematopoietic,7.254692951881181e-05,3.2405401122823307,0.011443436787482091,4.970254083938192e-16
72,Phe_290,Delirium dementia and amnestic and other cognitive disorders,mental disorders,-1.0703741512061672e-05,4.43318441510779,0.007290681851105664,2.3630334057339356e-07
73,Phe_292,Neurological disorders,mental disorders,0.00013519096891328398,0.7508838674393098,-0.0005749297410138981,0.6836019930057378
74,Phe_292.1,Aphasia__speech disturbance,mental disorders,5.0991557123288245e-05,3.2559072260335213,0.008853641170968235,3.468586916567564e-10
75,Phe_292.4,Altered mental status,mental disorders,0.00022464444266691446,2.875014650781759,0.009278951041377177,4.7762127003979584e-11
76,Phe_293,Symptoms involving head and neck,mental disorders,0.00023881013579238913,2.341477296050537,0.005692337129766265,5.45597358147493e-05
77,Phe_296,Mood disorders,mental disorders,8.613599614947727e-05,5.506481694554938,0.003837845856110847,0.006517152771574297
78,Phe_296.1,Bipolar,mental disorders,-0.00011661549202856348,3.5244230933333536,0.008073668969103142,1.0446952578702416e-08
79,Phe_296.2,Depression,mental disorders,7.656770861457265e-05,3.3628870348889084,0.004461976952335896,0.0015615465301314715
80,Phe_300,Anxiety disorders,mental disorders,0.00022862493008588136,4.866193125420644,0.00700776792310639,6.775648100720633e-07
81,Phe_300.1,Anxiety disorder,mental disorders,0.00034013963901536595,2.724839527128861,0.01374621670602661,1.9416566416134145e-22
82,Phe_306,Other mental disorder,mental disorders,0.0015738509460668042,2.1528238649546036,0.0207064763192008,8.677115774866104e-49
83,Phe_317,Alcohol-related disorders,mental disorders,0.0004732974258107293,2.441950848106055,0.010348367191298415,2.2025951680324604e-13
84,Phe_317.1,Alcoholism,mental disorders,0.00034056077513812253,2.250594717731002,0.011251661021991726,1.5082961350497022e-15
85,Phe_318,Tobacco use disorder,mental disorders,0.0007187646296967444,2.2446100080213904,0.017217104850320318,2.8993198810628178e-34
86,Phe_327,Sleep disorders,neurological,0.0007973407148695995,1.1455089656555895,0.00043012143437311424,0.7604408214704401
87,Phe_327.3,Sleep apnea,neurological,0.0013636707692418811,2.3781453799593235,0.009168248976564172,8.071021611139982e-11
88,Phe_331,Other cerebral degenerations,neurological,0.00014405590889315272,2.285457208176928,0.0020817691322123845,0.14002073056967118
89,Phe_332,Parkinson's disease,neurological,-0.00018380741723823707,2.9151961912349673,0.006737169349541806,1.7894165467085543e-06
90,Phe_334,Degenerative disease of the spinal cord,neurological,-1.2248085441399346e-05,2.83020249404537,0.006889516123962947,1.0403024556165372e-06
91,Phe_335,Multiple sclerosis,neurological,-6.285242791413964e-06,1.4170178627071397,0.001402496628910339,0.3201284117227722
92,Phe_339,Other headache syndromes,neurological,0.0008000674874473724,3.029466994445217,0.017396848800424296,6.008302263939533e-35
93,Phe_340,Migraine,neurological,2.6736656397878813e-05,2.9589390204066133,0.01021990751304772,4.330234943092368e-13
94,Phe_342,Hemiplegia,neurological,0.00017447961827450503,3.0621410398988442,0.008177109069113004,6.765759822995072e-09
95,Phe_345,"Epilepsy, recurrent seizures, convulsions",neurological,2.8472803251284526e-05,3.1187874122014123,0.011676692139788168,1.2569642177205748e-16
96,Phe_345.3,Convulsions,neurological,9.344343232549384e-05,2.4491614259695136,0.006693636659984175,2.085075074359726e-06
97,Phe_348,Other conditions of brain,neurological,-4.074027554560724e-05,1.3706089807407489,0.00044738444778379897,0.7511379308421251
98,Phe_350,Abnormal movement,neurological,-4.6074148527086205e-05,3.7541248729348076,0.015766382489512853,5.280172386329116e-29
99,Phe_350.2,Abnormality of gait,neurological,-8.951210588481477e-05,4.378216226451772,0.015352050536147592,1.38438974393331e-27
100,Phe_351,Other peripheral nerve disorders,neurological,0.00018343045403129623,2.3078636513943493,0.013835934366907002,1.0359291907315083e-22
101,Phe_352,Disorders of other cranial nerves,neurological,5.0883626233837905e-05,2.961032609336146,0.0016103926548008498,0.2536342988499545
102,Phe_353,Nerve root and plexus disorders,neurological,0.000756324947342153,3.3728070556407936,0.007538737029734345,9.087170293795222e-08
103,Phe_357,Inflammatory and toxic neuropathy,neurological,6.308254884772229e-05,3.726682202251561,0.010393525086119357,1.733369815440303e-13
104,Phe_361,Retinal detachments and defects,sense organs,2.6099054554437735e-05,0.7692878837981164,-0.0009861328111069013,0.4845244173874995
105,Phe_361.1,Retinal detachment with retinal defect,sense organs,2.5401735209161424e-05,1.2726587190659158,0.0009677995699231243,0.4926827035582243
106,Phe_362,Other retinal disorders,sense organs,-0.00012638287039554207,0.6353632724486468,-0.001121176784720723,0.42674530226415697
107,Phe_362.2,Degeneration of macula and posterior pole of retina,sense organs,-0.00015011923344466154,1.2710481663968878,0.0013641505488073498,0.333538308581239
108,Phe_362.29,Macular degeneration (senile) of retina NOS,sense organs,-0.00014174688109642132,1.2710481663968878,0.0013641505488073498,0.333538308581239
109,Phe_365,Glaucoma,sense organs,0.00035552559549902437,1.967333541219103,0.0059624784479820865,2.3716019051128938e-05
110,Phe_365.1,Open-angle glaucoma,sense organs,0.00037851302565495486,1.004918217469471,1.701187050593532e-05,0.99037832425429
111,Phe_365.11,Primary open angle glaucoma,sense organs,0.00039594619654369174,1.008685987968821,2.9988026992966752e-05,0.9830400581038311
112,Phe_366,Cataract,sense organs,3.1672400540932566e-05,1.3442939360654722,0.0046458481604468305,0.0009900494088437896
113,Phe_366.2,Senile cataract,sense organs,0.00014375293613788265,1.608944022195701,0.0060431730067510665,1.8365540296317134e-05
114,Phe_367,Disorders of refraction and accommodation; blindness and low vision,sense organs,6.440994831978609e-05,0.0,-0.0009538455203253364,0.4989412587299984
115,Phe_367.1,Myopia,sense organs,0.00010435402804111195,1.0557838520554639,0.00020337327934485277,0.8853693463867308
116,Phe_368,Visual disturbances,sense organs,4.492663339698574e-05,3.405455225203958,0.00782684587196569,2.8840559387151776e-08
117,Phe_371,Inflammation of the eye,sense organs,4.4744528869008426e-05,2.1948913048225975,0.0011397417183807309,0.4191287755748797
118,Phe_371.3,Inflammation of eyelids,sense organs,4.0126277724789714e-05,0.9516963510904534,-0.0002219644113904688,0.8749730942352515
119,Phe_374,Other disorders of eyelids,sense organs,2.865898883446945e-05,1.044242488653717,0.0002298538029417311,0.8705677142832973
120,Phe_374.1,Ectropion or entropion,sense organs,-0.00037546337401552556,1.985259054962881,0.0031293120035320405,0.02653481456893827
121,Phe_374.3,Ptosis of eyelid,sense organs,2.3876130085442553e-05,1.168538557668025,0.0006984966258531882,0.6204969010114751
122,Phe_375,Disorders of lacrimal system,sense organs,-4.706596393689907e-05,1.7761408214449639,0.0030864576676011045,0.028675784660358396
123,Phe_378,Strabismus and other disorders of binocular eye movements,sense organs,-4.097056253797079e-06,0.0,-0.0009024196154943763,0.5223663357334012
124,Phe_379,Other disorders of eye,sense organs,-0.00017081434927409888,0.0,-0.001700092002068769,0.22814460113040014
125,Phe_379.2,Disorders of vitreous body,sense organs,-3.2806867107450706e-05,1.6432955842389083,0.002356576954309199,0.09481678195999996
126,Phe_379.3,Aphakia and other disorders of lens,sense organs,-0.0005074629049435949,1.6524561046837212,0.0029664251356513313,0.035480930255036056
127,Phe_380,Disorders of external ear,sense organs,6.066380092756313e-06,2.843664385863026,0.004373129585408639,0.0019351204950703307
128,Phe_381,Otitis media and Eustachian tube disorders,sense organs,7.778223897472936e-05,2.229035707941245,0.00534588936874915,0.00015089635928817972
129,Phe_381.1,Otitis media,sense organs,9.698280053640823e-05,1.757141814357629,0.0022859143869181334,0.1051404470481629
130,Phe_384,Other disorders of tympanic membrane,sense organs,8.876335969183702e-05,1.8832167395377888,0.001575856576399779,0.2639581470068793
131,Phe_384.4,Perforation of tympanic membrane,sense organs,0.00011917225931129108,1.5783665202064803,0.0017233494268668122,0.22184428940557205
132,Phe_386,Vertiginous syndromes and other disorders of vestibular system,sense organs,0.00019336542164927675,0.0,-0.0007895935881808999,0.5756687074436146
133,Phe_386.9,Dizziness and giddiness (Light-headedness and vertigo),sense organs,0.0003165675235559822,3.2744102540579263,0.015595629558649427,2.0501545359781636e-28
134,Phe_389,Hearing loss,sense organs,0.00015511934005546578,2.4928678672615723,0.008808074149260162,4.2669243906915123e-10
135,Phe_394,Rheumatic disease of the heart valves,circulatory system,0.00042258702494761156,2.994580384874242,0.00652517540519997,3.735567618128464e-06
136,Phe_394.2,Mitral valve disease,circulatory system,0.0003047227814028179,2.7304039314898145,0.009750740802476565,4.771540925925293e-12
137,Phe_394.3,Aortic valve disease,circulatory system,0.0005512117574038198,2.364365021390821,0.005025460267067595,0.0003674222850096224
138,Phe_394.7,Disease of tricuspid valve,circulatory system,4.6377621801921455e-06,2.916146540441564,0.006924829834432975,9.159267044852855e-07
139,Phe_395,Heart valve disorders,circulatory system,0.00031664145322175824,2.5551227749701066,0.010357828408092216,2.094943705476674e-13
140,Phe_395.1,Nonrheumatic mitral valve disorders,circulatory system,0.00028629155681459203,2.764209934318415,0.009762989312679946,4.487982468859603e-12
141,Phe_395.6,Heart valve replaced,circulatory system,0.00040836274609199933,1.7656005779598483,0.002942059167039268,0.03701903472027238
142,Phe_396,Abnormal heart sounds,circulatory system,0.0,2.969787880209405,0.0064710007538217275,4.492885712549069e-06
143,Phe_401.1,Essential hypertension,circulatory system,0.003303956939274188,1.957449903539243,0.02916260037944583,5.579398458719191e-95
144,Phe_401.2,Hypertensive heart and__or renal disease,circulatory system,0.0002579217059854347,5.506481694554938,0.0027136128945759357,0.05440305270550831
145,Phe_401.22,Hypertensive chronic kidney disease,circulatory system,0.00024944554920604197,2.567748201166379,0.005711459900918893,5.1494318901343936e-05
146,Phe_402,Elevated blood pressure reading without diagnosis of hypertension,circulatory system,0.0002893557783785547,3.4116245281481685,0.009057611597037524,1.3552616811939203e-10
147,Phe_411.1,Unstable angina (intermediate coronary syndrome),circulatory system,0.0004664054524675362,2.5588425635491867,0.010374949896951627,1.9131160863933373e-13
148,Phe_411.2,Myocardial infarction,circulatory system,0.0005208226329606853,1.9770738260813985,0.010481309602819296,1.0848849038651274e-13
149,Phe_411.3,Angina pectoris,circulatory system,0.0004812833551395303,2.424340575782285,0.017549827380992426,1.5540643712540084e-35
150,Phe_411.4,Coronary atherosclerosis,circulatory system,0.0004537645513589437,1.7545844644675854,0.010379632929979198,1.8661445120829117e-13
151,Phe_411.8,"Other chronic ischemic heart disease, unspecified",circulatory system,0.0005141903798636824,2.266309027564289,0.015275637752444813,2.5050821358534744e-27
152,Phe_411.9,Other acute and subacute forms of ischemic heart disease,circulatory system,0.0011439291801673456,1.2430473528302237,0.0008729501886608679,0.5360402794793591
153,Phe_414,Other forms of chronic heart disease,circulatory system,0.0012658253302171533,2.899933383951015,0.008662343828941882,8.219667561894373e-10
154,Phe_415,Pulmonary heart disease,circulatory system,0.0037034636342965247,4.745951584058599,0.022120063004636724,2.000139837567513e-55
155,Phe_416,Cardiomegaly,circulatory system,0.00022071337971528774,3.3330014594922455,0.012433403146418977,1.2069533570600474e-18
156,Phe_418,Nonspecific chest pain,circulatory system,0.0007642733345219938,2.380524350673708,0.023264570700593797,4.059921022740829e-61
157,Phe_418.1,Precordial pain,circulatory system,0.0004558004866776957,2.514016194170825,0.009203312339057036,6.839829345327898e-11
158,Phe_420,Carditis,circulatory system,0.00023458301190456676,0.0,-0.00030888750015397806,0.8266793716361274
159,Phe_420.2,Pericarditis,circulatory system,0.00021955007599052734,2.529748066928521,0.005093542731127635,0.00030536703681703176
160,Phe_425,Cardiomyopathy,circulatory system,0.00019977931455846228,10.823084709987292,0.004218981710100728,0.0027830215474521137
161,Phe_425.1,Primary__intrinsic cardiomyopathies,circulatory system,0.00021758280694744045,3.676645915661528,0.008611258346017345,1.0318030929650477e-09
162,Phe_426,Cardiac conduction disorders,circulatory system,0.0006044062913757616,0.0,-0.0012537283925499107,0.3741450086105724
163,Phe_426.2,Atrioventricular [AV] block,circulatory system,-7.768045288117045e-05,4.7317003505974595,0.004199209426837444,0.002913462040408609
164,Phe_426.3,Bundle branch block,circulatory system,0.00028073775287968273,3.2491662172839697,0.00394413851307527,0.005175404404173737
165,Phe_426.31,Right bundle branch block,circulatory system,0.0002269082229008589,2.1481559766590745,0.0047083254280278364,0.0008449664613485575
166,Phe_426.32,Left bundle branch block,circulatory system,0.0003405461949884408,1.8977662810256521,0.003918241542525925,0.005477030538191801
167,Phe_426.9,Cardiac pacemaker__device in situ,circulatory system,0.0007130054421399977,1.862726745339059,0.0012635199720996398,0.37042532464682276
168,Phe_426.91,Cardiac pacemaker in situ,circulatory system,0.0006621750515589048,2.2786973186125437,0.006242264001469122,9.643226395445392e-06
169,Phe_427,Cardiac dysrhythmias,circulatory system,0.0008560731593497272,2.1462626954980273,0.018152579209222208,6.730780724663053e-38
170,Phe_427.1,"Paroxysmal tachycardia, unspecified",circulatory system,0.0005878255579843238,1.9865155480356425,0.0009891200091543294,0.4832020868822454
171,Phe_427.11,Paroxysmal supraventricular tachycardia,circulatory system,0.0005512392205537968,2.202592677821975,0.005628112444704016,6.616952970448624e-05
172,Phe_427.2,Atrial fibrillation and flutter,circulatory system,0.001046638687266198,2.2470690788427037,0.01501044976005149,1.918125637936896e-26
173,Phe_427.3,Other specified cardiac dysrhythmias,circulatory system,0.0002801382530861453,2.03052187168356,0.005899954395869337,2.8849701748547022e-05
174,Phe_427.4,Cardiac arrest and ventricular fibrillation,circulatory system,0.00011935107036274635,3.609580786707733,0.00912020698480235,1.0115620080374755e-10
175,Phe_427.7,Tachycardia NOS,circulatory system,0.00011130587887104643,2.612675831767188,0.007749089866944716,3.9468935118225534e-08
176,Phe_427.9,Palpitations,circulatory system,0.0007915684996900782,2.049262377592441,0.006335366167178166,7.088219479190523e-06
177,Phe_428,Congestive heart failure; nonhypertensive,circulatory system,0.0014742340907026507,3.1229045988236113,0.016157311153333843,2.239001979595724e-30
178,Phe_428.1,Congestive heart failure (CHF) NOS,circulatory system,0.0008183812557451572,3.6547039580716723,0.012761499362062624,1.4740165435410254e-19
179,Phe_428.2,Heart failure NOS,circulatory system,0.00158421627795384,3.1555836049085007,0.01454957461461241,6.068261293305219e-25
180,Phe_430,Intracranial hemorrhage,circulatory system,2.2296280992591125e-05,0.0,-0.0010731631197619382,0.44681371180709006
181,Phe_433,Cerebrovascular disease,circulatory system,0.0006469942835911619,1.0917198490074138,0.0003516184465534038,0.8031649144368118
182,Phe_433.1,Occlusion and stenosis of precerebral arteries,circulatory system,0.0003816447528080147,2.4617212281539724,0.004566891130497052,0.0012063783926664561
183,Phe_433.2,Occlusion of cerebral arteries,circulatory system,0.0007356718611562225,2.1464710245485494,0.006184034398389729,1.1665697235953144e-05
184,Phe_433.21,"Cerebral artery occlusion, with cerebral infarction",circulatory system,0.00021639877041227979,2.40820554928106,0.005891659557438799,2.960532598835992e-05
185,Phe_433.3,Cerebral ischemia,circulatory system,0.0003288724891306179,2.496688859235705,0.005016467063718487,0.00037644956757086525
186,Phe_433.31,Transient cerebral ischemia,circulatory system,0.00027294730361371083,1.6406113379399228,0.002835314909277801,0.04444332308925696
187,Phe_433.8,Late effects of cerebrovascular disease,circulatory system,-3.665033800023683e-06,4.041904839688172,0.010922856612978633,9.697496752411329e-15
188,Phe_440,Atherosclerosis,circulatory system,0.00038756247892577343,0.0,-0.00128631483717386,0.36185523574012024
189,Phe_442,Other aneurysm,circulatory system,0.0003743064042571378,6.678073544460244,0.003104691664932555,0.02774729354998912
190,Phe_442.1,Aortic aneurysm,circulatory system,0.0003327390870715532,2.016292012353093,0.002479386071956703,0.07881980089989188
191,Phe_443,Peripheral vascular disease,circulatory system,8.075984164964648e-05,3.824524911515351,0.017661825187075108,5.731784342677282e-36
192,Phe_443.1,Raynaud's syndrome,circulatory system,0.00010441481865843153,4.2059558671977415,0.010839989995130219,1.5369890775608893e-14
193,Phe_443.9,"Peripheral vascular disease, unspecified",circulatory system,0.0003036083594414909,3.869082609532564,0.014483862279840205,9.845057253639004e-25
194,Phe_447,Other disorders of arteries and arterioles,circulatory system,0.00041433052276099397,3.028897047909592,0.00466277038092931,0.0009486288759508769
195,Phe_451,Phlebitis and thrombophlebitis,circulatory system,0.004030133998248957,10.481725823030365,0.01756560209706628,1.350893622195197e-35
196,Phe_451.2,Phlebitis and thrombophlebitis of lower extremities,circulatory system,0.004061730122087314,8.492938237131204,0.04289439864468451,2.9223911219621204e-203
197,Phe_454,Varicose veins,circulatory system,0.00039666937610991225,3.384037267812738,0.00518303441066958,0.0002386485273656046
198,Phe_454.1,Varicose veins of lower extremity,circulatory system,0.0003483240868975778,2.6465647559125722,0.015960419823747997,1.1104587556553465e-29
199,Phe_455,Hemorrhoids,circulatory system,-3.1350209374429445e-05,1.4280040271951666,0.006343015128255078,6.909923305804223e-06
200,Phe_458,Hypotension,circulatory system,8.981073570768249e-05,3.613925809897887,0.008703487258163287,6.837919177428798e-10
201,Phe_458.1,Orthostatic hypotension,circulatory system,0.00016494872094848865,3.0859758124339023,0.008239460553104518,5.193846284826332e-09
202,Phe_458.9,Hypotension NOS,circulatory system,8.360353430236728e-05,3.1911948685728357,0.013730115157597497,2.1724761635781454e-22
203,Phe_459,Other disorders of circulatory system,circulatory system,0.004092778124088517,3.092309917139226,0.0023779898405735566,0.0918540192074387
204,Phe_459.9,Circulatory disease NEC,circulatory system,0.004034464435819332,4.326925278471377,0.04332252834049994,2.6680902104390588e-207
205,Phe_465,Acute upper respiratory infections of multiple or unspecified sites,respiratory,2.9417687312769957e-05,2.418100590058794,0.005000129198015187,0.00039338196808993005
206,Phe_470,Septal Deviations__Turbinate Hypertrophy,respiratory,7.794027785981959e-06,1.4562294589079838,0.0028437660972298142,0.04381291985341429
207,Phe_471,Nasal polyps,respiratory,0.00012066347905260175,0.8858027937618951,-0.000596410886453304,0.6724555823053144
208,Phe_473,Diseases of the larynx and vocal cords,respiratory,0.00014840954284860944,2.508594622484126,0.005560650671024208,8.086169243016794e-05
209,Phe_473.4,Voice disturbance,respiratory,-2.451064446078314e-05,2.959038647983058,0.006029719583583582,1.9169490001353985e-05
210,Phe_474,Acute and chronic tonsillitis,respiratory,-3.206962282095605e-05,0.5584865775616218,-0.0008352246129589677,0.5538042471840061
211,Phe_474.2,Chronic tonsillitis and adenoiditis,respiratory,-1.6310971533647976e-05,1.362674920070759,0.0010767572226681081,0.4452931260752263
212,Phe_475,Chronic sinusitis,respiratory,0.00010280943757168,1.409066022849075,0.0019545918138399766,0.16588103956768496
213,Phe_476,Allergic rhinitis,respiratory,0.00020848023809140912,1.2916438542783188,0.0010275213883151068,0.4663788613466311
214,Phe_477,Epistaxis or throat hemorrhage,respiratory,3.0688366825193405e-05,1.7793053094650313,0.0037046746672950034,0.008635498698737492
215,Phe_479,Other upper respiratory disease,respiratory,3.4320192518147775e-06,2.079692999198953,0.006558548464822302,3.3316814130853284e-06
216,Phe_480,Pneumonia,respiratory,0.00024309437387655844,3.1904180093817462,0.01416843973594375,9.749023015456564e-24
217,Phe_480.1,Bacterial pneumonia,respiratory,0.00022165430347956497,3.105568501876301,0.006548220524346982,3.4519697778049004e-06
218,Phe_480.11,Pneumococcal pneumonia,respiratory,0.00022254861872291157,2.67323685472131,0.013465639042095323,1.3496263436651177e-21
219,Phe_495,Asthma,respiratory,0.0003617462126580431,2.39947247025299,0.02243944265498525,5.510902821947122e-57
220,Phe_496,Chronic airway obstruction,respiratory,0.0006278709114950316,3.836844765446887,0.02519984755749918,2.1562633715807437e-71
221,Phe_496.1,Emphysema,respiratory,0.00027477199265485907,3.3931833144825023,0.010082266320766262,8.854053358449346e-13
222,Phe_496.2,Chronic bronchitis,respiratory,7.956782007239667e-05,2.6769250028966436,0.0028976841629153073,0.0399662476565293
223,Phe_496.21,Obstructive chronic bronchitis,respiratory,5.2432208472541166e-05,4.165159230496684,0.016906679202857027,4.229574995042585e-33
224,Phe_496.3,Bronchiectasis,respiratory,1.1245045276237847e-05,2.584105722397219,0.007122089372714873,4.447596517262463e-07
225,Phe_506,Empyema and pneumothorax,respiratory,0.00020841314328652277,2.566689481457267,0.005178739896314722,0.00024150954119533087
226,Phe_507,Pleurisy; pleural effusion,respiratory,9.091951163442893e-05,3.0346075276963305,0.016675093819222206,3.027286813455594e-32
227,Phe_508,Pulmonary collapse; interstitial and compensatory emphysema,respiratory,-3.0075967056031258e-05,2.978387252036693,0.00947843852691897,1.8276187531890982e-11
228,Phe_509.1,Respiratory failure,respiratory,0.0002117621982960459,3.4402197047219443,0.010872831785383386,1.2810873123736891e-14
229,Phe_509.2,Respiratory insufficiency,respiratory,0.0002020931628191545,3.615738816157033,0.0108508918196544,1.4469112736619538e-14
230,Phe_512,Other symptoms of respiratory system,respiratory,0.0005074957747968501,3.3603932365686355,0.022907561893186216,2.599053096789226e-59
231,Phe_512.7,Shortness of breath,respiratory,0.0004660372508158471,3.9543664187034504,0.023018402289502252,7.194253865777473e-60
232,Phe_512.8,Cough,respiratory,0.0005042877868486498,3.04596194663218,0.011162909639292971,2.5056548340309746e-15
233,Phe_514,Abnormal findings examination of lungs,respiratory,0.00014614472025258762,3.0831970195445138,0.010645087907097995,4.480007802334297e-14
234,Phe_516,Abnormal sputum,respiratory,0.00039339663258872236,0.0,-0.0009233333764390455,0.512772168867368
235,Phe_516.1,Hemoptysis,respiratory,0.0003831400800482282,3.198538183523529,0.009700192947152398,6.1393733260887484e-12
236,Phe_519,"Other diseases of respiratory system, not elsewhere classified",respiratory,0.00010601913656132882,4.299581597118239,0.003180142809030734,0.024175629457981067
237,Phe_519.8,"Other diseases of respiratory system, NEC",respiratory,0.0001378641467317227,3.0001895735533264,0.019082832717284025,1.0608452131169573e-41
238,Phe_520,Disorders of tooth development,digestive,-0.00027950975622370757,0.0,-0.0005639684799786084,0.6893165852963012
239,Phe_520.2,Disturbances in tooth eruption,digestive,-0.00027839872632781014,1.1383330110405363,0.000609431471638784,0.665733977628689
240,Phe_521,Diseases of hard tissues of teeth,digestive,3.0773243761330035e-05,0.0,-0.00043683941213491616,0.7568163577386828
241,Phe_521.1,Dental caries,digestive,2.856469604425089e-05,1.6467442633244045,0.0035775126822145667,0.011212218007080702
242,Phe_522,Diseases of pulp and periapical tissues,digestive,0.0001466262413355558,0.3948043479114861,-0.0013619821034499679,0.3343073046222115
243,Phe_522.5,Periapical abscess,digestive,0.00020897400530650167,1.4464030257586704,0.0014859414179431794,0.29218245381086017
244,Phe_523,Gingival and periodontal diseases,digestive,0.00038514371402771446,3.1431848299390848,0.004522188961898531,0.0013474418610266634
245,Phe_523.3,Periodontitis (acute or chronic),digestive,0.0002412155264633651,0.0,-0.0002645143991955356,0.8512628129151409
246,Phe_525,Other diseases of the teeth and supporting structures,digestive,-8.761672202577995e-06,2.1251577789922966,0.0055820408671140645,7.589849943271737e-05
247,Phe_528,"Diseases of the oral soft tissues, excluding lesions specific for gingiva and tongue",digestive,-5.259309017884513e-06,2.106506420064641,0.004708677136385495,0.0008442086704181849
248,Phe_529,Diseases and other conditions of the tongue,digestive,-3.0282117155926137e-05,1.6238626726736292,0.0018326164554245026,0.193911176249754
249,Phe_530,Diseases of esophagus,digestive,0.00020340844028044627,2.137589942721667,0.0026952742405410793,0.05605425647500987
250,Phe_530.1,"Esophagitis, GERD and related diseases",digestive,0.00021530969642206534,1.9578043085615229,0.008875201590427746,3.1436318285784666e-10
251,Phe_530.11,GERD,digestive,0.00034263063987943125,2.43782102205539,0.018080977337613748,1.297021231140495e-37
252,Phe_530.12,Ulcer of esophagus,digestive,0.0036401879777561087,1.7537184752839283,0.004991174487279867,0.00040296184723418875
253,Phe_530.14,Reflux esophagitis,digestive,0.00013709754313104915,1.8746648974214617,0.008644386792211493,8.904850610780585e-10
254,Phe_530.2,Esophageal bleeding (varices__hemorrhage),digestive,0.00046396216889679136,2.5292626970001,0.006242327971869923,9.641200879955698e-06
255,Phe_530.3,Stricture and stenosis of esophagus,digestive,0.0,1.536961312436111,0.0022963457724960714,0.10356259066039802
256,Phe_530.9,Heartburn,digestive,4.1235252004844774e-05,1.7863343696095533,0.0034376979455858206,0.014813682719457702
257,Phe_531,Peptic ulcer (excl. esophageal),digestive,0.0013173351595134983,2.3592717426299186,0.011447562025623767,4.852003656177998e-16
258,Phe_531.2,Gastric ulcer,digestive,0.0012773881198145946,2.696997600397287,0.01069506679137156,3.411278676338669e-14
259,Phe_531.3,Duodenal ulcer,digestive,0.00015004029510580413,1.996342833432285,0.005199218303164323,0.00022815000865280128
260,Phe_532,Dysphagia,digestive,2.0527475923631612e-05,2.586493734803357,0.012827471588895774,9.595705298746136e-20
261,Phe_535,Gastritis and duodenitis,digestive,2.4829318084337453e-05,2.1809252946463054,0.015473792829901134,5.349215776374372e-28
262,Phe_535.1,Acute gastritis,digestive,-1.121532009637379e-05,3.479299693817385,0.008200202816498916,6.135969705142205e-09
263,Phe_535.6,Duodenitis,digestive,0.0004205853131646435,2.2750423956859245,0.01073316437403801,2.769062925413803e-14
264,Phe_535.8,Other specified gastritis,digestive,-4.364715772553757e-06,2.065092375149138,0.009722282120219524,5.499909112624804e-12
265,Phe_537,Other disorders of stomach and duodenum,digestive,0.00016841301169279464,2.1885145142798246,0.006846149838355957,1.2153702863442198e-06
266,Phe_540,Appendiceal conditions,digestive,0.0006169179299381639,0.8460093169531845,-0.00023664100538538937,0.8667809946894685
267,Phe_540.1,Appendicitis,digestive,0.0006473217296899073,0.8494437255470405,-0.00032665467630851414,0.8168820713267038
268,Phe_540.11,Acute appendicitis,digestive,0.0006611637703775886,1.7212196006528178,0.003212479322617911,0.022771343407621925
269,Phe_550,Abdominal hernia,digestive,0.0001728290450458368,2.518819283651378,0.008702445771872373,6.869920900248475e-10
270,Phe_550.1,Inguinal hernia,digestive,9.500798600543803e-05,1.1751009232109004,0.0020861926524383605,0.13918052588213997
271,Phe_550.2,Diaphragmatic hernia,digestive,0.0002991442221213027,2.0434312943264166,0.017224188834975045,2.7257707666964087e-34
272,Phe_550.4,Umbilical hernia,digestive,0.0027332500947573543,2.430405084211748,0.008447412849370964,2.1209902726256114e-09
273,Phe_550.5,Ventral hernia,digestive,0.0016497103198573752,2.4017397000414813,0.00791727231534265,1.9949650832116145e-08
274,Phe_555,Inflammatory bowel disease and other gastroenteritis and colitis,digestive,-6.345336886834515e-05,2.2784522578695627,0.008077723551256499,1.0271573433947898e-08
275,Phe_555.1,Regional enteritis,digestive,-5.765395555794809e-05,2.7270412033025493,0.0067879123146889755,1.4955401055728797e-06
276,Phe_555.2,Ulcerative colitis,digestive,-8.504843007887311e-05,2.117673442050526,0.005766177218175292,4.359946230829557e-05
277,Phe_556,Ulceration of the lower GI tract,digestive,0.00041133914090616465,2.051434356794977,0.0020757293295591626,0.14117422728682408
278,Phe_557,Intestinal malabsorption (non-celiac),digestive,-2.653198961911463e-05,2.14979079855912,0.0019199656625235343,0.17350888621975638
279,Phe_557.1,Celiac disease,digestive,-2.5755182043505094e-05,1.263564640054877,0.00105023680623841,0.4565825781248579
280,Phe_558,Noninfectious gastroenteritis,digestive,0.00016749898052408012,2.271969068534944,0.014809794997427421,8.743335541214334e-26
281,Phe_559,Ileostomy status,digestive,-7.176347860106276e-05,3.374940393436898,0.009154179998257479,8.623774370685548e-11
282,Phe_560.4,Other intestinal obstruction,digestive,0.00017868008636392596,2.8338935687266082,0.010377096419170428,1.8914436752503771e-13
283,Phe_561,Symptoms involving digestive system,digestive,9.8070056926014e-05,1.7577516746278012,0.009001740532657556,1.7567116565548857e-10
284,Phe_561.2,Flatulence,digestive,0.000406509943784637,2.703744382607312,0.007039878307711479,6.023901579150177e-07
285,Phe_562,Diverticulosis and diverticulitis,digestive,-0.0005344828984814889,1.7225472848289634,0.012204622908883618,5.0665283681718016e-18
286,Phe_562.1,Diverticulosis,digestive,-0.0005371740020536728,1.7225472848289634,0.012204622908883618,5.0665283681718016e-18
287,Phe_563,Constipation,digestive,0.00014832429734099132,2.489096519373978,0.01564305211214925,1.4086436885612638e-28
288,Phe_564,Functional digestive disorders,digestive,-0.0010924387972101343,3.28526806414268,0.006431074491211759,5.142975758164909e-06
289,Phe_564.1,Irritable Bowel Syndrome,digestive,-0.0003132578795910972,2.9888725977074357,0.014568150752038881,5.290377663978105e-25
290,Phe_564.8,Abnormal findings on exam of gastrointestinal tract__ abdominal area,digestive,0.00026773806199005627,1.7840249521957077,0.003220632691058302,0.022428657591745962
291,Phe_564.9,Personal history of diseases of digestive system,digestive,-0.001182532164809025,2.0287889324156665,0.012975930568692786,3.6234531746878284e-20
292,Phe_565,Anal and rectal conditions,digestive,-0.00011670559788301107,1.9272216335027685,0.008102777829600826,9.249656272570878e-09
293,Phe_565.1,Anal and rectal polyp,digestive,-0.00011024786932985049,1.4249952628240783,0.0035966410628380492,0.010785462895111168
294,Phe_568,Other disorders of peritoneum,digestive,0.0008363291629576397,4.408278884685836,0.0051305300771572505,0.0002759134446754501
295,Phe_568.1,Peritoneal adhesions (postoperative) (postinfection),digestive,0.0006945532966962807,2.0761058463535456,0.006092234796863378,1.569740104057244e-05
296,Phe_569,Other disorders of intestine,digestive,0.00024428448393435406,2.1892509820862696,0.00703894200673867,6.044636315536079e-07
297,Phe_571,Chronic liver disease and cirrhosis,digestive,0.0011316818586212234,2.9886273216597807,0.01119780076441987,2.0533510655500604e-15
298,Phe_571.5,Other chronic nonalcoholic liver disease,digestive,0.0011206241023886082,3.3819788509831685,0.010218869750683408,4.3538022896932557e-13
299,Phe_572,Ascites (non malignant),digestive,0.00037285260877044856,3.0374463540932077,0.008112123986142658,8.894345874221741e-09
300,Phe_573,Other disorders of liver,digestive,0.00042137063908072607,3.2002375966001635,0.008883674339540869,3.02423952316417e-10
301,Phe_573.7,Abnormal results of function study of liver,digestive,0.00021427757225723235,2.2099492339764626,0.007221674485588437,3.0663147256120266e-07
302,Phe_574,Cholelithiasis and cholecystitis,digestive,-2.7994511626641193e-05,1.9418087065977383,0.01147575691723259,4.114802844377782e-16
303,Phe_574.1,Cholelithiasis,digestive,-1.0355988632947326e-06,2.3650283702946178,0.012313146213779541,2.5738574138329276e-18
304,Phe_574.11,Cholelithiasis with acute cholecystitis,digestive,7.946510486736914e-05,1.4055954168814666,0.0015319786693410284,0.277487553738088
305,Phe_574.12,Cholelithiasis with other cholecystitis,digestive,6.855608538577419e-06,1.6622240518449969,0.004624891694023579,0.0010436646452584499
306,Phe_574.2,Calculus of bile duct,digestive,2.844663545920365e-05,1.8804814937287289,0.0042708310987548785,0.002465894769088397
307,Phe_574.3,Cholecystitis without cholelithiasis,digestive,1.6591765090463742e-05,2.0354698870922925,0.00514718963599012,0.00026353618078076214
308,Phe_575,Other biliary tract disease,digestive,0.00019217236026908854,1.9831232742172753,0.006035345614007171,1.882929425473727e-05
309,Phe_575.7,Other disorders of gallbladder,digestive,3.979331763416661e-05,2.1592984728525018,0.004179331900728295,0.00305019897620671
310,Phe_575.8,Other disorders of biliary tract,digestive,5.973949874624938e-05,1.1770104622111182,0.0005655873144370096,0.6884714890174637
311,Phe_577,Diseases of pancreas,digestive,4.3334970193807205e-05,2.771474230372022,0.0042563665641555904,0.002550863200996585
312,Phe_577.1,Acute pancreatitis,digestive,4.803492063960106e-05,2.31703744217218,0.004415585908228565,0.0017474098946947112
313,Phe_578.1,Hematemesis,digestive,9.168044639305616e-05,3.79680794261651,0.01168194374295546,1.218276029358322e-16
314,Phe_578.2,Blood in stool,digestive,0.00025007805975258606,2.610819498536056,0.007998802833559065,1.4260185181290134e-08
315,Phe_578.9,Hemorrhage of gastrointestinal tract,digestive,-6.51988476213796e-05,2.278168276137213,0.009809687940455756,3.5506888171294244e-12
316,Phe_579,Other symptoms involving abdomen and pelvis,digestive,0.00012292061387756247,3.4874384065514605,0.00799759202329041,1.4331806108013532e-08
317,Phe_579.8,Nonspecific abnormal findings in stool contents,digestive,9.6198263326944e-05,1.307789402456798,0.001321132090611118,0.349007197734693
318,Phe_580,Nephritis; nephrosis; renal sclerosis,genitourinary,-6.6637892452268976e-06,3.612677907339221,0.009732056584243956,5.238230101772257e-12
319,Phe_580.1,Glomerulonephritis,genitourinary,-0.00014399410219648553,3.984899747590542,0.008722634078111196,6.2748577736617e-10
320,Phe_585,Renal failure,genitourinary,0.00010131253795093203,3.122608401404232,0.019762022032073646,1.3511214468185156e-44
321,Phe_585.1,Acute renal failure,genitourinary,7.689755347308506e-05,2.990192853401542,0.015485964773784966,4.862106548103551e-28
322,Phe_585.2,Renal failure NOS,genitourinary,0.000260431049198419,3.9749663279739007,0.010772431240391366,2.2317310725887415e-14
323,Phe_585.3,Chronic renal failure [CKD],genitourinary,1.7634095834567452e-05,3.3882523858544396,0.013283373211277167,4.656884680341137e-21
324,Phe_586,Other disorders of the kidney and ureters,genitourinary,2.0554108004598995e-05,3.643290268016617,0.008765598142983836,5.171014180490221e-10
325,Phe_586.2,"Cyst of kidney, acquired",genitourinary,-9.051444367889292e-05,2.3346867993649947,0.004947425900932346,0.00045297872715405316
326,Phe_590,Pyelonephritis,genitourinary,6.999474515456733e-05,1.6239717885634743,0.0022994049568683277,0.10310344338308694
327,Phe_591,Urinary tract infection,genitourinary,-6.338739372335254e-05,2.771286572997667,0.019556558757884118,1.0400016996344064e-43
328,Phe_592,Cystitis and urethritis,genitourinary,0.00027545536166359477,1.8755701841715509,0.004626175570165029,0.00104030421954871
329,Phe_592.1,Cystitis,genitourinary,0.00028271879491247157,1.6724837828932406,0.002853573756185776,0.043090815017026524
330,Phe_593,Hematuria,genitourinary,6.800379208073277e-05,1.6791429675043699,0.008153557600958742,7.472641329950254e-09
331,Phe_594,Urinary calculus,genitourinary,7.484500706510091e-05,1.4159524357426985,0.000856032539214709,0.5439707632679398
332,Phe_594.1,Calculus of kidney,genitourinary,-1.4082171083769744e-05,1.9542683532376433,0.00512663291553143,0.0002788864518020433
333,Phe_594.3,Calculus of ureter,genitourinary,-0.00018804748320292187,1.7897718112854137,0.003647934215130952,0.009711532351532928
334,Phe_594.8,Renal colic,genitourinary,-1.14127431278173e-05,1.6499405320118112,0.0025840754892578342,0.06698312152461315
335,Phe_595,Hydronephrosis,genitourinary,0.0009520210694644611,2.551784199915703,0.0068839069074282735,1.0614977524469776e-06
336,Phe_596,Other disorders of bladder,genitourinary,8.763841155909395e-05,1.89167014047805,0.007406827308270204,1.516209452511733e-07
337,Phe_596.1,Bladder neck obstruction,genitourinary,5.384373079891451e-05,1.6998732658626077,0.0028452330079412514,0.04370427061503563
338,Phe_596.5,Functional disorders of bladder,genitourinary,0.00047402237004262815,3.1327274659611506,0.007818394159195665,2.984528727299151e-08
339,Phe_597,Other disorders of urethra and urinary tract,genitourinary,0.00034908778210196315,2.0324571657052917,0.002710196295561622,0.05470756843142572
340,Phe_597.1,Urethral stricture (not specified as infectious),genitourinary,0.0003165533790833789,1.8420341195786378,0.0046607323101565635,0.0009535310295192643
341,Phe_598,Abnormal findings on examination of urine,genitourinary,7.61694017468047e-05,1.9171781816120597,0.004975242043797792,0.00042054750391144204
342,Phe_599,Other symptoms__disorders or the urinary system,genitourinary,6.41648335574397e-05,2.5176694378847446,0.011814346111626566,5.5141255852959074e-17
343,Phe_599.2,Retention of urine,genitourinary,8.244647403279315e-05,2.1638210537937645,0.009787723506375847,3.9648152325366034e-12
344,Phe_599.3,Dysuria,genitourinary,-1.2392519458484471e-05,2.357194070286083,0.0045111577829610025,0.0013845185478145742
345,Phe_599.4,Urinary incontinence,genitourinary,0.0008458719607905909,2.733374217625554,0.015365047073382768,1.2511957152292971e-27
346,Phe_599.5,Frequency of urination and polyuria,genitourinary,-0.0009511799587353639,2.293110185129728,0.007672814678205721,5.353846021240463e-08
347,Phe_599.9,Other abnormality of urination,genitourinary,0.00024822644669594173,1.8961102895064328,0.0035700449435117202,0.01138285179329041
348,Phe_611.3,Lump or mass in breast,genitourinary,4.2704597292995235e-06,1.993308713075334,0.003591515660014985,0.010898371055627389
349,Phe_613,Other nonmalignant breast conditions,genitourinary,-0.00019207085431276357,0.0,-0.0003383703132136738,0.810437271120757
350,Phe_681,Superficial cellulitis and abscess,dermatologic,0.00793632840295939,6.345069877148884,0.011620489945659762,1.7549030767834228e-16
351,Phe_681.3,Cellulitis and abscess of arm__hand,dermatologic,0.007335508940333389,5.450588582087278,0.032361247801210406,1.613179283790293e-116
352,Phe_686,Other local infections of skin and subcutaneous tissue,dermatologic,0.0008685830367827855,3.9556984349638475,0.010728803128715544,2.8360790847303667e-14
353,Phe_686.1,Carbuncle and furuncle,dermatologic,0.0004287359247709616,3.2111753816536397,0.010349784807307985,2.1861258539704412e-13
354,Phe_687,Symptoms affecting skin,dermatologic,6.43796559620322e-05,5.159497916541888,0.006340059742579956,6.9782983653299766e-06
355,Phe_687.1,Rash and other nonspecific skin eruption,dermatologic,-0.00018400434699574898,3.6219372457959293,0.012039101230113545,1.4074287362540018e-17
356,Phe_687.4,Disturbance of skin sensation,dermatologic,-0.00019024265207404108,3.1016263485598676,0.010841160959282333,1.5270552967885263e-14
357,Phe_689,Disorder of skin and subcutaneous tissue NOS,dermatologic,0.00010284590022760536,2.210612145014714,0.008911441659265933,2.663177999493901e-10
358,Phe_695,Erythematous conditions,dermatologic,-3.7630629707209266e-05,3.5929455374119708,0.012572069488044409,4.99545903338986e-19
359,Phe_696,Psoriasis and related disorders,dermatologic,-2.2677160659334604e-05,3.1324297064833475,0.01010675226542427,7.801516865582888e-13
360,Phe_696.4,Psoriasis,dermatologic,-2.4597150757130387e-05,3.130867397402808,0.008355927422898191,3.1534487040898383e-09
361,Phe_696.41,Psoriasis vulgaris,dermatologic,8.168765625149014e-07,2.8631193303501163,0.007641686868144491,6.058259626103901e-08
362,Phe_701,Other hypertrophic and atrophic conditions of skin,dermatologic,2.210833169158247e-05,2.2821987861521538,0.004956082346207306,0.000442644063294668
363,Phe_701.2,Scar conditions and fibrosis of skin,dermatologic,2.9462931611091398e-05,3.9148045723683382,0.013206794643906441,7.797296362186391e-21
364,Phe_702,Degenerative skin conditions and other dermatoses,dermatologic,-3.19860956402383e-05,0.0,-0.0002645143991955356,0.8512628129151409
365,Phe_702.1,Actinic keratosis,dermatologic,-1.2121868739553437e-05,1.793074018429471,0.003940208868626559,0.0052201856918673096
366,Phe_702.2,Seborrheic keratosis,dermatologic,-0.00027427397156428574,1.8256715716009277,0.004335648250733742,0.002116039464812103
367,Phe_703,"Diseases of nail, NOS",dermatologic,0.0006270729163109683,0.6166394039089027,-0.0006901359494874694,0.6246862606620727
368,Phe_704,Diseases of hair and hair follicles,dermatologic,-2.770997096776278e-05,1.5117132165665572,0.0033487280975329353,0.017604496654782725
369,Phe_706,Diseases of sebaceous glands,dermatologic,-2.7383358411666907e-05,1.187774670159438,0.0016338134833753513,0.24679513861068103
370,Phe_706.2,Sebaceous cyst,dermatologic,-3.469098879686444e-05,1.1717647710847503,0.0014873255941702762,0.2917331462398329
371,Phe_707,Chronic ulcer of skin,dermatologic,8.153433512361443e-05,5.942720154661682,0.01769526013607497,4.250540051441979e-36
372,Phe_709,Diffuse diseases of connective tissue,dermatologic,-4.223001504475905e-05,3.513464066301845,0.012760805115547677,1.4806730653166593e-19
373,Phe_709.7,Unspecified diffuse connective tissue disease,dermatologic,-9.308110960272473e-06,2.9527788599024563,0.008367312757347532,3.002249485575999e-09
374,Phe_714,Rheumatoid arthritis and other inflammatory polyarthropathies,musculoskeletal,0.00011002636946965906,4.623281684626323,0.007147186551638944,4.051537967727189e-07
375,Phe_714.1,Rheumatoid arthritis,musculoskeletal,0.00010840526152676257,4.854054953493927,0.01953995269935256,1.2253761186857902e-43
376,Phe_715,Other inflammatory spondylopathies,musculoskeletal,5.455545334350102e-05,7.013842605354894,0.011120379292778556,3.1912043763589264e-15
377,Phe_716,Other arthropathies,musculoskeletal,0.0022983857755164735,12.943070374830164,0.009381925965013575,2.916017488454377e-11
378,Phe_716.2,Unspecified monoarthritis,musculoskeletal,0.0011569922936085241,3.4735383382756875,0.03103229212449312,2.6784641048336493e-107
379,Phe_716.9,Arthropathy NOS,musculoskeletal,0.002183766308786811,3.6689330142080276,0.043409113819518085,4.021186388330858e-208
380,Phe_717,Polymyalgia Rheumatica,musculoskeletal,0.00010074785475066607,2.2407814340922187,0.00439067578695838,0.0018554057328351655
381,Phe_720,Spinal stenosis,musculoskeletal,0.00023598812098402653,4.487856394489816,0.009315495345364244,4.01137817692411e-11
382,Phe_721,Spondylosis and allied disorders,musculoskeletal,0.0006505986244952231,4.954830522969289,0.01282140992105123,9.982636656424052e-20
383,Phe_721.1,Spondylosis without myelopathy,musculoskeletal,0.0006889455152954643,5.824381668673573,0.014697756161792823,2.0217913458003566e-25
384,Phe_722,Intervertebral disc disorders,musculoskeletal,0.0005305097302584636,2.234173475826134,0.009857827788903229,2.78576891436908e-12
385,Phe_722.6,Degeneration of intervertebral disc,musculoskeletal,0.00039117607273161974,2.6826449281165083,0.008867746899766958,3.2524752536018445e-10
386,Phe_722.9,Other and unspecified disc disorder,musculoskeletal,0.0006164645933074399,2.1134165757934444,0.0067973183730540825,1.446425025717251e-06
387,Phe_724,Other and unspecified disorders of back,musculoskeletal,-0.00044005934203250255,1.7245574537891841,0.0015602764695111624,0.2687090928772699
388,Phe_726,Peripheral enthesopathies and allied syndromes,musculoskeletal,0.002377288010842582,3.0351869097435227,0.018072555516743756,1.4008180158410732e-37
389,Phe_726.1,Enthesopathy,musculoskeletal,0.0026018119291399324,3.951651194752188,0.023594328999845864,8.230614395901643e-63
390,Phe_727,"Other disorders of synovium, tendon, and bursa",musculoskeletal,0.0015963345705170531,78.52740038623526,0.22382405876431494,0.0
391,Phe_727.1,Synovitis and tenosynovitis,musculoskeletal,0.00032804894082485287,3.846663897509344,0.013336057175392392,3.2610553389649045e-21
392,Phe_727.4,"Ganglion and cyst of synovium, tendon, and bursa",musculoskeletal,0.0006693790143869155,2.2664876098354862,0.006426705867054641,5.219342104626196e-06
393,Phe_728,"Disorders of muscle, ligament, and fascia",musculoskeletal,3.269409005568147e-05,0.0,-0.0006998852831408293,0.619802259774202
394,Phe_728.7,Fasciitis,musculoskeletal,1.1784568332064827e-06,4.420696571684951,0.005141980335798466,0.00026734936946043426
395,Phe_728.71,Contracture of palmar fascia [Dupuytren's disease],musculoskeletal,-4.115577759138622e-06,0.9717320637449891,-0.00013485924972961975,0.9238396704642421
396,Phe_729,Other disorders of soft tissues,musculoskeletal,0.05296790154832138,313.86945658963145,1.0,0.0
397,Phe_729.1,"Rheumatism, unspecified and fibrositis",musculoskeletal,0.0006984262885128565,11.352725025582416,0.017908327430316534,6.241495859110547e-37
398,Phe_733,Other disorders of bone and cartilage,musculoskeletal,3.569812193477245e-05,4.973744516432859,0.010986933551588004,6.77622946352244e-15
399,Phe_733.8,Malunion and nonunion of fracture,musculoskeletal,-0.00011295512061632803,2.8404475709468913,0.0021825456240700384,0.12182661581904825
400,Phe_735,Acquired foot deformities,musculoskeletal,0.0008077996698314027,10.717493639645953,0.011098595479446338,3.610783601857424e-15
401,Phe_735.2,Acquired toe deformities,musculoskeletal,0.0029868259996115587,2.971042861565139,0.008574827492115219,1.2124776459722483e-09
402,Phe_735.21,Hammer toe (acquired),musculoskeletal,-0.00016374227601717275,2.6796575729627037,0.006971641703404333,7.729493642730532e-07
403,Phe_735.23,Hallux rigidus,musculoskeletal,0.0006617934933548794,1.5266024153192195,0.0019082396040335401,0.17615057088999336
404,Phe_735.3,Hallux valgus (Bunion),musculoskeletal,5.74391524944557e-05,2.026993484266632,0.0078323901738352,2.8199369257748673e-08
405,Phe_736,Other acquired deformities of limbs,musculoskeletal,-0.00023747011994887805,3.973031096071285,0.00471429744068969,0.0008321843613188761
406,Phe_737,Curvature of spine,musculoskeletal,6.33514707641824e-05,8.718596016378653,0.0036936295918647928,0.008836200378963153
407,Phe_737.3,Kyphoscoliosis and scoliosis,musculoskeletal,6.978563520667077e-05,4.383651628346809,0.007226034017985668,3.016466347871272e-07
408,Phe_738,Other acquired musculoskeletal deformity,musculoskeletal,7.268677810071555e-05,2.567439317706597,0.00276569829884148,0.04993321399887693
409,Phe_738.4,Acquired spondylolisthesis,musculoskeletal,8.49426571546829e-05,4.672994390912628,0.005882950966470685,3.041886463395293e-05
410,Phe_740,Osteoarthrosis,musculoskeletal,0.007853763278218184,3.165350146073778,0.031940540498434526,1.473196593385796e-113
411,Phe_740.1,Osteoarthritis; localized,musculoskeletal,0.00808880172579015,2.8913711278806757,0.0181762689310118,5.414598476979638e-38
412,Phe_740.11,"Osteoarthrosis, localized, primary",musculoskeletal,0.008228417086250694,2.4374569508155375,0.012557219473014577,5.492906467115423e-19
413,Phe_740.9,Osteoarthrosis NOS,musculoskeletal,0.00859015707963457,4.922716713021343,0.029055531524997846,2.684846034579759e-94
414,Phe_741,Symptoms and disorders of the joints,musculoskeletal,0.0003565480790724868,3.9508043486806756,0.006297248776579807,8.044324057087812e-06
415,Phe_741.4,Joint effusions,musculoskeletal,0.0002995794537690038,17.62368606519321,0.02564915303672548,6.784069198840384e-74
416,Phe_742,"Derangement of joint, non-traumatic",musculoskeletal,0.00012024005150223308,0.0,-0.0005639684799786084,0.6893165852963012
417,Phe_742.9,Other derangement of joint,musculoskeletal,-3.6545769415437704e-05,5.724063038108781,0.011848119181992831,4.4983815301287836e-17
418,Phe_743,"Osteoporosis, osteopenia and pathological fracture",musculoskeletal,3.2932334250040557e-06,3.909584416159575,0.018478159555048463,3.300952045029971e-39
419,Phe_743.1,Osteoporosis,musculoskeletal,-2.6129403541854135e-05,3.7257693676910635,0.016792533789052554,1.1195649416792447e-32
420,Phe_743.11,Osteoporosis NOS,musculoskeletal,-3.203807730084207e-05,3.7289310864348613,0.016804798590863566,1.0086965292463235e-32
421,Phe_745,Pain in joint,musculoskeletal,0.0014987625840834776,7.878504578363219,0.027331327202388126,1.1815180840706293e-83
422,Phe_747,Cardiac and circulatory congenital anomalies,congenital anomalies,0.0005049630675213401,8.047934784349525,0.0035104214241368607,0.012829964591842151
423,Phe_747.1,Cardiac congenital anomalies,congenital anomalies,0.0004778932367983485,3.138694565896315,0.0029552028249170406,0.03618243136495385
424,Phe_747.13,Congenital anomalies of great vessels,congenital anomalies,0.0004925298509055019,1.9448021406586458,0.004073063099387695,0.0038856238339015337
425,Phe_751,Genitourinary congenital anomalies,congenital anomalies,0.0,1.3065796065248303,0.0011393459404671663,0.4192903103503972
426,Phe_939,Atopic__contact dermatitis due to other or unspecified,dermatologic,8.576992150341016e-05,3.1350063231631817,0.009968232004174139,1.5900797178327418e-12
