,PheCode,description,category,f_score,RR,phi,pval
0,Phe_112,Candidiasis,infectious diseases,0.0002513856331455417,11.23652787125207,0.06356252517323366,0.0
1,Phe_153,Colorectal cancer,neoplasms,-5.280390962387107e-05,0.0,-0.0006296501312522039,0.6553497027782091
2,Phe_153.2,Colon cancer,neoplasms,-3.776878425672974e-05,3.4259498441388243,0.016758915100522236,1.489435407722868e-32
3,Phe_153.3,"Malignant neoplasm of rectum, rectosigmoid junction, and anus",neoplasms,-6.856496653025414e-05,2.833140136711042,0.010364519673194657,2.0219470045101392e-13
4,Phe_158,Neoplasm of unspecified nature of digestive system,neoplasms,-0.00015007537880979552,2.718300335388943,0.00708098876681627,5.178120332981684e-07
5,Phe_159,Malignant neoplasm of other and ill-defined sites within the digestive organs and peritoneum,neoplasms,-7.4096672896343055e-06,3.8346567598485755,0.025685340649923727,4.246626234619214e-74
6,Phe_165,Cancer within the respiratory system,neoplasms,0.008588456670811255,8.824719114278244,0.03358911398694136,2.2173513090979977e-125
7,Phe_165.1,Cancer of bronchus; lung,neoplasms,0.008427858240830394,9.749238499893293,0.05555434571471613,0.0
8,Phe_172,Skin cancer,neoplasms,-1.3955686765878118e-05,1.191400918385757,0.0028287957802491624,0.044934821123885166
9,Phe_172.2,Other non-epithelial cancer of skin,neoplasms,-1.622376464608235e-05,1.2483249615656484,0.003305015097931906,0.019137279085070225
10,Phe_174,Breast cancer,neoplasms,-0.0004235830002646064,1.465284290863126,0.006574609454352705,3.1525710939765004e-06
11,Phe_189,Cancer of urinary organs (incl. kidney and bladder),neoplasms,0.00037841463192893766,3.0970751647315806,0.013956205981307916,4.4344417005793743e-23
12,Phe_189.11,"Malignant neoplasm of kidney, except pelvis",neoplasms,0.00013994490602927534,3.5472127555190505,0.010137580231526888,6.649627217137002e-13
13,Phe_189.2,Cancer of bladder,neoplasms,0.0004884215825372531,2.546392013783318,0.005314644884749432,0.00016492966663469554
14,Phe_189.21,Malignant neoplasm of bladder,neoplasms,0.0002856582279361711,2.5640160710343296,0.008872841990307951,3.1776930467628616e-10
15,Phe_195,"Cancer, suspected or other",neoplasms,0.00012560455401712902,2.038253892924794,0.003713275506033573,0.008482044037322322
16,Phe_195.1,"Malignant neoplasm, other",neoplasms,0.00011699852888697333,2.642633831693573,0.02654617602740471,5.0612185434584606e-79
17,Phe_197,Chemotherapy,neoplasms,0.0005384115028359913,3.6428857363005425,0.04654629158401351,5.225039254373124e-239
18,Phe_198,Secondary malignant neoplasm,neoplasms,-1.6594990717325913e-05,4.075367184902233,0.013480788367508644,1.2166999207991118e-21
19,Phe_198.1,Secondary malignancy of lymph nodes,neoplasms,-6.49469744528852e-06,3.542282367315757,0.023983015606836855,7.751299751287231e-65
20,Phe_198.2,Secondary malignancy of respiratory organs,neoplasms,-1.4753800264799619e-05,6.49867673628224,0.03464509170617565,2.8904659024914627e-133
21,Phe_198.3,Secondary malignant neoplasm of digestive systems,neoplasms,-1.0914677453868098e-05,3.7124336847735586,0.014115624768643566,1.4242506368824807e-23
22,Phe_198.4,Secondary malignant neoplasm of liver,neoplasms,1.0030283777915623e-05,4.422338579776926,0.023348665296914733,1.510075907335101e-61
23,Phe_198.6,Secondary malignancy of bone,neoplasms,2.2273263470173482e-05,5.615708076115731,0.02860004643684011,2.012267268813316e-91
24,Phe_199,Neoplasm of uncertain behavior,neoplasms,1.9364684525370062e-05,5.092784027566636,0.017236831402963178,2.4412991209363538e-34
25,Phe_202,"Cancer of other lymphoid, histiocytic tissue",neoplasms,0.00042894769521867836,6.595750014470591,0.024112069852938598,1.6195384579854836e-65
26,Phe_202.2,Non-Hodgkins lymphoma,neoplasms,0.00037876004572348664,6.511979576561799,0.0263379310707847,8.131816079336193e-78
27,Phe_204,Leukemia,neoplasms,4.634124417600442e-05,9.053838271229576,0.021431013596962645,3.8969419001730745e-52
28,Phe_208,Benign neoplasm of colon,neoplasms,-6.008157385698834e-05,2.1654174923941816,0.021845858725715105,4.193216517353625e-54
29,Phe_211,Benign neoplasm of other parts of digestive system,neoplasms,-9.423565336398413e-05,1.8530153343065847,0.008192980167693384,6.326544716969567e-09
30,Phe_214,Lipoma,neoplasms,1.2713155281912556e-05,1.604130853405084,0.003172690918464839,0.024509690323081264
31,Phe_214.1,Lipoma of skin and subcutaneous tissue,neoplasms,3.372549089734138e-05,1.1674437931605566,0.0014301912821792185,0.310665745173766
32,Phe_215,Other benign neoplasm of connective and other soft tissue,neoplasms,-6.820197164551914e-05,1.4968770688906614,0.00199292137261563,0.15773460897320765
33,Phe_216,Benign neoplasm of skin,neoplasms,-2.4484285473776777e-05,0.781186314595867,-0.0024803470727133483,0.07870387200834165
34,Phe_228,"Hemangioma and lymphangioma, any site",neoplasms,-4.071260082128012e-05,1.3003858937612118,0.0014461643059234359,0.3052929034627008
35,Phe_229,Benign neoplasm of unspecified sites,neoplasms,-2.1324302716585144e-05,0.921695036249309,-0.00044818190518233525,0.7507090489668193
36,Phe_241,Nontoxic nodular goiter,endocrine/metabolic,0.00010558916271202233,0.0,-0.00045119830336221375,0.7490874925681085
37,Phe_242,Thyrotoxicosis with or without goiter,endocrine/metabolic,0.00040685616906191105,2.420644260016241,0.00684904587199389,1.2028459059526852e-06
38,Phe_244,Hypothyroidism,endocrine/metabolic,0.00037490471554610096,2.3731065228207475,0.02153495447580392,1.2621383110629824e-52
39,Phe_244.1,Secondary hypothyroidism,endocrine/metabolic,0.0005762965608757404,2.5248732080330365,0.006661679695012477,2.3314117186003094e-06
40,Phe_244.4,Hypothyroidism NOS,endocrine/metabolic,0.00037050379630444166,2.3836284185053964,0.02115845654076869,7.302102744390409e-51
41,Phe_250.1,Type 1 diabetes,endocrine/metabolic,0.00038389843412345857,6.4642920634478465,0.03519343456356542,1.8637060073971395e-137
42,Phe_250.2,Type 2 diabetes,endocrine/metabolic,0.0003430541423458745,4.090145010546818,0.05703596900780861,0.0
43,Phe_250.23,Type 2 diabetes with ophthalmic manifestations,endocrine/metabolic,0.0004088107270241791,5.561983432062847,0.02261402697164383,7.571328393082631e-58
44,Phe_250.7,Diabetic retinopathy,endocrine/metabolic,0.0004187750889264626,5.2340672412105,0.021154121756243434,7.6481946202829e-51
45,Phe_260,Protein-calorie malnutrition,endocrine/metabolic,-1.8424497396453162e-05,17.2285650138911,0.030801895937206895,9.707746866547153e-106
46,Phe_261,Vitamin deficiency,endocrine/metabolic,7.855481740109819e-05,10.37418968578389,0.005822144655337655,3.6720290776760865e-05
47,Phe_272,Disorders of lipoid metabolism,endocrine/metabolic,4.645391324660586e-05,3.213227514478416,0.05620700272867053,0.0
48,Phe_272.1,Hyperlipidemia,endocrine/metabolic,4.899425221669692e-05,4.098837578763007,0.028618134515446696,1.550198302599555e-91
49,Phe_272.11,Hypercholesterolemia,endocrine/metabolic,3.94510284335195e-05,3.274022590959741,0.055372164434015554,0.0
50,Phe_274,Gout and other crystal arthropathies,endocrine/metabolic,0.00014742752756309496,5.116038749153699,0.025833982594508136,6.157242868194267e-75
51,Phe_274.1,Gout,endocrine/metabolic,0.00015476560974549597,5.394965372476617,0.025893686894281794,2.8259897075300533e-75
52,Phe_275,Disorders of mineral metabolism,endocrine/metabolic,-5.1414609579907364e-05,11.670963396506874,0.004418277431499208,0.001736093758215351
53,Phe_275.5,Disorders of calcium__phosphorus metabolism,endocrine/metabolic,-5.255937215280351e-05,11.241929579586802,0.04601601376618274,1.231488834791009e-233
54,Phe_276,"Disorders of fluid, electrolyte, and acid-base balance",endocrine/metabolic,0.002215122938572961,15.89774473470126,0.18038013834360625,0.0
55,Phe_276.1,Electrolyte imbalance,endocrine/metabolic,0.0012744101610736348,14.783220302242041,0.022107645970520416,2.297503661216914e-55
56,Phe_276.12,Hyposmolality and__or hyponatremia,endocrine/metabolic,0.0009109399451039884,13.269725505617405,0.07544297887309839,0.0
57,Phe_276.14,Hypopotassemia,endocrine/metabolic,0.0004940835827304668,15.127759006615948,0.07658786598037366,0.0
58,Phe_276.5,Hypovolemia,endocrine/metabolic,0.008623439124161573,12.31222512158967,0.08325420502694487,0.0
59,Phe_277,Other disorders of metabolism,endocrine/metabolic,0.0001661467953162665,12.39942990332736,0.0458595542722974,4.610643319619288e-232
60,Phe_278,"Overweight, obesity and other hyperalimentation",endocrine/metabolic,0.00028256074048392884,0.0,-0.0002070208898469332,0.8833279701127529
61,Phe_278.1,Obesity,endocrine/metabolic,0.00028310561053539933,4.368022976843209,0.049250297000884465,2.309174259926319e-267
62,Phe_280,Iron deficiency anemias,hematopoietic,0.00048564329631010326,4.675869601104518,0.04412626446873644,5.42202318808351e-215
63,Phe_280.1,"Iron deficiency anemias, unspecified or not due to blood loss",hematopoietic,0.0004779567671287286,4.719751741913799,0.04366850781284308,1.3564923782291273e-210
64,Phe_281,Other deficiency anemia,hematopoietic,0.00041614734487583146,0.0,-0.0003105328797108685,0.8257709055281772
65,Phe_281.1,Megaloblastic anemia,hematopoietic,0.0003391705994171905,0.0,-0.00041404672355501896,0.7691346389695837
66,Phe_285,Other anemias,hematopoietic,0.0004276211779130667,5.847062588062539,0.06882774367511367,0.0
67,Phe_287,Purpura and other hemorrhagic conditions,hematopoietic,0.0003993654509357736,7.419950238838808,0.008167099444236402,7.057866120181262e-09
68,Phe_287.3,Thrombocytopenia,hematopoietic,0.0003722530735867825,10.24598664962739,0.0431329947622752,1.6575477890887303e-205
69,Phe_288,Diseases of white blood cells,hematopoietic,0.0004436895734051231,7.746665660563515,0.02115512345925446,7.566794658982469e-51
70,Phe_289,Other diseases of blood and blood-forming organs,hematopoietic,2.1474028413127136e-06,6.464874531220851,0.01551341400785992,3.919191731505626e-28
71,Phe_289.4,Lymphadenitis,hematopoietic,1.4113023139334141e-05,5.554322796371021,0.030189907665733342,1.1817472364736632e-101
72,Phe_290,Delirium dementia and amnestic and other cognitive disorders,mental disorders,0.00017964556993334906,10.813773994503544,0.027048382001475177,5.716186669935659e-82
73,Phe_292,Neurological disorders,mental disorders,0.00012505512528102113,10.051547422828888,0.02711252576654537,2.380799654154475e-82
74,Phe_292.1,Aphasia__speech disturbance,mental disorders,3.935331737048485e-05,7.360939569581099,0.03240083296678264,8.4552308081836e-117
75,Phe_292.4,Altered mental status,mental disorders,0.00012280661095104384,12.022222436181906,0.0707941893876945,0.0
76,Phe_293,Symptoms involving head and neck,mental disorders,4.9762405337397967e-05,1.7247320685424012,0.003991342437872151,0.00466396598452169
77,Phe_296,Mood disorders,mental disorders,0.0016542070374993775,6.552119801547718,0.006136814126077501,1.3597025850996274e-05
78,Phe_296.1,Bipolar,mental disorders,6.668179134169826e-05,4.776139730572994,0.01567440540328499,1.0984395530978712e-28
79,Phe_296.2,Depression,mental disorders,0.0011851545646779018,3.3345609704305357,0.005721683205886397,4.992319191585825e-05
80,Phe_300,Anxiety disorders,mental disorders,-2.2806254968230622e-05,6.514026081771278,0.012971769025121708,3.7242906612708255e-20
81,Phe_300.1,Anxiety disorder,mental disorders,6.170153115304498e-05,4.72989304027569,0.03858025488617414,8.502554053123682e-165
82,Phe_306,Other mental disorder,mental disorders,0.0004879449367352943,5.0543522321439776,0.09451460911511202,0.0
83,Phe_317,Alcohol-related disorders,mental disorders,0.003464399140283836,5.975345797182588,0.04634243703866959,6.17558532926287e-237
84,Phe_317.1,Alcoholism,mental disorders,0.004134497020966588,3.7762317918443125,0.03241828212230245,6.358388090554567e-117
85,Phe_318,Tobacco use disorder,mental disorders,0.004930574975212563,5.282482129159457,0.0768876556471949,0.0
86,Phe_327,Sleep disorders,neurological,7.841002721209158e-05,3.134974109426664,0.00819083484306793,6.384251258483003e-09
87,Phe_327.3,Sleep apnea,neurological,7.552203357901473e-05,7.101550800497262,0.05268243270429466,1.1492448934677262e-305
88,Phe_331,Other cerebral degenerations,neurological,5.3733828568480796e-05,8.15834334513102,0.015046021927566764,1.4627660913120452e-26
89,Phe_332,Parkinson's disease,neurological,-0.000490028538072756,3.854188118557482,0.013031098068254674,2.5161682010568184e-20
90,Phe_334,Degenerative disease of the spinal cord,neurological,-1.3417538031969145e-05,4.293735857326244,0.016092094351830375,3.813645080853696e-30
91,Phe_335,Multiple sclerosis,neurological,-0.00013061328856496743,4.004484054783397,0.013114486665866888,1.44573210664543e-20
92,Phe_339,Other headache syndromes,neurological,0.00028940599893186237,2.7614286899376936,0.019596923012786753,6.976421312676866e-44
93,Phe_340,Migraine,neurological,0.00018044091542848863,1.3203069597745227,0.0021688356747289893,0.12418724661585705
94,Phe_342,Hemiplegia,neurological,0.00010961728721940258,7.74268791182895,0.03470153677489796,1.078039194422083e-133
95,Phe_345,"Epilepsy, recurrent seizures, convulsions",neurological,5.7100227713564136e-05,5.369136649217539,0.0312508833858823,8.666146376781582e-109
96,Phe_345.3,Convulsions,neurological,0.00026930491255674517,7.958111895817412,0.041712959340689845,2.538519394257687e-192
97,Phe_348,Other conditions of brain,neurological,2.8981898820004674e-05,22.016839245812097,0.03292809231138173,1.4373251891269794e-120
98,Phe_350,Abnormal movement,neurological,-2.4385954871424e-05,9.15369678157402,0.060581108015943984,0.0
99,Phe_350.2,Abnormality of gait,neurological,-4.809103088743135e-05,10.824402505377735,0.057945447258751594,0.0
100,Phe_351,Other peripheral nerve disorders,neurological,0.00043040170156032065,1.8453852711653222,0.011607399303828956,1.8963245732992653e-16
101,Phe_352,Disorders of other cranial nerves,neurological,0.00014691168713448538,3.523309704605849,0.002689377381425893,0.05659399391986196
102,Phe_353,Nerve root and plexus disorders,neurological,2.8536178678393454e-05,3.659164250737933,0.010965174747253422,7.655066389908089e-15
103,Phe_357,Inflammatory and toxic neuropathy,neurological,8.02825544383976e-05,9.032935610313148,0.03974082288225503,9.617452265706507e-175
104,Phe_361,Retinal detachments and defects,sense organs,-1.59652520406995e-05,1.0461367750370307,0.0002559448909734786,0.856027946763557
105,Phe_361.1,Retinal detachment with retinal defect,sense organs,7.697089991376218e-05,1.2303904645075672,0.0010613649937649622,0.4518259526252968
106,Phe_362,Other retinal disorders,sense organs,-5.8984996561095815e-05,2.268041469766518,0.005060359458072655,0.0003342726071356079
107,Phe_362.2,Degeneration of macula and posterior pole of retina,sense organs,-6.771231376313547e-05,1.7959872804546142,0.0051994353289985164,0.00022801221509631748
108,Phe_362.29,Macular degeneration (senile) of retina NOS,sense organs,-6.84679936105487e-05,1.7959872804546142,0.0051994353289985164,0.00022801221509631748
109,Phe_365,Glaucoma,sense organs,0.00029479704536440707,2.4358168565977416,0.01148639766384317,3.866279589750311e-16
110,Phe_365.1,Open-angle glaucoma,sense organs,0.00024876896709100245,1.295389747317732,0.0013260929979307114,0.347200426933837
111,Phe_365.11,Primary open angle glaucoma,sense organs,0.0003046747105978905,1.3002465915765558,0.0013453676480494926,0.3402371799058661
112,Phe_366,Cataract,sense organs,0.0003945227217297972,2.5510302506025955,0.02716377538474318,1.1807522915659523e-82
113,Phe_366.2,Senile cataract,sense organs,0.0003379953167940362,2.498756293400313,0.01930424853462004,1.2385427379517586e-42
114,Phe_367,Disorders of refraction and accommodation; blindness and low vision,sense organs,4.974299974780379e-05,1.3058420583504196,0.00037862516598319594,0.7883932973431764
115,Phe_367.1,Myopia,sense organs,4.594415308674796e-05,0.8973350040562711,-0.00048578266149856814,0.7305764910033734
116,Phe_368,Visual disturbances,sense organs,0.00012407316420347467,4.727478844154684,0.015741239110853452,6.453502549948581e-29
117,Phe_371,Inflammation of the eye,sense organs,-0.00027914062506012956,9.140894408452937,0.010078232906478007,9.040314093996366e-13
118,Phe_371.3,Inflammation of eyelids,sense organs,-0.0003074596742050686,1.2456577063585266,0.0014651025544484158,0.29900298548862164
119,Phe_374,Other disorders of eyelids,sense organs,0.0021941983015363745,1.597546320434401,0.00402919184505978,0.004287431238123936
120,Phe_374.1,Ectropion or entropion,sense organs,-3.260621214676621e-05,2.598468763801657,0.006589262506559444,2.9972485629914187e-06
121,Phe_374.3,Ptosis of eyelid,sense organs,0.0006045998936757128,2.9199134037425987,0.010327159976509357,2.464023794160724e-13
122,Phe_375,Disorders of lacrimal system,sense organs,-0.00016165638201118564,1.4341038288351213,0.002240513884851512,0.11223111333186488
123,Phe_378,Strabismus and other disorders of binocular eye movements,sense organs,0.0001276376215726606,7.294352122816797,0.0073721435995040396,1.7322317449652308e-07
124,Phe_379,Other disorders of eye,sense organs,5.275559507532188e-05,1.6452459413577973,0.0014237440764807358,0.3128519610154668
125,Phe_379.2,Disorders of vitreous body,sense organs,4.7856473911527646e-05,1.688706745615464,0.0032744594542431613,0.020276821227838707
126,Phe_379.3,Aphakia and other disorders of lens,sense organs,7.47545434893494e-05,2.5445519452278846,0.00911420592374864,1.040416681428275e-10
127,Phe_380,Disorders of external ear,sense organs,5.559831774401956e-05,1.2688703126440088,0.000827727828887642,0.5573683127723759
128,Phe_381,Otitis media and Eustachian tube disorders,sense organs,-6.353920762011915e-05,2.147109938349591,0.0064758194661598744,4.4199720602204775e-06
129,Phe_381.1,Otitis media,sense organs,-6.243613851122192e-05,1.1760802862820083,0.0006899659990986912,0.6247715457664014
130,Phe_384,Other disorders of tympanic membrane,sense organs,2.002096178122111e-05,0.37347082868822,-0.001450858030635993,0.30372586531821916
131,Phe_384.4,Perforation of tympanic membrane,sense organs,3.057492504416343e-05,1.2073410410179524,0.0008018436571348095,0.5697591149310757
132,Phe_386,Vertiginous syndromes and other disorders of vestibular system,sense organs,0.00018141232143270667,3.8109268233491838,0.002880629323382268,0.04115075997624024
133,Phe_386.9,Dizziness and giddiness (Light-headedness and vertigo),sense organs,0.00030569903626567356,3.5373352339721595,0.022581156510527084,1.1015006319607773e-57
134,Phe_389,Hearing loss,sense organs,0.000264661234275041,3.173191377845977,0.01664147394799031,4.019516513676721e-32
135,Phe_394,Rheumatic disease of the heart valves,circulatory system,0.0006651552346276334,9.019420728606386,0.03405005909745233,8.589967431718741e-129
136,Phe_394.2,Mitral valve disease,circulatory system,0.0003534270226006156,7.0644391022351956,0.044352181174087346,3.520097973353155e-217
137,Phe_394.3,Aortic valve disease,circulatory system,0.0006266340362413776,6.94543207777057,0.028422541766392015,2.580680112714734e-90
138,Phe_394.7,Disease of tricuspid valve,circulatory system,3.332752573019125e-05,11.962024097348856,0.0514168377826874,3.0614500760143864e-291
139,Phe_395,Heart valve disorders,circulatory system,0.00037945327319534186,7.003596002439362,0.05189789159321085,1.1072929480030994e-296
140,Phe_395.1,Nonrheumatic mitral valve disorders,circulatory system,0.00034454861488408833,7.204721375407053,0.04456450215575637,3.022706120828788e-219
141,Phe_395.6,Heart valve replaced,circulatory system,0.00017816597068836206,6.383426106960057,0.026849866494010347,8.484978018099653e-81
142,Phe_396,Abnormal heart sounds,circulatory system,0.0,3.2024405771609636,0.009390536685709366,2.797487967167591e-11
143,Phe_401.1,Essential hypertension,circulatory system,0.00022383242810579475,2.6909167223961923,0.06684464643980335,0.0
144,Phe_401.2,Hypertensive heart and__or renal disease,circulatory system,0.00048360792124166324,13.104239603095436,0.009459801410854994,2.000888469588784e-11
145,Phe_401.22,Hypertensive chronic kidney disease,circulatory system,0.0006308312628229408,11.682196277542975,0.05050863117106334,4.177016034234181e-281
146,Phe_402,Elevated blood pressure reading without diagnosis of hypertension,circulatory system,2.3616819669103163e-05,3.129171345440249,0.010378840515037121,1.8740121413534895e-13
147,Phe_411.1,Unstable angina (intermediate coronary syndrome),circulatory system,0.00035851515655941306,5.165195621688877,0.03597935555643576,1.4108415468736102e-143
148,Phe_411.2,Myocardial infarction,circulatory system,-0.00040722676786866634,5.18620374259253,0.05828311515265743,0.0
149,Phe_411.3,Angina pectoris,circulatory system,-0.00030898462623227377,3.7206125740466045,0.04350707917365378,4.704475836942328e-209
150,Phe_411.4,Coronary atherosclerosis,circulatory system,-0.0002867919822461605,3.4242028978891454,0.043279010825276486,6.896623809676593e-207
151,Phe_411.8,"Other chronic ischemic heart disease, unspecified",circulatory system,-0.00014972950703328447,5.179983388487102,0.06544378787249588,0.0
152,Phe_411.9,Other acute and subacute forms of ischemic heart disease,circulatory system,0.0005660450111531307,6.471029209944406,0.025503619823031065,4.433972737381492e-73
153,Phe_414,Other forms of chronic heart disease,circulatory system,0.00023545598580888922,8.511500253442648,0.04444858651281279,4.0703432882038324e-218
154,Phe_415,Pulmonary heart disease,circulatory system,3.5668755700592216e-05,9.193869745505694,0.06279824113242362,0.0
155,Phe_416,Cardiomegaly,circulatory system,-1.2191171171669845e-05,9.535066344728616,0.059035892184005456,0.0
156,Phe_418,Nonspecific chest pain,circulatory system,0.00031231680649305244,2.8097976015197137,0.03958359224616871,2.2276937787403528e-173
157,Phe_418.1,Precordial pain,circulatory system,0.00014102618511760068,3.186500192534003,0.017250329108264243,2.170084185200486e-34
158,Phe_420,Carditis,circulatory system,-1.3141543210018176e-05,0.0,-0.00040089861730745283,0.7762673373069302
159,Phe_420.2,Pericarditis,circulatory system,3.823122347688348e-06,9.460400956984271,0.03656160151804682,3.370623881208717e-148
160,Phe_425,Cardiomyopathy,circulatory system,7.777685557381363e-05,6.4391522187624135,0.0030319720322172193,0.031611307240522114
161,Phe_425.1,Primary__intrinsic cardiomyopathies,circulatory system,8.168315269015582e-05,5.986585416703896,0.0208215560361121,2.595916148121946e-49
162,Phe_426,Cardiac conduction disorders,circulatory system,0.00031287067196741615,5.2920967627885425,0.006984047589282638,7.388211488347055e-07
163,Phe_426.2,Atrioventricular [AV] block,circulatory system,-0.001306657533368815,3.753475665208241,0.004021390414824752,0.004362707573336895
164,Phe_426.3,Bundle branch block,circulatory system,0.0002000693884417497,8.505546823127164,0.01708233245227001,9.337262759032005e-34
165,Phe_426.31,Right bundle branch block,circulatory system,0.0005200327708867954,8.449244983630832,0.039647158166494195,6.262412567292211e-174
166,Phe_426.32,Left bundle branch block,circulatory system,0.000128832230982201,6.335329811472996,0.030222014571895,7.248092330683365e-102
167,Phe_426.9,Cardiac pacemaker__device in situ,circulatory system,0.00035405957078580506,3.3246661307556677,0.004418793046759468,0.0017339336315660954
168,Phe_426.91,Cardiac pacemaker in situ,circulatory system,0.0003505274853986727,4.920696586642318,0.024841157976343474,1.9937919499966362e-69
169,Phe_427,Cardiac dysrhythmias,circulatory system,0.0003138002024021064,5.735882667079746,0.0973395513627683,0.0
170,Phe_427.1,"Paroxysmal tachycardia, unspecified",circulatory system,0.0010308107742699364,8.273087977270697,0.009464509651403689,1.955654972947872e-11
171,Phe_427.11,Paroxysmal supraventricular tachycardia,circulatory system,0.0006465799253361176,5.623902829661792,0.028085821656678632,3.1244237653287e-88
172,Phe_427.2,Atrial fibrillation and flutter,circulatory system,0.0002723128748760878,6.384482959447542,0.08411654488220753,0.0
173,Phe_427.3,Other specified cardiac dysrhythmias,circulatory system,4.965270349425251e-05,4.6491663637918,0.027115606864219575,2.282594788757214e-82
174,Phe_427.4,Cardiac arrest and ventricular fibrillation,circulatory system,3.9641292041036816e-05,17.57050422474637,0.07516296383237868,0.0
175,Phe_427.7,Tachycardia NOS,circulatory system,0.0002717262574636219,12.43521072213829,0.07131518553582218,0.0
176,Phe_427.9,Palpitations,circulatory system,0.0002973284101973024,2.537255497528934,0.01204669456421717,1.3433838874187245e-17
177,Phe_428,Congestive heart failure; nonhypertensive,circulatory system,0.0002852411109460682,15.36470262238848,0.14189577842781045,0.0
178,Phe_428.1,Congestive heart failure (CHF) NOS,circulatory system,0.0002718173390594945,20.190410755254476,0.11973030829339003,0.0
179,Phe_428.2,Heart failure NOS,circulatory system,0.0003294764277875253,14.120180014125568,0.1149368902271083,0.0
180,Phe_430,Intracranial hemorrhage,circulatory system,2.225682100438547e-05,6.190124232401437,0.007228991550960109,2.983095366715123e-07
181,Phe_433,Cerebrovascular disease,circulatory system,0.0007463452219037538,6.657523467920443,0.028149384832305085,1.268955785511192e-88
182,Phe_433.1,Occlusion and stenosis of precerebral arteries,circulatory system,0.00048570351393695347,5.004020907260464,0.01623628497979759,1.1715102965793803e-30
183,Phe_433.2,Occlusion of cerebral arteries,circulatory system,0.000514207508459489,5.520085047895598,0.03164387384730814,1.7088252873241436e-111
184,Phe_433.21,"Cerebral artery occlusion, with cerebral infarction",circulatory system,0.0005517540161358879,5.935689093144892,0.026801161252993585,1.6397316016803635e-80
185,Phe_433.3,Cerebral ischemia,circulatory system,0.00028200280697941634,8.487973379277728,0.03257353973054742,5.001176111718957e-118
186,Phe_433.31,Transient cerebral ischemia,circulatory system,0.0002463652174817771,4.0873155050817935,0.017734621306600088,2.9872575650442736e-36
187,Phe_433.8,Late effects of cerebrovascular disease,circulatory system,0.00012164921739393269,9.52637329244345,0.039736460112123395,1.049549295194546e-174
188,Phe_440,Atherosclerosis,circulatory system,0.002906178929034362,7.900344453020039,0.011519994560945795,3.174737777988427e-16
189,Phe_442,Other aneurysm,circulatory system,0.007536023115919088,11.91928176664532,0.0077490017630786005,3.948290198521845e-08
190,Phe_442.1,Aortic aneurysm,circulatory system,0.009321664907550943,7.19751061711773,0.0196235306906337,5.359628990093726e-44
191,Phe_443,Peripheral vascular disease,circulatory system,0.0004655719420173097,7.871606466670864,0.0557676927005479,0.0
192,Phe_443.1,Raynaud's syndrome,circulatory system,2.56891142917906e-05,4.170528516898046,0.013913526833974808,5.997336522204315e-23
193,Phe_443.9,"Peripheral vascular disease, unspecified",circulatory system,0.0007225960146896267,9.254560157431362,0.05408408603322779,0.0
194,Phe_447,Other disorders of arteries and arterioles,circulatory system,0.004680651429832604,7.433375963034536,0.019189213521790555,3.791750648086532e-42
195,Phe_451,Phlebitis and thrombophlebitis,circulatory system,3.541708355891356e-05,5.19671839547616,0.010090662966732387,8.478301330287615e-13
196,Phe_451.2,Phlebitis and thrombophlebitis of lower extremities,circulatory system,3.6528047259582275e-05,5.272529346186635,0.031744442889701956,3.4277918040707474e-112
197,Phe_454,Varicose veins,circulatory system,-0.00027839171967092405,4.5299696202075195,0.009960387721957313,1.6550373392278543e-12
198,Phe_454.1,Varicose veins of lower extremity,circulatory system,-0.0002792133573851201,0.9629561436560377,-0.00046603218556709816,0.7411293463045311
199,Phe_455,Hemorrhoids,circulatory system,-5.0723092510365405e-05,1.4159757509844304,0.008001107964920463,1.4124793623631732e-08
200,Phe_458,Hypotension,circulatory system,7.538379885526706e-05,8.81537361900807,0.03377411749462547,9.59506031466109e-127
201,Phe_458.1,Orthostatic hypotension,circulatory system,5.7605022996811e-05,7.190958192685924,0.031738149844777026,3.7908476752059163e-112
202,Phe_458.9,Hypotension NOS,circulatory system,9.4665886675199e-05,12.034604433787344,0.08973960865913078,0.0
203,Phe_459,Other disorders of circulatory system,circulatory system,6.81181311092902e-05,7.359031107157044,0.009380136434484475,2.9412609024221844e-11
204,Phe_459.9,Circulatory disease NEC,circulatory system,7.491284454576598e-05,5.8935691286516,0.08270479696018185,0.0
205,Phe_465,Acute upper respiratory infections of multiple or unspecified sites,respiratory,0.00017685744212696898,4.507737274870657,0.016052233582807104,5.275322798563754e-30
206,Phe_470,Septal Deviations__Turbinate Hypertrophy,respiratory,-0.001184084541002668,1.2995670923699452,0.0024234768555561684,0.08580710105207126
207,Phe_471,Nasal polyps,respiratory,0.00029412946387190954,2.1958538845732596,0.00810592210320006,9.12860803007305e-09
208,Phe_473,Diseases of the larynx and vocal cords,respiratory,1.2717652100944781e-05,3.775093002725308,0.013275926042698888,4.896886995344851e-21
209,Phe_473.4,Voice disturbance,respiratory,-1.4481785754413082e-06,4.40117138184771,0.013586789664942164,5.871053452918908e-22
210,Phe_474,Acute and chronic tonsillitis,respiratory,-5.193220557800628e-05,0.996808261623363,-7.83647735176205e-06,0.9955677135114239
211,Phe_474.2,Chronic tonsillitis and adenoiditis,respiratory,-7.089925558059252e-05,0.9458378440005571,-0.00020870383899837172,0.882386372032499
212,Phe_475,Chronic sinusitis,respiratory,0.00024207338449327333,2.5149550753415486,0.009394997006044908,2.737957593428741e-11
213,Phe_476,Allergic rhinitis,respiratory,4.6917917981229434e-05,1.3448023666756894,0.0015766761714703574,0.2637098364984877
214,Phe_477,Epistaxis or throat hemorrhage,respiratory,-0.00043961936535601447,5.3458834605314935,0.026813576208695074,1.3864028798048132e-80
215,Phe_479,Other upper respiratory disease,respiratory,-2.629716935783943e-05,4.135204467602785,0.024717670612447715,9.333089066310875e-69
216,Phe_480,Pneumonia,respiratory,0.009233717183671173,23.35271160440741,0.18765470814542573,0.0
217,Phe_480.1,Bacterial pneumonia,respiratory,0.008080859965921283,27.961041593742063,0.10882403191041044,0.0
218,Phe_480.11,Pneumococcal pneumonia,respiratory,0.00792075675921887,21.555029792025522,0.21469497605347437,0.0
219,Phe_495,Asthma,respiratory,0.0003568779147179248,3.144618188147585,0.04463051676676518,6.8544584592330344e-220
220,Phe_496,Chronic airway obstruction,respiratory,0.0037614597284758794,12.57036117043443,0.13339620739935187,0.0
221,Phe_496.1,Emphysema,respiratory,0.00824037657661778,22.677417886113535,0.11852882332952229,0.0
222,Phe_496.2,Chronic bronchitis,respiratory,0.002405532352894801,7.56497414187226,0.014723282712644748,1.6712035450716816e-25
223,Phe_496.21,Obstructive chronic bronchitis,respiratory,0.0018493067825476944,32.84460054365588,0.22076630002206776,0.0
224,Phe_496.3,Bronchiectasis,respiratory,0.00020045509369221497,13.363585700370125,0.07214428347025058,0.0
225,Phe_506,Empyema and pneumothorax,respiratory,0.006496552149451494,16.688386912762166,0.0673059854568109,0.0
226,Phe_507,Pleurisy; pleural effusion,respiratory,0.003572702293540107,14.11844668056599,0.13954178624875008,0.0
227,Phe_508,Pulmonary collapse; interstitial and compensatory emphysema,respiratory,-3.400864921777059e-05,15.426648798731945,0.0897067611433545,0.0
228,Phe_509.1,Respiratory failure,respiratory,0.04435509810243663,153.26510796908576,0.8805385184573944,0.0
229,Phe_509.2,Respiratory insufficiency,respiratory,0.08482374784447008,186.73541434411,1.0,0.0
230,Phe_512,Other symptoms of respiratory system,respiratory,5.437836730732517e-05,7.334921378227347,0.0797939493693243,0.0
231,Phe_512.7,Shortness of breath,respiratory,5.827512726062511e-05,8.313972643764027,0.07396025056145533,0.0
232,Phe_512.8,Cough,respiratory,-3.605066822268234e-05,6.765484065087444,0.040827224600898444,2.5404180174057134e-184
233,Phe_514,Abnormal findings examination of lungs,respiratory,0.0013253234690654967,10.501574136738997,0.06301568948158122,0.0
234,Phe_516,Abnormal sputum,respiratory,6.983349901331405e-05,13.935478682396269,0.015501554933178134,4.301968725575345e-28
235,Phe_516.1,Hemoptysis,respiratory,6.984388882169622e-05,8.96231771671271,0.04559530106756815,2.036348755174725e-229
236,Phe_519,"Other diseases of respiratory system, not elsewhere classified",respiratory,0.0032086560009666073,10.232077498307396,0.01154838931620074,2.686488605712882e-16
237,Phe_519.8,"Other diseases of respiratory system, NEC",respiratory,0.00428451754370863,10.092355295872553,0.11258546000425096,0.0
238,Phe_520,Disorders of tooth development,digestive,-9.400233876853811e-05,3.7347082868822,0.0020017049502592424,0.15591119381292357
239,Phe_520.2,Disturbances in tooth eruption,digestive,-9.392457071593899e-05,0.6156789131029015,-0.002197492928024091,0.11929306391740162
240,Phe_521,Diseases of hard tissues of teeth,digestive,1.3753118479379111e-05,12.449027622940665,0.00649119478773366,4.194825581490708e-06
241,Phe_521.1,Dental caries,digestive,1.352051657422765e-05,2.66484956461689,0.011952474288815436,2.3894282483717437e-17
242,Phe_522,Diseases of pulp and periapical tissues,digestive,0.00028559367571786914,0.7046619409211697,-0.0008626393055352568,0.5408667775622906
243,Phe_522.5,Periapical abscess,digestive,0.0002214275052537289,2.7967285558449655,0.007762314827602167,3.742586851839518e-08
244,Phe_523,Gingival and periodontal diseases,digestive,8.39539570975216e-06,2.9386116706512304,0.005309017127215719,0.00016758437730409815
245,Phe_523.3,Periodontitis (acute or chronic),digestive,1.08877779235412e-05,0.0,-0.0003433076988953583,0.8077250206268396
246,Phe_525,Other diseases of the teeth and supporting structures,digestive,-2.1324224419766693e-06,2.7718538066703826,0.011408845397992322,6.080279619045447e-16
247,Phe_528,"Diseases of the oral soft tissues, excluding lesions specific for gingiva and tongue",digestive,-1.0620569250957347e-06,1.5830625023873683,0.00322028501707143,0.02244317828636495
248,Phe_529,Diseases and other conditions of the tongue,digestive,7.078108425546866e-05,2.3462690641905914,0.005132732975294128,0.0002742460975790338
249,Phe_530,Diseases of esophagus,digestive,-0.0002572800174553512,2.5435016709753913,0.004746336720366804,0.0007666188041282044
250,Phe_530.1,"Esophagitis, GERD and related diseases",digestive,-0.0002674559842021849,2.7699228508368665,0.021285801154873354,1.8655864304741208e-51
251,Phe_530.11,GERD,digestive,-6.014255480122883e-06,2.278030170766053,0.0208589481084265,1.751391497460859e-49
252,Phe_530.12,Ulcer of esophagus,digestive,2.4341981203774958e-05,3.075189884802282,0.017835515163967364,1.2053539572346326e-36
253,Phe_530.14,Reflux esophagitis,digestive,-3.3475403218803955e-05,1.9674827227719796,0.012409947271027549,1.3998628529662101e-18
254,Phe_530.2,Esophageal bleeding (varices__hemorrhage),digestive,-9.096420403199345e-05,5.3025405454582275,0.022794164799247747,9.610434135064269e-59
255,Phe_530.3,Stricture and stenosis of esophagus,digestive,0.0,2.677912552678737,0.009313176503625264,4.056123703112079e-11
256,Phe_530.9,Heartburn,digestive,-2.8384399285950357e-05,0.8752245734240174,-0.0007079844903997792,0.6157576069989779
257,Phe_531,Peptic ulcer (excl. esophageal),digestive,6.301224223579301e-05,3.4235111255680635,0.026490244021340016,1.069257973188583e-78
258,Phe_531.2,Gastric ulcer,digestive,4.375542387821288e-05,3.269686243379358,0.018565315016666573,1.459515073973923e-39
259,Phe_531.3,Duodenal ulcer,digestive,4.739157669839631e-06,3.25522277066293,0.01527400483912507,2.536951745832567e-27
260,Phe_532,Dysphagia,digestive,2.9337452176413937e-05,4.375452520374301,0.035421661461439914,3.212353501264735e-139
261,Phe_535,Gastritis and duodenitis,digestive,0.0004824353744188181,2.646092649682317,0.027993864306554917,1.1464109693389537e-87
262,Phe_535.1,Acute gastritis,digestive,6.620774807671608e-05,4.139991683241646,0.0134790191221043,1.2315299200331877e-21
263,Phe_535.6,Duodenitis,digestive,0.00031830359909967604,2.672788754718888,0.018275887655014745,2.1619692332669036e-38
264,Phe_535.8,Other specified gastritis,digestive,9.018516103633079e-05,2.57424868211509,0.018650415278559793,6.554558687324825e-40
265,Phe_537,Other disorders of stomach and duodenum,digestive,0.0001864829143685862,4.448664722898611,0.02578262365740167,1.2014479305527941e-74
266,Phe_540,Appendiceal conditions,digestive,0.000274063468984494,2.0133198312033422,0.0020210465798551165,0.15195243748937454
267,Phe_540.1,Appendicitis,digestive,0.00028111460522531984,1.0107464917137212,3.026153495288004e-05,0.9828853973507081
268,Phe_540.11,Acute appendicitis,digestive,0.0003026365347706724,1.3252190695388453,0.0018801090819626956,0.1826099771771516
269,Phe_550,Abdominal hernia,digestive,-0.00032739696114563745,4.788087547284872,0.02817016917754696,9.44707701035474e-89
270,Phe_550.1,Inguinal hernia,digestive,-0.0003538550209505666,1.581762916336761,0.008995933458148982,1.8045693651836103e-10
271,Phe_550.2,Diaphragmatic hernia,digestive,-0.0002770030425691944,2.119251820802059,0.023979325026714283,8.10525583853135e-65
272,Phe_550.4,Umbilical hernia,digestive,5.64110924679291e-05,2.995202995563711,0.015292764033683612,2.1938382615799106e-27
273,Phe_550.5,Ventral hernia,digestive,-4.799643846442106e-05,4.625142159550046,0.026574645246987137,3.456662036094001e-79
274,Phe_555,Inflammatory bowel disease and other gastroenteritis and colitis,digestive,-0.00035046672039253145,2.500248328853223,0.012302740046672268,2.7472486047869036e-18
275,Phe_555.1,Regional enteritis,digestive,-0.0002517832814875142,3.322144318078912,0.011845597072495159,4.567387357983403e-17
276,Phe_555.2,Ulcerative colitis,digestive,-0.000263201484649435,2.1148348130537755,0.007464793545971874,1.2120274097767898e-07
277,Phe_556,Ulceration of the lower GI tract,digestive,-9.283547108303434e-05,1.2204929042098691,0.0005649596095940751,0.6887991299389709
278,Phe_557,Intestinal malabsorption (non-celiac),digestive,0.00039050987778139985,4.2633656242947495,0.0070725266365099645,5.342273265611482e-07
279,Phe_557.1,Celiac disease,digestive,0.0003937421951626514,1.353155176406594,0.0018264167880870598,0.19542351567082067
280,Phe_558,Noninfectious gastroenteritis,digestive,0.00020873220173017759,3.3153162186692713,0.03498783219816108,7.068929532526853e-136
281,Phe_559,Ileostomy status,digestive,-0.00016220811568710213,5.381192585400159,0.021917615408365607,1.8980499239685394e-54
282,Phe_560.4,Other intestinal obstruction,digestive,9.812512624320242e-05,5.207909830222971,0.030903123243457287,2.0113097389840722e-106
283,Phe_561,Symptoms involving digestive system,digestive,0.00042656110842565647,2.0827471033721148,0.016694016591657906,2.580168878966435e-32
284,Phe_561.2,Flatulence,digestive,1.8444838890214857e-05,4.196301445935056,0.017141257171088914,5.605727633873065e-34
285,Phe_562,Diverticulosis and diverticulitis,digestive,0.00021004296613988082,2.1448725348412827,0.02509859746512745,7.78922790575801e-71
286,Phe_562.1,Diverticulosis,digestive,0.00020721104739899042,2.1448725348412827,0.02509859746512745,7.78922790575801e-71
287,Phe_563,Constipation,digestive,0.00027695641244196185,5.066162633508441,0.05543928404528469,0.0
288,Phe_564,Functional digestive disorders,digestive,-1.1830292280673262e-05,4.811218405001224,0.013920167176435143,5.722472861772315e-23
289,Phe_564.1,Irritable Bowel Syndrome,digestive,-0.0004463840713830253,1.9132726879519468,0.008682247405704101,7.520248578520874e-10
290,Phe_564.8,Abnormal findings on exam of gastrointestinal tract__ abdominal area,digestive,5.3289185115038645e-05,3.467235810102838,0.013153950299416083,1.1109022609745497e-20
291,Phe_564.9,Personal history of diseases of digestive system,digestive,2.8053732787665797e-05,3.1978194775402673,0.03597812048714503,1.4427901952046384e-143
292,Phe_565,Anal and rectal conditions,digestive,-0.00024771010644225117,1.7517393465676363,0.008526128659460137,1.5028200872346893e-09
293,Phe_565.1,Anal and rectal polyp,digestive,-0.00018673901345711352,2.136444402738387,0.012482323317272163,8.851252421186521e-19
294,Phe_568,Other disorders of peritoneum,digestive,8.255436191895094e-05,6.818989849644466,0.011368651092581967,7.679359937125442e-16
295,Phe_568.1,Peritoneal adhesions (postoperative) (postinfection),digestive,7.953961261980593e-05,3.81780161617543,0.020704573097185725,8.851536046463935e-49
296,Phe_569,Other disorders of intestine,digestive,0.00644530065473882,4.1816667676177355,0.024441214619538024,2.8754525535488003e-67
297,Phe_571,Chronic liver disease and cirrhosis,digestive,-6.670169048720585e-05,7.868915353236401,0.05019976952088674,1.0622781538154722e-277
298,Phe_571.5,Other chronic nonalcoholic liver disease,digestive,-2.5088930060159812e-05,4.283815553253827,0.018284283331933313,2.0005432179677367e-38
299,Phe_572,Ascites (non malignant),digestive,-4.698850213672672e-05,10.466218787835198,0.04891692621654288,8.830846551588252e-264
300,Phe_573,Other disorders of liver,digestive,0.0001044877179071643,6.078054662965148,0.026610598613223232,2.134385234673484e-79
301,Phe_573.7,Abnormal results of function study of liver,digestive,7.009836777793809e-05,7.517963061696431,0.050491337979135846,6.487646878358327e-281
302,Phe_574,Cholelithiasis and cholecystitis,digestive,6.924185644788085e-05,2.5365744887593173,0.024300011674846408,1.6317008406750767e-66
303,Phe_574.1,Cholelithiasis,digestive,6.861639040657085e-05,2.903941513647883,0.022290262691077544,2.9687636225016135e-56
304,Phe_574.11,Cholelithiasis with acute cholecystitis,digestive,5.0334760382728193e-05,3.0105127256551545,0.00985600080389767,2.8115966773234267e-12
305,Phe_574.12,Cholelithiasis with other cholecystitis,digestive,6.1029985329117703e-05,1.6564640223825462,0.005950339846163235,2.4639229793625093e-05
306,Phe_574.2,Calculus of bile duct,digestive,6.4362678662856e-05,2.5426935504372277,0.009711941382815703,5.790695023368332e-12
307,Phe_574.3,Cholecystitis without cholelithiasis,digestive,5.877384848694245e-05,4.020503084451654,0.01948705467121365,2.064370283000802e-43
308,Phe_575,Other biliary tract disease,digestive,6.403779735261638e-05,3.7946574977713605,0.02226675762994948,3.8669365078101974e-56
309,Phe_575.7,Other disorders of gallbladder,digestive,7.05398657449706e-05,2.3858087336348204,0.006484091229205214,4.297444836207892e-06
310,Phe_575.8,Other disorders of biliary tract,digestive,5.454851353872943e-05,5.251933528428094,0.017632805414154632,7.426639664335315e-36
311,Phe_577,Diseases of pancreas,digestive,4.284621596207371e-05,10.51159617168831,0.029661411348065676,3.4257929101540046e-98
312,Phe_577.1,Acute pancreatitis,digestive,5.510761167162404e-05,6.680483307029489,0.02471779518732346,9.318603558239505e-69
313,Phe_578.1,Hematemesis,digestive,0.010385951983975596,7.871910795297891,0.03725325317149679,8.73194225778233e-154
314,Phe_578.2,Blood in stool,digestive,-1.9528392295238093e-05,5.533620284696787,0.029218470693214323,2.4521191783167146e-95
315,Phe_578.9,Hemorrhage of gastrointestinal tract,digestive,5.926588198603259e-05,3.470613111641328,0.024609688930888458,3.576642003409715e-68
316,Phe_579,Other symptoms involving abdomen and pelvis,digestive,-3.867831999144051e-05,3.2275256800216545,0.00929530948880736,4.4176653726557803e-11
317,Phe_579.8,Nonspecific abnormal findings in stool contents,digestive,-4.3000477736252625e-05,1.945160566084479,0.005265412468353584,0.00018955825611320277
318,Phe_580,Nephritis; nephrosis; renal sclerosis,genitourinary,0.00045806031822658624,10.918691354374758,0.047952069291213824,1.50392490102221e-253
319,Phe_580.1,Glomerulonephritis,genitourinary,0.0002317353585233293,10.87779112684136,0.037463812177056126,1.658065276468616e-155
320,Phe_585,Renal failure,genitourinary,3.6144713213499915e-05,14.566713434289557,0.16393450601422824,0.0
321,Phe_585.1,Acute renal failure,genitourinary,7.02444326149364e-05,18.08986833455572,0.1725901657733529,0.0
322,Phe_585.2,Renal failure NOS,genitourinary,9.271023984458606e-05,13.552643320639255,0.05899308247200402,0.0
323,Phe_585.3,Chronic renal failure [CKD],genitourinary,-2.654436927874129e-05,12.405092918853063,0.0823305860547137,0.0
324,Phe_586,Other disorders of the kidney and ureters,genitourinary,0.0002035462190216481,5.635659631975462,0.01995181756118285,2.0127429086756307e-45
325,Phe_586.2,"Cyst of kidney, acquired",genitourinary,0.0006918306341157465,4.080225232065629,0.014818922672205694,8.163905107839054e-26
326,Phe_590,Pyelonephritis,genitourinary,-2.885171372637858e-05,4.830878546061171,0.018322431914260418,1.4054670930650639e-38
327,Phe_591,Urinary tract infection,genitourinary,7.706380438182881e-05,6.109538500831072,0.07321827739533343,0.0
328,Phe_592,Cystitis and urethritis,genitourinary,-1.686586071293701e-06,2.0171373188170922,0.006975012015815818,7.635303962512767e-07
329,Phe_592.1,Cystitis,genitourinary,-4.496228289376e-07,1.9900754637027709,0.005452677460403585,0.00011095701098478922
330,Phe_593,Hematuria,genitourinary,-0.00033206488389538264,2.2133008110702517,0.01890552090669157,5.819925222911932e-41
331,Phe_594,Urinary calculus,genitourinary,0.0003897789902259574,3.3696616122245415,0.006329467279081369,7.228718128991573e-06
332,Phe_594.1,Calculus of kidney,genitourinary,0.0008345854982743652,3.446528661454554,0.017058711821932537,1.1450748798391749e-33
333,Phe_594.3,Calculus of ureter,genitourinary,0.0013298066849843956,2.0735925362341145,0.006436045077015941,5.0573879660210494e-06
334,Phe_594.8,Renal colic,genitourinary,1.0045312549108896e-05,2.4163094456172742,0.007308427634660617,2.2090750251987338e-07
335,Phe_595,Hydronephrosis,genitourinary,1.8708214064647814e-05,4.311614445018475,0.01906679318040804,1.238245202014698e-41
336,Phe_596,Other disorders of bladder,genitourinary,0.00024768305097380906,2.6201692002328274,0.017467171801499475,3.231569827652388e-35
337,Phe_596.1,Bladder neck obstruction,genitourinary,-0.00016243566103838486,2.7450467098940736,0.009207457325403037,6.707030448683514e-11
338,Phe_596.5,Functional disorders of bladder,genitourinary,-4.00700366886421e-05,4.260123521158403,0.01551138148430062,3.9823088849872803e-28
339,Phe_597,Other disorders of urethra and urinary tract,genitourinary,5.1846662004674784e-05,2.763891424149639,0.006009450714150578,2.044429361385997e-05
340,Phe_597.1,Urethral stricture (not specified as infectious),genitourinary,3.8099885133346706e-05,1.9569840111518548,0.006874852368831328,1.0965913495597034e-06
341,Phe_598,Abnormal findings on examination of urine,genitourinary,-0.0002622161376431075,2.4849171629560884,0.010454347945119714,1.2533256091469798e-13
342,Phe_599,Other symptoms__disorders or the urinary system,genitourinary,-0.0002779388127066642,4.074227222053309,0.031060088546765327,1.7337504627062935e-107
343,Phe_599.2,Retention of urine,genitourinary,-9.792883556670463e-05,4.754638273124227,0.04098243986876264,1.035994707379198e-185
344,Phe_599.3,Dysuria,genitourinary,1.6468211708709126e-05,2.8048069167803926,0.007785939683293465,3.4028553569832925e-08
345,Phe_599.4,Urinary incontinence,genitourinary,0.0003907294430816795,2.9581541129406164,0.022528000972324252,2.017320182908364e-57
346,Phe_599.5,Frequency of urination and polyuria,genitourinary,4.380083285741584e-05,2.1487362746445533,0.008846545920903321,3.5825294499043833e-10
347,Phe_599.9,Other abnormality of urination,genitourinary,-3.710967501347803e-05,2.4065780342374223,0.007272944523005622,2.5272531924974383e-07
348,Phe_611.3,Lump or mass in breast,genitourinary,1.3215897575591695e-05,1.91570283401383,0.004297167694821078,0.0023178062128654544
349,Phe_613,Other nonmalignant breast conditions,genitourinary,-0.000689727688057973,0.0,-0.0004391637429084374,0.7555635814509178
350,Phe_681,Superficial cellulitis and abscess,dermatologic,0.00021540884538527008,6.039959493610026,0.014221071584283027,6.672771878275962e-24
351,Phe_681.3,Cellulitis and abscess of arm__hand,dermatologic,0.00019887691976118216,6.485613021123546,0.05176869310179087,3.241516221607652e-295
352,Phe_686,Other local infections of skin and subcutaneous tissue,dermatologic,4.850342935638664e-05,6.064601435315255,0.023860011722365917,3.420591013051244e-64
353,Phe_686.1,Carbuncle and furuncle,dermatologic,2.8429721197028677e-05,3.493442419767039,0.015147525688432228,6.726820575726723e-27
354,Phe_687,Symptoms affecting skin,dermatologic,2.8486677439665546e-05,6.139246498984438,0.010166842888644648,5.711495753049076e-13
355,Phe_687.1,Rash and other nonspecific skin eruption,dermatologic,5.681283720078051e-05,8.052362234091595,0.04202818243853734,3.280038505007218e-195
356,Phe_687.4,Disturbance of skin sensation,dermatologic,-0.00017791614119724096,2.970483814584541,0.013192508546719398,8.581512689053425e-21
357,Phe_689,Disorder of skin and subcutaneous tissue NOS,dermatologic,5.375914154812297e-05,1.6495667496077522,0.00620584539771838,1.0864792108526076e-05
358,Phe_695,Erythematous conditions,dermatologic,0.00042154099585157306,4.427904346671456,0.02157129892266791,8.498659600147464e-53
359,Phe_696,Psoriasis and related disorders,dermatologic,-0.00011077681146994838,3.7272537793235525,0.0167763189084493,1.2849136595305914e-32
360,Phe_696.4,Psoriasis,dermatologic,-0.00010143570398099354,4.811968283181554,0.019400893760045557,4.81327622033238e-43
361,Phe_696.41,Psoriasis vulgaris,dermatologic,-0.00011776542398943908,4.47142953389545,0.01847953948924032,3.258669862473329e-39
362,Phe_701,Other hypertrophic and atrophic conditions of skin,dermatologic,1.348851068549608e-05,2.236352267594132,0.006202397649880769,1.098780232441981e-05
363,Phe_701.2,Scar conditions and fibrosis of skin,dermatologic,2.3567340140488678e-05,1.6885958889863393,0.0040493622778413505,0.004098234081081579
364,Phe_702,Degenerative skin conditions and other dermatoses,dermatologic,1.9217346910198704e-05,0.0,-0.0003433076988953583,0.8077250206268396
365,Phe_702.1,Actinic keratosis,dermatologic,-3.223749589408571e-05,1.1637626445750817,0.001055977316808555,0.4541253509662342
366,Phe_702.2,Seborrheic keratosis,dermatologic,2.089687404697685e-05,0.7385998240693044,-0.001781504029541886,0.20663839002106912
367,Phe_703,"Diseases of nail, NOS",dermatologic,-1.1876675965247533e-05,0.7337344375014145,-0.0006221232095900388,0.6592078732390806
368,Phe_704,Diseases of hair and hair follicles,dermatologic,-0.0002258431741623742,1.180446628906174,0.001532626214043415,0.2772845154345975
369,Phe_706,Diseases of sebaceous glands,dermatologic,-0.0002778326745380499,1.2848398681971962,0.0032166252639518975,0.02259652529242074
370,Phe_706.2,Sebaceous cyst,dermatologic,-0.00027605354682777507,1.232148939933353,0.0026089928314582743,0.06439277305415862
371,Phe_707,Chronic ulcer of skin,dermatologic,0.00019806056524965907,15.258897833798724,0.066253848584798,0.0
372,Phe_709,Diffuse diseases of connective tissue,dermatologic,0.0004132839113094001,3.065805310127179,0.013612221559795036,4.925244009953663e-22
373,Phe_709.7,Unspecified diffuse connective tissue disease,dermatologic,0.0003660491217823876,1.8868735247314248,0.004932065691695331,0.000471873061039476
374,Phe_714,Rheumatoid arthritis and other inflammatory polyarthropathies,musculoskeletal,0.0002425069360551335,2.750603484610458,0.004481826419057044,0.001487728383280292
375,Phe_714.1,Rheumatoid arthritis,musculoskeletal,0.0002383470261030427,4.983958427243644,0.026215287662549765,4.1303069951836394e-77
376,Phe_715,Other inflammatory spondylopathies,musculoskeletal,-0.00011876761089647362,3.1296438158230724,0.005111033656173699,0.00029108974741635436
377,Phe_716,Other arthropathies,musculoskeletal,0.0005702809550262404,1.925107364372268,0.0009431969174925005,0.5037455542410706
378,Phe_716.2,Unspecified monoarthritis,musculoskeletal,0.0003221935196619791,1.6469202079195588,0.010533680723721931,8.18814678291486e-14
379,Phe_716.9,Arthropathy NOS,musculoskeletal,0.0006703821055039572,2.3481087482285057,0.028457870420088897,1.5550630604588285e-90
380,Phe_717,Polymyalgia Rheumatica,musculoskeletal,0.0002904207745407716,2.9519621849400353,0.0089648227515318,2.0834743259946242e-10
381,Phe_720,Spinal stenosis,musculoskeletal,-0.00024101425155091403,5.34006546828554,0.015044503612407601,1.4798044388217187e-26
382,Phe_721,Spondylosis and allied disorders,musculoskeletal,9.278352354493905e-05,4.761923134458178,0.01582894791996826,3.2003728561957653e-29
383,Phe_721.1,Spondylosis without myelopathy,musculoskeletal,7.955640151940551e-05,2.695150310121175,0.006702731418651238,2.019669812758142e-06
384,Phe_722,Intervertebral disc disorders,musculoskeletal,0.00026841849756955276,2.4685381192530302,0.015223848975402514,3.738235329911154e-27
385,Phe_722.6,Degeneration of intervertebral disc,musculoskeletal,0.00010796789858701818,3.450873907953061,0.01676393626963698,1.427319403860916e-32
386,Phe_722.9,Other and unspecified disc disorder,musculoskeletal,1.1784244053757815e-05,2.0311345137567214,0.00817013960523432,6.96787355719625e-09
387,Phe_724,Other and unspecified disorders of back,musculoskeletal,-1.6608391878813753e-05,5.386598490695481,0.012260010431754184,3.588503874597731e-18
388,Phe_726,Peripheral enthesopathies and allied syndromes,musculoskeletal,0.0002465209960723127,1.466225668459414,0.005373356704122141,0.00013949558174629128
389,Phe_726.1,Enthesopathy,musculoskeletal,0.0002383022345444619,1.3271884459425016,0.003394491925955392,0.01611615604847775
390,Phe_727,"Other disorders of synovium, tendon, and bursa",musculoskeletal,7.142037444468051e-05,0.8572398516179495,-0.0005349248337042026,0.7045435163749337
391,Phe_727.1,Synovitis and tenosynovitis,musculoskeletal,-7.939870525985412e-06,1.1442788740082608,0.0008772597909918606,0.5340294108027662
392,Phe_727.4,"Ganglion and cyst of synovium, tendon, and bursa",musculoskeletal,0.00010063192673010415,0.6509700699246863,-0.002298710995365461,0.10320745656998728
393,Phe_728,"Disorders of muscle, ligament, and fascia",musculoskeletal,0.00022572695537164552,2.4251352512222075,0.0012945450504024416,0.3587917360432812
394,Phe_728.7,Fasciitis,musculoskeletal,0.00025312689893881434,3.156091510041296,0.004206464935068311,0.0028649618225275193
395,Phe_728.71,Contracture of palmar fascia [Dupuytren's disease],musculoskeletal,0.00026453063628291846,0.6832424391988263,-0.0019613172606516276,0.16442918998418538
396,Phe_729,Other disorders of soft tissues,musculoskeletal,0.00020209316281915449,3.615738816157033,0.010850891819654398,1.4469112736619696e-14
397,Phe_729.1,"Rheumatism, unspecified and fibrositis",musculoskeletal,3.812817114650173e-05,3.9730939222151065,0.0066748759788632485,2.2264789761437556e-06
398,Phe_733,Other disorders of bone and cartilage,musculoskeletal,3.354355743207463e-05,3.426337877873578,0.008706869973754227,6.734978615971457e-10
399,Phe_733.8,Malunion and nonunion of fracture,musculoskeletal,7.453851888300772e-06,2.5348698779743435,0.0023623577584865954,0.09400948339420423
400,Phe_735,Acquired foot deformities,musculoskeletal,4.49942208940997e-05,1.8218089204303416,0.0012182006671867024,0.3878344647903772
401,Phe_735.2,Acquired toe deformities,musculoskeletal,0.00019376547980917065,1.3888367530664032,0.0021954869283017505,0.11963066035750927
402,Phe_735.21,Hammer toe (acquired),musculoskeletal,-3.502078031167316e-06,0.6238376871184075,-0.002026393638149013,0.15087164530289746
403,Phe_735.23,Hallux rigidus,musculoskeletal,1.4506494974836812e-05,0.18164923574329767,-0.0038487860973109665,0.006365880328929727
404,Phe_735.3,Hallux valgus (Bunion),musculoskeletal,-0.00039548679848509853,0.686145047695761,-0.003106632175005696,0.02765002450089975
405,Phe_736,Other acquired deformities of limbs,musculoskeletal,3.992710075019845e-05,4.254730959739216,0.006698334754479235,2.0510386101412817e-06
406,Phe_737,Curvature of spine,musculoskeletal,-9.830771580310532e-06,5.187094842891945,0.0026005311048809513,0.06526300263435507
407,Phe_737.3,Kyphoscoliosis and scoliosis,musculoskeletal,-6.304471636461369e-06,11.736164309336523,0.029757588424736442,8.113978597167763e-99
408,Phe_738,Other acquired musculoskeletal deformity,musculoskeletal,-7.499667862940434e-05,2.6731040908154804,0.003831521365840952,0.00660607003146225
409,Phe_738.4,Acquired spondylolisthesis,musculoskeletal,-8.263495846043799e-05,2.780179866165409,0.0037006079101141766,0.008708917424225833
410,Phe_740,Osteoarthrosis,musculoskeletal,0.00022432473497242025,2.034802660362632,0.01981097675676823,8.282409783762438e-45
411,Phe_740.1,Osteoarthritis; localized,musculoskeletal,0.00020890713673580346,1.9716253356910707,0.01211883966846948,8.618029513055107e-18
412,Phe_740.11,"Osteoarthrosis, localized, primary",musculoskeletal,0.00023630727951707778,1.6732564009328852,0.007633317963899606,6.262468797820109e-08
413,Phe_740.9,Osteoarthrosis NOS,musculoskeletal,0.0002637352527333,3.0828959915301177,0.02002367037564516,9.743034397793115e-46
414,Phe_741,Symptoms and disorders of the joints,musculoskeletal,0.00022035388916445602,0.5223368233401678,-0.0013230200409822437,0.34831890036282587
415,Phe_741.4,Joint effusions,musculoskeletal,0.0002790576822268791,2.4964627586110963,0.002996717733534182,0.033645034195064136
416,Phe_742,"Derangement of joint, non-traumatic",musculoskeletal,-1.5421784040443365e-05,3.7347082868822,0.0020017049502592424,0.15591119381292357
417,Phe_742.9,Other derangement of joint,musculoskeletal,-1.5610891284115456e-05,1.8919494867690982,0.002903408970648228,0.03957518194102171
418,Phe_743,"Osteoporosis, osteopenia and pathological fracture",musculoskeletal,0.0005216549915404628,5.099290299080615,0.03378863521099569,7.493955990389185e-127
419,Phe_743.1,Osteoporosis,musculoskeletal,0.0005003725257736487,5.193252154050201,0.03352836127208371,6.195156276710846e-125
420,Phe_743.11,Osteoporosis NOS,musculoskeletal,0.0004958107601949823,5.197659190840807,0.03354919800239239,4.356133033300253e-125
421,Phe_745,Pain in joint,musculoskeletal,0.000534335675528742,1.6632304111621135,0.003420309029720007,0.015326291834609476
422,Phe_747,Cardiac and circulatory congenital anomalies,congenital anomalies,0.0007597459007633322,0.0,-0.0006464450347187637,0.6467741383946557
423,Phe_747.1,Cardiac congenital anomalies,congenital anomalies,0.0007583457949554065,4.979611049176267,0.007136961923107242,4.20860304758514e-07
424,Phe_747.13,Congenital anomalies of great vessels,congenital anomalies,0.001559705896592741,6.749472807618434,0.03216936722224607,3.6540191164383464e-115
425,Phe_751,Genitourinary congenital anomalies,congenital anomalies,0.0,3.3684926731823728,0.011424011110738683,5.566387097047709e-16
426,Phe_939,Atopic__contact dermatitis due to other or unspecified,dermatologic,-0.001060041178192814,4.333753740653552,0.020201643937348895,1.5973414226995775e-46
