,PheCode,description,category,f_score,RR,phi,pval
0,Phe_112,Candidiasis,infectious diseases,1.9538099995906112e-05,2.582045657159866,0.015753889337906536,5.834003784079319e-29
1,Phe_153,Colorectal cancer,neoplasms,0.0004674740702357682,0.0,-0.001009763357258084,0.4741177667559161
2,Phe_153.2,Colon cancer,neoplasms,0.00039532287351437475,1.592087430604705,0.006559492400866428,3.3208902434346203e-06
3,Phe_153.3,"Malignant neoplasm of rectum, rectosigmoid junction, and anus",neoplasms,0.00043282722117653135,1.4564891491102867,0.004139084389013768,0.003345139157050336
4,Phe_158,Neoplasm of unspecified nature of digestive system,neoplasms,2.57763884406752e-05,1.5756081501059618,0.0038040137112821293,0.007005628732992332
5,Phe_159,Malignant neoplasm of other and ill-defined sites within the digestive organs and peritoneum,neoplasms,0.00042413092004991906,1.74609151582864,0.010841696882666396,1.522529930544527e-14
6,Phe_165,Cancer within the respiratory system,neoplasms,9.080077653381475e-05,1.7514567911981638,0.00517313859518985,0.00024528950877233816
7,Phe_165.1,Cancer of bronchus; lung,neoplasms,0.00010426271395816951,1.646702210269023,0.006585252555949347,3.03900857231582e-06
8,Phe_172,Skin cancer,neoplasms,-0.00020137090263904882,1.1174260836852055,0.00278318748949052,0.04850315436797796
9,Phe_172.2,Other non-epithelial cancer of skin,neoplasms,-0.0001744272825496966,1.0795818608674523,0.0016985857231200266,0.22855699489336534
10,Phe_174,Breast cancer,neoplasms,-0.003275584484393304,0.6071398629305136,-0.008902456133233264,2.775147980943982e-10
11,Phe_189,Cancer of urinary organs (incl. kidney and bladder),neoplasms,-4.712693427114442e-05,2.6430431120572315,0.0175356811959548,1.76193214322941e-35
12,Phe_189.11,"Malignant neoplasm of kidney, except pelvis",neoplasms,-2.3070474587158727e-05,3.0301124093545497,0.01295714974616631,4.1010159434362647e-20
13,Phe_189.2,Cancer of bladder,neoplasms,-5.326267292319948e-05,1.7306412515067622,0.0040269770076246155,0.00430868167140115
14,Phe_189.21,Malignant neoplasm of bladder,neoplasms,-7.088734893548419e-05,2.3785282798672203,0.012541732243016829,6.063834802238321e-19
15,Phe_195,"Cancer, suspected or other",neoplasms,-0.0002799189346397698,1.1065909959256568,0.0006113563581465584,0.664742553495486
16,Phe_195.1,"Malignant neoplasm, other",neoplasms,-0.00028715533290744676,1.8361550283751236,0.021670469516212668,2.8789084556569056e-53
17,Phe_197,Chemotherapy,neoplasms,1.9664205922323806e-05,1.7894934325849254,0.02229849381335331,2.706131763464656e-56
18,Phe_198,Secondary malignant neoplasm,neoplasms,-0.0003482564561509517,1.3521216785694863,0.0024753202052919215,0.07931181884792808
19,Phe_198.1,Secondary malignancy of lymph nodes,neoplasms,-0.0003668716555945568,0.9498544097120608,-0.0007586353250140466,0.5907310013695479
20,Phe_198.2,Secondary malignancy of respiratory organs,neoplasms,-0.0003094036227101732,1.035185087905078,0.0003555187216514741,0.801027131905062
21,Phe_198.3,Secondary malignant neoplasm of digestive systems,neoplasms,-4.989470072803207e-05,0.9607321827449987,-0.0003277163021605098,0.816297550931507
22,Phe_198.4,Secondary malignant neoplasm of liver,neoplasms,-3.5498258286948e-05,0.952005689243062,-0.0005251086280814502,0.7097171926091967
23,Phe_198.6,Secondary malignancy of bone,neoplasms,7.283728989616891e-07,1.1318350382254412,0.0013100249363486047,0.3530740488821491
24,Phe_199,Neoplasm of uncertain behavior,neoplasms,0.00010022499705620224,1.6418904180961589,0.0043353065018479015,0.0021177581632698087
25,Phe_202,"Cancer of other lymphoid, histiocytic tissue",neoplasms,-1.561403893770026e-05,1.6110820077720962,0.004222756061990457,0.002758736382655664
26,Phe_202.2,Non-Hodgkins lymphoma,neoplasms,-3.795821537173024e-05,1.3801967495522647,0.002913417772299892,0.03889927568300413
27,Phe_204,Leukemia,neoplasms,5.2772053691343766e-05,1.9968937517385716,0.004254112690045033,0.0025643415938610475
28,Phe_208,Benign neoplasm of colon,neoplasms,0.0011989356675326172,2.1809336791384584,0.03550041299322286,7.864137517537079e-140
29,Phe_211,Benign neoplasm of other parts of digestive system,neoplasms,7.918010791785308e-05,1.9375255775876514,0.014440708411651463,1.3512006800331622e-24
30,Phe_214,Lipoma,neoplasms,-0.00016198415819440137,2.144263107099208,0.009637024293788923,8.3975291301016e-12
31,Phe_214.1,Lipoma of skin and subcutaneous tissue,neoplasms,-0.00018993315976766745,1.7547379350645085,0.010338119801949238,2.3253249742418436e-13
32,Phe_215,Other benign neoplasm of connective and other soft tissue,neoplasms,-5.4304936851373186e-05,1.5651449579425012,0.003635141964761297,0.009970044040363432
33,Phe_216,Benign neoplasm of skin,neoplasms,-0.0027445244666422907,1.3064853112629775,0.005571446292517681,7.831962763047563e-05
34,Phe_228,"Hemangioma and lymphangioma, any site",neoplasms,9.278476660567323e-06,1.6656232314872952,0.005139097812868405,0.0002694815321263723
35,Phe_229,Benign neoplasm of unspecified sites,neoplasms,-0.0007521232146351262,0.9637306688219499,-0.0003329084978983842,0.8134402585656867
36,Phe_241,Nontoxic nodular goiter,endocrine/metabolic,-0.000288178750583685,0.0,-0.0007235820195671335,0.6080012488775376
37,Phe_242,Thyrotoxicosis with or without goiter,endocrine/metabolic,-4.971787838557893e-06,2.3050563677476106,0.010090073099709183,8.504178867148633e-13
38,Phe_244,Hypothyroidism,endocrine/metabolic,1.5810454113165497e-05,1.9143644511975557,0.022997433381787495,9.177443821781367e-60
39,Phe_244.1,Secondary hypothyroidism,endocrine/metabolic,-8.110512268927763e-06,2.5575240163111848,0.01091201800326874,1.0301588159907122e-14
40,Phe_244.4,Hypothyroidism NOS,endocrine/metabolic,4.877880871545607e-06,1.918260352102773,0.02251908042494082,2.232625630300003e-57
41,Phe_250.1,Type 1 diabetes,endocrine/metabolic,2.902802301772473e-05,4.821581911407639,0.039472190600894005,2.0491266143002568e-172
42,Phe_250.2,Type 2 diabetes,endocrine/metabolic,0.00035625549630566403,4.456239177568911,0.10230434089061885,0.0
43,Phe_250.23,Type 2 diabetes with ophthalmic manifestations,endocrine/metabolic,3.3625899876361046e-05,5.772886010282337,0.037942467692178496,1.8623559758116465e-159
44,Phe_250.7,Diabetic retinopathy,endocrine/metabolic,3.199147480149275e-05,5.6201206926895555,0.03701782332726333,7.1527470247967915e-152
45,Phe_260,Protein-calorie malnutrition,endocrine/metabolic,-3.0037025076148125e-05,1.5254049492447423,0.0015992332017156171,0.256938984965222
46,Phe_261,Vitamin deficiency,endocrine/metabolic,-2.4945033908641278e-05,4.067746531319313,0.0030555474807118536,0.030310915789139713
47,Phe_272,Disorders of lipoid metabolism,endocrine/metabolic,0.0002525523407245477,2.8058643013118556,0.07354781714589384,0.0
48,Phe_272.1,Hyperlipidemia,endocrine/metabolic,0.00025306329555092535,3.4012091977034378,0.03556254338525576,2.5853206651569995e-140
49,Phe_272.11,Hypercholesterolemia,endocrine/metabolic,0.00025387304311771025,2.8377691302365227,0.07176422280592488,0.0
50,Phe_274,Gout and other crystal arthropathies,endocrine/metabolic,0.00024357499551203325,4.252745414661506,0.032740272508426094,3.2159835407464167e-119
51,Phe_274.1,Gout,endocrine/metabolic,0.00024935568122480897,4.753918127003186,0.035468558592912126,1.39004552348535e-139
52,Phe_275,Disorders of mineral metabolism,endocrine/metabolic,0.00043274020727590795,0.0,-0.0006640024179891128,0.6378591460218006
53,Phe_275.5,Disorders of calcium__phosphorus metabolism,endocrine/metabolic,0.0001848850699199397,2.6135867430852913,0.011626254742798521,1.6959716851968052e-16
54,Phe_276,"Disorders of fluid, electrolyte, and acid-base balance",endocrine/metabolic,0.00015964478152759022,2.885901255327891,0.03661908136028683,1.1679462281203637e-148
55,Phe_276.1,Electrolyte imbalance,endocrine/metabolic,9.668490987171664e-05,3.0508098984894847,0.005275182839608251,0.00018441119054006058
56,Phe_276.12,Hyposmolality and__or hyponatremia,endocrine/metabolic,9.288528618591263e-05,1.7761564477507275,0.007653384975629982,5.783594097194722e-08
57,Phe_276.14,Hypopotassemia,endocrine/metabolic,3.817501641153319e-05,2.2813974314217553,0.011140145118578316,2.8522601340311067e-15
58,Phe_276.5,Hypovolemia,endocrine/metabolic,0.00039598912159541654,2.6625250023180955,0.01962215186992456,5.43340202444566e-44
59,Phe_277,Other disorders of metabolism,endocrine/metabolic,-1.1102990523360604e-05,2.187831799713575,0.007663408091126334,5.5578885454338346e-08
60,Phe_278,"Overweight, obesity and other hyperalimentation",endocrine/metabolic,0.005134055875651056,18.304859390936908,0.005745165639187007,4.648468582344842e-05
61,Phe_278.1,Obesity,endocrine/metabolic,0.005095104495603718,7.567979376216479,0.15402311313648215,0.0
62,Phe_280,Iron deficiency anemias,hematopoietic,5.042724439560242e-06,2.442697474261983,0.027773630087684093,2.5349124600957258e-86
63,Phe_280.1,"Iron deficiency anemias, unspecified or not due to blood loss",hematopoietic,7.230641392685769e-06,2.5219898762190223,0.028654079954331918,9.226216654294527e-92
64,Phe_281,Other deficiency anemia,hematopoietic,3.894141676400265e-05,0.0,-0.0004979983447827951,0.7240748307249643
65,Phe_281.1,Megaloblastic anemia,hematopoietic,5.372770666133257e-05,9.152429695468454,0.0054132330302773006,0.0001243798662575712
66,Phe_285,Other anemias,hematopoietic,-8.186724297100572e-06,2.2159576197628144,0.02769004440216351,8.156771865601596e-86
67,Phe_287,Purpura and other hemorrhagic conditions,hematopoietic,-1.8995485559798427e-05,1.4546908125247875,0.0009276254799839031,0.5108145892097511
68,Phe_287.3,Thrombocytopenia,hematopoietic,-1.893088770387858e-05,1.990642148297637,0.0074112840882488516,1.4904161641382192e-07
69,Phe_288,Diseases of white blood cells,hematopoietic,-1.1183323718845944e-06,2.477950397899756,0.007432014405965157,1.375914986995531e-07
70,Phe_289,Other diseases of blood and blood-forming organs,hematopoietic,-6.0789577883273674e-05,2.4373980547186296,0.006543717599244899,3.5057086076764686e-06
71,Phe_289.4,Lymphadenitis,hematopoietic,-9.544361580673356e-05,2.6278362547461045,0.01730489630438559,1.3468274066492674e-34
72,Phe_290,Delirium dementia and amnestic and other cognitive disorders,mental disorders,0.00012079325356926878,3.5161876796149993,0.011121633495561037,3.1685662718986722e-15
73,Phe_292,Neurological disorders,mental disorders,4.132054205314646e-05,4.116403786478635,0.014969978566851654,2.6088915424400235e-26
74,Phe_292.1,Aphasia__speech disturbance,mental disorders,1.6874322707745815e-05,3.038150936255089,0.01664913047889925,3.768392983472927e-32
75,Phe_292.4,Altered mental status,mental disorders,0.00011103723528435309,3.1617919911066106,0.022267048460639333,3.854317167883748e-56
76,Phe_293,Symptoms involving head and neck,mental disorders,0.00010513949619173725,23.123296623151557,0.1953941971446007,0.0
77,Phe_296,Mood disorders,mental disorders,4.902758784768578e-05,7.065033449133543,0.01075072244699369,2.5146648933699175e-14
78,Phe_296.1,Bipolar,mental disorders,-0.00014820033150967342,3.1973553521287172,0.014627281629285439,3.414634386168614e-25
79,Phe_296.2,Depression,mental disorders,4.155117210229255e-05,3.2687248912387337,0.008917040358269797,2.5956558144744776e-10
80,Phe_300,Anxiety disorders,mental disorders,8.465257908112794e-05,3.405555235523146,0.009075405376631058,1.2473770537329445e-10
81,Phe_300.1,Anxiety disorder,mental disorders,0.0001366271432240992,3.2305992265896206,0.03700075367446963,9.833951794659161e-152
82,Phe_306,Other mental disorder,mental disorders,0.0005634803598490302,2.7335510974288795,0.06480886593042515,0.0
83,Phe_317,Alcohol-related disorders,mental disorders,0.00016504645600683184,2.195939964579707,0.017864270471399386,9.297638162991427e-37
84,Phe_317.1,Alcoholism,mental disorders,0.00011957989242084537,2.005688750537721,0.018832942262955968,1.1629169742748448e-40
85,Phe_318,Tobacco use disorder,mental disorders,0.0002490818493372689,2.476243925216576,0.042504948264770415,1.2747525445616136e-199
86,Phe_327,Sleep disorders,neurological,0.14931347509138684,28.27232297169525,0.16779460620826048,0.0
87,Phe_327.3,Sleep apnea,neurological,0.2418262661625313,73.21943756374763,1.0,0.0
88,Phe_331,Other cerebral degenerations,neurological,9.633113328097971e-05,3.021190384911917,0.006812973462946593,1.3680998232667078e-06
89,Phe_332,Parkinson's disease,neurological,-8.253239414303874e-05,2.3046365796638835,0.00955230715977532,1.2742076043148423e-11
90,Phe_334,Degenerative disease of the spinal cord,neurological,3.099526339041062e-05,3.3011468694205424,0.0180296978718688,2.071514417462146e-37
91,Phe_335,Multiple sclerosis,neurological,-2.0317943363999258e-05,1.446207852557092,0.0031234812973972765,0.026817745739474475
92,Phe_339,Other headache syndromes,neurological,0.0005763751419465381,2.632346732567213,0.0291243031889966,9.793466910886002e-95
93,Phe_340,Migraine,neurological,-1.0324849330377841e-05,2.0362700053080887,0.01125261627407162,1.500046802505134e-15
94,Phe_342,Hemiplegia,neurological,5.2726390549548556e-05,2.7978159069074295,0.014838198505627495,7.06237768919066e-26
95,Phe_345,"Epilepsy, recurrent seizures, convulsions",neurological,1.0683511683570437e-05,2.724444188418517,0.019780447925928982,1.123981704890506e-44
96,Phe_345.3,Convulsions,neurological,3.695779687794519e-05,2.5270814285207015,0.014681218344507904,2.28688428196404e-25
97,Phe_348,Other conditions of brain,neurological,-5.849057790498304e-05,3.5170908873415896,0.006324386080051267,7.351872712718991e-06
98,Phe_350,Abnormal movement,neurological,-2.6793108146129966e-05,3.5030476010891025,0.029824424530717455,2.974050442282104e-99
99,Phe_350.2,Abnormality of gait,neurological,-4.655125678122786e-05,3.790342862103489,0.026393139366259106,3.903024813327524e-78
100,Phe_351,Other peripheral nerve disorders,neurological,8.990811692844113e-05,2.4937679029064634,0.032891499998259674,2.6371132259079872e-120
101,Phe_352,Disorders of other cranial nerves,neurological,2.0195039666155637e-05,1.3814988219575024,0.0006520707204490037,0.6439120185902518
102,Phe_353,Nerve root and plexus disorders,neurological,0.0001851896962419972,3.332363782926567,0.015423643954775749,7.921211308418312e-28
103,Phe_357,Inflammatory and toxic neuropathy,neurological,1.8423262287087438e-05,3.8960210840868355,0.022976538307044766,1.1694728835424495e-59
104,Phe_361,Retinal detachments and defects,sense organs,5.669605078715231e-05,1.6407717101119919,0.005700630195255767,5.320969358857545e-05
105,Phe_361.1,Retinal detachment with retinal defect,sense organs,1.1882385543523797e-05,1.595760676756791,0.004401415837833271,0.0018081123844465499
106,Phe_362,Other retinal disorders,sense organs,-2.2275902131798045e-05,2.667914729043436,0.010674365349017457,3.819514085300611e-14
107,Phe_362.2,Degeneration of macula and posterior pole of retina,sense organs,-2.2058827056383622e-05,2.0199743595161963,0.01068463315735228,3.6113600047154526e-14
108,Phe_362.29,Macular degeneration (senile) of retina NOS,sense organs,-2.931266226025929e-05,2.0199743595161963,0.01068463315735228,3.6113600047154526e-14
109,Phe_365,Glaucoma,sense organs,0.00011107537763609045,1.9846027460951419,0.012631826479402933,3.405620579929468e-19
110,Phe_365.1,Open-angle glaucoma,sense organs,0.00011222551853763123,1.6019193917362073,0.004333484106934099,0.002126944852177749
111,Phe_365.11,Primary open angle glaucoma,sense organs,0.00011086860932520442,1.6079255169328617,0.004368512425900042,0.0019566132427570482
112,Phe_366,Cataract,sense organs,1.55328089347954e-05,1.6707137946535238,0.018837679760725867,1.1116299056551403e-40
113,Phe_366.2,Senile cataract,sense organs,-2.276790090811092e-05,1.696316108926448,0.014382971887172203,2.060895950726217e-24
114,Phe_367,Disorders of refraction and accommodation; blindness and low vision,sense organs,3.7652587464043914e-05,1.5360721167219782,0.0010642797423510931,0.45058472086034096
115,Phe_367.1,Myopia,sense organs,6.251896258894144e-05,1.1259115819509486,0.0009554448076582757,0.498221822359342
116,Phe_368,Visual disturbances,sense organs,2.8365889937979714e-05,2.868754334926821,0.012655993711321253,2.915341979878417e-19
117,Phe_371,Inflammation of the eye,sense organs,2.5444256863110316e-05,4.0961923112586085,0.006146961672704824,1.3157865462781086e-05
118,Phe_371.3,Inflammation of eyelids,sense organs,2.2018199536946876e-05,1.2432651617858907,0.0023266864421251803,0.09908004544136477
119,Phe_374,Other disorders of eyelids,sense organs,2.8606713757698385e-05,1.8270059278026383,0.008942836709378814,2.3055369806921224e-10
120,Phe_374.1,Ectropion or entropion,sense organs,-0.0003784572593701841,2.084044712440635,0.007166385387330633,3.7717613475719335e-07
121,Phe_374.3,Ptosis of eyelid,sense organs,1.6716701586282015e-05,2.8622639405039094,0.016064263033547563,4.783666954203204e-30
122,Phe_375,Disorders of lacrimal system,sense organs,2.420287861546046e-05,1.6277562918375585,0.005195955297723395,0.00023023119297862197
123,Phe_378,Strabismus and other disorders of binocular eye movements,sense organs,1.8491159860120173e-06,2.860134279833892,0.0034938749428640036,0.013259400648448149
124,Phe_379,Other disorders of eye,sense organs,-9.639514162004746e-05,3.2255258838655347,0.007875164004188551,2.3696780656172604e-08
125,Phe_379.2,Disorders of vitreous body,sense organs,-1.612412079221125e-05,1.6727905773726257,0.005129859722745211,0.0002764227101914463
126,Phe_379.3,Aphakia and other disorders of lens,sense organs,-0.0002645644083122107,1.904748453191329,0.008561788113891465,1.2843606920373463e-09
127,Phe_380,Disorders of external ear,sense organs,0.0012143661723654313,1.409660745847916,0.0020225038849816415,0.1516572920695701
128,Phe_381,Otitis media and Eustachian tube disorders,sense organs,0.00998549143119444,2.3523322856124533,0.01224315691153984,3.9862473584322626e-18
129,Phe_381.1,Otitis media,sense organs,0.013375525692911198,2.6643882108571564,0.010459041674732076,1.2222588469477124e-13
130,Phe_384,Other disorders of tympanic membrane,sense organs,-0.0007448123635304337,2.6358997522949146,0.006075200513387973,1.6578893574061698e-05
131,Phe_384.4,Perforation of tympanic membrane,sense organs,-0.0002856474027651828,1.6832054612355778,0.004237171682855281,0.002667753601840357
132,Phe_386,Vertiginous syndromes and other disorders of vestibular system,sense organs,0.00019342829949167787,3.7356855899871246,0.004495979567355485,0.0014370727448953047
133,Phe_386.9,Dizziness and giddiness (Light-headedness and vertigo),sense organs,0.00015677362628206595,2.623235855063573,0.023167024945929378,1.2729447142253516e-60
134,Phe_389,Hearing loss,sense organs,6.363223328042428e-05,2.853583547460427,0.022762831872034532,1.3777622571358678e-58
135,Phe_394,Rheumatic disease of the heart valves,circulatory system,0.00015410044594558607,3.7548429519870585,0.018758237293751773,2.364787984717692e-40
136,Phe_394.2,Mitral valve disease,circulatory system,0.00011608601479000112,3.0810526023183304,0.02440774794649453,4.343000646219942e-67
137,Phe_394.3,Aortic valve disease,circulatory system,0.00019669399211516892,3.068046112605245,0.015854772626981616,2.601350506847728e-29
138,Phe_394.7,Disease of tricuspid valve,circulatory system,3.0843295643367205e-06,3.4013919650640707,0.018063336507951572,1.5239247747976826e-37
139,Phe_395,Heart valve disorders,circulatory system,0.0001279676557333168,3.235747785925175,0.030994267194424937,4.853139148281222e-107
140,Phe_395.1,Nonrheumatic mitral valve disorders,circulatory system,0.00010843107236143797,3.1627603560771678,0.024911247918307795,8.274108782643395e-70
141,Phe_395.6,Heart valve replaced,circulatory system,0.00022941814597146826,2.883153967244065,0.015062238232828333,1.292489410163902e-26
142,Phe_396,Abnormal heart sounds,circulatory system,0.0,2.338172459161663,0.00914994766182246,8.797182028147016e-11
143,Phe_401.1,Essential hypertension,circulatory system,0.001257484296463057,2.5286497668949326,0.09691091953184788,0.0
144,Phe_401.2,Hypertensive heart and__or renal disease,circulatory system,0.00015244435861015454,8.991860753442692,0.010016424557251715,1.2425047057855897e-12
145,Phe_401.22,Hypertensive chronic kidney disease,circulatory system,0.00014606174532816237,5.2500944162648695,0.0322273007470314,1.42719642175483e-115
146,Phe_402,Elevated blood pressure reading without diagnosis of hypertension,circulatory system,7.841683159093023e-05,2.5533952411270686,0.012143405699048669,7.40464925421497e-18
147,Phe_411.1,Unstable angina (intermediate coronary syndrome),circulatory system,0.00017127970245628721,3.858703799399715,0.03960111777611043,1.5703564573335898e-173
148,Phe_411.2,Myocardial infarction,circulatory system,0.0001963459765469721,3.2955665077653116,0.05125456864260051,2.041910780258501e-289
149,Phe_411.3,Angina pectoris,circulatory system,0.00021241512674238151,3.525047090644745,0.0647564477988915,0.0
150,Phe_411.4,Coronary atherosclerosis,circulatory system,0.0003178754766568189,2.992911316474356,0.05705801276432174,0.0
151,Phe_411.8,"Other chronic ischemic heart disease, unspecified",circulatory system,0.00020443431071446363,3.945056068351086,0.07394481867234345,0.0
152,Phe_411.9,Other acute and subacute forms of ischemic heart disease,circulatory system,7.785262693109975e-05,3.1172631834070774,0.015828069429557928,3.222995236397245e-29
153,Phe_414,Other forms of chronic heart disease,circulatory system,8.2764535354793e-05,3.9913275173339486,0.028386741513429348,4.309025487904506e-90
154,Phe_415,Pulmonary heart disease,circulatory system,-6.494459573085606e-05,2.5923164322772534,0.019570778861466177,9.036205991874698e-44
155,Phe_416,Cardiomegaly,circulatory system,7.222425106151598e-05,5.310311671478308,0.0478121433099414,4.405670499701132e-252
156,Phe_418,Nonspecific chest pain,circulatory system,0.0004154392349403548,2.5623678308493565,0.054801039023049315,0.0
157,Phe_418.1,Precordial pain,circulatory system,0.00011489248049905757,3.161835367544735,0.02735210729120666,8.872102766333706e-84
158,Phe_420,Carditis,circulatory system,3.950989020292648e-05,0.0,-0.0006429169369462915,0.6485717642416458
159,Phe_420.2,Pericarditis,circulatory system,5.953097641074874e-06,3.456530731276515,0.01702459445778061,1.5367868747634427e-33
160,Phe_425,Cardiomyopathy,circulatory system,1.9789730415810873e-05,2.5248081918533667,0.0013631056029048134,0.33390873529097786
161,Phe_425.1,Primary__intrinsic cardiomyopathies,circulatory system,1.9449433761123756e-05,4.920418430609428,0.026252015393820164,2.540760293140534e-77
162,Phe_426,Cardiac conduction disorders,circulatory system,0.00013804878266038276,3.557219638724581,0.006673075295857361,2.240525468470999e-06
163,Phe_426.2,Atrioventricular [AV] block,circulatory system,-9.813264766724767e-05,2.207621233077818,0.0028284339715668673,0.044962232770839834
164,Phe_426.3,Bundle branch block,circulatory system,8.326436832015894e-05,4.093012037725023,0.011289293133325643,1.2148058617271954e-15
165,Phe_426.31,Right bundle branch block,circulatory system,5.697325656592616e-05,4.036813097621067,0.02592018987509681,1.9988774645384396e-75
166,Phe_426.32,Left bundle branch block,circulatory system,0.00010218675691713752,3.098975187447834,0.019067324280338447,1.2319240385295645e-41
167,Phe_426.9,Cardiac pacemaker__device in situ,circulatory system,0.00013125832526345257,3.693562132295875,0.008210892763210891,5.864117419526572e-09
168,Phe_426.91,Cardiac pacemaker in situ,circulatory system,0.00013053792547025196,4.547913438350552,0.036049722507590726,3.9342089704503256e-144
169,Phe_427,Cardiac dysrhythmias,circulatory system,0.00018378572226845224,2.8478676207781493,0.06090873366975346,0.0
170,Phe_427.1,"Paroxysmal tachycardia, unspecified",circulatory system,0.0002066034448949486,2.7804849707752264,0.0037156765205240104,0.008439643197429217
171,Phe_427.11,Paroxysmal supraventricular tachycardia,circulatory system,0.00013194021821740968,2.676149033762706,0.01632718728500813,5.53699070772015e-31
172,Phe_427.2,Atrial fibrillation and flutter,circulatory system,0.0003101486520398425,3.3703118805157812,0.05938314854852289,0.0
173,Phe_427.3,Other specified cardiac dysrhythmias,circulatory system,0.0001039833971043005,3.114804538587186,0.025200909102406254,2.127364248369009e-71
174,Phe_427.4,Cardiac arrest and ventricular fibrillation,circulatory system,1.0942455414292879e-05,3.329896010478852,0.016948256159245032,2.962160994735324e-33
175,Phe_427.7,Tachycardia NOS,circulatory system,3.935975246219602e-05,2.5598360524506663,0.015600449319508717,1.9735308725473625e-28
176,Phe_427.9,Palpitations,circulatory system,0.00010806014917640326,2.312736778526703,0.016497563393195726,1.3440697305895018e-31
177,Phe_428,Congestive heart failure; nonhypertensive,circulatory system,6.027348056701335e-05,5.5088520380550206,0.07142646018678125,0.0
178,Phe_428.1,Congestive heart failure (CHF) NOS,circulatory system,7.503158853680126e-05,7.7137195104585805,0.0671743282057061,0.0
179,Phe_428.2,Heart failure NOS,circulatory system,7.870099541693093e-05,5.02852268739983,0.056596004325457645,0.0
180,Phe_430,Intracranial hemorrhage,circulatory system,-0.00012972509624091167,2.8316909555040524,0.004091405016262987,0.00372801838081254
181,Phe_433,Cerebrovascular disease,circulatory system,0.0001400543110551618,3.2152883451906575,0.017676371295767962,5.0330283092372624e-36
182,Phe_433.1,Occlusion and stenosis of precerebral arteries,circulatory system,0.00011145937362875876,2.7277829680611863,0.011235692013427723,1.6530058290411958e-15
183,Phe_433.2,Occlusion of cerebral arteries,circulatory system,0.00011855692675120934,2.455185199578566,0.016337350090987666,5.090669312995782e-31
184,Phe_433.21,"Cerebral artery occlusion, with cerebral infarction",circulatory system,0.00016343511700474983,2.4611575651679876,0.012723985815128179,1.879705435198505e-19
185,Phe_433.3,Cerebral ischemia,circulatory system,0.00013770478026441544,3.2865542997364,0.01595153537854045,1.1931234549473729e-29
186,Phe_433.31,Transient cerebral ischemia,circulatory system,0.00010702268105744069,2.5833712044706774,0.014586260191198751,4.62736742370961e-25
187,Phe_433.8,Late effects of cerebrovascular disease,circulatory system,-2.6425734454660415e-05,3.1913375461167863,0.016377756947013645,3.642799993933409e-31
188,Phe_440,Atherosclerosis,circulatory system,0.00013259887869972704,2.8161322139902936,0.004862384227304033,0.0005671872101014335
189,Phe_442,Other aneurysm,circulatory system,0.00011419289427773359,1.557860373696758,0.0006348885704513585,0.6526699798911446
190,Phe_442.1,Aortic aneurysm,circulatory system,0.00011324544515018707,2.6653756714854597,0.008456533896658892,2.038299546191229e-09
191,Phe_443,Peripheral vascular disease,circulatory system,1.1981989676596742e-05,3.8098702898310974,0.03657050670495388,2.8605306275874657e-148
192,Phe_443.1,Raynaud's syndrome,circulatory system,-3.20658863807862e-06,1.594393112778424,0.0041831134514798175,0.0030237434010032286
193,Phe_443.9,"Peripheral vascular disease, unspecified",circulatory system,9.454217544346595e-05,4.273436355921874,0.034395352773768026,2.2271592681016428e-131
194,Phe_447,Other disorders of arteries and arterioles,circulatory system,0.0001288976481880488,3.1796136939625024,0.01042600861928336,1.45807111677808e-13
195,Phe_451,Phlebitis and thrombophlebitis,circulatory system,-6.0052726425863154e-05,2.309332910173859,0.005048708133564429,0.0003450153664165693
196,Phe_451.2,Phlebitis and thrombophlebitis of lower extremities,circulatory system,-5.734707983739792e-05,2.2683668892298288,0.015112901787659328,8.77281615871151e-27
197,Phe_454,Varicose veins,circulatory system,0.00022804349445136954,2.0722482329362535,0.004852001475401614,0.0005828361680986681
198,Phe_454.1,Varicose veins of lower extremity,circulatory system,0.00034612358571944684,1.1123231629893369,0.002266153652946086,0.10818172306006181
199,Phe_455,Hemorrhoids,circulatory system,0.0009376345778845424,1.8423832478900288,0.02598436729298419,8.629652881093907e-76
200,Phe_458,Hypotension,circulatory system,4.4193284192994335e-05,2.191946317394863,0.008260593857316745,4.746592625593391e-09
201,Phe_458.1,Orthostatic hypotension,circulatory system,6.745971530674948e-05,3.3595153654812515,0.019398442123099272,4.930357822974489e-43
202,Phe_458.9,Hypotension NOS,circulatory system,5.880497634697411e-05,2.8817095794193883,0.024541454945841108,8.333920175383325e-68
203,Phe_459,Other disorders of circulatory system,circulatory system,-6.153320255421543e-06,2.5248081918533667,0.0036070630263441874,0.010559078196155819
204,Phe_459.9,Circulatory disease NEC,circulatory system,3.965686647516351e-06,2.9732019993495244,0.05348066852667853,0.0
205,Phe_465,Acute upper respiratory infections of multiple or unspecified sites,respiratory,2.1149587433408042e-05,2.7076525447302666,0.012532226374285471,6.442893200836919e-19
206,Phe_470,Septal Deviations__Turbinate Hypertrophy,respiratory,1.6125468603880423e-05,5.0228412844062165,0.05219128375368089,5.017005048508205e-300
207,Phe_471,Nasal polyps,respiratory,8.254380160395067e-05,2.1180599295251548,0.012153733209951586,6.946402575689908e-18
208,Phe_473,Diseases of the larynx and vocal cords,respiratory,4.9457580742290775e-05,2.2719712643193906,0.009758540988924744,4.5889992297465355e-12
209,Phe_473.4,Voice disturbance,respiratory,-2.5222913251254002e-05,2.3666888909494186,0.008755446706622426,5.413338849726239e-10
210,Phe_474,Acute and chronic tonsillitis,respiratory,-1.8436119495031784e-05,1.5634043607917643,0.0022183706462562095,0.11582364472015415
211,Phe_474.2,Chronic tonsillitis and adenoiditis,respiratory,-9.842462407149433e-06,4.238462377062092,0.020012145812735676,1.0947328669305057e-45
212,Phe_475,Chronic sinusitis,respiratory,5.818949028125303e-05,2.30094753286749,0.012938293002784765,4.64302473397147e-20
213,Phe_476,Allergic rhinitis,respiratory,5.6733102011447345e-05,2.56117374194179,0.011448374104470676,4.829054084504055e-16
214,Phe_477,Epistaxis or throat hemorrhage,respiratory,2.216781008120183e-05,2.739502765990558,0.017211633793477423,3.0408285647053994e-34
215,Phe_479,Other upper respiratory disease,respiratory,1.8832268773940196e-06,3.842903349030172,0.0359438071003632,2.686912665025682e-143
216,Phe_480,Pneumonia,respiratory,8.291120670075458e-05,3.8791755000660997,0.038763028173262784,2.413686323975311e-166
217,Phe_480.1,Bacterial pneumonia,respiratory,8.982240937561337e-05,4.057013690867283,0.01978817936473692,1.0403914117998264e-44
218,Phe_480.11,Pneumococcal pneumonia,respiratory,8.817512813976563e-05,3.55092262333205,0.04272886582916852,1.039492056802601e-201
219,Phe_495,Asthma,respiratory,0.00012899819896481155,2.554098153502731,0.051865752538351156,2.566872437475731e-296
220,Phe_496,Chronic airway obstruction,respiratory,0.00023042947763339867,4.662772475563676,0.06772153868758969,0.0
221,Phe_496.1,Emphysema,respiratory,1.7333368286517356e-05,3.5884120751962802,0.022697088392342316,2.9289177505791328e-58
222,Phe_496.2,Chronic bronchitis,respiratory,4.0330652283577176e-05,5.151900724101646,0.01493271927272895,3.4603518136590756e-26
223,Phe_496.21,Obstructive chronic bronchitis,respiratory,2.833699301465671e-05,5.434641114718111,0.04930327417566687,6.192891058564747e-268
224,Phe_496.3,Bronchiectasis,respiratory,1.6653236213689987e-05,3.4082512102187783,0.022536142317090526,1.8389316650745047e-57
225,Phe_506,Empyema and pneumothorax,respiratory,7.136834558100801e-05,1.6251977963915947,0.0043014328052861225,0.0022946049889889645
226,Phe_507,Pleurisy; pleural effusion,respiratory,0.0001808559042514123,2.796256196237099,0.030641530321116495,1.162968518994915e-104
227,Phe_508,Pulmonary collapse; interstitial and compensatory emphysema,respiratory,-1.620301912385098e-05,3.1265905518429773,0.0212062514105858,4.379608045986865e-51
228,Phe_509.1,Respiratory failure,respiratory,9.940004479459264e-05,7.364430857475584,0.05902389225039833,0.0
229,Phe_509.2,Respiratory insufficiency,respiratory,7.552203357901474e-05,7.101550800497262,0.052682432704294666,1.1492448934675957e-305
230,Phe_512,Other symptoms of respiratory system,respiratory,0.00013585712114162155,4.255523484656078,0.06576122167684272,0.0
231,Phe_512.7,Shortness of breath,respiratory,0.00012643302192374736,3.9947824679772617,0.0485658095818209,4.930155099597858e-260
232,Phe_512.8,Cough,respiratory,0.00013580918500110601,2.652763750422601,0.018769174385618592,2.131768083820218e-40
233,Phe_514,Abnormal findings examination of lungs,respiratory,9.48476290121841e-05,2.391499311389596,0.014799820068181832,9.423232331069903e-26
234,Phe_516,Abnormal sputum,respiratory,0.00015973423840259093,2.1856548526491832,0.002278617092126611,0.10625553765278771
235,Phe_516.1,Hemoptysis,respiratory,0.00015638587089196929,3.5863564092696905,0.023751402817304236,1.2607707228509098e-63
236,Phe_519,"Other diseases of respiratory system, not elsewhere classified",respiratory,5.649074418386541e-05,6.519538961155611,0.011072484642775212,4.1857177604554095e-15
237,Phe_519.8,"Other diseases of respiratory system, NEC",respiratory,7.191658949697408e-05,3.5204688608701424,0.050050400088788895,4.6302032558384695e-276
238,Phe_520,Disorders of tooth development,digestive,-4.551074711198228e-05,0.0,-0.0011738412447941631,0.4053491430062244
239,Phe_520.2,Disturbances in tooth eruption,digestive,-4.568533286596141e-05,1.1346236615549419,0.001234454193149385,0.3815342154819178
240,Phe_521,Diseases of hard tissues of teeth,digestive,-4.0655429063409344e-05,4.881295837583175,0.003529011661734243,0.012362207619764613
241,Phe_521.1,Dental caries,digestive,-4.186166433218344e-05,2.181985337681461,0.013608655465677398,5.048163624211054e-22
242,Phe_522,Diseases of pulp and periapical tissues,digestive,6.751159112349855e-05,1.6577985863490028,0.003081222570710324,0.028947255014582507
243,Phe_522.5,Periapical abscess,digestive,0.0001000784895249722,1.8136151009453618,0.005637000742823646,6.443380671935709e-05
244,Phe_523,Gingival and periodontal diseases,digestive,-1.1153411362305791e-05,1.8854790788947886,0.0038888564894833345,0.005838430565252593
245,Phe_523.3,Periodontitis (acute or chronic),digestive,-2.1122829836230946e-05,0.0,-0.0005505589809370995,0.6963317024595755
246,Phe_525,Other diseases of the teeth and supporting structures,digestive,-5.353194271908837e-06,2.3071749857326727,0.013497950966339376,1.0817059253558234e-21
247,Phe_528,"Diseases of the oral soft tissues, excluding lesions specific for gingiva and tongue",digestive,-1.141853986412888e-05,1.91389557743459,0.008094612874706728,9.571323333509643e-09
248,Phe_529,Diseases and other conditions of the tongue,digestive,-1.9902730480933755e-06,2.1105381115936126,0.006790012608613445,1.4844359883434236e-06
249,Phe_530,Diseases of esophagus,digestive,9.569883936396642e-05,1.4959703474999515,0.00244583672602513,0.0829548325583479
250,Phe_530.1,"Esophagitis, GERD and related diseases",digestive,9.952263914938954e-05,2.0886421030279445,0.020996219270063683,4.1053654462006754e-50
251,Phe_530.11,GERD,digestive,0.00012570465693302447,2.5993054871722987,0.04186036714666952,1.1387992521457541e-193
252,Phe_530.12,Ulcer of esophagus,digestive,0.0006859620519575451,2.0347704307525807,0.014262384314103257,4.950427091731889e-24
253,Phe_530.14,Reflux esophagitis,digestive,8.292145306628927e-05,1.9310944877895995,0.01915317523806694,5.3762615100471235e-42
254,Phe_530.2,Esophageal bleeding (varices__hemorrhage),digestive,0.00020327149851837696,1.9667538869771044,0.008213626451803882,5.796501359816117e-09
255,Phe_530.3,Stricture and stenosis of esophagus,digestive,0.0,1.7158804885523231,0.006372199219776256,6.268257045330649e-06
256,Phe_530.9,Heartburn,digestive,1.2900877824645129e-05,1.4707620535068158,0.0042836742501852565,0.0023926297563421264
257,Phe_531,Peptic ulcer (excl. esophageal),digestive,0.0002905277702995845,2.2887366586523,0.022590478607267817,9.904551370666143e-58
258,Phe_531.2,Gastric ulcer,digestive,0.00038788617705835,2.3385585603207333,0.01755877370307695,1.4353802405434082e-35
259,Phe_531.3,Duodenal ulcer,digestive,0.00014481500162995492,2.138801003039978,0.012368915583225261,1.813206093476408e-18
260,Phe_532,Dysphagia,digestive,1.0027625809174487e-05,2.2026895931111534,0.020240012951945836,1.0794299800496781e-46
261,Phe_535,Gastritis and duodenitis,digestive,3.813565935872667e-05,1.9864741814734201,0.02690386091723626,4.0818053766230895e-81
262,Phe_535.1,Acute gastritis,digestive,-1.7754158299404146e-05,2.0932044577734152,0.007525779577990281,9.55941610396226e-08
263,Phe_535.6,Duodenitis,digestive,7.049397220900856e-05,2.1161687157152493,0.019556337957529916,1.0422733041104808e-43
264,Phe_535.8,Other specified gastritis,digestive,0.00041276011748031625,2.0244741489780615,0.019464196516672708,2.5851266422981435e-43
265,Phe_537,Other disorders of stomach and duodenum,digestive,5.238649781492299e-05,2.2974140781187518,0.015555180302698438,2.821113671871879e-28
266,Phe_540,Appendiceal conditions,digestive,4.8680719071570796e-05,1.3814988219575026,0.0012202344744346924,0.3870426606259063
267,Phe_540.1,Appendicitis,digestive,7.045541988013752e-05,0.990790765409305,-4.158800517990886e-05,0.9764812432743851
268,Phe_540.11,Acute appendicitis,digestive,8.092802113880889e-05,1.4643887512749525,0.004305355764531286,0.002273453007071305
269,Phe_550,Abdominal hernia,digestive,0.0001142483461512979,2.694314789975446,0.020206163281081914,1.5253404104659752e-46
270,Phe_550.1,Inguinal hernia,digestive,7.422971944410154e-05,1.2918255317078273,0.007236753737386476,2.897198426281276e-07
271,Phe_550.2,Diaphragmatic hernia,digestive,0.0003399452232807382,1.9290238142190637,0.03191951618658919,2.066318427560262e-113
272,Phe_550.4,Umbilical hernia,digestive,0.0016098853919612422,4.441223259305489,0.04229919062756968,1.0350323775699907e-197
273,Phe_550.5,Ventral hernia,digestive,0.0008158216798802499,2.712923179969707,0.020137271648023286,3.0777355350609858e-46
274,Phe_555,Inflammatory bowel disease and other gastroenteritis and colitis,digestive,-4.4333948361280325e-05,1.5709284071589669,0.007508283401801339,1.023492600727826e-07
275,Phe_555.1,Regional enteritis,digestive,-2.0111428411906886e-05,1.8479047130279709,0.006936415608416953,8.783363962937011e-07
276,Phe_555.2,Ulcerative colitis,digestive,-5.705491854874436e-05,1.4643887512749527,0.004986654496602813,0.00040787975231668013
277,Phe_556,Ulceration of the lower GI tract,digestive,-0.006128419616507299,2.3927920772466544,0.005723074225677242,4.971296405481056e-05
278,Phe_557,Intestinal malabsorption (non-celiac),digestive,-1.1189714665309317e-05,2.0060119880478804,0.0034964902525118427,0.013190690339043912
279,Phe_557.1,Celiac disease,digestive,-1.0924203750782751e-05,1.0316748448998256,0.0002627054723973356,0.8522682330933025
280,Phe_558,Noninfectious gastroenteritis,digestive,0.0043874900823566735,1.9588688421877116,0.02323733057288449,5.588793876677924e-61
281,Phe_559,Ileostomy status,digestive,-5.285137197535759e-05,1.700580485351558,0.005620556300617497,6.76798144235355e-05
282,Phe_560.4,Other intestinal obstruction,digestive,8.140370759873745e-05,1.953889485549445,0.011234514762086754,1.6641995778916937e-15
283,Phe_561,Symptoms involving digestive system,digestive,3.28736437677926e-05,1.8986262928902509,0.022219446707235503,6.577399304919751e-56
284,Phe_561.2,Flatulence,digestive,0.00016153614438761698,2.001879753615572,0.008616499125925249,1.0080744179645962e-09
285,Phe_562,Diverticulosis and diverticulitis,digestive,8.044375101956348e-05,2.023402621358543,0.03597983356355833,1.398666974313175e-143
286,Phe_562.1,Diverticulosis,digestive,7.880982833304229e-05,2.023402621358543,0.03597983356355833,1.398666974313175e-143
287,Phe_563,Constipation,digestive,8.313155930152065e-05,2.3269906518083294,0.029014897454016694,4.866520133025505e-94
288,Phe_564,Functional digestive disorders,digestive,0.0011517957644404987,2.4170667794795917,0.008300251262873709,4.006263220939278e-09
289,Phe_564.1,Irritable Bowel Syndrome,digestive,0.008244363178257734,2.2770750833470212,0.019470110993593814,2.4390159263908034e-43
290,Phe_564.8,Abnormal findings on exam of gastrointestinal tract__ abdominal area,digestive,0.00012759436799632718,1.8311795677178264,0.007106580894650606,4.7107352566141e-07
291,Phe_564.9,Personal history of diseases of digestive system,digestive,0.0005092718929946439,2.21271752553613,0.03183658060474857,7.832182663253223e-113
292,Phe_565,Anal and rectal conditions,digestive,0.0003625902323942861,1.9481890260864114,0.017246454738304356,2.2447143190860445e-34
293,Phe_565.1,Anal and rectal polyp,digestive,0.00039259778398489866,2.3003655132168057,0.022905141824085914,2.6727900886283986e-59
294,Phe_568,Other disorders of peritoneum,digestive,0.0006387837038392489,1.028362887131287,8.88652738755762e-05,0.9497710497684536
295,Phe_568.1,Peritoneal adhesions (postoperative) (postinfection),digestive,0.000500708492686849,2.5536544670459187,0.018307566192150498,1.6128974872026368e-38
296,Phe_569,Other disorders of intestine,digestive,0.0001344720403970246,2.28474750107142,0.015827276263457927,3.243556656697666e-29
297,Phe_571,Chronic liver disease and cirrhosis,digestive,0.0004905446948582518,4.25728901555826,0.03817597714172552,2.113989509878783e-161
298,Phe_571.5,Other chronic nonalcoholic liver disease,digestive,0.0004815117621516448,5.598983755309169,0.0410659024397848,1.844955668603561e-186
299,Phe_572,Ascites (non malignant),digestive,0.00021040850699382982,2.155249573449023,0.009573676471799523,1.1473785689337034e-11
300,Phe_573,Other disorders of liver,digestive,0.00011336156644853322,2.2683668892298288,0.01065914763515898,4.149887541986847e-14
301,Phe_573.7,Abnormal results of function study of liver,digestive,1.0905722317590733e-05,2.154679242262297,0.014344540845483505,2.727029928749548e-24
302,Phe_574,Cholelithiasis and cholecystitis,digestive,-0.00013538522792369445,1.8743073096431406,0.02217365477555553,1.0986787865464667e-55
303,Phe_574.1,Cholelithiasis,digestive,-0.00014720718568536964,2.030775582930395,0.019352898295279756,7.700877096274403e-43
304,Phe_574.11,Cholelithiasis with acute cholecystitis,digestive,-8.728247302983546e-05,2.164121307302886,0.009151924965756179,8.71574755181469e-11
305,Phe_574.12,Cholelithiasis with other cholecystitis,digestive,-0.00011704338331879597,1.8515705778731364,0.012378607644160534,1.7058430480882836e-18
306,Phe_574.2,Calculus of bile duct,digestive,-8.839169351987616e-05,1.8743537938432127,0.008827422146679823,3.908144259844339e-10
307,Phe_574.3,Cholecystitis without cholelithiasis,digestive,-8.533501691889971e-05,2.2412175441043374,0.012842072993857397,8.723464841011177e-20
308,Phe_575,Other biliary tract disease,digestive,-6.302007031832524e-05,1.7504646958546222,0.009589124712535643,1.0634790470316985e-11
309,Phe_575.7,Other disorders of gallbladder,digestive,-7.714397303047511e-05,1.7630233123457661,0.0057253750107058516,4.936708215051631e-05
310,Phe_575.8,Other disorders of biliary tract,digestive,-6.571683403026562e-05,1.2813401573655836,0.0018710568490097695,0.1847254760364725
311,Phe_577,Diseases of pancreas,digestive,-4.1425136652021706e-05,2.990197781300952,0.009953021785015236,1.7184001759570002e-12
312,Phe_577.1,Acute pancreatitis,digestive,-5.164478355850288e-05,2.4531214175247644,0.010140203104039206,6.559712786512352e-13
313,Phe_578.1,Hematemesis,digestive,6.906847288954582e-05,2.469277219891782,0.012773524472305935,1.3633005530495916e-19
314,Phe_578.2,Blood in stool,digestive,9.678783896208719e-05,2.436206916599869,0.014843956080172513,6.762907497147588e-26
315,Phe_578.9,Hemorrhage of gastrointestinal tract,digestive,9.567204113849691e-06,2.0694375292954073,0.017083510202920846,9.242681862258583e-34
316,Phe_579,Other symptoms involving abdomen and pelvis,digestive,7.060502043435937e-05,1.355915510439771,0.0023818168199033706,0.09133242431756115
317,Phe_579.8,Nonspecific abnormal findings in stool contents,digestive,5.8431097082666217e-05,1.8559093549144365,0.007646714674639091,5.938694754825064e-08
318,Phe_580,Nephritis; nephrosis; renal sclerosis,genitourinary,7.254817438954605e-06,4.584642499387513,0.027791957366992342,1.9609698114695494e-86
319,Phe_580.1,Glomerulonephritis,genitourinary,-1.233842005402294e-06,3.9917990606076006,0.018197212182067185,4.466026949931837e-38
320,Phe_585,Renal failure,genitourinary,7.858870410494044e-05,4.034022374065384,0.05879424426995037,0.0
321,Phe_585.1,Acute renal failure,genitourinary,4.7384055417011555e-05,4.216662107610386,0.05209584428009083,6.169557347322569e-299
322,Phe_585.2,Renal failure NOS,genitourinary,-1.8041846342252183e-05,3.851777524054917,0.021493238160115547,1.985617053365605e-52
323,Phe_585.3,Chronic renal failure [CKD],genitourinary,0.0001460571969659348,5.27447474249957,0.049484073437373044,6.8648905014440985e-270
324,Phe_586,Other disorders of the kidney and ureters,genitourinary,4.359324732017852e-05,2.549719241918084,0.010696563115467045,3.3834930077222725e-14
325,Phe_586.2,"Cyst of kidney, acquired",genitourinary,7.765468076443662e-05,2.8933761938254525,0.014608020797577146,3.938790148878137e-25
326,Phe_590,Pyelonephritis,genitourinary,0.0006178408062502845,2.3074799232225267,0.010028594485023728,1.1672620503490987e-12
327,Phe_591,Urinary tract infection,genitourinary,-2.273940696080441e-05,2.4391936569906716,0.03307328824322914,1.284775233448975e-121
328,Phe_592,Cystitis and urethritis,genitourinary,2.2931502247100052e-07,2.086695071915584,0.011950700906670811,2.415365342960262e-17
329,Phe_592.1,Cystitis,genitourinary,-3.207019317036305e-06,2.1848784210851866,0.010464912700199624,1.1844634197322137e-13
330,Phe_593,Hematuria,genitourinary,-9.820578641356086e-05,2.015957396373073,0.025387267850576583,1.973767049123095e-72
331,Phe_594,Urinary calculus,genitourinary,4.8622339230448876e-05,3.303132521672825,0.009865521839701725,2.6795290954028e-12
332,Phe_594.1,Calculus of kidney,genitourinary,-2.279404914530013e-06,2.6865037131461773,0.018858343189702878,9.129869455278373e-41
333,Phe_594.3,Calculus of ureter,genitourinary,-4.435886999046647e-05,2.50510680740313,0.014469956387784732,1.0903620801839804e-24
334,Phe_594.8,Renal colic,genitourinary,-1.8873995206101875e-05,2.2501727678304975,0.01034561095127152,2.2349657126414728e-13
335,Phe_595,Hydronephrosis,genitourinary,0.02420512405335195,2.1430079286950527,0.010553765472603501,7.347936894075942e-14
336,Phe_596,Other disorders of bladder,genitourinary,6.245723367540046e-05,2.613256129264559,0.027892397919155182,4.787955121272514e-87
337,Phe_596.1,Bladder neck obstruction,genitourinary,3.283448848917155e-05,2.9174476089230192,0.016224692455638057,1.2886171045770434e-30
338,Phe_596.5,Functional disorders of bladder,genitourinary,0.0003719444921938307,3.375610952321065,0.018126420524069417,8.556020544024361e-38
339,Phe_597,Other disorders of urethra and urinary tract,genitourinary,0.0003742155245257687,1.6255934334227042,0.003418026448883229,0.015394726566194223
340,Phe_597.1,Urethral stricture (not specified as infectious),genitourinary,0.00040875282231488737,1.764878499230974,0.008811938475854675,4.192787530674497e-10
341,Phe_598,Abnormal findings on examination of urine,genitourinary,5.8669467236506027e-05,2.427869657436658,0.016121431295549195,3.0020189039749014e-30
342,Phe_599,Other symptoms__disorders or the urinary system,genitourinary,3.891544310870281e-05,2.6860178699856085,0.02731801929994633,1.419278071709592e-83
343,Phe_599.2,Retention of urine,genitourinary,4.413037158472478e-05,2.651756448213675,0.028913191118827633,2.148604859925241e-93
344,Phe_599.3,Dysuria,genitourinary,-9.436579834036041e-06,2.5379354441506976,0.010639928336874025,4.607520408741362e-14
345,Phe_599.4,Urinary incontinence,genitourinary,5.995055538249588e-05,1.92506939601128,0.01706751955276327,1.0612196343925784e-33
346,Phe_599.5,Frequency of urination and polyuria,genitourinary,-3.3817891088988444e-05,2.5810687579549394,0.019526502727846163,1.3993363087805661e-43
347,Phe_599.9,Other abnormality of urination,genitourinary,2.453622188037061e-05,2.5065051119285338,0.012492154938333794,8.315229713656603e-19
348,Phe_611.3,Lump or mass in breast,genitourinary,2.8648469089308045e-06,0.7511520219045922,-0.0018727601900286426,0.18432602765643097
349,Phe_613,Other nonmalignant breast conditions,genitourinary,-0.0003423687941905053,0.0,-0.0007042823203154817,0.6176049910274679
350,Phe_681,Superficial cellulitis and abscess,dermatologic,0.003410762662141829,5.131281338699295,0.018694349437887888,4.3295308153810076e-40
351,Phe_681.3,Cellulitis and abscess of arm__hand,dermatologic,0.0035447950158062273,4.432386155565009,0.051946762279637244,3.080295282637944e-297
352,Phe_686,Other local infections of skin and subcutaneous tissue,dermatologic,0.0007260243816058154,3.5136812015564787,0.018991352062478567,2.558085499159613e-41
353,Phe_686.1,Carbuncle and furuncle,dermatologic,0.00026586803426033117,2.4185315535526106,0.013819796983476695,1.1602035441316578e-22
354,Phe_687,Symptoms affecting skin,dermatologic,4.7200100910102494e-05,1.8054107892430922,0.002555197155150553,0.0700919412489542
355,Phe_687.1,Rash and other nonspecific skin eruption,dermatologic,3.867789767293529e-05,2.623715041761986,0.015518013315091754,3.7800063997139483e-28
356,Phe_687.4,Disturbance of skin sensation,dermatologic,0.0002613564774403386,2.488296142802703,0.015979536460365037,9.513671359525133e-30
357,Phe_689,Disorder of skin and subcutaneous tissue NOS,dermatologic,-0.00039884700319840164,1.564555249362639,0.008649757354207553,8.694291075061191e-10
358,Phe_695,Erythematous conditions,dermatologic,-1.768150718995485e-05,2.1153612378733304,0.011255983771618079,1.4713188012693421e-15
359,Phe_696,Psoriasis and related disorders,dermatologic,-6.048882392711932e-05,2.8602973898584048,0.018351594577147752,1.0724981743782859e-38
360,Phe_696.4,Psoriasis,dermatologic,-6.114529230391625e-05,3.1344979505677495,0.017421618915674106,4.830635738169195e-35
361,Phe_696.41,Psoriasis vulgaris,dermatologic,-5.1774849159525034e-05,3.0334164555106393,0.017359189044480996,8.366578898590246e-35
362,Phe_701,Other hypertrophic and atrophic conditions of skin,dermatologic,-0.00022406328152622785,2.3174672282794373,0.010599307853339639,5.744148332106699e-14
363,Phe_701.2,Scar conditions and fibrosis of skin,dermatologic,-0.00025897255687386695,1.46119239291545,0.004349352939763298,0.0020481619811272295
364,Phe_702,Degenerative skin conditions and other dermatoses,dermatologic,-0.0003535916342379754,0.0,-0.0005505589809370995,0.6963317024595755
365,Phe_702.1,Actinic keratosis,dermatologic,-0.0004012275734014681,1.6541394619698893,0.006764417496899076,1.62532660966739e-06
366,Phe_702.2,Seborrheic keratosis,dermatologic,-0.00014316531082491906,1.4821058790242074,0.005269187701878217,0.00018755364714365954
367,Phe_703,"Diseases of nail, NOS",dermatologic,0.0003776526621553883,1.4384958263997571,0.0016430363662802605,0.2441377265129292
368,Phe_704,Diseases of hair and hair follicles,dermatologic,6.6780943972271975e-06,1.4216296576946785,0.00574300159405365,4.679191749342936e-05
369,Phe_706,Diseases of sebaceous glands,dermatologic,3.614045663835623e-05,1.3791224586273958,0.006865932242035724,1.1322542486248628e-06
370,Phe_706.2,Sebaceous cyst,dermatologic,3.5317674248828374e-05,1.360388925042715,0.006495280724009294,4.1368675811140345e-06
371,Phe_707,Chronic ulcer of skin,dermatologic,6.146536464819124e-05,6.931586017494793,0.04419939195623223,1.0648174850774605e-215
372,Phe_709,Diffuse diseases of connective tissue,dermatologic,-1.7792803164782035e-05,2.367792757036615,0.014453739663071003,1.2281197608147726e-24
373,Phe_709.7,Unspecified diffuse connective tissue disease,dermatologic,1.2988137607725579e-05,2.398127920206368,0.01246907907679169,9.627630119946518e-19
374,Phe_714,Rheumatoid arthritis and other inflammatory polyarthropathies,musculoskeletal,6.812091507357273e-05,2.8760499206709382,0.007702504182268147,4.75633967161253e-08
375,Phe_714.1,Rheumatoid arthritis,musculoskeletal,6.77402196507359e-05,2.538663462549494,0.01623692480168091,1.1653637721297404e-30
376,Phe_715,Other inflammatory spondylopathies,musculoskeletal,2.2833633184520372e-05,3.681424235048764,0.010320187936377841,2.5564522370857775e-13
377,Phe_716,Other arthropathies,musculoskeletal,0.0010868511405589677,3.7741978125643114,0.004535946964828047,0.0013024839685902728
378,Phe_716.2,Unspecified monoarthritis,musculoskeletal,0.0006426737298482559,2.6482437348149905,0.043039892253094576,1.251606845143628e-204
379,Phe_716.9,Arthropathy NOS,musculoskeletal,0.0010634893584024361,2.786879219968213,0.06049130829773629,0.0
380,Phe_717,Polymyalgia Rheumatica,musculoskeletal,6.810672633439828e-05,2.277606165929937,0.009409956484412046,2.5472122279308627e-11
381,Phe_720,Spinal stenosis,musculoskeletal,0.00010877712592217421,3.4025118438917574,0.013355723767085813,2.8539213024274544e-21
382,Phe_721,Spondylosis and allied disorders,musculoskeletal,0.00018710121314804054,3.956605915709496,0.019950596387974074,2.0376696601919718e-45
383,Phe_721.1,Spondylosis without myelopathy,musculoskeletal,0.00021250010785230742,2.3148413250394437,0.008337527086743457,3.4136131200872812e-09
384,Phe_722,Intervertebral disc disorders,musculoskeletal,0.00023709207351251395,2.6133844401947757,0.026822386462684422,1.2306867575528859e-80
385,Phe_722.6,Degeneration of intervertebral disc,musculoskeletal,7.217581688028586e-05,2.8584164814676254,0.020385360203822353,2.429611266924402e-47
386,Phe_722.9,Other and unspecified disc disorder,musculoskeletal,0.00019302818102560652,2.6420687933051203,0.02086535653210187,1.637049503981932e-49
387,Phe_724,Other and unspecified disorders of back,musculoskeletal,-0.00016675962471620037,2.9167083644899465,0.00859091261519698,1.1291923640895426e-09
388,Phe_726,Peripheral enthesopathies and allied syndromes,musculoskeletal,0.001129793619061755,2.208868064366302,0.0223433713976185,1.6321733204883686e-56
389,Phe_726.1,Enthesopathy,musculoskeletal,0.001104778299178968,1.9105894460232653,0.015150247999558651,6.587658143280991e-27
390,Phe_727,"Other disorders of synovium, tendon, and bursa",musculoskeletal,0.0006887510209481589,1.4005248195055018,0.0024067751103248173,0.08798889882078685
391,Phe_727.1,Synovitis and tenosynovitis,musculoskeletal,0.0001950869353466327,2.157911641067555,0.011290708846556042,1.2049400233814026e-15
392,Phe_727.4,"Ganglion and cyst of synovium, tendon, and bursa",musculoskeletal,0.0003230454905025032,1.4403226014781034,0.0046506428583693365,0.0009781465538593384
393,Phe_728,"Disorders of muscle, ligament, and fascia",musculoskeletal,1.9363870198935223e-05,3.803607146168708,0.004084120551818584,0.0037899020860762116
394,Phe_728.7,Fasciitis,musculoskeletal,-2.1492540991552187e-06,2.0625193679928913,0.0033243538708180305,0.018445341226789588
395,Phe_728.71,Contracture of palmar fascia [Dupuytren's disease],musculoskeletal,-9.146183631951183e-06,1.1746433833756305,0.0017341765341284733,0.21895418764072022
396,Phe_729,Other disorders of soft tissues,musculoskeletal,0.0013636707692418802,2.3781453799593235,0.009168248976564172,8.071021611139982e-11
397,Phe_729.1,"Rheumatism, unspecified and fibrositis",musculoskeletal,0.00028998815892494057,6.69879960689606,0.020518153092955432,6.163168169569612e-48
398,Phe_733,Other disorders of bone and cartilage,musculoskeletal,1.0295403175928646e-05,1.9541467906921806,0.005490934753295417,9.925299244190103e-05
399,Phe_733.8,Malunion and nonunion of fracture,musculoskeletal,1.554104966094607e-05,0.9939290167024565,-1.4984886295018951e-05,0.9915247121057292
400,Phe_735,Acquired foot deformities,musculoskeletal,0.0005282881868339652,2.857343904926737,0.004415304047995985,0.0017485988515951354
401,Phe_735.2,Acquired toe deformities,musculoskeletal,0.0019412821436457198,1.4356752463479927,0.003944997585481336,0.005165660979735723
402,Phe_735.21,Hammer toe (acquired),musculoskeletal,-2.3052802845848974e-05,1.2230418301294148,0.001926882177197894,0.17196465491948873
403,Phe_735.23,Hallux rigidus,musculoskeletal,0.00041285611889157125,1.068377007253127,0.0005157208382271835,0.7146776257162076
404,Phe_735.3,Hallux valgus (Bunion),musculoskeletal,3.711133470411048e-05,0.8641866586969434,-0.002155875080520829,0.12645152156283784
405,Phe_736,Other acquired deformities of limbs,musculoskeletal,-7.161311871365374e-05,2.5951193060568785,0.005264598223351203,0.00018999324348990723
406,Phe_737,Curvature of spine,musculoskeletal,3.236172295584574e-05,2.0338732656596563,0.0010297620158674326,0.4654074079551347
407,Phe_737.3,Kyphoscoliosis and scoliosis,musculoskeletal,3.5196784807498414e-05,3.0678535292073033,0.009191548123097429,7.230899544143728e-11
408,Phe_738,Other acquired musculoskeletal deformity,musculoskeletal,2.605109018748697e-05,2.994660023057163,0.007325503543594886,2.0701064195154908e-07
409,Phe_738.4,Acquired spondylolisthesis,musculoskeletal,2.8931001755169657e-05,1.99854544218666,0.0033288737933786327,0.018286811893855708
410,Phe_740,Osteoarthrosis,musculoskeletal,0.0030450466732339907,2.231240510247836,0.03780171962502211,2.7329041264662372e-158
411,Phe_740.1,Osteoarthritis; localized,musculoskeletal,0.0032187588256780524,1.8626543427852464,0.017255173505509824,2.0802280200989386e-34
412,Phe_740.11,"Osteoarthrosis, localized, primary",musculoskeletal,0.004850552691011475,2.1744635835623978,0.02135466317920712,8.889500495234596e-52
413,Phe_740.9,Osteoarthrosis NOS,musculoskeletal,0.0020930259513589154,3.065200511218208,0.0318389425752703,7.540894684764908e-113
414,Phe_741,Symptoms and disorders of the joints,musculoskeletal,0.00017776399539546256,2.3553105789737,0.006020101271827501,1.9764691197822996e-05
415,Phe_741.4,Joint effusions,musculoskeletal,0.000155182095380735,2.153512869521989,0.003704440957830227,0.008639702914217461
416,Phe_742,"Derangement of joint, non-traumatic",musculoskeletal,-2.7390322319420862e-05,0.0,-0.0011738412447941631,0.4053491430062244
417,Phe_742.9,Other derangement of joint,musculoskeletal,-4.340022405898277e-05,2.448066301523477,0.007559215212459682,8.386537171399122e-08
418,Phe_743,"Osteoporosis, osteopenia and pathological fracture",musculoskeletal,1.0231556815952501e-05,1.6837430548035226,0.009038059828003552,1.4843277566404811e-10
419,Phe_743.1,Osteoporosis,musculoskeletal,2.4686204821300064e-06,1.6886287109834963,0.008830123606760805,3.860453554274021e-10
420,Phe_743.11,Osteoporosis NOS,musculoskeletal,8.339250814746257e-06,1.6900616952935639,0.008844701834594848,3.612736908051773e-10
421,Phe_745,Pain in joint,musculoskeletal,0.0008881709277766917,2.223262274202863,0.010116745058055179,7.408179442698853e-13
422,Phe_747,Cardiac and circulatory congenital anomalies,congenital anomalies,0.0001846390210158364,1.877421475993529,0.0009096203601973417,0.5190526188354978
423,Phe_747.1,Cardiac congenital anomalies,congenital anomalies,0.00017645118291100226,4.149101461945699,0.009056902945370945,1.3597419601917168e-10
424,Phe_747.13,Congenital anomalies of great vessels,congenital anomalies,0.0001789783907259755,3.3522152137619394,0.02110628786794901,1.274119352681467e-50
425,Phe_751,Genitourinary congenital anomalies,congenital anomalies,0.0,2.0997248515043263,0.008506500249697742,1.638107498883482e-09
426,Phe_939,Atopic__contact dermatitis due to other or unspecified,dermatologic,1.8338681294839232e-05,2.77476716971899,0.017247052729720942,2.2330312684675095e-34
