,PheCode,description,category,f_score,RR,phi,pval
0,Phe_112,Candidiasis,infectious diseases,0.0007511223318619438,5.124813275807785,0.030639045354756495,1.2084676356221212e-104
1,Phe_153,Colorectal cancer,neoplasms,-2.29420063996156e-05,0.0,-0.000753219864842209,0.5933843367782623
2,Phe_153.2,Colon cancer,neoplasms,-1.777938281068802e-05,2.0737211590556304,0.00887315487091253,3.173155925584642e-10
3,Phe_153.3,"Malignant neoplasm of rectum, rectosigmoid junction, and anus",neoplasms,-5.583225690517189e-05,1.9402806683274578,0.006359653998029715,6.536772181893799e-06
4,Phe_158,Neoplasm of unspecified nature of digestive system,neoplasms,-0.0004962258000217381,2.731743257401538,0.008536911966512078,1.433197584484857e-09
5,Phe_159,Malignant neoplasm of other and ill-defined sites within the digestive organs and peritoneum,neoplasms,8.39820952755335e-05,2.8071534268138363,0.01958855243828152,7.579159961183576e-44
6,Phe_165,Cancer within the respiratory system,neoplasms,0.0005289121412952114,3.433876906779275,0.012498297805702583,7.996728486292043e-19
7,Phe_165.1,Cancer of bronchus; lung,neoplasms,0.0005361053341674814,3.186645941740239,0.016609200097081812,5.273927081946301e-32
8,Phe_172,Skin cancer,neoplasms,-0.0004079136664447732,1.1282126356326,0.002266787834434017,0.10808304949323262
9,Phe_172.2,Other non-epithelial cancer of skin,neoplasms,-0.00045473626821219737,1.1358343920092953,0.002162645226970857,0.1252647683893624
10,Phe_174,Breast cancer,neoplasms,-5.0784659707468626e-05,1.1209334753134474,0.002044186757518729,0.1473173154646117
11,Phe_189,Cancer of urinary organs (incl. kidney and bladder),neoplasms,-0.00019342742427268218,3.221962963903455,0.01768938183012766,4.480126653976966e-36
12,Phe_189.11,"Malignant neoplasm of kidney, except pelvis",neoplasms,-5.444811102150156e-05,2.750725396725614,0.00833507635012949,3.4498037264775263e-09
13,Phe_189.2,Cancer of bladder,neoplasms,-0.0001977398963057625,2.6158511192087457,0.0066432173738177275,2.4862173789775075e-06
14,Phe_189.21,Malignant neoplasm of bladder,neoplasms,-0.00022948986566693862,2.9347291524947416,0.013129983457026413,1.3037671318680273e-20
15,Phe_195,"Cancer, suspected or other",neoplasms,-0.0001969715305434492,1.207991700726121,0.0008898608042797425,0.5281716904470057
16,Phe_195.1,"Malignant neoplasm, other",neoplasms,-0.00021232981584422094,1.9578376408393054,0.01851721091908776,2.2910527249791177e-39
17,Phe_197,Chemotherapy,neoplasms,0.001081760409224241,2.6327658033171715,0.034399573786926645,2.070020858247783e-131
18,Phe_198,Secondary malignant neoplasm,neoplasms,-0.0003937886121039821,2.342116279090091,0.007037702852265074,6.072183650785898e-07
19,Phe_198.1,Secondary malignancy of lymph nodes,neoplasms,-0.00040448465021050044,1.9848582718264864,0.011114148843833119,3.3060447157101574e-15
20,Phe_198.2,Secondary malignancy of respiratory organs,neoplasms,-0.00012378476742837177,2.702619427132472,0.012832863599863298,9.263999672859569e-20
21,Phe_198.3,Secondary malignant neoplasm of digestive systems,neoplasms,-9.268632468506054e-05,2.3922296517614767,0.008667110272997398,8.046608315433315e-10
22,Phe_198.4,Secondary malignant neoplasm of liver,neoplasms,3.8642865549625334e-05,2.6115996778726736,0.013152815419014335,1.119362530046149e-20
23,Phe_198.6,Secondary malignancy of bone,neoplasms,-0.0001911805876781027,2.205608026314288,0.008936284817673359,2.3760711743797004e-10
24,Phe_199,Neoplasm of uncertain behavior,neoplasms,2.9621727717176168e-05,2.3780464720079504,0.006942644639551626,8.587448107107548e-07
25,Phe_202,"Cancer of other lymphoid, histiocytic tissue",neoplasms,0.0012754869621464408,2.650688742684021,0.008508712413359267,1.6222861231147263e-09
26,Phe_202.2,Non-Hodgkins lymphoma,neoplasms,0.0012173871562270841,2.4038217165207603,0.008024324453397956,1.2828968463221469e-08
27,Phe_204,Leukemia,neoplasms,7.919160349440698e-05,3.567069708011925,0.00817146521887588,6.928984031186834e-09
28,Phe_208,Benign neoplasm of colon,neoplasms,1.3884901671836086e-05,2.0265071523786324,0.023018235827091487,7.208178365316788e-60
29,Phe_211,Benign neoplasm of other parts of digestive system,neoplasms,-0.00040774556766773795,2.3640001254514944,0.015671910489097496,1.1204177236302866e-28
30,Phe_214,Lipoma,neoplasms,-0.00013741125343058917,1.6853394559525303,0.004305513466565026,0.0022726064490114248
31,Phe_214.1,Lipoma of skin and subcutaneous tissue,neoplasms,-0.00010671285451013033,1.2070762830525619,0.002115816018331262,0.13365355501738096
32,Phe_215,Other benign neoplasm of connective and other soft tissue,neoplasms,-0.00011251246653890158,1.2231768760495136,0.0010708111176168638,0.447810389265878
33,Phe_216,Benign neoplasm of skin,neoplasms,-0.00013553549785136066,1.0161463837103897,0.0002189453422919889,0.8766599542213395
34,Phe_228,"Hemangioma and lymphangioma, any site",neoplasms,-0.00023679769146327367,1.7609025639984588,0.004382174007060508,0.001893645935123428
35,Phe_229,Benign neoplasm of unspecified sites,neoplasms,0.00013042821116927302,0.9468365354161302,-0.00036399948409056006,0.7963838948677557
36,Phe_241,Nontoxic nodular goiter,endocrine/metabolic,0.00037511246198610544,0.0,-0.0005397466119790174,0.7020071557994392
37,Phe_242,Thyrotoxicosis with or without goiter,endocrine/metabolic,0.0014466764030095216,4.844168739275455,0.02217020167306466,1.1419694821902767e-55
38,Phe_244,Hypothyroidism,endocrine/metabolic,0.0013992071999850636,3.479222587268624,0.04651336019694339,1.131150770356822e-238
39,Phe_244.1,Secondary hypothyroidism,endocrine/metabolic,0.0014393918220327118,3.5369254569583037,0.013258066308053923,5.523455020876851e-21
40,Phe_244.4,Hypothyroidism NOS,endocrine/metabolic,0.0013897780127166601,3.545411829113541,0.04656343762678752,3.494218054001978e-239
41,Phe_250.1,Type 1 diabetes,endocrine/metabolic,0.00735389867842265,130.79255596043728,1.0000000000000002,
42,Phe_250.2,Type 2 diabetes,endocrine/metabolic,0.0012869718514493126,12.508918875295967,0.25411304494970294,0.0
43,Phe_250.23,Type 2 diabetes with ophthalmic manifestations,endocrine/metabolic,0.0015728928906245001,54.482575873138785,0.3171458151380544,0.0
44,Phe_250.7,Diabetic retinopathy,endocrine/metabolic,0.0015681161392969985,54.82120068716905,0.32167188057506074,0.0
45,Phe_260,Protein-calorie malnutrition,endocrine/metabolic,-1.1569849685613998e-05,3.5033720346545696,0.00568388382962895,5.5969221947049375e-05
46,Phe_261,Vitamin deficiency,endocrine/metabolic,0.0003038677684674998,0.0,-0.0007429707586689232,0.5984208232352524
47,Phe_272,Disorders of lipoid metabolism,endocrine/metabolic,0.0005050174000923245,4.493895581124482,0.10614431892703108,0.0
48,Phe_272.1,Hyperlipidemia,endocrine/metabolic,0.0004944876590757378,6.676495965310734,0.06271122831464819,0.0
49,Phe_272.11,Hypercholesterolemia,endocrine/metabolic,0.0004901165121292003,4.523387961158576,0.10263125939971568,0.0
50,Phe_274,Gout and other crystal arthropathies,endocrine/metabolic,9.398321661377249e-05,2.974186888963368,0.014822540250744073,7.944938581530687e-26
51,Phe_274.1,Gout,endocrine/metabolic,9.590053685996894e-05,3.2098825476466435,0.015575073101713775,2.411488482395396e-28
52,Phe_275,Disorders of mineral metabolism,endocrine/metabolic,-0.0009781088334820972,8.17453474752733,0.0035535756280624413,0.011767338145441564
53,Phe_275.5,Disorders of calcium__phosphorus metabolism,endocrine/metabolic,-0.0003545423615109491,3.9718570536733746,0.015972672677531607,1.0057009201870145e-29
54,Phe_276,"Disorders of fluid, electrolyte, and acid-base balance",endocrine/metabolic,9.163411587253755e-05,7.266253108913182,0.09076085682961493,0.0
55,Phe_276.1,Electrolyte imbalance,endocrine/metabolic,7.935592822314514e-05,4.359751865347909,0.006446462702204597,4.882411940000096e-06
56,Phe_276.12,Hyposmolality and__or hyponatremia,endocrine/metabolic,6.22721370737517e-05,5.748302973147072,0.03492567998314171,2.1127490313870703e-135
57,Phe_276.14,Hypopotassemia,endocrine/metabolic,-2.211211536738351e-05,3.643780884528311,0.017144886554481906,5.431990358577724e-34
58,Phe_276.5,Hypovolemia,endocrine/metabolic,0.0001080223895140416,8.336228841434462,0.06458824379080891,0.0
59,Phe_277,Other disorders of metabolism,endocrine/metabolic,-0.00019975422753393008,5.73194468352514,0.022772401017187877,1.2343050363409184e-58
60,Phe_278,"Overweight, obesity and other hyperalimentation",endocrine/metabolic,-1.7445731342371672e-05,32.69813899010932,0.007850013495838576,2.6251791050772626e-08
61,Phe_278.1,Obesity,endocrine/metabolic,-1.7656184120642274e-05,4.885556792062179,0.06796878964758757,0.0
62,Phe_280,Iron deficiency anemias,hematopoietic,0.0014748534857148448,4.902599051574525,0.056041979713993384,0.0
63,Phe_280.1,"Iron deficiency anemias, unspecified or not due to blood loss",hematopoietic,0.0014897363771708232,5.005615281534834,0.05625305309246065,0.0
64,Phe_281,Other deficiency anemia,hematopoietic,0.0012949854383263926,0.0,-0.00037147539891672747,0.7922967775618872
65,Phe_281.1,Megaloblastic anemia,hematopoietic,0.0010697989302608862,0.0,-0.0004953039818069269,0.7255071842779546
66,Phe_285,Other anemias,hematopoietic,0.0014692887177945688,4.975020044801639,0.06752221727210371,0.0
67,Phe_287,Purpura and other hemorrhagic conditions,hematopoietic,0.0012903821161122657,6.929406938301312,0.009023393690991418,1.588952304686784e-10
68,Phe_287.3,Thrombocytopenia,hematopoietic,0.0011623093879607976,4.39638843564495,0.018953794652831524,3.667133202114539e-41
69,Phe_288,Diseases of white blood cells,hematopoietic,0.0011902463153351892,3.28409256232539,0.008567666284310544,1.2514556866717596e-09
70,Phe_289,Other diseases of blood and blood-forming organs,hematopoietic,0.0001351263164312002,2.6123679619261773,0.005475374315450695,0.00010386532655814619
71,Phe_289.4,Lymphadenitis,hematopoietic,0.00011380428243285106,2.8293374937361064,0.014506220634235416,8.35255034791002e-25
72,Phe_290,Delirium dementia and amnestic and other cognitive disorders,mental disorders,0.00026657327458793316,8.3130861839261,0.024111731435024045,1.626219353975533e-65
73,Phe_292,Neurological disorders,mental disorders,0.0003207177380657132,5.632215328439882,0.016598099091678194,5.789697338296579e-32
74,Phe_292.1,Aphasia__speech disturbance,mental disorders,5.323278257208738e-05,4.992910849942003,0.024330273244968934,1.1257156231970208e-66
75,Phe_292.4,Altered mental status,mental disorders,0.00030769523568007704,6.98290536925653,0.04596878689017591,3.6804605257759094e-233
76,Phe_293,Symptoms involving head and neck,mental disorders,-4.414992512754504e-05,2.13728510628068,0.007492613487227587,1.0878969667002483e-07
77,Phe_296,Mood disorders,mental disorders,-0.00020449975554476423,4.5892124898399045,0.004745760072906541,0.0007677552291759567
78,Phe_296.1,Bipolar,mental disorders,9.562483870404803e-05,3.345286833673068,0.011645588799463865,1.5122168156173874e-16
79,Phe_296.2,Depression,mental disorders,-0.00021356002795130987,3.9704883059418457,0.008709012257719974,6.670569630977796e-10
80,Phe_300,Anxiety disorders,mental disorders,-0.0005218667433682559,4.8160049675354815,0.010738949235574342,2.682569137041758e-14
81,Phe_300.1,Anxiety disorder,mental disorders,-0.000356789079836272,2.4312373797160234,0.017709359400362064,3.746419485839407e-36
82,Phe_306,Other mental disorder,mental disorders,0.00021502353743722743,2.952491984086622,0.05444891032267483,0.0
83,Phe_317,Alcohol-related disorders,mental disorders,0.0004244747962537166,3.0527563569633998,0.022872596616779563,3.8925187136727e-59
84,Phe_317.1,Alcoholism,mental disorders,0.0004800974606556403,2.160205766346249,0.016206594311210812,1.495079396768658e-30
85,Phe_318,Tobacco use disorder,mental disorders,0.00032198389309402134,2.635571831514483,0.03512797776801447,5.943917776486497e-137
86,Phe_327,Sleep disorders,neurological,3.3270657666427385e-05,3.1504776253244016,0.009869450009869298,2.626831323505298e-12
87,Phe_327.3,Sleep apnea,neurological,2.902802301772467e-05,4.821581911407639,0.039472190600894005,2.0491266143002568e-172
88,Phe_331,Other cerebral degenerations,neurological,0.0002169220307998528,6.031695541864826,0.0126516155731324,2.998668003863248e-19
89,Phe_332,Parkinson's disease,neurological,-0.0008255382976759463,2.0921409880152506,0.005964850905606057,2.3539467510539473e-05
90,Phe_334,Degenerative disease of the spinal cord,neurological,-0.0001084283495451816,2.948434534725818,0.011387596966831065,6.879740196693866e-16
91,Phe_335,Multiple sclerosis,neurological,-0.0008599152424129843,2.214320924838103,0.006340701932950695,6.963386002430937e-06
92,Phe_339,Other headache syndromes,neurological,4.635672765900444e-05,2.988088146444064,0.02645945677246911,1.612833637192623e-78
93,Phe_340,Migraine,neurological,-2.8984813452140756e-05,1.4487980509405025,0.0036352451369427432,0.009967934804566182
94,Phe_342,Hemiplegia,neurological,3.618023379873336e-05,5.8484476242471946,0.029849758720214288,2.0317545761804085e-99
95,Phe_345,"Epilepsy, recurrent seizures, convulsions",neurological,-3.816062661449672e-05,2.8481254257769635,0.015813229694581654,3.6300232976100305e-29
96,Phe_345.3,Convulsions,neurological,-2.7492068211208214e-05,3.7290794766631272,0.019571235556201147,8.995488875329008e-44
97,Phe_348,Other conditions of brain,neurological,0.00021033968059239384,7.424904923518273,0.01204171489727373,1.385051177526583e-17
98,Phe_350,Abnormal movement,neurological,-0.00030727639509218183,5.821551020199855,0.04285405167854833,6.987998970958064e-203
99,Phe_350.2,Abnormality of gait,neurological,-0.0006217810738777537,6.892354157865572,0.041574255550684766,4.66404013694924e-191
100,Phe_351,Other peripheral nerve disorders,neurological,0.0012971603691266354,3.9006956395259826,0.04764363368915289,2.5393518054725173e-250
101,Phe_352,Disorders of other cranial nerves,neurological,9.894262130369576e-05,3.7016761120878474,0.0034445852680218734,0.01461486574810612
102,Phe_353,Nerve root and plexus disorders,neurological,-2.143628492869525e-05,2.81096517234821,0.00893311569984821,2.410940235850069e-10
103,Phe_357,Inflammatory and toxic neuropathy,neurological,5.7776750095122954e-05,11.84840216704049,0.06420233353516867,0.0
104,Phe_361,Retinal detachments and defects,sense organs,0.00026675069856316836,3.068312762377205,0.013725807683305058,2.238699482684612e-22
105,Phe_361.1,Retinal detachment with retinal defect,sense organs,0.0003310981567174083,1.5909890233403419,0.0032568828763733775,0.020958787077234524
106,Phe_362,Other retinal disorders,sense organs,-0.00012012402316068023,11.826047569972062,0.05168211866375586,3.1000609116975655e-294
107,Phe_362.2,Degeneration of macula and posterior pole of retina,sense organs,-0.0001381943060043251,5.296585409686147,0.03357344981855319,2.890428281170865e-125
108,Phe_362.29,Macular degeneration (senile) of retina NOS,sense organs,-0.000139144238936042,5.296585409686147,0.03357344981855319,2.890428281170865e-125
109,Phe_365,Glaucoma,sense organs,0.00033635338580268283,3.522957207811202,0.024144440807387004,1.0920947843735806e-65
110,Phe_365.1,Open-angle glaucoma,sense organs,0.0003855860408045037,3.489662645689362,0.013370311788756434,2.5848046215507813e-21
111,Phe_365.11,Primary open angle glaucoma,sense organs,0.0003999711690348281,3.5027465442002486,0.013415356912310985,1.9024680298917844e-21
112,Phe_366,Cataract,sense organs,0.0012023313169479974,4.481446312630549,0.07293769455050252,0.0
113,Phe_366.2,Senile cataract,sense organs,0.0006015923628550817,3.9095837578214727,0.04483066811797777,7.521239088322603e-222
114,Phe_367,Disorders of refraction and accommodation; blindness and low vision,sense organs,0.00017859981437289243,0.0,-0.0014809306987953906,0.29381283320787127
115,Phe_367.1,Myopia,sense organs,0.00015881298062551247,1.4455688549207386,0.0025220686795818926,0.07380311209429585
116,Phe_368,Visual disturbances,sense organs,0.0005863620325287495,4.572614976314263,0.018048138297124518,1.750777789008e-37
117,Phe_371,Inflammation of the eye,sense organs,-0.000785907353402527,2.743899775393789,0.0025825947130030487,0.06713972189219967
118,Phe_371.3,Inflammation of eyelids,sense organs,-0.0008714161407806204,1.1104280069412504,0.0007878423708148008,0.5765158769214914
119,Phe_374,Other disorders of eyelids,sense organs,0.0005660098049878057,1.6784215831424936,0.005472282293901339,0.00010480561760208652
120,Phe_374.1,Ectropion or entropion,sense organs,4.213309844295299e-05,2.068193484510393,0.0052675060999776355,0.0001884440862494257
121,Phe_374.3,Ptosis of eyelid,sense organs,0.0001080933891951012,2.921650542675442,0.012365057605335213,1.857775478953741e-18
122,Phe_375,Disorders of lacrimal system,sense organs,-3.0823192447934006e-05,2.220407174752775,0.007534965054433365,9.222261377711509e-08
123,Phe_378,Strabismus and other disorders of binocular eye movements,sense organs,0.0003459010828078872,2.0436336868818326,0.0014622219779488136,0.2999540869215903
124,Phe_379,Other disorders of eye,sense organs,0.00024935602391494907,2.5928039727839987,0.0042042782010069685,0.002879501109626303
125,Phe_379.2,Disorders of vitreous body,sense organs,0.00038202784507218276,9.649141444011317,0.04919270984045026,9.639559619099037e-267
126,Phe_379.3,Aphakia and other disorders of lens,sense organs,0.00028800080209523757,4.65814305836181,0.025822570410975382,7.144076192864886e-75
127,Phe_380,Disorders of external ear,sense organs,0.00012942049186530092,3.4068276184485358,0.008863641006240588,3.313986546660999e-10
128,Phe_381,Otitis media and Eustachian tube disorders,sense organs,-0.0002333652661967097,2.476964198100943,0.009974293089123298,1.541607759195909e-12
129,Phe_381.1,Otitis media,sense organs,-0.00022597679431355869,1.922073950433298,0.004322203134035671,0.002184630169450981
130,Phe_384,Other disorders of tympanic membrane,sense organs,-3.052939496185034e-05,0.7847553357626237,-0.0005962638538192548,0.6725316357715632
131,Phe_384.4,Perforation of tympanic membrane,sense organs,-1.6424772448636844e-05,1.6912830512125507,0.0031980319589686736,0.023389746396408197
132,Phe_386,Vertiginous syndromes and other disorders of vestibular system,sense organs,0.0001770711765193653,2.6692358359272914,0.0020463409930039193,0.14689136913617312
133,Phe_386.9,Dizziness and giddiness (Light-headedness and vertigo),sense organs,0.0002622116976290564,3.3573380871107443,0.025096471828290542,8.001671511164262e-71
134,Phe_389,Hearing loss,sense organs,0.00011162200781598582,3.768680962288182,0.02536233283817087,2.71575402828e-72
135,Phe_394,Rheumatic disease of the heart valves,circulatory system,0.00010539986269108961,3.9775911472762675,0.015123851445381673,8.066678489904923e-27
136,Phe_394.2,Mitral valve disease,circulatory system,8.238464585738137e-05,3.519200878563252,0.02203989947933331,4.8875315541116e-55
137,Phe_394.3,Aortic valve disease,circulatory system,0.00036343121175434827,3.202077641215978,0.012593156070238552,4.364683987151965e-19
138,Phe_394.7,Disease of tricuspid valve,circulatory system,-7.608175386767683e-05,4.28513508525638,0.01843275753637471,5.042194334607591e-39
139,Phe_395,Heart valve disorders,circulatory system,9.371951810935917e-05,3.897728444816055,0.02996528452540714,3.5604657413159864e-100
140,Phe_395.1,Nonrheumatic mitral valve disorders,circulatory system,7.639124901108955e-05,3.565324444297934,0.022041012534658226,4.827379468272678e-55
141,Phe_395.6,Heart valve replaced,circulatory system,0.00037118161946940237,3.9616957668674204,0.017670396147157246,5.309179000842832e-36
142,Phe_396,Abnormal heart sounds,circulatory system,0.0,2.939158560908703,0.009890585527017673,2.3602699095543524e-12
143,Phe_401.1,Essential hypertension,circulatory system,0.00042591329620852986,3.1852367800067567,0.10333926777903049,0.0
144,Phe_401.2,Hypertensive heart and__or renal disease,circulatory system,0.0002288314254880801,18.356849959359618,0.016226986830056,1.2645522484303585e-30
145,Phe_401.22,Hypertensive chronic kidney disease,circulatory system,0.000215113445564266,16.42774644161411,0.08726297296619837,0.0
146,Phe_402,Elevated blood pressure reading without diagnosis of hypertension,circulatory system,-1.4395170920893118e-05,3.0802594700827615,0.012130485987098512,8.02011370384573e-18
147,Phe_411.1,Unstable angina (intermediate coronary syndrome),circulatory system,0.0003527185814434388,6.340649459138973,0.055186711703259415,0.0
148,Phe_411.2,Myocardial infarction,circulatory system,0.0004270086674214379,4.995627030041326,0.06654720258865979,0.0
149,Phe_411.3,Angina pectoris,circulatory system,0.00047840675390376387,5.160296138349561,0.0795865978360585,0.0
150,Phe_411.4,Coronary atherosclerosis,circulatory system,0.0004477749947705521,4.3636327197767395,0.07183554574089997,0.0
151,Phe_411.8,"Other chronic ischemic heart disease, unspecified",circulatory system,0.00041480066027908764,5.9472896984112555,0.09265816207908302,0.0
152,Phe_411.9,Other acute and subacute forms of ischemic heart disease,circulatory system,0.0005132851734972165,5.3094007865128,0.024031016738626187,4.333928392831704e-65
153,Phe_414,Other forms of chronic heart disease,circulatory system,0.0001669191820229454,5.881032697943899,0.0345513843377219,1.4809067377574647e-132
154,Phe_415,Pulmonary heart disease,circulatory system,-1.7257327969721708e-05,2.363575600981533,0.012501442072487132,7.838394924004212e-19
155,Phe_416,Cardiomegaly,circulatory system,0.0001640846749809564,5.585131738934171,0.03793879342894479,1.9978882728793422e-159
156,Phe_418,Nonspecific chest pain,circulatory system,0.000443160578465733,2.9376891608233806,0.050698110408406855,3.3218292917777642e-283
157,Phe_418.1,Precordial pain,circulatory system,0.0001414480537025462,3.4844612679691624,0.023447824929211103,4.6833359027224256e-62
158,Phe_420,Carditis,circulatory system,6.248684953208864e-05,17.439007461391636,0.007883745897002303,2.2881507617289638e-08
159,Phe_420.2,Pericarditis,circulatory system,5.2758532917865e-05,3.3131102258257,0.011957848886736141,2.3124873908808286e-17
160,Phe_425,Cardiomyopathy,circulatory system,0.00014509738234129443,4.510088136566802,0.002340639158439449,0.09707131448372545
161,Phe_425.1,Primary__intrinsic cardiomyopathies,circulatory system,0.00014906914355031754,3.951193120876342,0.014741104210222395,1.4628621709222616e-25
162,Phe_426,Cardiac conduction disorders,circulatory system,0.00024403726358532667,4.765720662526054,0.007330072227609314,2.0343819802429526e-07
163,Phe_426.2,Atrioventricular [AV] block,circulatory system,0.00014085325243409384,1.9717470747804613,0.0016977381381733407,0.2287892826013014
164,Phe_426.3,Bundle branch block,circulatory system,0.00017389137095318735,5.957424909171055,0.013497192525018003,1.0873456032644734e-21
165,Phe_426.31,Right bundle branch block,circulatory system,0.00013640811512010025,4.774176947605315,0.024029488749753303,4.414961355721374e-65
166,Phe_426.32,Left bundle branch block,circulatory system,0.00012760755949590294,4.920647049905601,0.0265669900976251,3.8300314579871025e-79
167,Phe_426.9,Cardiac pacemaker__device in situ,circulatory system,0.0002546603501485776,6.2097355945608195,0.011846258990505041,4.54917663536231e-17
168,Phe_426.91,Cardiac pacemaker in situ,circulatory system,0.00026619437124977,4.536767872787418,0.026806346440030795,1.5287506833832856e-80
169,Phe_427,Cardiac dysrhythmias,circulatory system,0.00021353820857630075,2.9120662076530617,0.04701254903225772,8.777405366563342e-244
170,Phe_427.1,"Paroxysmal tachycardia, unspecified",circulatory system,0.000280072943041181,1.6556019741827503,0.0010205681182253637,0.46940069703551845
171,Phe_427.11,Paroxysmal supraventricular tachycardia,circulatory system,0.00017892838897092943,2.906501243565273,0.01385281373653413,9.200328432607719e-23
172,Phe_427.2,Atrial fibrillation and flutter,circulatory system,0.00015850831139948874,3.0792373202250722,0.03885652402298552,3.877645958092391e-167
173,Phe_427.3,Other specified cardiac dysrhythmias,circulatory system,3.868101043026436e-05,2.871744024224461,0.016637749753836292,4.1476032540361726e-32
174,Phe_427.4,Cardiac arrest and ventricular fibrillation,circulatory system,3.106689980970267e-05,5.811483145131818,0.026107759831233673,1.7064386313034295e-76
175,Phe_427.7,Tachycardia NOS,circulatory system,0.0007721135502027974,4.826695322624349,0.028548559332714805,4.224689946007394e-91
176,Phe_427.9,Palpitations,circulatory system,0.00017552487898996093,2.192569757586296,0.011179647320798704,2.2776080839443545e-15
177,Phe_428,Congestive heart failure; nonhypertensive,circulatory system,0.0001946324088892168,7.3255528827478,0.07474700452748477,0.0
178,Phe_428.1,Congestive heart failure (CHF) NOS,circulatory system,0.00021302338052855328,10.9870098297789,0.07453800668647147,0.0
179,Phe_428.2,Heart failure NOS,circulatory system,0.00022190078952731714,7.09339407148789,0.06385595162987209,0.0
180,Phe_430,Intracranial hemorrhage,circulatory system,4.285184274027177e-05,3.6130540320562785,0.004353823516872855,0.00202645567719481
181,Phe_433,Cerebrovascular disease,circulatory system,0.00030968017263881053,7.108291084806374,0.03635672339202495,1.4536324767846632e-146
182,Phe_433.1,Occlusion and stenosis of precerebral arteries,circulatory system,0.0003495450629512698,4.958149180199583,0.0192001647142046,3.409602973702806e-42
183,Phe_433.2,Occlusion of cerebral arteries,circulatory system,0.0002231944906175167,5.366736247218472,0.03656978998427511,2.8985633458145175e-148
184,Phe_433.21,"Cerebral artery occlusion, with cerebral infarction",circulatory system,0.0003305077065797198,5.591059206200644,0.029822302919251503,3.0704345759081168e-99
185,Phe_433.3,Cerebral ischemia,circulatory system,0.00033707875387705403,7.134139416023851,0.031921020937614925,2.0168979395579928e-113
186,Phe_433.31,Transient cerebral ischemia,circulatory system,0.00031163195885417123,4.272870171853554,0.02249013955532206,3.1015498286643383e-57
187,Phe_433.8,Late effects of cerebrovascular disease,circulatory system,-0.00020082121205037412,7.19067543913251,0.03451320856556474,2.8777120414203417e-132
188,Phe_440,Atherosclerosis,circulatory system,0.0005689131445927003,6.036579505866335,0.010058649254425775,1.0000760923341773e-12
189,Phe_442,Other aneurysm,circulatory system,0.0005013290505412436,0.0,-0.0008489344423825634,0.5473154280591487
190,Phe_442.1,Aortic aneurysm,circulatory system,0.0004706081282038204,1.6804182778642904,0.002577260441998328,0.06770635086468046
191,Phe_443,Peripheral vascular disease,circulatory system,0.0012396838033674133,10.294556520515235,0.09023510679057893,0.0
192,Phe_443.1,Raynaud's syndrome,circulatory system,9.59690614171579e-05,1.9717470747804613,0.0051013048239082395,0.00029895200455258797
193,Phe_443.9,"Peripheral vascular disease, unspecified",circulatory system,0.0007721943661523744,10.924057504117025,0.07778346706070297,0.0
194,Phe_447,Other disorders of arteries and arterioles,circulatory system,0.0005108260145716487,8.046345420967793,0.02514227888183946,4.4784221836803724e-71
195,Phe_451,Phlebitis and thrombophlebitis,circulatory system,-1.0452160616268413e-05,3.8825248522578786,0.008290971066735398,4.168717794707731e-09
196,Phe_451.2,Phlebitis and thrombophlebitis of lower extremities,circulatory system,-1.0610419854369653e-05,2.7697247144563186,0.01572935224627607,7.094925927604278e-29
197,Phe_454,Varicose veins,circulatory system,-0.001247917267782733,5.288108731554067,0.014474165448101215,1.0571837127892124e-24
198,Phe_454.1,Varicose veins of lower extremity,circulatory system,-0.0012443433412018972,0.8932174553395716,-0.0016070243342534726,0.25462863776840894
199,Phe_455,Hemorrhoids,circulatory system,-9.901244877335136e-05,1.279184391318421,0.006423854820301005,5.269764454301607e-06
200,Phe_458,Hypotension,circulatory system,0.00010845164023694004,3.7648979838928405,0.014293409760371424,3.953883056577743e-24
201,Phe_458.1,Orthostatic hypotension,circulatory system,0.00011955219232228808,6.322622533114133,0.03264163244694751,1.633423261003667e-118
202,Phe_458.9,Hypotension NOS,circulatory system,7.55330101607267e-05,5.126175938757709,0.04014187102771978,3.001646457606192e-178
203,Phe_459,Other disorders of circulatory system,circulatory system,2.7153057132854805e-05,5.154386441790631,0.007330735753317251,2.0292434056873399e-07
204,Phe_459.9,Circulatory disease NEC,circulatory system,3.697544940446331e-05,3.8283016261132885,0.05718118645406573,0.0
205,Phe_465,Acute upper respiratory infections of multiple or unspecified sites,respiratory,0.00020923371955287916,4.702351780806681,0.020267891047123874,8.115730958811331e-47
206,Phe_470,Septal Deviations__Turbinate Hypertrophy,respiratory,-7.866552792530359e-05,1.430374265681667,0.004164985886749649,0.00315249381760457
207,Phe_471,Nasal polyps,respiratory,0.0012684446855825875,1.9994158366482653,0.008103879995915204,9.207048517785445e-09
208,Phe_473,Diseases of the larynx and vocal cords,respiratory,3.613443121530819e-06,1.6602722195260022,0.0037786161293251234,0.007393668052590729
209,Phe_473.4,Voice disturbance,respiratory,-6.924421687469007e-05,2.730349653046165,0.008268841613328203,4.5824076450636245e-09
210,Phe_474,Acute and chronic tonsillitis,respiratory,-7.313649999955112e-06,1.3963618074068038,0.0011641471102027572,0.40923874085442324
211,Phe_474.2,Chronic tonsillitis and adenoiditis,respiratory,1.3008180800732106e-05,1.1356806595696434,0.0006254245246880113,0.6575145517212462
212,Phe_475,Chronic sinusitis,respiratory,0.0009508022028570098,1.54132641704219,0.004015860147511982,0.004416792876659815
213,Phe_476,Allergic rhinitis,respiratory,5.744025978825095e-05,1.8165632772282954,0.00446667730303292,0.0015437678307897286
214,Phe_477,Epistaxis or throat hemorrhage,respiratory,-0.0014439674023154787,3.744344714286895,0.020255258669852557,9.235836906407716e-47
215,Phe_479,Other upper respiratory disease,respiratory,-7.453262901715862e-05,2.1209603669260098,0.010571932851653192,6.661305076841801e-14
216,Phe_480,Pneumonia,respiratory,0.0005382281602732724,5.599927700138852,0.04619582451266322,1.886467728889375e-235
217,Phe_480.1,Bacterial pneumonia,respiratory,0.00043161686484747316,7.247080937121853,0.030163917597612066,1.7547456547571716e-101
218,Phe_480.11,Pneumococcal pneumonia,respiratory,0.0003926221942513034,4.652440617831186,0.04563619237075129,7.953259510794166e-230
219,Phe_495,Asthma,respiratory,0.0013028098967792082,2.3074252742211807,0.03254777265667084,7.633186494759821e-118
220,Phe_496,Chronic airway obstruction,respiratory,0.0008898921790277596,4.094356876931174,0.042676562790160785,3.2037947030097984e-201
221,Phe_496.1,Emphysema,respiratory,0.0006151788781772861,2.8279471559013465,0.011956457565626261,2.3321673261420533e-17
222,Phe_496.2,Chronic bronchitis,respiratory,0.0012754971350357285,4.183130787647248,0.00853981734319905,1.414983138906009e-09
223,Phe_496.21,Obstructive chronic bronchitis,respiratory,0.0013341189101872054,4.383286288372729,0.028058095510656814,4.625816255485795e-88
224,Phe_496.3,Bronchiectasis,respiratory,0.0006758860547193444,2.4849757307239506,0.01036571595060605,2.0091624412078767e-13
225,Phe_506,Empyema and pneumothorax,respiratory,0.00045201466376920907,2.597515714167563,0.008198662362880228,6.176141381642139e-09
226,Phe_507,Pleurisy; pleural effusion,respiratory,0.0002869564529031178,4.501803144340681,0.04455906393443507,3.415389614325975e-219
227,Phe_508,Pulmonary collapse; interstitial and compensatory emphysema,respiratory,-0.000418364370673481,3.5408534546922734,0.018899999900311843,6.135167715860527e-41
228,Phe_509.1,Respiratory failure,respiratory,0.0003098219024807724,6.4932474590288,0.03800139979650192,6.030150012513988e-160
229,Phe_509.2,Respiratory insufficiency,respiratory,0.0003838984341234588,6.4642920634478465,0.03519343456356542,1.8637060073971395e-137
230,Phe_512,Other symptoms of respiratory system,respiratory,-6.1065842581725215e-06,4.046349235427877,0.04590192385714625,1.7307336606982278e-232
231,Phe_512.7,Shortness of breath,respiratory,-1.2991762068746493e-05,4.608321958887925,0.04364884843928468,2.0906493659796946e-210
232,Phe_512.8,Cough,respiratory,4.491218544038658e-06,3.5257859596839896,0.021396024848727605,5.6886692713076175e-52
233,Phe_514,Abnormal findings examination of lungs,respiratory,0.0001320212476694924,2.955038101267247,0.015510679491681775,4.004341696206388e-28
234,Phe_516,Abnormal sputum,respiratory,8.245077995384775e-05,3.9042554018040976,0.004163418157189878,0.003163860069843114
235,Phe_516.1,Hemoptysis,respiratory,8.720986232060762e-05,3.955593408402442,0.020246396654132113,1.0112198511814683e-46
236,Phe_519,"Other diseases of respiratory system, not elsewhere classified",respiratory,-5.358267635878338e-05,7.166715395092453,0.009227803697408372,6.090875787118004e-11
237,Phe_519.8,"Other diseases of respiratory system, NEC",respiratory,-4.8722437242958276e-05,4.587233528007287,0.05313589813322876,0.0
238,Phe_520,Disorders of tooth development,digestive,-0.0001794704832469921,2.6158511192087457,0.001414858039668012,0.31588173817831317
239,Phe_520.2,Disturbances in tooth eruption,digestive,-0.0001784052503791804,0.9487096047245698,-0.00035082601081228644,0.8035994375761438
240,Phe_521,Diseases of hard tissues of teeth,digestive,7.555267278124557e-08,4.359751865347909,0.002278692428014862,0.10624397795471992
241,Phe_521.1,Dental caries,digestive,3.2357950996118578e-06,3.2663828246153273,0.019464289642992245,2.582759919963643e-43
242,Phe_522,Diseases of pulp and periapical tissues,digestive,5.326365924033915e-05,1.80970832146517,0.0028291820614547627,0.0449055709259267
243,Phe_522.5,Periapical abscess,digestive,5.74764157325629e-05,2.8629706949865303,0.009628026418612748,8.779262408238414e-12
244,Phe_523,Gingival and periodontal diseases,digestive,1.3009272073340083e-05,3.5551624653051617,0.008370748422449278,2.9580264547309703e-09
245,Phe_523.3,Periodontitis (acute or chronic),digestive,4.4909347497715546e-05,23.780464720079504,0.009355534169586741,3.3107645690706494e-11
246,Phe_525,Other diseases of the teeth and supporting structures,digestive,-3.8230762785082065e-05,2.452360424258199,0.011186923861611745,2.184960514873148e-15
247,Phe_528,"Diseases of the oral soft tissues, excluding lesions specific for gingiva and tongue",digestive,-2.9768417705910158e-05,1.94040528093902,0.006213219913644031,1.060608018336918e-05
248,Phe_529,Diseases and other conditions of the tongue,digestive,0.00021790309979952645,1.9333711154536186,0.004256901770217447,0.0025476721490682924
249,Phe_530,Diseases of esophagus,digestive,-0.0011988716905552883,2.6722656155367432,0.006151473654077443,1.2966974605746371e-05
250,Phe_530.1,"Esophagitis, GERD and related diseases",digestive,-0.0012228835112541526,2.5370532306337674,0.02211296810861349,2.165007591323875e-55
251,Phe_530.11,GERD,digestive,-0.00045265733061744464,2.1863171025889896,0.023161919919890257,1.35121904246465e-60
252,Phe_530.12,Ulcer of esophagus,digestive,-0.0003409205332543609,2.3269959228367756,0.01364331391411057,3.9716392838746437e-22
253,Phe_530.14,Reflux esophagitis,digestive,-0.0009129843139165739,1.755486960075663,0.011592474727208913,2.0712986646966453e-16
254,Phe_530.2,Esophageal bleeding (varices__hemorrhage),digestive,-0.0003332080690784686,4.667577783699411,0.023243445836223564,5.202022034607023e-61
255,Phe_530.3,Stricture and stenosis of esophagus,digestive,0.0,1.87565400293037,0.005814113627086343,3.763980473879292e-05
256,Phe_530.9,Heartburn,digestive,-0.00018781775838514657,1.8828523288579855,0.005992460976420163,2.1574653868902193e-05
257,Phe_531,Peptic ulcer (excl. esophageal),digestive,0.00019032925593708212,2.9733755502968595,0.025803175203634832,9.196052617058875e-75
258,Phe_531.2,Gastric ulcer,digestive,0.0001926665465177254,3.3503929704521873,0.022998496419646967,9.064913355563964e-60
259,Phe_531.3,Duodenal ulcer,digestive,0.0001815347191016799,2.3724444779631733,0.011119383964234581,3.209283126910644e-15
260,Phe_532,Dysphagia,digestive,5.16022518542495e-05,2.7529807251402603,0.02200576811910365,7.14293732569881e-55
261,Phe_535,Gastritis and duodenitis,digestive,0.0013622414892552944,2.762180301151445,0.03584935832842735,1.4833590764478195e-142
262,Phe_535.1,Acute gastritis,digestive,0.0002290862884976815,2.9760266525420382,0.010147172811692121,6.326544263654593e-13
263,Phe_535.6,Duodenitis,digestive,0.000897110965937988,2.208076915012428,0.015788992991937385,4.4071994453186905e-29
264,Phe_535.8,Other specified gastritis,digestive,0.00015951742976428443,2.5509004804690907,0.02197969013736718,9.541381320516184e-55
265,Phe_537,Other disorders of stomach and duodenum,digestive,0.0006461992351991467,3.7745672744732044,0.024813833360601622,2.80735035157816e-69
266,Phe_540,Appendiceal conditions,digestive,0.00020331327719386375,1.7627029105180227,0.0018197329191497538,0.19706363813434408
267,Phe_540.1,Appendicitis,digestive,0.00020841158758900808,1.4158869386786173,0.0014009479270197772,0.32066307643729064
268,Phe_540.11,Acute appendicitis,digestive,0.000248312759584918,1.6032635891924567,0.004171926274370818,0.0031026208640079125
269,Phe_550,Abdominal hernia,digestive,-0.0013308003980007548,3.0208497951324325,0.017977361407196718,3.3360410892269476e-37
270,Phe_550.1,Inguinal hernia,digestive,-0.0013455860891858854,0.7589983591863637,-0.004458026712723777,0.0015766335914693943
271,Phe_550.2,Diaphragmatic hernia,digestive,-0.0012030619791347545,2.0211135943221468,0.026170117339561774,7.500745169156521e-77
272,Phe_550.4,Umbilical hernia,digestive,-0.0003539058618866789,2.6042765567343706,0.014709591208435882,1.8510062084520848e-25
273,Phe_550.5,Ventral hernia,digestive,-0.0004981538086065176,3.081500009539098,0.018253296899530744,2.66352234995827e-38
274,Phe_555,Inflammatory bowel disease and other gastroenteritis and colitis,digestive,-0.001291854759822441,2.6373720753435492,0.016062329930628984,4.859491024967428e-30
275,Phe_555.1,Regional enteritis,digestive,-0.0008457186486838507,2.6515660910473424,0.010078274283435926,9.038383946132927e-13
276,Phe_555.2,Ulcerative colitis,digestive,-0.0011495007764886196,2.931013904655582,0.015467322717830398,5.627538912968501e-28
277,Phe_556,Ulceration of the lower GI tract,digestive,-0.0005202805907293269,2.991986574258369,0.006105646501452591,1.503499529268444e-05
278,Phe_557,Intestinal malabsorption (non-celiac),digestive,0.0013582061715030627,3.583357697546227,0.00669754851329591,2.0566972956921332e-06
279,Phe_557.1,Celiac disease,digestive,0.0013655620359457016,3.317202506242974,0.01433576161668693,2.906907615738649e-24
280,Phe_558,Noninfectious gastroenteritis,digestive,0.0004492563435131244,3.8381851499688135,0.051306207280596566,5.372559763527807e-290
281,Phe_559,Ileostomy status,digestive,-0.0007101143306120911,3.54405635505701,0.015224749386210143,3.7123515788422186e-27
282,Phe_560.4,Other intestinal obstruction,digestive,0.00013585596772434293,2.886673586606762,0.016575062908019324,7.025205271923536e-32
283,Phe_561,Symptoms involving digestive system,digestive,0.0009886937228502054,2.1112450795063293,0.020495859166086882,7.764017103074476e-48
284,Phe_561.2,Flatulence,digestive,2.909993184537965e-05,2.5472707527875422,0.009926216031877162,1.9697194479780974e-12
285,Phe_562,Diverticulosis and diverticulitis,digestive,0.0006177577007182995,1.5880592030164797,0.015421827266305503,8.03448312521297e-28
286,Phe_562.1,Diverticulosis,digestive,0.0006151809585370449,1.5880592030164797,0.015421827266305503,8.03448312521297e-28
287,Phe_563,Constipation,digestive,6.378065590842977e-05,3.5094299792616286,0.040928932451191474,3.125884574427165e-185
288,Phe_564,Functional digestive disorders,digestive,-3.096874786653979e-05,2.5273923857089327,0.006673500574815186,2.237200362120366e-06
289,Phe_564.1,Irritable Bowel Syndrome,digestive,-2.728501670310805e-05,1.9076542033766768,0.010322254852519929,2.528701603414747e-13
290,Phe_564.8,Abnormal findings on exam of gastrointestinal tract__ abdominal area,digestive,3.9357855992758015e-05,3.320614342307426,0.014800315580623809,9.388253633274588e-26
291,Phe_564.9,Personal history of diseases of digestive system,digestive,-6.88195292553402e-05,2.7558389545494024,0.03438377854019519,2.7218502124364177e-131
292,Phe_565,Anal and rectal conditions,digestive,-7.367884213964351e-05,2.2308128255234054,0.01669933126398795,2.466839353535448e-32
293,Phe_565.1,Anal and rectal polyp,digestive,-5.300263406971082e-05,1.6626675596532476,0.008706937181018976,6.732948803934173e-10
294,Phe_568,Other disorders of peritoneum,digestive,3.7221969490226124e-05,1.1021844603407636,0.00023881888210627484,0.8655665558795862
295,Phe_568.1,Peritoneal adhesions (postoperative) (postinfection),digestive,1.896358483996974e-05,2.175943504653496,0.01033629251009185,2.347904829725692e-13
296,Phe_569,Other disorders of intestine,digestive,0.00035187518387604593,2.9529156356706654,0.01794626359439292,4.42500159196975e-37
297,Phe_571,Chronic liver disease and cirrhosis,digestive,-0.0002564762497893332,6.279950519170104,0.04616000830365206,4.342086782846826e-235
298,Phe_571.5,Other chronic nonalcoholic liver disease,digestive,-0.00015133631609075003,6.410062700876487,0.03603495237827234,5.144734750434636e-144
299,Phe_572,Ascites (non malignant),digestive,-0.00012554072246965842,5.854021657906668,0.030005909733269193,1.9267929597196257e-100
300,Phe_573,Other disorders of liver,digestive,6.140877119632968e-05,3.7955486827734735,0.01752454695324415,1.9447805879947877e-35
301,Phe_573.7,Abnormal results of function study of liver,digestive,8.857583435302598e-06,5.17125288957136,0.03865395813155314,2.0260740197461134e-165
302,Phe_574,Cholelithiasis and cholecystitis,digestive,-1.0948380206396239e-05,2.2926517251201908,0.024454391511578775,2.444152524696877e-67
303,Phe_574.1,Cholelithiasis,digestive,-1.2166667251309776e-05,2.6735151719367938,0.02343763056022129,5.283551703374068e-62
304,Phe_574.11,Cholelithiasis with acute cholecystitis,digestive,-4.5640408884982394e-05,2.3429029280866507,0.00787518911403862,2.3694354608672556e-08
305,Phe_574.12,Cholelithiasis with other cholecystitis,digestive,-5.424187311142432e-05,1.8875133853684183,0.009623392956219477,8.982416111385732e-12
306,Phe_574.2,Calculus of bile duct,digestive,-5.0470872358424345e-05,2.4220843696377274,0.010709623879110947,3.150226080427839e-14
307,Phe_574.3,Cholecystitis without cholelithiasis,digestive,-5.8561859642918106e-05,3.4945870982944327,0.019252541088755817,2.0496913838664353e-42
308,Phe_575,Other biliary tract disease,digestive,-4.241240144519479e-05,3.350219158822676,0.022400577826014047,8.555074458523184e-57
309,Phe_575.7,Other disorders of gallbladder,digestive,5.656461330230466e-06,1.9924173143850397,0.00555472575796364,8.228979049688823e-05
310,Phe_575.8,Other disorders of biliary tract,digestive,-4.176880416237467e-05,3.596795288912025,0.012882351060128746,6.703192198808541e-20
311,Phe_577,Diseases of pancreas,digestive,-2.456311744149171e-05,11.549011563835522,0.039352528650315695,2.206546036288818e-171
312,Phe_577.1,Acute pancreatitis,digestive,-2.5089549231502746e-05,7.352903486702607,0.033068855620802064,1.3832844344583958e-121
313,Phe_578.1,Hematemesis,digestive,9.932708688177206e-05,5.465671326792466,0.0289598236886865,1.0882568049767785e-93
314,Phe_578.2,Blood in stool,digestive,-0.0004461230014447225,3.5698514104096475,0.019812661437072585,8.143917681262328e-45
315,Phe_578.9,Hemorrhage of gastrointestinal tract,digestive,0.00014097085969113452,2.4021067684364925,0.01670724860992332,2.3071150122353058e-32
316,Phe_579,Other symptoms involving abdomen and pelvis,digestive,-4.3873649326572516e-05,3.552390408802,0.012741210938017231,1.6812985979487496e-19
317,Phe_579.8,Nonspecific abnormal findings in stool contents,digestive,-8.881993614840577e-05,1.9073914410897101,0.0060470554260348905,1.8139573273580567e-05
318,Phe_580,Nephritis; nephrosis; renal sclerosis,genitourinary,0.0013388355264326217,19.450274205902964,0.10670340266900014,0.0
319,Phe_580.1,Glomerulonephritis,genitourinary,0.0006489608194182044,12.405268563835351,0.05174639654073543,5.800389635590225e-295
320,Phe_585,Renal failure,genitourinary,8.104978650148658e-05,8.586095586489362,0.10965703587769862,0.0
321,Phe_585.1,Acute renal failure,genitourinary,0.00018139348652431274,9.254322360292125,0.09971975933579498,0.0
322,Phe_585.2,Renal failure NOS,genitourinary,6.842011958650209e-05,10.639238599801766,0.05419149074386551,0.0
323,Phe_585.3,Chronic renal failure [CKD],genitourinary,3.35505237470932e-05,12.680117009243139,0.10086303671988074,0.0
324,Phe_586,Other disorders of the kidney and ureters,genitourinary,-2.998456380771183e-05,6.528241330584797,0.02846298111472721,1.4451134153845226e-90
325,Phe_586.2,"Cyst of kidney, acquired",genitourinary,8.135194988167073e-05,3.283495128713906,0.013141856303602269,1.2044095953168513e-20
326,Phe_590,Pyelonephritis,genitourinary,-0.00010933876545504692,5.106200444363261,0.02349347967136255,2.7273409505564527e-62
327,Phe_591,Urinary tract infection,genitourinary,-0.0006714047373426445,4.718479078579233,0.06374199331561124,0.0
328,Phe_592,Cystitis and urethritis,genitourinary,2.8141519540368714e-05,2.6152499123323474,0.013250356538979451,5.817851412788627e-21
329,Phe_592.1,Cystitis,genitourinary,1.9024451392841877e-05,2.787763182105235,0.011778065549470692,6.857850607771685e-17
330,Phe_593,Hematuria,genitourinary,-0.0011883529474252216,1.9785065883421769,0.01823922501826242,3.032771685660947e-38
331,Phe_594,Urinary calculus,genitourinary,-0.0007849003942662726,4.326971776134767,0.010630468612805782,4.8506417525066874e-14
332,Phe_594.1,Calculus of kidney,genitourinary,-0.0006159261260525056,3.3737906362932453,0.019799800027935674,9.262464368924411e-45
333,Phe_594.3,Calculus of ureter,genitourinary,-0.00044610941674630357,2.5907288995764888,0.01140770368393014,6.12080644649697e-16
334,Phe_594.8,Renal colic,genitourinary,-0.0003316293644375238,2.4857461100447034,0.009171341573808231,7.954244884829186e-11
335,Phe_595,Hydronephrosis,genitourinary,-3.999859235988539e-05,2.9348573532585926,0.013326291438133984,3.4840650271403726e-21
336,Phe_596,Other disorders of bladder,genitourinary,-0.0007104593654912196,2.2909328005124148,0.01664900649186656,3.77233275810473e-32
337,Phe_596.1,Bladder neck obstruction,genitourinary,-0.0009178790488582958,2.5298366723488837,0.009656065271769852,7.642555775768092e-12
338,Phe_596.5,Functional disorders of bladder,genitourinary,-0.0005379898725194248,2.8595330675761,0.010583828562892198,6.246304115837763e-14
339,Phe_597,Other disorders of urethra and urinary tract,genitourinary,-1.4981974730563087e-05,1.5728984528082188,0.002334871829376787,0.09789763591117176
340,Phe_597.1,Urethral stricture (not specified as infectious),genitourinary,-6.476501240599365e-05,2.659165359078268,0.014258401291036763,5.095183364569393e-24
341,Phe_598,Abnormal findings on examination of urine,genitourinary,-0.0011546183539124257,2.5108518596244505,0.012724451592666589,1.8740477810889508e-19
342,Phe_599,Other symptoms__disorders or the urinary system,genitourinary,-0.0011526198433471553,3.2173569915401683,0.02679938403550242,1.67959030798565e-80
343,Phe_599.2,Retention of urine,genitourinary,-0.00033295063405903053,3.306181899909941,0.03011242516905038,3.836506638600485e-101
344,Phe_599.3,Dysuria,genitourinary,-0.0001198916550776191,3.777947890249488,0.014335962295864648,2.9026675209240543e-24
345,Phe_599.4,Urinary incontinence,genitourinary,-2.1803763575207055e-06,2.1695704729275485,0.01609624780866542,3.6867007521388314e-30
346,Phe_599.5,Frequency of urination and polyuria,genitourinary,-7.357581039590101e-06,2.3172379777465597,0.012135009240062574,7.799097940546148e-18
347,Phe_599.9,Other abnormality of urination,genitourinary,-0.0001251576700894063,2.739111119590309,0.010757125682078294,2.4277301629736148e-14
348,Phe_611.3,Lump or mass in breast,genitourinary,5.771884055050422e-05,1.661263534426658,0.0037121437443026805,0.008502096420491965
349,Phe_613,Other nonmalignant breast conditions,genitourinary,6.814721857104514e-06,0.0,-0.0005253502519236297,0.7095896816916267
350,Phe_681,Superficial cellulitis and abscess,dermatologic,-0.00019620459701701458,5.464379022605869,0.015069151610064531,1.2260148735505897e-26
351,Phe_681.3,Cellulitis and abscess of arm__hand,dermatologic,-0.00018596485087239757,6.030181435377871,0.05678689868536075,0.0
352,Phe_686,Other local infections of skin and subcutaneous tissue,dermatologic,-1.2312953927720554e-05,8.55889241621863,0.042599647962747275,1.6728222109883428e-200
353,Phe_686.1,Carbuncle and furuncle,dermatologic,3.2232797980013955e-05,5.199587141367866,0.030519078643860456,7.678329967321202e-104
354,Phe_687,Symptoms affecting skin,dermatologic,2.8423369556957924e-05,4.658365006810095,0.008657573054277593,8.396517345813406e-10
355,Phe_687.1,Rash and other nonspecific skin eruption,dermatologic,0.0004471554647894474,3.7335257395326766,0.019487298267266223,2.059424494207627e-43
356,Phe_687.4,Disturbance of skin sensation,dermatologic,0.00010135034937609955,2.9632442179515794,0.015723575354164868,7.429103954494402e-29
357,Phe_689,Disorder of skin and subcutaneous tissue NOS,dermatologic,-0.00013770777436663948,1.8267552879755473,0.009448799087883172,2.110622399468085e-11
358,Phe_695,Erythematous conditions,dermatologic,0.001433743420331596,3.2439690903242826,0.01689222820085346,4.7860165775108955e-33
359,Phe_696,Psoriasis and related disorders,dermatologic,-0.00024145321043590157,3.020871694552443,0.014870731387577465,5.527507733519098e-26
360,Phe_696.4,Psoriasis,dermatologic,-0.00019935783227810984,3.587825724600524,0.015755418796062556,5.763221331445868e-29
361,Phe_696.41,Psoriasis vulgaris,dermatologic,-0.0002822855744922211,3.3307112312236025,0.0148420443970247,6.860917559801444e-26
362,Phe_701,Other hypertrophic and atrophic conditions of skin,dermatologic,-0.0002548393918803392,1.6782620525291352,0.004070402566866607,0.003908980801397531
363,Phe_701.2,Scar conditions and fibrosis of skin,dermatologic,-0.00024823014479948246,2.039172995953185,0.007310255006290106,2.193783153772493e-07
364,Phe_702,Degenerative skin conditions and other dermatoses,dermatologic,-0.00013687716161024386,0.0,-0.0004106823229703669,0.7709579555583518
365,Phe_702.1,Actinic keratosis,dermatologic,-0.0002335894477252221,1.2226777498249135,0.0017176672584339426,0.22337193017538068
366,Phe_702.2,Seborrheic keratosis,dermatologic,-2.5716010166842383e-05,0.9737928782536046,-0.00021365975532835164,0.8796145422148045
367,Phe_703,"Diseases of nail, NOS",dermatologic,-7.557128401798658e-05,3.083518018713649,0.005823460460300601,3.6571685891062424e-05
368,Phe_704,Diseases of hair and hair follicles,dermatologic,-0.001048749186126646,1.4961219525877834,0.005040787477926808,0.0003525018560781663
369,Phe_706,Diseases of sebaceous glands,dermatologic,-0.00122377430315729,1.4623748408752768,0.006246206736683922,9.519142835205852e-06
370,Phe_706.2,Sebaceous cyst,dermatologic,-0.0012134599757855757,1.4421474741253286,0.005944232615345544,2.5116549936735532e-05
371,Phe_707,Chronic ulcer of skin,dermatologic,0.0011909717078318607,19.289784038011675,0.10166142618820258,0.0
372,Phe_709,Diffuse diseases of connective tissue,dermatologic,0.0014682405415146354,5.823847641024446,0.038023813331569525,3.9252629668775445e-160
373,Phe_709.7,Unspecified diffuse connective tissue disease,dermatologic,0.0013668928119480654,7.337143383146481,0.042158307051458996,2.0752401956207623e-196
374,Phe_714,Rheumatoid arthritis and other inflammatory polyarthropathies,musculoskeletal,0.0010947611128864741,4.067198957853205,0.009393591254586971,2.7565845909965104e-11
375,Phe_714.1,Rheumatoid arthritis,musculoskeletal,0.0010852015930912376,3.2624733340094108,0.017809255558190115,1.5272661672472515e-36
376,Phe_715,Other inflammatory spondylopathies,musculoskeletal,-0.00048782877019842304,3.653423350850203,0.00761782130595177,6.658348257460107e-08
377,Phe_716,Other arthropathies,musculoskeletal,0.00015031822546287282,0.0,-0.0012196429270628511,0.38727286077353307
378,Phe_716.2,Unspecified monoarthritis,musculoskeletal,0.0004017698216182744,1.791298998270914,0.015413189439420194,8.595424680688794e-28
379,Phe_716.9,Arthropathy NOS,musculoskeletal,0.00015592230994725115,2.2167075559148333,0.030724593287022123,3.218662748415452e-105
380,Phe_717,Polymyalgia Rheumatica,musculoskeletal,0.001235586217378101,2.200996607187369,0.006598337945820484,2.904759326018134e-06
381,Phe_720,Spinal stenosis,musculoskeletal,0.00014579949730132233,2.688318844584501,0.007000974844939159,6.945885841228343e-07
382,Phe_721,Spondylosis and allied disorders,musculoskeletal,8.371161740600258e-05,2.779441079912146,0.008956703795735097,2.1629299964016057e-10
383,Phe_721.1,Spondylosis without myelopathy,musculoskeletal,7.938611585803961e-05,2.606861940104935,0.007600543259564903,7.128326286943853e-08
384,Phe_722,Intervertebral disc disorders,musculoskeletal,0.0007496420116487666,2.3275063344596827,0.016462595676043922,1.7993947942232058e-31
385,Phe_722.6,Degeneration of intervertebral disc,musculoskeletal,0.00015997092459994907,2.8702455107973064,0.01530298388060639,2.0267120740097996e-27
386,Phe_722.9,Other and unspecified disc disorder,musculoskeletal,0.0001797091076507122,2.0549244807320086,0.009999032767978328,1.3583552840367688e-12
387,Phe_724,Other and unspecified disorders of back,musculoskeletal,-0.0001281573799502115,2.8745616694601597,0.006267367400681316,8.878822561729807e-06
388,Phe_726,Peripheral enthesopathies and allied syndromes,musculoskeletal,8.821947834701056e-05,2.237710478866891,0.017064400138753162,1.0901967167840185e-33
389,Phe_726.1,Enthesopathy,musculoskeletal,3.818257551304963e-05,3.0012303428834217,0.02483684157704254,2.1045888772348266e-69
390,Phe_727,"Other disorders of synovium, tendon, and bursa",musculoskeletal,-1.3771845650930004e-05,1.9013454959818734,0.004040168977515706,0.004183506422785276
391,Phe_727.1,Synovitis and tenosynovitis,musculoskeletal,5.259986952565063e-05,6.6026005781020265,0.04075093788336063,1.2187627960000356e-183
392,Phe_727.4,"Ganglion and cyst of synovium, tendon, and bursa",musculoskeletal,-1.5778593122087056e-05,1.2050110982410804,0.001615182282737103,0.25222504576569066
393,Phe_728,"Disorders of muscle, ligament, and fascia",musculoskeletal,0.0008733853544503562,5.095813868588466,0.0044506533052228936,0.001605154279397729
394,Phe_728.7,Fasciitis,musculoskeletal,0.001004610497178964,2.2105784105989397,0.002825305890932262,0.04519981348167424
395,Phe_728.71,Contracture of palmar fascia [Dupuytren's disease],musculoskeletal,0.001041302425163511,3.8652458136352132,0.021222923765295214,3.663306841170574e-51
396,Phe_729,Other disorders of soft tissues,musculoskeletal,2.494771434091202e-05,2.1240515021682507,0.005578015720977262,7.680988939046529e-05
397,Phe_729.1,"Rheumatism, unspecified and fibrositis",musculoskeletal,-3.344369710630508e-05,3.617666441458903,0.007030259308069325,6.240223459956562e-07
398,Phe_733,Other disorders of bone and cartilage,musculoskeletal,-1.0816559490547404e-05,2.508948112668938,0.006477501973612924,4.394781513024261e-06
399,Phe_733.8,Malunion and nonunion of fracture,musculoskeletal,2.8084804764965928e-05,2.9591076009148707,0.0036070724205184124,0.010558876058183843
400,Phe_735,Acquired foot deformities,musculoskeletal,-0.0009905289533078663,2.552049872398776,0.0027521754809786423,0.05106303776463236
401,Phe_735.2,Acquired toe deformities,musculoskeletal,-0.0002619737980605151,1.238063410037946,0.001607972677337497,0.2543484100355981
402,Phe_735.21,Hammer toe (acquired),musculoskeletal,-5.646842360013386e-05,0.8738923560830998,-0.0008126665983031506,0.5645621875436366
403,Phe_735.23,Hallux rigidus,musculoskeletal,-0.00018562918403965787,0.8906107896138725,-0.0006154336483166187,0.6626444585867342
404,Phe_735.3,Hallux valgus (Bunion),musculoskeletal,-0.0013778878320275577,0.5970932851996357,-0.004770762781325368,0.0007198910888246839
405,Phe_736,Other acquired deformities of limbs,musculoskeletal,0.00015074442385989528,1.9867223690193,0.002429233120397967,0.08506535211614703
406,Phe_737,Curvature of spine,musculoskeletal,-5.361671981010379e-05,0.0,-0.0007429707586689232,0.5984208232352524
407,Phe_737.3,Kyphoscoliosis and scoliosis,musculoskeletal,-5.0910153706434996e-05,2.0093828429676117,0.0033467784884239344,0.017670494502588535
408,Phe_738,Other acquired musculoskeletal deformity,musculoskeletal,-9.908346096713268e-05,1.6048166375513775,0.0016568930910666798,0.2401830362591759
409,Phe_738.4,Acquired spondylolisthesis,musculoskeletal,-7.239393161682483e-05,3.8945674231395713,0.007198057722301366,3.350490117575774e-07
410,Phe_740,Osteoarthrosis,musculoskeletal,-2.1696413119203367e-05,1.9356710230188354,0.021428609904021775,3.999620568987909e-52
411,Phe_740.1,Osteoarthritis; localized,musculoskeletal,-4.3093419712611904e-05,1.51071333769496,0.007620121148733168,6.598100699146592e-08
412,Phe_740.11,"Osteoarthrosis, localized, primary",musculoskeletal,9.319449036573668e-05,1.5849584354311392,0.007933783355540732,1.864321439648314e-08
413,Phe_740.9,Osteoarthrosis NOS,musculoskeletal,2.3717221092308527e-05,3.1772719962087352,0.025038670037393976,1.661825359192656e-70
414,Phe_741,Symptoms and disorders of the joints,musculoskeletal,0.0005357523363447011,0.9146332584645964,-0.00028284977134350383,0.8410857393228209
415,Phe_741.4,Joint effusions,musculoskeletal,0.0009020784415034066,5.245690747076361,0.010170697763585722,5.598033572026947e-13
416,Phe_742,"Derangement of joint, non-traumatic",musculoskeletal,-2.750178178723448e-06,0.0,-0.0008756116345426946,0.5347979936775875
417,Phe_742.9,Other derangement of joint,musculoskeletal,1.203750472352032e-06,1.8552135597225146,0.0033301592298140663,0.018241945595485583
418,Phe_743,"Osteoporosis, osteopenia and pathological fracture",musculoskeletal,0.0013509025762155431,2.318424418972938,0.012999890089580274,3.0932631254959597e-20
419,Phe_743.1,Osteoporosis,musculoskeletal,0.0014242925461859382,2.3066687841081017,0.01249825357559169,7.9989781312856815e-19
420,Phe_743.11,Osteoporosis NOS,musculoskeletal,0.0013588410507776683,2.308626242343088,0.012511606001314695,7.347462360153058e-19
421,Phe_745,Pain in joint,musculoskeletal,3.5377118410236074e-05,2.8064799457097878,0.011144395774171839,2.784140177218271e-15
422,Phe_747,Cardiac and circulatory congenital anomalies,congenital anomalies,0.0004220112904038894,0.0,-0.0007733107919956141,0.5835682590675717
423,Phe_747.1,Cardiac congenital anomalies,congenital anomalies,0.0004320102847793031,1.3079255596043728,0.0006606036335207363,0.6395808923978528
424,Phe_747.13,Congenital anomalies of great vessels,congenital anomalies,0.0004218031256956157,4.8174882918302195,0.025551398471930564,2.3968326484440258e-73
425,Phe_751,Genitourinary congenital anomalies,congenital anomalies,0.0,1.5728984528082188,0.0033055725059614647,0.019117021882351107
426,Phe_939,Atopic__contact dermatitis due to other or unspecified,dermatologic,7.469091135805141e-05,2.2669685081274378,0.009184203189164275,7.486062238551625e-11
