,PheCode,description,category,f_score,RR,phi,pval
0,Phe_112,Candidiasis,infectious diseases,9.270881268481855e-05,7.044120966740093,0.030123858643587496,3.225176630697337e-101
1,Phe_153,Colorectal cancer,neoplasms,0.00044294137825303683,0.0,-0.0005053919062473626,0.7201493037291319
2,Phe_153.2,Colon cancer,neoplasms,0.0004324783413335649,3.931525631922888,0.016254992118011437,1.004413000731946e-30
3,Phe_153.3,"Malignant neoplasm of rectum, rectosigmoid junction, and anus",neoplasms,0.00038232642227518693,4.681776308817142,0.016708593639443367,2.281020001644637e-32
4,Phe_158,Neoplasm of unspecified nature of digestive system,neoplasms,2.8695173190721352e-05,4.3943508012505195,0.011227434726074669,1.7331110965692477e-15
5,Phe_159,Malignant neoplasm of other and ill-defined sites within the digestive organs and peritoneum,neoplasms,0.00035528512158942505,4.216007381962884,0.023390035024787603,9.27117644934899e-62
6,Phe_165,Cancer within the respiratory system,neoplasms,6.110558896756358e-05,4.0508017887840255,0.010511695413096184,9.216284830263683e-14
7,Phe_165.1,Cancer of bronchus; lung,neoplasms,5.548655668598278e-05,4.414940128967221,0.017404432221832532,5.620290736100841e-35
8,Phe_172,Skin cancer,neoplasms,2.700047012128524e-05,1.594724081098979,0.007055082334457439,5.696646456161926e-07
9,Phe_172.2,Other non-epithelial cancer of skin,neoplasms,1.787495816320064e-05,1.536302304885524,0.005729170124356436,4.880153453036775e-05
10,Phe_174,Breast cancer,neoplasms,-2.8504241708225795e-05,1.577766519342642,0.006552890725417395,3.3970694867882625e-06
11,Phe_189,Cancer of urinary organs (incl. kidney and bladder),neoplasms,8.792285446220141e-06,3.6691042868977912,0.014257648403118838,5.123013223484258e-24
12,Phe_189.11,"Malignant neoplasm of kidney, except pelvis",neoplasms,6.053257498069158e-06,4.317832254960088,0.010598697394083215,5.763178013104517e-14
13,Phe_189.2,Cancer of bladder,neoplasms,-4.78117780304521e-06,3.418938085518396,0.006672804323502931,2.2426465804960635e-06
14,Phe_189.21,Malignant neoplasm of bladder,neoplasms,-9.883060523719034e-06,3.2940461744136234,0.010446063838932594,1.3100606190932717e-13
15,Phe_195,"Cancer, suspected or other",neoplasms,0.00012991633461548934,1.7003050609372636,0.0020103415733835578,0.15413392460002756
16,Phe_195.1,"Malignant neoplasm, other",neoplasms,0.0001277140323309825,2.6878728662156908,0.0218942424222191,2.4578669130469947e-54
17,Phe_197,Chemotherapy,neoplasms,6.77045006006417e-05,3.2445655080653943,0.03172984626376301,4.3292583253594745e-112
18,Phe_198,Secondary malignant neoplasm,neoplasms,1.3843138964853211e-05,3.723435649073024,0.009582182036789644,1.1004136905120944e-11
19,Phe_198.1,Secondary malignancy of lymph nodes,neoplasms,1.9928632378731756e-05,3.823746689131219,0.021381330357882068,6.6669624418158976e-52
20,Phe_198.2,Secondary malignancy of respiratory organs,neoplasms,1.881221622943942e-05,5.033949078104636,0.02040059915702898,2.0766672814634508e-47
21,Phe_198.3,Secondary malignant neoplasm of digestive systems,neoplasms,2.5192682359741446e-05,4.831164996205839,0.016002978301826076,7.868497941601158e-30
22,Phe_198.4,Secondary malignant neoplasm of liver,neoplasms,1.0027935997063415e-06,4.768964020628078,0.020639067071767655,1.753985441437899e-48
23,Phe_198.6,Secondary malignancy of bone,neoplasms,5.1298382103757064e-05,4.309337362946394,0.016458809985607694,1.85706842767132e-31
24,Phe_199,Neoplasm of uncertain behavior,neoplasms,1.1034787265852775e-05,4.733914272256241,0.012622109187894548,3.6249683159852884e-19
25,Phe_202,"Cancer of other lymphoid, histiocytic tissue",neoplasms,8.499238932457882e-05,7.203054271302844,0.02145412238746378,3.0343973422408072e-52
26,Phe_202.2,Non-Hodgkins lymphoma,neoplasms,8.56191874962117e-05,6.1349030389748656,0.019694061447661625,2.660005642230204e-44
27,Phe_204,Leukemia,neoplasms,0.05906477323222755,5.698230142530661,0.010034669625478209,1.1313931458158392e-12
28,Phe_208,Benign neoplasm of colon,neoplasms,0.0013016321639251532,2.029743012855921,0.015493353377223226,4.588158083823507e-28
29,Phe_211,Benign neoplasm of other parts of digestive system,neoplasms,-2.4809714098551424e-06,1.879647000534899,0.006781448619929995,1.530216562942025e-06
30,Phe_214,Lipoma,neoplasms,3.9632499413651455e-05,1.3555396848839947,0.0014986969272121377,0.28805955973065
31,Phe_214.1,Lipoma of skin and subcutaneous tissue,neoplasms,4.626526703644364e-05,1.0765657974185987,0.0005249148593895332,0.7098194550467212
32,Phe_215,Other benign neoplasm of connective and other soft tissue,neoplasms,-1.3158848012228079e-05,1.1594980404101236,0.0005134823809774241,0.715862199769588
33,Phe_216,Benign neoplasm of skin,neoplasms,0.0005599229557379989,1.0867386226946416,0.0007891861968989771,0.5758657346919893
34,Phe_228,"Hemangioma and lymphangioma, any site",neoplasms,-2.0100238651585646e-05,2.2831991357472328,0.004958623641207275,0.0004396521370746469
35,Phe_229,Benign neoplasm of unspecified sites,neoplasms,0.00019039002986879363,1.5231050270869408,0.0024031611998817514,0.08846683281518486
36,Phe_241,Nontoxic nodular goiter,endocrine/metabolic,2.9649437531425536e-05,0.0,-0.00036215663161748426,0.7973922542217498
37,Phe_242,Thyrotoxicosis with or without goiter,endocrine/metabolic,0.0001105462112744125,3.7501172732894097,0.010642041106464627,4.5548800565746025e-14
38,Phe_244,Hypothyroidism,endocrine/metabolic,0.00010534277555799092,2.6354628867844205,0.020587774620675615,2.991828883230952e-48
39,Phe_244.1,Secondary hypothyroidism,endocrine/metabolic,9.185173559510472e-05,4.237557063741111,0.011352628579166364,8.42654212677152e-16
40,Phe_244.4,Hypothyroidism NOS,endocrine/metabolic,0.00010519045989848709,2.6278149163666833,0.01998013960371177,1.512594475185172e-45
41,Phe_250.1,Type 1 diabetes,endocrine/metabolic,0.00010845164023694017,3.7648979838928405,0.014293409760371424,3.953883056577743e-24
42,Phe_250.2,Type 2 diabetes,endocrine/metabolic,0.00010830277996527112,2.5152701271202758,0.022448587001825917,4.968612266032461e-57
43,Phe_250.23,Type 2 diabetes with ophthalmic manifestations,endocrine/metabolic,9.983727911344911e-05,3.8015080299911412,0.011146667795183626,2.7483889364868437e-15
44,Phe_250.7,Diabetic retinopathy,endocrine/metabolic,9.904644559569543e-05,3.74249367506243,0.010997953214014861,6.3698242162083675e-15
45,Phe_260,Protein-calorie malnutrition,endocrine/metabolic,-1.1996373930352235e-05,9.470959440195191,0.0129050269597351,5.777209138965791e-20
46,Phe_261,Vitamin deficiency,endocrine/metabolic,6.091240002927629e-06,0.0,-0.0004985150094101641,0.7238002761933708
47,Phe_272,Disorders of lipoid metabolism,endocrine/metabolic,0.00036001402291416256,3.046001093321609,0.04170606463696606,2.934405626413368e-192
48,Phe_272.1,Hyperlipidemia,endocrine/metabolic,0.000356030168318999,4.762509466516083,0.027890037124341537,4.949571074814917e-87
49,Phe_272.11,Hypercholesterolemia,endocrine/metabolic,0.0003304428391968024,3.081616845567916,0.04068426768800806,4.786766424554102e-183
50,Phe_274,Gout and other crystal arthropathies,endocrine/metabolic,9.803498763342034e-05,4.1214596099399845,0.015725288144009628,7.328427264324083e-29
51,Phe_274.1,Gout,endocrine/metabolic,9.889839233233172e-05,4.313808180165157,0.01567093049886646,1.1291694903408963e-28
52,Phe_275,Disorders of mineral metabolism,endocrine/metabolic,-7.416696151361221e-05,0.0,-0.00033233672559837703,0.8137547869548157
53,Phe_275.5,Disorders of calcium__phosphorus metabolism,endocrine/metabolic,-3.396415613608933e-05,7.0898023493803874,0.021961368060015026,1.1691283864416634e-54
54,Phe_276,"Disorders of fluid, electrolyte, and acid-base balance",endocrine/metabolic,3.998277560331324e-05,8.948156273717585,0.07724378899396692,0.0
55,Phe_276.1,Electrolyte imbalance,endocrine/metabolic,3.2716069147308176e-05,10.848553540587218,0.012679240453907843,2.509776418696714e-19
56,Phe_276.12,Hyposmolality and__or hyponatremia,endocrine/metabolic,5.499694214892629e-05,8.338690316585307,0.03621858898853999,1.8174423937885076e-145
57,Phe_276.14,Hypopotassemia,endocrine/metabolic,8.99369294527203e-06,10.710693133913091,0.04225381292231832,2.721646002448389e-197
58,Phe_276.5,Hypovolemia,endocrine/metabolic,4.0340900315224225e-05,11.213423306687554,0.06033349102525198,0.0
59,Phe_277,Other disorders of metabolism,endocrine/metabolic,-7.249846448541111e-05,7.491697000139913,0.020962058186007358,5.895540125946426e-50
60,Phe_278,"Overweight, obesity and other hyperalimentation",endocrine/metabolic,9.057781858884852e-05,0.0,-0.00016616637869143718,0.9062332258611141
61,Phe_278.1,Obesity,endocrine/metabolic,8.954776854671412e-05,3.406127429257913,0.028241087504631796,3.446118234008863e-89
62,Phe_280,Iron deficiency anemias,hematopoietic,8.90581111646491e-05,3.489470360409763,0.02398683850012519,7.40089028416443e-65
63,Phe_280.1,"Iron deficiency anemias, unspecified or not due to blood loss",hematopoietic,9.146710821092707e-05,3.482977908103269,0.02339678778705583,8.560852232786224e-62
64,Phe_281,Other deficiency anemia,hematopoietic,7.789401282330857e-05,0.0,-0.0002492508080915443,0.8597539017216971
65,Phe_281.1,Megaloblastic anemia,hematopoietic,6.405803560157234e-05,0.0,-0.00033233672559837703,0.8137547869548157
66,Phe_285,Other anemias,hematopoietic,0.00011674794488137934,5.820980584071055,0.05494766878462379,0.0
67,Phe_287,Purpura and other hemorrhagic conditions,hematopoietic,7.385348818540276e-05,5.747578034748195,0.004847717215355012,0.0005894098363153232
68,Phe_287.3,Thrombocytopenia,hematopoietic,5.6026674222180515e-05,7.150142389578,0.023028757453842995,6.37873257206109e-60
69,Phe_288,Diseases of white blood cells,hematopoietic,7.694883245036685e-05,6.316479499614101,0.013380720629397628,2.4082861188177356e-21
70,Phe_289,Other diseases of blood and blood-forming organs,hematopoietic,1.1859030778203446e-05,3.466914580214291,0.005620957264290186,6.759885901806378e-05
71,Phe_289.4,Lymphadenitis,hematopoietic,1.2244126363764746e-05,4.622458080223987,0.019273932275816075,1.6643761446288698e-42
72,Phe_290,Delirium dementia and amnestic and other cognitive disorders,mental disorders,0.00015380440549704177,9.397993650979512,0.018578462292142175,1.2900305628018504e-39
73,Phe_292,Neurological disorders,mental disorders,0.0001118122674248718,8.305112758344283,0.01756317605694532,1.380329078401201e-35
74,Phe_292.1,Aphasia__speech disturbance,mental disorders,2.3177551592293707e-05,5.401769397802766,0.01799662953196404,2.7997067733219316e-37
75,Phe_292.4,Altered mental status,mental disorders,0.00014371357337656645,9.009703367913316,0.041292754973917,1.665217964324615e-188
76,Phe_293,Symptoms involving head and neck,mental disorders,9.59846780554066e-05,1.2332281111857586,0.0010309827297951399,0.4648786250867214
77,Phe_296,Mood disorders,mental disorders,3.20375532081704e-05,12.6883667141371,0.010369718186844748,1.9669653201346395e-13
78,Phe_296.1,Bipolar,mental disorders,3.4349468378989726e-05,3.970358542614578,0.00989648288421045,2.290752172558467e-12
79,Phe_296.2,Depression,mental disorders,3.069841472668762e-05,4.132782301176084,0.006162795951761112,1.2499521183255465e-05
80,Phe_300,Anxiety disorders,mental disorders,6.089984473967527e-05,5.606487617874532,0.0086981978794896,7.001965801826584e-10
81,Phe_300.1,Anxiety disorder,mental disorders,7.89930350878722e-05,3.9592991507539232,0.024568948406340867,5.92851266594366e-68
82,Phe_306,Other mental disorder,mental disorders,0.0009144259946125594,3.503863095742177,0.04685080199578874,4.0285295223663755e-242
83,Phe_317,Alcohol-related disorders,mental disorders,5.8021678187483906e-05,3.4487391520668784,0.01830741841361081,1.6151053337738065e-38
84,Phe_317.1,Alcoholism,mental disorders,5.6337489970930696e-05,3.1232273594127995,0.019900306265795233,3.3805583284656364e-45
85,Phe_318,Tobacco use disorder,mental disorders,8.017611571055897e-05,2.7415025269902644,0.025096557489173152,7.992999612654068e-71
86,Phe_327,Sleep disorders,neurological,4.033796115848774e-05,2.9562968285785125,0.006024198747464197,1.9509010318668892e-05
87,Phe_327.3,Sleep apnea,neurological,4.41932841929943e-05,2.191946317394863,0.008260593857316745,4.746592625593391e-09
88,Phe_331,Other cerebral degenerations,neurological,0.00011611289588482095,9.830404502797482,0.014897683643212117,4.510135216081673e-26
89,Phe_332,Parkinson's disease,neurological,-7.183266937902905e-05,6.120271003289659,0.018763780817214477,2.2436777562424028e-40
90,Phe_334,Degenerative disease of the spinal cord,neurological,-3.322808205456612e-05,3.521622429766816,0.009888555278126432,2.3846778653156326e-12
91,Phe_335,Multiple sclerosis,neurological,-8.147982421842609e-05,2.2856245232237935,0.00450427113095338,0.001408139803937426
92,Phe_339,Other headache syndromes,neurological,0.00012840695267992143,3.6376388978739276,0.023554134127180257,1.327618511583053e-62
93,Phe_340,Migraine,neurological,-3.63573152056471e-05,3.4090827372416435,0.013093054415098171,1.667564821234334e-20
94,Phe_342,Hemiplegia,neurological,-2.1874184376024218e-05,5.879974818746461,0.02015868575121034,2.475018890509612e-46
95,Phe_345,"Epilepsy, recurrent seizures, convulsions",neurological,-2.1834793684313728e-05,4.709449599014607,0.021296347722289072,1.66561971758155e-51
96,Phe_345.3,Convulsions,neurological,7.523576349806388e-05,5.209389455263971,0.020254787288510174,9.280487447594343e-47
97,Phe_348,Other conditions of brain,neurological,-5.5345697478688e-06,10.106367199382563,0.011451788300993006,4.733732577716584e-16
98,Phe_350,Abnormal movement,neurological,0.00044440524825067955,7.827975888109995,0.04071961080210948,2.318503733627194e-183
99,Phe_350.2,Abnormality of gait,neurological,2.18823582256572e-05,9.415979514458838,0.03984252246022723,1.2514185309264614e-175
100,Phe_351,Other peripheral nerve disorders,neurological,8.496252474175785e-05,1.650681872057977,0.007170970560025155,3.707754838099412e-07
101,Phe_352,Disorders of other cranial nerves,neurological,1.3718960570606328e-05,5.4583917185344495,0.0038140677007376758,0.006857141057481613
102,Phe_353,Nerve root and plexus disorders,neurological,-0.00022458762441347952,3.474462996563964,0.008189932862698266,6.408665982713471e-09
103,Phe_357,Inflammatory and toxic neuropathy,neurological,1.9005188367868035e-05,6.869796437311167,0.02330851441078537,2.4225027446878823e-61
104,Phe_361,Retinal detachments and defects,sense organs,3.258965426147566e-05,1.6206989416376798,0.002763816593477717,0.05008916288932301
105,Phe_361.1,Retinal detachment with retinal defect,sense organs,4.874741933216608e-05,1.3196415862853181,0.001181932080692976,0.4021198168449176
106,Phe_362,Other retinal disorders,sense organs,-2.3825603618946964e-05,1.9520564175595536,0.0030495768343162142,0.030635825512842486
107,Phe_362.2,Degeneration of macula and posterior pole of retina,sense organs,-2.7303951578202082e-05,1.7572954355798076,0.003970492466454314,0.00488394397737106
108,Phe_362.29,Macular degeneration (senile) of retina NOS,sense organs,-2.7702117402113984e-05,1.7572954355798076,0.003970492466454314,0.00488394397737106
109,Phe_365,Glaucoma,sense organs,8.613475781570865e-05,2.5974288221858832,0.010257352967124923,3.558776740964607e-13
110,Phe_365.1,Open-angle glaucoma,sense organs,9.343696449159892e-05,1.698101585862105,0.0025155107257885624,0.07455647962702296
111,Phe_365.11,Primary open angle glaucoma,sense organs,9.635226691737139e-05,1.7044683298905112,0.0025336892690882777,0.07248344832778292
112,Phe_366,Cataract,sense organs,9.323590781018901e-05,2.125596568283224,0.015822736914455647,3.3637599461414503e-29
113,Phe_366.2,Senile cataract,sense organs,7.796124673526312e-05,2.0607509111117013,0.010966404937834831,7.602516945793617e-15
114,Phe_367,Disorders of refraction and accommodation; blindness and low vision,sense organs,1.8304580849331306e-05,4.046080574577984,0.003026792437416444,0.03190333231106004
115,Phe_367.1,Myopia,sense organs,2.1587069507502823e-05,1.5291890302285365,0.0020098305014193034,0.15423866402865447
116,Phe_368,Visual disturbances,sense organs,3.232413978810358e-05,6.277644001786456,0.017889277665698,7.416176946630829e-37
117,Phe_371,Inflammation of the eye,sense organs,-4.891748034540362e-05,6.069120861866977,0.005037022597859085,0.00035611339221838534
118,Phe_371.3,Inflammation of eyelids,sense organs,-5.2254056534015165e-05,1.6666465920449336,0.003191260674512469,0.023684566304189733
119,Phe_374,Other disorders of eyelids,sense organs,4.666400474080338e-05,1.5812213652313438,0.003145697262059652,0.02575349441452443
120,Phe_374.1,Ectropion or entropion,sense organs,2.5324128620945182e-06,1.4638571085759688,0.0015347790286660875,0.2766102258858092
121,Phe_374.3,Ptosis of eyelid,sense organs,7.65462192634406e-06,1.6155701475185733,0.0026576990342523383,0.05956803831463191
122,Phe_375,Disorders of lacrimal system,sense organs,-2.908621838458982e-06,2.1048123280039874,0.004576901006601205,0.0011767205320839342
123,Phe_378,Strabismus and other disorders of binocular eye movements,sense organs,2.182395311729718e-05,0.0,-0.0009400949841680984,0.5051496220286005
124,Phe_379,Other disorders of eye,sense organs,1.929873516048024e-05,3.186065650686408,0.0038716744570774543,0.0060595758255450405
125,Phe_379.2,Disorders of vitreous body,sense organs,3.592061086475282e-05,2.340795306234907,0.005116780012958498,0.00028653731716300247
126,Phe_379.3,Aphakia and other disorders of lens,sense organs,7.473704575053107e-06,1.3438901877469456,0.001628789970483177,0.24825107022272108
127,Phe_380,Disorders of external ear,sense organs,5.0508890914025995e-06,1.6381356799678701,0.001576836690752652,0.2636612232810148
128,Phe_381,Otitis media and Eustachian tube disorders,sense organs,-1.6367077402351243e-05,2.3480129408102197,0.006108192792092822,1.4912281645114829e-05
129,Phe_381.1,Otitis media,sense organs,-1.5121647036449449e-05,1.8220103917011425,0.0025853732208247506,0.06684612651158836
130,Phe_384,Other disorders of tympanic membrane,sense organs,1.0399565540170629e-05,1.1571790443293035,0.000292150914067478,0.835933149992365
131,Phe_384.4,Perforation of tympanic membrane,sense organs,1.621474668832281e-05,1.8704402656184858,0.002701919343429418,0.05545117655038729
132,Phe_386,Vertiginous syndromes and other disorders of vestibular system,sense organs,5.5565675680487534e-05,5.903974715965833,0.004033806339033092,0.004243462089159111
133,Phe_386.9,Dizziness and giddiness (Light-headedness and vertigo),sense organs,8.59877128609389e-05,7.227405149894758,0.04448406190131141,1.8380077829511523e-218
134,Phe_389,Hearing loss,sense organs,1.3277282214430124e-05,3.9541581677303497,0.018157520554471764,6.432270376875685e-38
135,Phe_394,Rheumatic disease of the heart valves,circulatory system,4.0575722782376517e-07,6.555277830130223,0.01893257296445619,4.493358012840132e-41
136,Phe_394.2,Mitral valve disease,circulatory system,1.0281932272880043e-05,5.9696673336834385,0.029172970034215595,4.790384555292469e-95
137,Phe_394.3,Aortic valve disease,circulatory system,8.62120455521194e-05,4.903301035293659,0.01497754118282264,2.4633257494271286e-26
138,Phe_394.7,Disease of tricuspid valve,circulatory system,7.519418416868863e-05,10.04397459014432,0.03404888766808797,8.76437849278012e-129
139,Phe_395,Heart valve disorders,circulatory system,-4.0421794538721455e-05,5.971777303923574,0.03449680760192316,3.827387477667257e-132
140,Phe_395.1,Nonrheumatic mitral valve disorders,circulatory system,2.400262017076372e-06,6.066151417117338,0.02920612402921855,2.941054229594683e-95
141,Phe_395.6,Heart valve replaced,circulatory system,-0.0006392648822876623,5.257628717203671,0.01704433827888018,1.296277264088342e-33
142,Phe_396,Abnormal heart sounds,circulatory system,0.0,3.421582035272926,0.00828732525904163,4.234278411358626e-09
143,Phe_401.1,Essential hypertension,circulatory system,0.0001543761081398654,2.3697582247817994,0.04346276108240984,1.2425789225287123e-208
144,Phe_401.2,Hypertensive heart and__or renal disease,circulatory system,7.684038391581319e-05,15.22604005696452,0.00892395802647669,2.514532601079226e-10
145,Phe_401.22,Hypertensive chronic kidney disease,circulatory system,7.489427728427832e-05,9.466816050817208,0.0321332130913824,6.5644110451324135e-115
146,Phe_402,Elevated blood pressure reading without diagnosis of hypertension,circulatory system,4.207000671905134e-05,5.371868299083043,0.01710544120350157,7.645545178377853e-34
147,Phe_411.1,Unstable angina (intermediate coronary syndrome),circulatory system,0.00012477305718233515,4.9275712689812385,0.027231466851738946,4.666665491217931e-83
148,Phe_411.2,Myocardial infarction,circulatory system,0.00012537994635983818,4.671655650530601,0.041031115348221604,3.788859780654827e-186
149,Phe_411.3,Angina pectoris,circulatory system,0.0001324981678070579,3.8596334314503227,0.03670562109371854,2.3608367857836747e-149
150,Phe_411.4,Coronary atherosclerosis,circulatory system,0.00013441086948672221,3.491932490899358,0.03570866524158833,1.874638963417047e-141
151,Phe_411.8,"Other chronic ischemic heart disease, unspecified",circulatory system,0.0001319488317348738,4.640456134717867,0.045748689622517366,5.961382083452918e-231
152,Phe_411.9,Other acute and subacute forms of ischemic heart disease,circulatory system,8.473681270916189e-05,7.590407097704589,0.024658918143390326,1.939964533607056e-68
153,Phe_414,Other forms of chronic heart disease,circulatory system,7.030367363079277e-05,9.265985572085581,0.039260415878141816,1.36803110423945e-170
154,Phe_415,Pulmonary heart disease,circulatory system,2.5926477492513904e-05,4.054287634566986,0.01878872640379306,1.770664133256156e-40
155,Phe_416,Cardiomegaly,circulatory system,4.9912953405225664e-05,6.666982745232091,0.03146227365601204,3.0684964261590335e-110
156,Phe_418,Nonspecific chest pain,circulatory system,0.00014046852360950285,2.7303273390771885,0.030376829941827464,6.813599545840091e-103
157,Phe_418.1,Precordial pain,circulatory system,5.139197515945418e-05,4.2313703518919334,0.02046273054408349,1.0937192626259658e-47
158,Phe_420,Carditis,circulatory system,3.5585843248154055e-05,0.0,-0.0003217833307046361,0.8195654859761694
159,Phe_420.2,Pericarditis,circulatory system,2.6648040438587703e-05,6.995037400954338,0.02079481908879498,3.4380354486540285e-49
160,Phe_425,Cardiomyopathy,circulatory system,3.17648294301523e-05,29.92704424989578,0.012942763696628282,4.5084439532804324e-20
161,Phe_425.1,Primary__intrinsic cardiomyopathies,circulatory system,3.268608592842451e-05,7.490986415202025,0.02175452494209556,1.1457330707149499e-53
162,Phe_426,Cardiac conduction disorders,circulatory system,9.242186053550624e-05,5.8561692526786615,0.006342500130008794,6.921791890264652e-06
163,Phe_426.2,Atrioventricular [AV] block,circulatory system,2.1649795894553495e-05,8.722455108009825,0.009052725931652805,1.3864457303746546e-10
164,Phe_426.3,Bundle branch block,circulatory system,6.152504286084706e-05,5.989539566921861,0.009114949908269984,1.0367961818742325e-10
165,Phe_426.31,Right bundle branch block,circulatory system,4.2214708719748327e-05,8.029854585174823,0.030031369124407684,1.310783531594065e-100
166,Phe_426.32,Left bundle branch block,circulatory system,4.2453912855401866e-05,6.413656107300473,0.024613976878157043,3.391213628880333e-68
167,Phe_426.9,Cardiac pacemaker__device in situ,circulatory system,9.847285041748898e-05,9.44285570298393,0.012881351310569715,6.747231905706102e-20
168,Phe_426.91,Cardiac pacemaker in situ,circulatory system,0.00010310024096515084,5.367394061489779,0.022210583370959314,7.264696462709274e-56
169,Phe_427,Cardiac dysrhythmias,circulatory system,9.28783056187735e-05,4.7477258383313865,0.06182800073138425,0.0
170,Phe_427.1,"Paroxysmal tachycardia, unspecified",circulatory system,2.424262943294333e-05,3.6619590010420997,0.002780415007840462,0.04872753434020561
171,Phe_427.11,Paroxysmal supraventricular tachycardia,circulatory system,1.2904374557919569e-05,5.244524908510001,0.020693621709096718,9.925164685619293e-49
172,Phe_427.2,Atrial fibrillation and flutter,circulatory system,8.557579421281333e-05,4.367965874074585,0.04223126449613202,4.3984867569475486e-197
173,Phe_427.3,Other specified cardiac dysrhythmias,circulatory system,2.9279399046630008e-05,8.110008005248499,0.042405749109144915,1.0646314648505095e-198
174,Phe_427.4,Cardiac arrest and ventricular fibrillation,circulatory system,9.406025692229198e-06,5.7465765400566555,0.017281349192794164,1.6549616594816819e-34
175,Phe_427.7,Tachycardia NOS,circulatory system,5.697183215449199e-05,12.9235450982948,0.05968596602776736,0.0
176,Phe_427.9,Palpitations,circulatory system,8.505292042710226e-05,3.6244799782680666,0.016507986027843705,1.231981934823432e-31
177,Phe_428,Congestive heart failure; nonhypertensive,circulatory system,6.931879952537981e-05,7.5032291303632865,0.05156213307331672,7.042286409329735e-293
178,Phe_428.1,Congestive heart failure (CHF) NOS,circulatory system,6.44964062256158e-05,9.94525932193191,0.0447962592842826,1.6361082705477347e-221
179,Phe_428.2,Heart failure NOS,circulatory system,7.243352029079778e-05,7.783348145800327,0.0476971840867492,7.012376075094966e-251
180,Phe_430,Intracranial hemorrhage,circulatory system,4.9458560783575175e-05,4.794940791419765,0.004242618217704706,0.002634098205394441
181,Phe_433,Cerebrovascular disease,circulatory system,0.00010431279899216239,3.3960689344446946,0.009569094356257366,1.1734875349499903e-11
182,Phe_433.1,Occlusion and stenosis of precerebral arteries,circulatory system,0.00011497998335852979,4.916120122967629,0.012746041204368355,1.6294777288858094e-19
183,Phe_433.2,Occlusion of cerebral arteries,circulatory system,7.990817222748831e-05,4.53119965516107,0.019842404363566456,6.045589640696749e-45
184,Phe_433.21,"Cerebral artery occlusion, with cerebral infarction",circulatory system,4.935905230683716e-05,4.016514768406425,0.013147411524988354,1.1605294116110653e-20
185,Phe_433.3,Cerebral ischemia,circulatory system,0.00012830211687890123,7.725485097084837,0.023482982941478676,3.0886409171709886e-62
186,Phe_433.31,Transient cerebral ischemia,circulatory system,9.163872395233495e-05,4.063925098510294,0.014126937823695803,1.3133309545974988e-23
187,Phe_433.8,Late effects of cerebrovascular disease,circulatory system,-0.00012436088897114128,8.167311234122126,0.02681081902950608,1.4390592280626585e-80
188,Phe_440,Atherosclerosis,circulatory system,0.00010578806496174814,4.450688632035782,0.004623983342808389,0.0010460482336352222
189,Phe_442,Other aneurysm,circulatory system,6.297443005242286e-05,6.155207682602677,0.0029364785785799107,0.03737919343299678
190,Phe_442.1,Aortic aneurysm,circulatory system,5.287265328975231e-05,7.123960926010165,0.015564001526845282,2.631584624132764e-28
191,Phe_443,Peripheral vascular disease,circulatory system,0.0001286077309012676,5.716346341162375,0.030722678122981347,3.3155504863735194e-105
192,Phe_443.1,Raynaud's syndrome,circulatory system,1.592577788609347e-05,5.168862286228044,0.014684261145106767,2.235649407107911e-25
193,Phe_443.9,"Peripheral vascular disease, unspecified",circulatory system,0.00012111834260505991,6.18617728100571,0.027274192452594877,2.5943582860258232e-83
194,Phe_447,Other disorders of arteries and arterioles,circulatory system,0.00010586952370424007,5.583493579393502,0.010973466821130947,7.307655857910692e-15
195,Phe_451,Phlebitis and thrombophlebitis,circulatory system,2.2025913891525434e-05,3.7570748192509855,0.005320928318145577,0.00016201242854295582
196,Phe_451.2,Phlebitis and thrombophlebitis of lower extremities,circulatory system,2.1896520911070753e-05,3.233294388567171,0.013318570510383343,3.671000886888251e-21
197,Phe_454,Varicose veins,circulatory system,-0.00011416090344170584,3.898851227524607,0.006565384843064886,3.2542811751594594e-06
198,Phe_454.1,Varicose veins of lower extremity,circulatory system,-0.00011142427158393782,1.673272834134707,0.006798604788382208,1.43982960870052e-06
199,Phe_455,Hemorrhoids,circulatory system,1.2969297997731572e-05,1.7280683654871214,0.01124043871000095,1.6086198723759839e-15
200,Phe_458,Hypotension,circulatory system,0.347275933178686,289.29476108232586,1.0,0.0
201,Phe_458.1,Orthostatic hypotension,circulatory system,0.1192337259039201,8.6515844158172,0.03148502867789517,2.1387601629504942e-110
202,Phe_458.9,Hypotension NOS,circulatory system,0.23196883096438786,9.250980388824786,0.053859453347210144,0.0
203,Phe_459,Other disorders of circulatory system,circulatory system,3.775098044710031e-05,5.700389380932529,0.005565203204112669,7.97803327592672e-05
204,Phe_459.9,Circulatory disease NEC,circulatory system,3.874906612969511e-05,4.628076245786932,0.04921645873174911,5.3482338540130415e-267
205,Phe_465,Acute upper respiratory infections of multiple or unspecified sites,respiratory,9.320352621690852e-06,4.457546395721508,0.01270004949966332,2.194337214175593e-19
206,Phe_470,Septal Deviations__Turbinate Hypertrophy,respiratory,-7.677148558800383e-06,1.1984041469856084,0.0012883222343516285,0.36110652282904354
207,Phe_471,Nasal polyps,respiratory,0.00016847680692319084,1.9730828013611121,0.00529423345784248,0.00017475085857864895
208,Phe_473,Diseases of the larynx and vocal cords,respiratory,6.5527894604030814e-06,2.040160515390168,0.003994078811594697,0.004635771688885642
209,Phe_473.4,Voice disturbance,respiratory,5.133851483653046e-06,2.7273580169377523,0.005538595905086313,8.629936225200227e-05
210,Phe_474,Acute and chronic tonsillitis,respiratory,-6.32616719577612e-06,1.0295187227129035,5.8172823448552866e-05,0.9671067909340626
211,Phe_474.2,Chronic tonsillitis and adenoiditis,respiratory,-6.355835897916336e-05,1.6746440583636808,0.002086595075922162,0.13910428250149293
212,Phe_475,Chronic sinusitis,respiratory,6.725174540677164e-05,3.003340673413596,0.009971963596542866,1.5600632974166398e-12
213,Phe_476,Allergic rhinitis,respiratory,2.33945106284801e-05,2.083398485160783,0.003976394590400989,0.004820740075701096
214,Phe_477,Epistaxis or throat hemorrhage,respiratory,-9.555262622626265e-05,4.8379792811386695,0.019006768064598684,2.2060981344164118e-41
215,Phe_479,Other upper respiratory disease,respiratory,-4.469313830706126e-06,2.3708550603085117,0.008674854414601602,7.772985335602144e-10
216,Phe_480,Pneumonia,respiratory,5.836791807149315e-05,7.173333826313639,0.041598531235310925,2.8042183529842198e-191
217,Phe_480.1,Bacterial pneumonia,respiratory,5.0048475196822686e-05,6.29731340086857,0.017162193640109274,4.67432133980637e-34
218,Phe_480.11,Pneumococcal pneumonia,respiratory,4.954014222128808e-05,6.290276869224921,0.044351790506985046,3.5509727288634667e-217
219,Phe_495,Asthma,respiratory,0.00013498399728572756,2.0492131107646507,0.017525669751008676,1.9255180206499228e-35
220,Phe_496,Chronic airway obstruction,respiratory,8.182762865911871e-05,4.372754710338286,0.03121118862330249,1.6187762667990427e-108
221,Phe_496.1,Emphysema,respiratory,6.400482035847365e-05,5.108267853345573,0.018030350065228715,2.059232445892626e-37
222,Phe_496.2,Chronic bronchitis,respiratory,8.432016841064424e-05,1.8504995378400375,0.0015309982623152236,0.27779515404077704
223,Phe_496.21,Obstructive chronic bronchitis,respiratory,8.753563348026913e-05,6.246580536190572,0.029194584694263302,3.4855493898275315e-95
224,Phe_496.3,Bronchiectasis,respiratory,-1.0155714388991209e-05,4.213919889102909,0.01505294630044483,1.3874951280393856e-26
225,Phe_506,Empyema and pneumothorax,respiratory,9.702429632056583e-05,4.7314563728417784,0.012849397028503561,8.315944898026585e-20
226,Phe_507,Pleurisy; pleural effusion,respiratory,2.195684945042969e-05,6.293272865080085,0.04519341191567893,2.0057091981410736e-225
227,Phe_508,Pulmonary collapse; interstitial and compensatory emphysema,respiratory,-2.83894702353237e-05,6.943720193435675,0.02966518478809414,3.237852399357712e-98
228,Phe_509.1,Respiratory failure,respiratory,0.0001907637564313965,8.766507911585633,0.03604978982462719,3.929400750874897e-144
229,Phe_509.2,Respiratory insufficiency,respiratory,7.538379885526707e-05,8.81537361900807,0.03377411749462548,9.59506031466109e-127
230,Phe_512,Other symptoms of respiratory system,respiratory,1.122270605774188e-05,4.786718099109674,0.03828429828050321,2.623106165315841e-162
231,Phe_512.7,Shortness of breath,respiratory,9.921370855312358e-06,5.189143696543961,0.03400159454507272,1.9719849571926892e-128
232,Phe_512.8,Cough,respiratory,8.352048116818014e-06,5.49017446091108,0.02552150502157867,3.522458120617387e-73
233,Phe_514,Abnormal findings examination of lungs,respiratory,4.729538504765723e-05,4.191648060868671,0.016990146027479076,2.067174235322372e-33
234,Phe_516,Abnormal sputum,respiratory,1.3467042702770434e-05,10.794580637400218,0.00942122963302402,2.4121264093839594e-11
235,Phe_516.1,Hemoptysis,respiratory,1.3209278846979051e-05,3.7089071933631526,0.012450984583394964,1.0798045599965364e-18
236,Phe_519,"Other diseases of respiratory system, not elsewhere classified",respiratory,5.945722630662079e-05,3.9629419326346005,0.002974911834573817,0.0349581669543043
237,Phe_519.8,"Other diseases of respiratory system, NEC",respiratory,5.663875829287576e-05,4.657325462299913,0.0363495051102773,1.6591382690995784e-146
238,Phe_520,Disorders of tooth development,digestive,-2.920340049445752e-05,0.0,-0.0005875137576285324,0.6770636817683283
239,Phe_520.2,Disturbances in tooth eruption,digestive,-2.873875719543198e-05,0.5722942850293291,-0.001962941286982893,0.1640800436767015
240,Phe_521,Diseases of hard tissues of teeth,digestive,-3.686486818560695e-07,0.0,-0.00045507714281010615,0.7470039349912672
241,Phe_521.1,Dental caries,digestive,-5.836323677725813e-07,2.3677850329928036,0.007881876990220834,2.3056699947227865e-08
242,Phe_522,Diseases of pulp and periapical tissues,digestive,7.532861725264708e-06,0.72778556247126,-0.0006381899572442577,0.650983452706259
243,Phe_522.5,Periapical abscess,digestive,8.275389410065206e-06,3.3328889525613583,0.008089689144174253,9.770527001456771e-09
244,Phe_523,Gingival and periodontal diseases,digestive,4.771620896553983e-06,3.724825249987028,0.005989505152551597,2.177728925892493e-05
245,Phe_523.3,Periodontitis (acute or chronic),digestive,7.747491349037556e-06,0.0,-0.00027555768475592357,0.8451301417693181
246,Phe_525,Other diseases of the teeth and supporting structures,digestive,1.02651057767854e-05,3.390172981433506,0.012352991032369606,2.004275125679156e-18
247,Phe_528,"Diseases of the oral soft tissues, excluding lesions specific for gingiva and tongue",digestive,1.1701490694151584e-06,2.5547047075443823,0.006892171840684486,1.0304100687294243e-06
248,Phe_529,Diseases and other conditions of the tongue,digestive,1.3218672133873628e-05,1.7105381290898793,0.002174368647389444,0.12323029891884146
249,Phe_530,Diseases of esophagus,digestive,-0.0001448059817665917,4.59719257111528,0.008878592289115432,3.0953099656356854e-10
250,Phe_530.1,"Esophagitis, GERD and related diseases",digestive,-0.00017844038412301687,2.3546736220758304,0.013076735008989081,1.858753018364694e-20
251,Phe_530.11,GERD,digestive,-4.783185647801979e-05,2.80868700079928,0.02369428995785176,2.497595378885309e-63
252,Phe_530.12,Ulcer of esophagus,digestive,0.0001981497885152238,2.211928771692537,0.008360531672071717,3.09143108358242e-09
253,Phe_530.14,Reflux esophagitis,digestive,-7.499285783529988e-05,1.902616373804975,0.009293063609776825,4.465284517840715e-11
254,Phe_530.2,Esophageal bleeding (varices__hemorrhage),digestive,-3.7660807330585435e-08,4.218419386465228,0.013685804506511934,2.957419228946818e-22
255,Phe_530.3,Stricture and stenosis of esophagus,digestive,0.0,2.529684864308551,0.006814899639342645,1.3587494480454145e-06
256,Phe_530.9,Heartburn,digestive,-0.00023082491304174288,1.646471690123716,0.00294423977930964,0.036879107980259535
257,Phe_531,Peptic ulcer (excl. esophageal),digestive,9.793107212403849e-06,2.8905609091551487,0.016586723278014234,6.370198969354578e-32
258,Phe_531.2,Gastric ulcer,digestive,-3.100181331881355e-05,2.9548589410159742,0.012834557695312545,9.162141233140447e-20
259,Phe_531.3,Duodenal ulcer,digestive,-3.079121419270143e-06,2.862280321662588,0.010123659145498507,7.147488852895383e-13
260,Phe_532,Dysphagia,digestive,8.639076879718817e-08,2.9584353049523,0.01649586669576486,1.3632511205765472e-31
261,Phe_535,Gastritis and duodenitis,digestive,8.808934811315098e-05,2.4844770050400786,0.02026334022591443,8.502746105920161e-47
262,Phe_535.1,Acute gastritis,digestive,1.6265017193103706e-05,1.687834078660011,0.0023699679068640823,0.09295512818858437
263,Phe_535.6,Duodenitis,digestive,6.708731737496671e-05,2.441977981427101,0.012645179325074182,3.1254539451782277e-19
264,Phe_535.8,Other specified gastritis,digestive,3.6736760184865416e-05,2.2432976695504236,0.011822770844273515,5.2413491794427205e-17
265,Phe_537,Other disorders of stomach and duodenum,digestive,4.544478299749193e-05,3.586067152676516,0.015518327647114756,3.7706750358026463e-28
266,Phe_540,Appendiceal conditions,digestive,6.953886798765641e-05,4.678621473029528,0.005889031356539655,2.9848642374918726e-05
267,Phe_540.1,Appendicitis,digestive,7.321417063497099e-05,2.740275138804169,0.0039334274571470535,0.005298289044611645
268,Phe_540.11,Acute appendicitis,digestive,0.0001664688132183575,1.959738704106078,0.004453372653010063,0.001594580890423579
269,Phe_550,Abdominal hernia,digestive,-0.00014901859330932263,4.246840297744067,0.01938024930451845,5.892398845865443e-43
270,Phe_550.1,Inguinal hernia,digestive,-0.00015740213480176018,1.6111042946834881,0.007584806751772742,7.584217752784702e-08
271,Phe_550.2,Diaphragmatic hernia,digestive,-0.000156258875799283,2.2865095746088833,0.022123363329993387,1.9277701415740406e-55
272,Phe_550.4,Umbilical hernia,digestive,1.7935515700999347e-05,2.5601306290471313,0.009598179037832798,1.017130471080479e-11
273,Phe_550.5,Ventral hernia,digestive,-1.5010044659265867e-05,4.136111163279326,0.01845282513763735,4.181728629604455e-39
274,Phe_555,Inflammatory bowel disease and other gastroenteritis and colitis,digestive,-7.876526636018103e-05,2.5667384835502376,0.010312505454183708,2.662245073150966e-13
275,Phe_555.1,Regional enteritis,digestive,-5.579888953154801e-05,2.8726000272965746,0.007667287683018496,5.472837517966394e-08
276,Phe_555.2,Ulcerative colitis,digestive,-7.165610274051909e-05,2.2307065914781754,0.006614405100102098,2.7476912024577947e-06
277,Phe_556,Ulceration of the lower GI tract,digestive,2.4427675633572837e-08,4.727038579776567,0.007665061697015015,5.521481606598223e-08
278,Phe_557,Intestinal malabsorption (non-celiac),digestive,0.00010270721679494954,3.302451610528834,0.004005238233323896,0.004522381453584175
279,Phe_557.1,Celiac disease,digestive,0.00010284098087222033,1.5140225016385813,0.0021337593112402083,0.13038931365199383
280,Phe_558,Noninfectious gastroenteritis,digestive,6.273200561491056e-05,3.1128263444249087,0.025627102658942864,9.02229834521518e-74
281,Phe_559,Ileostomy status,digestive,-3.2425954839906166e-05,7.96338267065327,0.02796083937553823,1.8266104888588445e-87
282,Phe_560.4,Other intestinal obstruction,digestive,1.0607054803754054e-05,5.630335438400002,0.027294641049115248,1.9581973206388976e-83
283,Phe_561,Symptoms involving digestive system,digestive,6.403464928382227e-05,2.2327799339969614,0.015256269478796347,2.910083404768462e-27
284,Phe_561.2,Flatulence,digestive,1.5505532948394534e-05,4.334003911345706,0.014351259872491211,2.5968526476200816e-24
285,Phe_562,Diverticulosis and diverticulitis,digestive,4.891896274478167e-05,2.1426639662484064,0.020106655312696134,4.201320298557475e-46
286,Phe_562.1,Diverticulosis,digestive,4.904859782033794e-05,2.1426639662484064,0.020106655312696134,4.201320298557475e-46
287,Phe_563,Constipation,digestive,3.778697477855483e-05,5.002413732864737,0.04380098048609671,7.316555481730066e-212
288,Phe_564,Functional digestive disorders,digestive,2.174114901430009e-05,5.357310390413441,0.01277403482953226,1.3587880405678254e-19
289,Phe_564.1,Irritable Bowel Syndrome,digestive,2.9115550727842824e-05,3.208186839389341,0.016849867443094243,6.871631912156994e-33
290,Phe_564.8,Abnormal findings on exam of gastrointestinal tract__ abdominal area,digestive,1.3186941745658607e-05,3.5079319267277103,0.010732237260482327,2.783177592700173e-14
291,Phe_564.9,Personal history of diseases of digestive system,digestive,8.286216693878946e-06,3.108476761262347,0.027704113451642812,6.70183697351491e-86
292,Phe_565,Anal and rectal conditions,digestive,0.00031665882166342837,2.319094963477625,0.012008524436335691,1.6972573173675245e-17
293,Phe_565.1,Anal and rectal polyp,digestive,0.00037061447663504053,2.1014783334773512,0.009710736653640256,5.825537249041788e-12
294,Phe_568,Other disorders of peritoneum,digestive,2.8069169948277383e-05,8.938883067150519,0.01244943746152027,1.0904408167190889e-18
295,Phe_568.1,Peritoneal adhesions (postoperative) (postinfection),digestive,-7.021178218417504e-06,4.754894850421071,0.02214535417923985,1.5078178200394593e-55
296,Phe_569,Other disorders of intestine,digestive,4.314619936633491e-05,3.3984700273988353,0.014788746777862048,1.0239495827136592e-25
297,Phe_571,Chronic liver disease and cirrhosis,digestive,-4.915382444585881e-06,4.395686199589635,0.019919117459445954,2.7977919655279277e-45
298,Phe_571.5,Other chronic nonalcoholic liver disease,digestive,2.9941538280696587e-05,3.720509614197448,0.012158456246511979,6.7462742564806525e-18
299,Phe_572,Ascites (non malignant),digestive,8.771784381237724e-05,7.115717913718499,0.02536641255106459,2.5776486681829813e-72
300,Phe_573,Other disorders of liver,digestive,-8.043843619891898e-05,6.353139851219706,0.022516186979349564,2.3072636961773677e-57
301,Phe_573.7,Abnormal results of function study of liver,digestive,-8.978216086701626e-05,5.379555947188944,0.02723102866379531,4.6948272328383064e-83
302,Phe_574,Cholelithiasis and cholecystitis,digestive,-0.00023066844417268383,2.6327820541429277,0.020725740990672783,7.093211135315938e-49
303,Phe_574.1,Cholelithiasis,digestive,-0.0001243614981146301,2.9451250226417143,0.01827839626635711,2.1124242844644351e-38
304,Phe_574.11,Cholelithiasis with acute cholecystitis,digestive,-0.00012285461388899643,3.2388576028025735,0.008809461468849046,4.2401626968637957e-10
305,Phe_574.12,Cholelithiasis with other cholecystitis,digestive,-0.00012890531338179592,1.9534003462463414,0.006936415989934645,8.783351832646558e-07
306,Phe_574.2,Calculus of bile duct,digestive,-0.00010471271438026668,3.072575076854768,0.010472868351477703,1.135075119825576e-13
307,Phe_574.3,Cholecystitis without cholelithiasis,digestive,-0.0001261930553066503,3.45202568347263,0.012697578871150103,2.229635619067329e-19
308,Phe_575,Other biliary tract disease,digestive,-0.00011791893966433617,4.248522789118856,0.020775108180131504,4.228298616985685e-49
309,Phe_575.7,Other disorders of gallbladder,digestive,-0.00012034356998070663,3.6961492816415094,0.010125552776021458,7.077675883415055e-13
310,Phe_575.8,Other disorders of biliary tract,digestive,-0.00011523843974248984,5.605085995970064,0.01532857126762728,1.661629752403904e-27
311,Phe_577,Diseases of pancreas,digestive,-9.60119065044485e-05,8.30205716130295,0.018277324436166083,2.1334532414059047e-38
312,Phe_577.1,Acute pancreatitis,digestive,-0.00010775048946838732,2.9570162972639777,0.006835147138868499,1.2641068761579272e-06
313,Phe_578.1,Hematemesis,digestive,2.936945708108413e-06,6.574880933689223,0.024257792187217516,2.736668235822083e-66
314,Phe_578.2,Blood in stool,digestive,-1.4087137140226857e-05,5.18880647639212,0.02166863823050118,2.937166347013267e-53
315,Phe_578.9,Hemorrhage of gastrointestinal tract,digestive,1.3795265597331576e-05,3.276955943195816,0.018204761520123697,4.1662641348866124e-38
316,Phe_579,Other symptoms involving abdomen and pelvis,digestive,2.7945031695187962e-05,3.2143862342480647,0.007416918246801207,1.458415705427378e-07
317,Phe_579.8,Nonspecific abnormal findings in stool contents,digestive,8.611064718837687e-06,2.0089913964050408,0.004511731550598607,0.001382567105004268
318,Phe_580,Nephritis; nephrosis; renal sclerosis,genitourinary,8.542971770751679e-05,7.458796786652969,0.025063030446649898,1.221531930363133e-70
319,Phe_580.1,Glomerulonephritis,genitourinary,4.136986746754294e-05,7.3457967713211945,0.019318227343528747,1.0806025441255345e-42
320,Phe_585,Renal failure,genitourinary,9.362989537661451e-05,7.6313812465189965,0.06431743344396575,0.0
321,Phe_585.1,Acute renal failure,genitourinary,3.8939363664774734e-05,8.546922934994855,0.06117531701823486,0.0
322,Phe_585.2,Renal failure NOS,genitourinary,1.5597734531035063e-05,9.159356780492537,0.03077873798886257,1.3905969973158166e-105
323,Phe_585.3,Chronic renal failure [CKD],genitourinary,0.00015265549779782617,8.588156702257132,0.04396708308763268,1.857086658259506e-213
324,Phe_586,Other disorders of the kidney and ureters,genitourinary,4.351673764522078e-06,7.051874617212818,0.020906909056385467,1.0561449409663929e-49
325,Phe_586.2,"Cyst of kidney, acquired",genitourinary,8.26616277016619e-06,4.572767027800595,0.013796465514201581,1.3663880967408616e-22
326,Phe_590,Pyelonephritis,genitourinary,8.263323580970913e-05,4.762613658457856,0.014444527668746491,1.3139134925920993e-24
327,Phe_591,Urinary tract infection,genitourinary,-4.44651307526342e-05,5.061600554119021,0.046715825228349994,9.716177678992245e-241
328,Phe_592,Cystitis and urethritis,genitourinary,-2.2446866723315044e-06,2.393613284064291,0.0076707288786110744,5.3984539522857165e-08
329,Phe_592.1,Cystitis,genitourinary,-3.375660527806342e-06,2.363687213106037,0.006028166838066126,1.9264407587677216e-05
330,Phe_593,Hematuria,genitourinary,-0.00011005971174949314,2.148063300016348,0.01435869526420844,2.4599625490890927e-24
331,Phe_594,Urinary calculus,genitourinary,0.0008427293496354734,4.35029715913272,0.007182789502345183,3.547565261899086e-07
332,Phe_594.1,Calculus of kidney,genitourinary,0.001280792257525821,2.7018856938976397,0.009524787527720143,1.4579232928875912e-11
333,Phe_594.3,Calculus of ureter,genitourinary,0.007556179416360277,1.8232863093423899,0.003961498276767781,0.00498170215953564
334,Phe_594.8,Renal colic,genitourinary,0.00010777643081572868,2.456607352498521,0.006033054959353336,1.8967106045612527e-05
335,Phe_595,Hydronephrosis,genitourinary,1.6062631620536004e-05,6.021094214396375,0.0232041274490024,8.24677510887326e-61
336,Phe_596,Other disorders of bladder,genitourinary,-0.00016934786658417638,3.269175188801121,0.019636280649268527,4.72296416614497e-44
337,Phe_596.1,Bladder neck obstruction,genitourinary,-0.0002015422873814384,2.90973454086672,0.008087879009543298,9.844769559501425e-09
338,Phe_596.5,Functional disorders of bladder,genitourinary,-2.176125266564114e-06,3.7124327705431552,0.010358679373123571,2.0855185572864727e-13
339,Phe_597,Other disorders of urethra and urinary tract,genitourinary,6.763352838036982e-06,4.014265879958268,0.008242775485483885,5.121074597148088e-09
340,Phe_597.1,Urethral stricture (not specified as infectious),genitourinary,2.8057872376363996e-06,3.6381650943071793,0.015212116713066673,4.0923126540813166e-27
341,Phe_598,Abnormal findings on examination of urine,genitourinary,-0.011295502790350503,2.7137161270811543,0.00968417416462622,6.648134390274027e-12
342,Phe_599,Other symptoms__disorders or the urinary system,genitourinary,-7.972179992641172e-05,4.3316862621952525,0.027018411256660352,8.600633323544083e-82
343,Phe_599.2,Retention of urine,genitourinary,-4.42296722796895e-05,5.265223154177822,0.03736805125040714,1.008640035197919e-154
344,Phe_599.3,Dysuria,genitourinary,-1.7096013358788932e-05,4.512396620001617,0.012162219106076693,6.590913893653306e-18
345,Phe_599.4,Urinary incontinence,genitourinary,-3.898004823463712e-05,3.335155659819465,0.021563567218645392,9.245129066636041e-53
346,Phe_599.5,Frequency of urination and polyuria,genitourinary,-1.0611267524751091e-05,3.170353546107681,0.013415685552538963,1.8982115418942426e-21
347,Phe_599.9,Other abnormality of urination,genitourinary,0.00970190483478147,3.6118153820185666,0.010839715988831817,1.539322751707604e-14
348,Phe_611.3,Lump or mass in breast,genitourinary,3.598002935834915e-06,1.8372407885052446,0.0031536036251193227,0.0253836555087627
349,Phe_613,Other nonmalignant breast conditions,genitourinary,-1.0475567481249295e-06,0.0,-0.00035249702996459906,0.8026832243214239
350,Phe_681,Superficial cellulitis and abscess,dermatologic,5.3287723261587224e-05,5.068506595781989,0.009214447186607078,6.488776021154683e-11
351,Phe_681.3,Cellulitis and abscess of arm__hand,dermatologic,4.5136175173124036e-05,3.8563200388863295,0.021636045448622545,4.194297243057925e-53
352,Phe_686,Other local infections of skin and subcutaneous tissue,dermatologic,6.472019377017803e-06,5.188514861873998,0.015838513678663943,2.964010930157834e-29
353,Phe_686.1,Carbuncle and furuncle,dermatologic,-4.4333024000886745e-05,2.6214959349757674,0.007906553292503471,2.0844923050157275e-08
354,Phe_687,Symptoms affecting skin,dermatologic,6.664194679566268e-05,11.096237411376883,0.016031538498185848,6.241238987400115e-30
355,Phe_687.1,Rash and other nonspecific skin eruption,dermatologic,4.6932351870278686e-05,6.325303005747786,0.02547295367697259,6.576596450466463e-73
356,Phe_687.4,Disturbance of skin sensation,dermatologic,6.985320593395534e-06,4.183582951299,0.017108016751594363,7.476974336200585e-34
357,Phe_689,Disorder of skin and subcutaneous tissue NOS,dermatologic,9.681415797252335e-05,2.4864775931631207,0.011398941309815317,6.440827893515904e-16
358,Phe_695,Erythematous conditions,dermatologic,0.00010701608574851423,3.6270261678351017,0.013269085284228639,5.1281058764194545e-21
359,Phe_696,Psoriasis and related disorders,dermatologic,5.542232332265096e-05,2.804682599600536,0.008910476644996558,2.674988441243029e-10
360,Phe_696.4,Psoriasis,dermatologic,7.246846667376228e-05,3.486927710468599,0.010159319173514262,5.93948573052734e-13
361,Phe_696.41,Psoriasis vulgaris,dermatologic,7.098498272902412e-05,3.298685987255711,0.00982180761333584,3.340658562525998e-12
362,Phe_701,Other hypertrophic and atrophic conditions of skin,dermatologic,6.122891321160912e-05,1.6085679615356014,0.0024505041699040262,0.08236924541002438
363,Phe_701.2,Scar conditions and fibrosis of skin,dermatologic,7.326067903257531e-05,2.1649748256862553,0.00549879757144158,9.699654889543811e-05
364,Phe_702,Degenerative skin conditions and other dermatoses,dermatologic,9.548421654634273e-05,0.0,-0.00027555768475592357,0.8451301417693181
365,Phe_702.1,Actinic keratosis,dermatologic,9.747635498155678e-05,1.878049604533406,0.004544517521224408,0.001275181541249146
366,Phe_702.2,Seborrheic keratosis,dermatologic,4.450649336195435e-05,1.0769465279937678,0.0004209194032120804,0.7654140070971165
367,Phe_703,"Diseases of nail, NOS",dermatologic,1.851668758798215e-05,0.5683590591008366,-0.0008094928520158215,0.5660837817148452
368,Phe_704,Diseases of hair and hair follicles,dermatologic,-0.0001547996468279659,1.436894508687049,0.002978468743009327,0.03474103226677451
369,Phe_706,Diseases of sebaceous glands,dermatologic,-0.00017944925712837234,1.1943019292983263,0.0017611882919182846,0.2118620089436043
370,Phe_706.2,Sebaceous cyst,dermatologic,-0.00018225354328603807,1.1804873911155855,0.0016281035850977904,0.2484504664306461
371,Phe_707,Chronic ulcer of skin,dermatologic,6.0621298969309813e-05,9.225144349411487,0.03067592493076441,6.8350126360710095e-105
372,Phe_709,Diffuse diseases of connective tissue,dermatologic,0.00011981251472101602,2.014988385648041,0.005368212226170213,0.00014156716033143134
373,Phe_709.7,Unspecified diffuse connective tissue disease,dermatologic,0.00014443090219391782,1.4111939564991505,0.0018354513148380993,0.19322251377060612
374,Phe_714,Rheumatoid arthritis and other inflammatory polyarthropathies,musculoskeletal,7.623082626531694e-05,3.3143425983245187,0.00475580322591635,0.0007481845930313261
375,Phe_714.1,Rheumatoid arthritis,musculoskeletal,7.486453833384978e-05,3.8245503460621775,0.014918258705183589,3.860522136699452e-26
376,Phe_715,Other inflammatory spondylopathies,musculoskeletal,-6.952445943895371e-05,3.2323436992438643,0.004300231265145629,0.0023011194749344246
377,Phe_716,Other arthropathies,musculoskeletal,6.326131284927023e-05,5.96484043468713,0.004062978405338959,0.003974833921794768
378,Phe_716.2,Unspecified monoarthritis,musculoskeletal,4.1709196285915476e-05,2.6495788837255083,0.02155914364298982,9.701208201863344e-53
379,Phe_716.9,Arthropathy NOS,musculoskeletal,6.338998551057752e-05,2.839398217386604,0.031166082510577096,3.28944690102354e-108
380,Phe_717,Polymyalgia Rheumatica,musculoskeletal,6.659023283674596e-05,3.5405784120223456,0.00936551998936518,3.15560969508397e-11
381,Phe_720,Spinal stenosis,musculoskeletal,-7.252557149221021e-06,3.6194161350782506,0.00728811244962341,2.3861667579837097e-07
382,Phe_721,Spondylosis and allied disorders,musculoskeletal,5.568808484063066e-05,5.7964341929063465,0.016199052286557995,1.5905200368095727e-30
383,Phe_721.1,Spondylosis without myelopathy,musculoskeletal,4.067016110682833e-05,5.567184405707989,0.014495097313372443,9.06470813580403e-25
384,Phe_722,Intervertebral disc disorders,musculoskeletal,4.948506463305402e-05,2.47109618984293,0.012240785785015048,4.045590836587092e-18
385,Phe_722.6,Degeneration of intervertebral disc,musculoskeletal,3.156827184979891e-05,3.408184988495869,0.013221290933453847,7.074028640424174e-21
386,Phe_722.9,Other and unspecified disc disorder,musculoskeletal,-0.0002979228122091235,1.8979973966036572,0.005711079631515758,5.155365351177187e-05
387,Phe_724,Other and unspecified disorders of back,musculoskeletal,-0.004255154466643235,3.5764462221716107,0.005779802799785253,4.182014820138295e-05
388,Phe_726,Peripheral enthesopathies and allied syndromes,musculoskeletal,4.4769304520114465e-05,1.649833747803991,0.00601147073802658,2.0313711262586626e-05
389,Phe_726.1,Enthesopathy,musculoskeletal,4.01794376249617e-05,1.8798725463771808,0.007326989555461012,2.0584206613436235e-07
390,Phe_727,"Other disorders of synovium, tendon, and bursa",musculoskeletal,0.0001706925360885787,1.1067129345154012,0.00032094588867269343,0.8200270105946912
391,Phe_727.1,Synovitis and tenosynovitis,musculoskeletal,1.806880218932428e-05,1.6883265893336787,0.0033593017037305234,0.01725031103700569
392,Phe_727.4,"Ganglion and cyst of synovium, tendon, and bursa",musculoskeletal,0.0004586454072671679,1.512746509643636,0.002710524891812357,0.05467821954924562
393,Phe_728,"Disorders of muscle, ligament, and fascia",musculoskeletal,0.00015116194860121868,0.0,-0.000729104989382695,0.6052652595945052
394,Phe_728.7,Fasciitis,musculoskeletal,0.00016908525917960516,1.6298296399004273,0.0009862843968073403,0.48445726837328007
395,Phe_728.71,Contracture of palmar fascia [Dupuytren's disease],musculoskeletal,0.00018585060689135923,1.6284534820282908,0.0031233667413807747,0.02682333048735531
396,Phe_729,Other disorders of soft tissues,musculoskeletal,8.981073570768249e-05,3.613925809897887,0.008703487258163287,6.837919177428798e-10
397,Phe_729.1,"Rheumatism, unspecified and fibrositis",musculoskeletal,8.10105121459563e-06,8.617290755643749,0.013726635108565465,2.2258254269469084e-22
398,Phe_733,Other disorders of bone and cartilage,musculoskeletal,4.874127451694767e-06,4.825600685276495,0.011018929428489326,5.661419373120202e-15
399,Phe_733.8,Malunion and nonunion of fracture,musculoskeletal,2.164142586370566e-06,1.3090260682458184,0.0003817668424170409,0.7866797431898394
400,Phe_735,Acquired foot deformities,musculoskeletal,-0.00010777233581189354,2.822387912998301,0.0021682921250923935,0.1242815673972422
401,Phe_735.2,Acquired toe deformities,musculoskeletal,3.930535105201688e-05,2.0538167622477492,0.004775926497652845,0.0007103578304159551
402,Phe_735.21,Hammer toe (acquired),musculoskeletal,7.714918205450076e-06,1.5033877710291617,0.0021766077759771277,0.12284467401333299
403,Phe_735.23,Hallux rigidus,musculoskeletal,4.2769811401307875e-06,1.8291983920575077,0.003130197341964143,0.026492080386471644
404,Phe_735.3,Hallux valgus (Bunion),musculoskeletal,-0.00011705084333972756,1.8360763146300603,0.0066425641119779765,2.4918718058812305e-06
405,Phe_736,Other acquired deformities of limbs,musculoskeletal,-3.7117693838526486e-05,6.591526201875779,0.009236577988362062,5.842578488425329e-11
406,Phe_737,Curvature of spine,musculoskeletal,-6.467691379174983e-05,8.035965585620163,0.003507534450125026,0.012903992969199456
407,Phe_737.3,Kyphoscoliosis and scoliosis,musculoskeletal,-5.606179136758996e-05,6.060644436082246,0.011258574142965187,1.4495898300676334e-15
408,Phe_738,Other acquired musculoskeletal deformity,musculoskeletal,-0.000202251498591085,4.141233798724501,0.005774010064400515,4.256801371892263e-05
409,Phe_738.4,Acquired spondylolisthesis,musculoskeletal,-0.0002848176522542825,0.7178530051670616,-0.0004707752266703811,0.7385905640645591
410,Phe_740,Osteoarthrosis,musculoskeletal,0.0001458545233810841,3.387209173406775,0.036683250442192485,3.570387114498248e-149
411,Phe_740.1,Osteoarthritis; localized,musculoskeletal,0.00019743239534194575,4.40748112476616,0.03411337215391264,2.895543413603449e-129
412,Phe_740.11,"Osteoarthrosis, localized, primary",musculoskeletal,9.528361976040607e-05,2.3206782336353156,0.012018737960462019,1.594433723090366e-17
413,Phe_740.9,Osteoarthrosis NOS,musculoskeletal,7.531522744436107e-05,3.4114948240840315,0.018607645415413696,9.805514033788402e-40
414,Phe_741,Symptoms and disorders of the joints,musculoskeletal,4.191617166487831e-05,2.023040287288992,0.0022743975620560398,0.10690458487895418
415,Phe_741.4,Joint effusions,musculoskeletal,6.075241933282287e-05,6.188123231707504,0.008339100195464418,3.390577709120214e-09
416,Phe_742,"Derangement of joint, non-traumatic",musculoskeletal,-9.316133190182379e-06,11.571790443293034,0.006211072328200499,1.0680808053573544e-05
417,Phe_742.9,Other derangement of joint,musculoskeletal,-1.649381962683173e-05,3.517261532915816,0.00657696117176873,3.1271330888608106e-06
418,Phe_743,"Osteoporosis, osteopenia and pathological fracture",musculoskeletal,8.608402098694425e-05,4.666044533585901,0.024254297255458548,2.8562461005783185e-66
419,Phe_743.1,Osteoporosis,musculoskeletal,9.024986814621131e-05,4.709563687282225,0.023807465550501138,6.43454478563084e-64
420,Phe_743.11,Osteoporosis NOS,musculoskeletal,8.426409900363006e-05,4.713560262033822,0.02382288902775437,5.3460468560228874e-64
421,Phe_745,Pain in joint,musculoskeletal,4.1394288816505654e-05,3.5137015516071965,0.010405036611875158,1.6304171761130106e-13
422,Phe_747,Cardiac and circulatory congenital anomalies,congenital anomalies,0.00011152466788985636,0.0,-0.0005188724216271096,0.7130109975217164
423,Phe_747.1,Cardiac congenital anomalies,congenital anomalies,0.00011406376720779565,3.857263481097678,0.004112936708690163,0.0035504324349236605
424,Phe_747.13,Congenital anomalies of great vessels,congenital anomalies,0.00011648580084564748,4.879670668858509,0.01742361795388043,4.7462653719770603e-35
425,Phe_751,Genitourinary congenital anomalies,congenital anomalies,0.0,4.014265879958268,0.011669630715833065,1.3109006564790489e-16
426,Phe_939,Atopic__contact dermatitis due to other or unspecified,dermatologic,4.751868922675867e-05,3.8244019532034854,0.013737530942561136,2.0629775654169805e-22
