,PheCode,description,category,f_score,RR,phi,pval
0,Phe_112,Candidiasis,infectious diseases,5.447243374018879e-05,3.8469779513710236,0.0180829300662468,1.2740678350526289e-37
1,Phe_153,Colorectal cancer,neoplasms,-1.2974589481363021e-05,0.0,-0.0006440736444890944,0.6479821757434738
2,Phe_153.2,Colon cancer,neoplasms,-2.2188191584512603e-05,1.7386002425929687,0.005219269939742912,0.00021574349897516626
3,Phe_153.3,"Malignant neoplasm of rectum, rectosigmoid junction, and anus",neoplasms,-2.5430551688030117e-05,1.5046339269566635,0.002918543622141955,0.03855693483965404
4,Phe_158,Neoplasm of unspecified nature of digestive system,neoplasms,2.2242557254105678e-05,1.0168277986374978,7.093463969075797e-05,0.9598962893843195
5,Phe_159,Malignant neoplasm of other and ill-defined sites within the digestive organs and peritoneum,neoplasms,-5.4851455380269035e-06,2.2467445765690464,0.011555761465604303,2.572334585103119e-16
6,Phe_165,Cancer within the respiratory system,neoplasms,-2.3497508160976906e-05,1.6663689063630203,0.0029260432807467463,0.03806066985068686
7,Phe_165.1,Cancer of bronchus; lung,neoplasms,-2.366586934294238e-05,1.2426382855281397,0.0015759532867968974,0.2639288385301873
8,Phe_172,Skin cancer,neoplasms,-0.0003773888928978506,1.4578176324551946,0.006921278475453671,9.277560718546905e-07
9,Phe_172.2,Other non-epithelial cancer of skin,neoplasms,-0.00037970771377167134,1.4721535374500994,0.006427950868776171,5.197468761113844e-06
10,Phe_174,Breast cancer,neoplasms,4.4881107897322295e-05,1.301395723264074,0.004356371271869413,0.0020141800135775783
11,Phe_189,Cancer of urinary organs (incl. kidney and bladder),neoplasms,-1.9936114513650566e-05,21.85656197201404,0.1419816842897661,0.0
12,Phe_189.11,"Malignant neoplasm of kidney, except pelvis",neoplasms,-9.718912221728845e-06,3.2698533009102717,0.009240662388363076,5.730400921989285e-11
13,Phe_189.2,Cancer of bladder,neoplasms,-1.3596899065131256e-05,34.07913773615372,0.11629072102653301,0.0
14,Phe_189.21,Malignant neoplasm of bladder,neoplasms,-1.014136844136423e-05,25.88570998585465,0.1444135027075838,0.0
15,Phe_195,"Cancer, suspected or other",neoplasms,-0.00016510794877735654,3.297409672603735,0.008404817347534151,2.5524572371124963e-09
16,Phe_195.1,"Malignant neoplasm, other",neoplasms,-0.00016788003747627,2.710510516613511,0.02827633935672916,2.0855396558950026e-89
17,Phe_197,Chemotherapy,neoplasms,1.1461802228568002e-05,2.908536039746677,0.034382962533788766,2.7606080603618475e-131
18,Phe_198,Secondary malignant neoplasm,neoplasms,0.00012579964383209965,2.4973386834658444,0.0067138956878511225,1.942073471837376e-06
19,Phe_198.1,Secondary malignancy of lymph nodes,neoplasms,0.00012471131895096672,1.354498309122089,0.0034208214185180467,0.015310966611255876
20,Phe_198.2,Secondary malignancy of respiratory organs,neoplasms,4.377813864919288e-05,1.8443097405049658,0.0054415366210156775,0.00011460283494899997
21,Phe_198.3,Secondary malignant neoplasm of digestive systems,neoplasms,2.5791690981813008e-05,1.845429024432446,0.004500433610942762,0.0014214631895365349
22,Phe_198.4,Secondary malignant neoplasm of liver,neoplasms,-3.024334618779568e-06,1.699303583204012,0.004880238761768111,0.0005411883316996772
23,Phe_198.6,Secondary malignancy of bone,neoplasms,0.0021560602709614534,1.806169670429732,0.005109649255804899,0.00029219659228244595
24,Phe_199,Neoplasm of uncertain behavior,neoplasms,1.2949922661653962e-05,2.7046934711233113,0.0073438049501113045,1.9305509294716626e-07
25,Phe_202,"Cancer of other lymphoid, histiocytic tissue",neoplasms,-9.077125140407006e-05,2.5841020424745014,0.006982252858568808,7.436670008211722e-07
26,Phe_202.2,Non-Hodgkins lymphoma,neoplasms,-8.60643103403289e-05,1.7665905518270073,0.00374691420782191,0.007905021924327682
27,Phe_204,Leukemia,neoplasms,-2.5311981240140595e-06,2.9751628182356424,0.005376243605713477,0.00013834562571487366
28,Phe_208,Benign neoplasm of colon,neoplasms,-6.327448466331061e-05,1.6583445059742616,0.012623420056399872,3.594583071421923e-19
29,Phe_211,Benign neoplasm of other parts of digestive system,neoplasms,-1.6932376619246104e-05,1.8768304133937779,0.008614635379159368,1.0164512898141911e-09
30,Phe_214,Lipoma,neoplasms,0.0005579022202759912,1.7425787689783148,0.003989105365047381,0.004687130965600296
31,Phe_214.1,Lipoma of skin and subcutaneous tissue,neoplasms,0.0005575478290818714,1.062874481060664,0.0005493330344270048,0.6969743596288644
32,Phe_215,Other benign neoplasm of connective and other soft tissue,neoplasms,-4.7365198726309535e-06,1.5501850355536413,0.0022572840568632355,0.10956924593817643
33,Phe_216,Benign neoplasm of skin,neoplasms,-7.54392425391706e-05,1.4021086618851486,0.004662486990227061,0.0009493091128963694
34,Phe_228,"Hemangioma and lymphangioma, any site",neoplasms,-1.3100522994935026e-05,2.4033348670984296,0.006910916563078453,9.63117704074752e-07
35,Phe_229,Benign neoplasm of unspecified sites,neoplasms,2.6920412800689803e-05,1.5272306668139524,0.0030867532845906035,0.02866052080619744
36,Phe_241,Nontoxic nodular goiter,endocrine/metabolic,3.098955511044074e-06,0.0,-0.00046153398722535385,0.7435396800367915
37,Phe_242,Thyrotoxicosis with or without goiter,endocrine/metabolic,-4.8978160340139045e-05,2.6445891717650154,0.008110327477096562,8.961596901019078e-09
38,Phe_244,Hypothyroidism,endocrine/metabolic,-7.781990046649662e-06,2.2197853221599626,0.019568582197853557,9.23462848319204e-44
39,Phe_244.1,Secondary hypothyroidism,endocrine/metabolic,-5.8796865702433626e-05,1.9108087959372577,0.004070178532115189,0.003910953424867578
40,Phe_244.4,Hypothyroidism NOS,endocrine/metabolic,-4.6547300263916926e-06,2.253027634978849,0.01960024001439416,6.750988984921996e-44
41,Phe_250.1,Type 1 diabetes,endocrine/metabolic,1.9024451392841856e-05,2.787763182105235,0.011778065549470692,6.857850607771685e-17
42,Phe_250.2,Type 2 diabetes,endocrine/metabolic,0.00014839818114514803,2.2146577158214753,0.022932959687466746,1.937453513399714e-59
43,Phe_250.23,Type 2 diabetes with ophthalmic manifestations,endocrine/metabolic,2.326479534841117e-05,3.9877346578191264,0.015149645029155518,6.618233302652761e-27
44,Phe_250.7,Diabetic retinopathy,endocrine/metabolic,2.202006380914978e-05,3.9258293332475485,0.014952798073780667,2.972039763408872e-26
45,Phe_260,Protein-calorie malnutrition,endocrine/metabolic,4.222888185087938e-06,1.5938372240548084,0.0011529247887434265,0.41376911803313143
46,Phe_261,Vitamin deficiency,endocrine/metabolic,-8.513464138800354e-05,0.0,-0.0006353096972355701,0.6524547464713408
47,Phe_272,Disorders of lipoid metabolism,endocrine/metabolic,-6.33298989803696e-05,2.0090484839265166,0.02621275271088443,4.2710633043905445e-77
48,Phe_272.1,Hyperlipidemia,endocrine/metabolic,-6.284562571476772e-05,2.255291875997922,0.011858327896111187,4.2294194323948813e-17
49,Phe_272.11,Hypercholesterolemia,endocrine/metabolic,-5.8809198504700205e-05,2.0519187484391135,0.026200836118410877,4.999571971483399e-77
50,Phe_274,Gout and other crystal arthropathies,endocrine/metabolic,-3.347406244757267e-05,2.88550037713813,0.01210527783314293,9.369894068673993e-18
51,Phe_274.1,Gout,endocrine/metabolic,-3.5761810589505815e-05,3.0500271202788505,0.012354758795223091,1.982120397691715e-18
52,Phe_275,Disorders of mineral metabolism,endocrine/metabolic,-7.561667668472591e-06,0.0,-0.00042353136923596276,0.764001391691491
53,Phe_275.5,Disorders of calcium__phosphorus metabolism,endocrine/metabolic,-3.07311878227059e-05,2.092282855658523,0.005019940341459171,0.000372938830660308
54,Phe_276,"Disorders of fluid, electrolyte, and acid-base balance",endocrine/metabolic,-8.707064428573731e-06,2.934957915286512,0.02396491763655537,9.64810722162021e-65
55,Phe_276.1,Electrolyte imbalance,endocrine/metabolic,-9.230412649161496e-06,2.2313721136767315,0.002020306902223767,0.15210241031397487
56,Phe_276.12,Hyposmolality and__or hyponatremia,endocrine/metabolic,-1.25300677513395e-05,3.2095078347405046,0.013896830393382777,6.74755239192314e-23
57,Phe_276.14,Hypopotassemia,endocrine/metabolic,-3.442675849698575e-06,2.6174452946354627,0.008969175488979563,2.0420580797264787e-10
58,Phe_276.5,Hypovolemia,endocrine/metabolic,-2.585526957995865e-06,3.102967015222788,0.015831673681430288,3.131178659646484e-29
59,Phe_277,Other disorders of metabolism,endocrine/metabolic,7.00014982553031e-05,2.963309579915979,0.008079262384068205,1.0205763847635606e-08
60,Phe_278,"Overweight, obesity and other hyperalimentation",endocrine/metabolic,1.1652772717123356e-05,0.0,-0.0002117631560624294,0.8806751324117792
61,Phe_278.1,Obesity,endocrine/metabolic,1.43489187377325e-05,2.49234790920704,0.02232236060484818,2.0683550876564823e-56
62,Phe_280,Iron deficiency anemias,hematopoietic,-5.019132196603208e-05,1.9351391107235416,0.011482845404960798,3.947554596063016e-16
63,Phe_280.1,"Iron deficiency anemias, unspecified or not due to blood loss",hematopoietic,-4.011620406779311e-05,1.892983518539342,0.010723438600529723,2.9207028819249204e-14
64,Phe_281,Other deficiency anemia,hematopoietic,-2.2993336865279823e-05,0.0,-0.0003176463144243528,0.8218460518031028
65,Phe_281.1,Megaloblastic anemia,hematopoietic,2.353845820393423e-05,11.156860568383658,0.00430174906366629,0.0022928931163896478
66,Phe_285,Other anemias,hematopoietic,-2.7683601189256966e-05,2.2141509397012773,0.017635745190468344,7.234422796998309e-36
67,Phe_287,Purpura and other hemorrhagic conditions,hematopoietic,-4.987212744544741e-05,0.0,-0.0013012849643411592,0.35629514665462725
68,Phe_287.3,Thrombocytopenia,hematopoietic,-4.877292937692537e-05,2.206003078276552,0.005754942607737949,4.512032788216243e-05
69,Phe_288,Diseases of white blood cells,hematopoietic,-0.0001229476515188681,1.3641576240818447,0.001168024660985315,0.4076802853840237
70,Phe_289,Other diseases of blood and blood-forming organs,hematopoietic,8.626834286372472e-05,2.139264875961713,0.003308172334158021,0.019022786893184693
71,Phe_289.4,Lymphadenitis,hematopoietic,8.364749092632598e-05,1.8430212148362386,0.00571626968252887,5.0749398211957866e-05
72,Phe_290,Delirium dementia and amnestic and other cognitive disorders,mental disorders,-0.00017391722487262727,2.773456864456955,0.004999908983714113,0.00039361498214870815
73,Phe_292,Neurological disorders,mental disorders,-0.00014527397583907035,2.989398047031029,0.006095440044650085,1.553660912680702e-05
74,Phe_292.1,Aphasia__speech disturbance,mental disorders,-4.207675139605929e-05,2.666535969870949,0.008683320424292231,7.484239012825438e-10
75,Phe_292.4,Altered mental status,mental disorders,-0.0001672783132476086,3.130111104241634,0.013994807481039005,3.372155754216879e-23
76,Phe_293,Symptoms involving head and neck,mental disorders,-9.003725708465504e-06,1.1414479018452908,0.0007968457317426683,0.572166682232601
77,Phe_296,Mood disorders,mental disorders,-3.4987946843150976e-06,0.0,-0.0011306296511237781,0.42285709290556606
78,Phe_296.1,Bipolar,mental disorders,3.2455372252472836e-06,2.1158363149024533,0.004737832908691344,0.0007835370149778731
79,Phe_296.2,Depression,mental disorders,-3.799761358275587e-06,1.5938372240548084,0.0014887515790781233,0.291270753284555
80,Phe_300,Anxiety disorders,mental disorders,1.1526327824615094e-05,2.7675933192889697,0.004253524830735762,0.0025678677438213246
81,Phe_300.1,Anxiety disorder,mental disorders,3.195907484245657e-05,2.82596407002262,0.019319557368585188,1.06666208582206e-42
82,Phe_306,Other mental disorder,mental disorders,-7.902043355245559e-05,2.204685346846494,0.0287268048380519,3.2225904769432465e-92
83,Phe_317,Alcohol-related disorders,mental disorders,-2.8248632997158285e-05,1.2768298203495918,0.0026375742781542693,0.0615239106295983
84,Phe_317.1,Alcoholism,mental disorders,-3.0404644310070336e-05,1.6826976300365946,0.008154529334702844,7.442104943109683e-09
85,Phe_318,Tobacco use disorder,mental disorders,-4.739561517901525e-05,1.9117512085048305,0.01674455604676921,1.6822767452906664e-32
86,Phe_327,Sleep disorders,neurological,-3.5729624839736405e-06,1.4332901168142511,0.0017003979367174427,0.22806090618773134
87,Phe_327.3,Sleep apnea,neurological,-3.2070193170362975e-06,2.1848784210851866,0.010464912700199622,1.1844634197322266e-13
88,Phe_331,Other cerebral degenerations,neurological,-9.287736094525373e-05,1.2998284157340185,0.000644641388025532,0.6476928703863811
89,Phe_332,Parkinson's disease,neurological,0.00020711770906207218,2.486978207193881,0.006944472346502231,8.530766077829977e-07
90,Phe_334,Degenerative disease of the spinal cord,neurological,-3.833772186850397e-06,2.4949516870686628,0.007471145426536182,1.1825322313270143e-07
91,Phe_335,Multiple sclerosis,neurological,-0.0002461006985239489,4.4325224831501675,0.015326077343189994,1.694134090480193e-27
92,Phe_339,Other headache syndromes,neurological,9.7265104305106e-05,1.92846823957185,0.010566377024224074,6.864301674725017e-14
93,Phe_340,Migraine,neurological,2.134996911185458e-05,1.8090784989507325,0.005603858530148268,7.11337657020212e-05
94,Phe_342,Hemiplegia,neurological,-3.6974955276368186e-06,2.757467977876937,0.009252078312875644,5.427919549446205e-11
95,Phe_345,"Epilepsy, recurrent seizures, convulsions",neurological,3.2280492242755324e-07,2.5663138051588628,0.011459922378839336,4.514043218258052e-16
96,Phe_345.3,Convulsions,neurological,-1.7941390528860124e-06,2.0358256979523603,0.0063518832185994875,6.708578563090085e-06
97,Phe_348,Other conditions of brain,neurological,-7.050551762968473e-06,1.5590372846649654,0.0008959343176428646,0.5253600881783411
98,Phe_350,Abnormal movement,neurological,2.1037720930907206e-06,2.3101264235712047,0.009957082170182957,1.6831834945931686e-12
99,Phe_350.2,Abnormality of gait,neurological,-9.889441423910546e-07,2.2687230418039923,0.0076544894616078435,5.758293823659402e-08
100,Phe_351,Other peripheral nerve disorders,neurological,-5.172909084059115e-05,1.7430953923309997,0.0104366482402531,1.3776128418586195e-13
101,Phe_352,Disorders of other cranial nerves,neurological,0.02261384955440496,0.0,-0.0010902282215773246,0.43962016295399653
102,Phe_353,Nerve root and plexus disorders,neurological,1.8394333194051973e-05,1.5797324698596331,0.002445311829282049,0.08302089768199394
103,Phe_357,Inflammatory and toxic neuropathy,neurological,-4.050732181243999e-05,2.5905111609967335,0.008048881260926769,1.1584147534729534e-08
104,Phe_361,Retinal detachments and defects,sense organs,3.7224796045242745e-06,1.1250615699210411,0.0007096747229694528,0.6149149883353979
105,Phe_361.1,Retinal detachment with retinal defect,sense organs,-1.759104878556601e-05,1.085715777561917,0.0004039217676332787,0.7746256171159598
106,Phe_362,Other retinal disorders,sense organs,2.379743274713182e-05,1.324971295570529,0.001326566856709215,0.34702815871392245
107,Phe_362.2,Degeneration of macula and posterior pole of retina,sense organs,2.567821775758258e-05,2.2590454200726215,0.008412550423965206,2.468239116473353e-09
108,Phe_362.29,Macular degeneration (senile) of retina NOS,sense organs,2.923672846189155e-05,2.2590454200726215,0.008412550423965206,2.468239116473353e-09
109,Phe_365,Glaucoma,sense organs,-0.002334123420976682,1.8749120250443148,0.007159544875829953,3.869237223997674e-07
110,Phe_365.1,Open-angle glaucoma,sense organs,-0.00085599890493769,1.7146082410322805,0.003281578629652453,0.02000615692456892
111,Phe_365.11,Primary open angle glaucoma,sense organs,-0.0007949080499684886,1.625423714301208,0.0028666420587860533,0.04214429200074426
112,Phe_366,Cataract,sense organs,-5.952181776524345e-05,1.838879987345468,0.015028164015352946,1.6760921325810677e-26
113,Phe_366.2,Senile cataract,sense organs,-0.00014462787606511003,1.9370942255738355,0.012346429255180879,2.0886706716854646e-18
114,Phe_367,Disorders of refraction and accommodation; blindness and low vision,sense organs,2.6653231746023735e-06,0.0,-0.00126633467454917,0.3693603229624406
115,Phe_367.1,Myopia,sense organs,4.638885384530628e-06,0.6004653453430898,-0.0019337944100576135,0.17043167720663177
116,Phe_368,Visual disturbances,sense organs,-6.186375619565731e-06,1.7216132040423249,0.0031171982945983508,0.02712553652731737
117,Phe_371,Inflammation of the eye,sense organs,0.00034613088360337926,1.2483200635953744,0.0003144563069170777,0.8236056005171707
118,Phe_371.3,Inflammation of eyelids,sense organs,0.00038876848441914916,0.8660267754718668,-0.0008173195235583997,0.562334992322746
119,Phe_374,Other disorders of eyelids,sense organs,2.573229611995548e-06,1.612017876800681,0.004221304762078699,0.002768051425786518
120,Phe_374.1,Ectropion or entropion,sense organs,3.423607889420001e-06,1.4678222632661613,0.001972648793362119,0.16200468457486605
121,Phe_374.3,Ptosis of eyelid,sense organs,9.98869505252984e-06,1.8608613308398658,0.004736621632613276,0.0007859748360317321
122,Phe_375,Disorders of lacrimal system,sense organs,-1.2587039645660381e-05,1.370931937262988,0.0019583237049414213,0.16507423472186605
123,Phe_378,Strabismus and other disorders of binocular eye movements,sense organs,-1.614925317457381e-05,1.3946075710479573,0.00047276399585515855,0.7375268919059108
124,Phe_379,Other disorders of eye,sense organs,-1.98921734525522e-05,1.1795799719876996,0.0004053225610964467,0.7738652579685238
125,Phe_379.2,Disorders of vitreous body,sense organs,1.2068246618033132e-06,1.5293554705828147,0.0025744764056746233,0.06800364187975373
126,Phe_379.3,Aphakia and other disorders of lens,sense organs,-2.254001569563609e-05,2.1007653222599147,0.00664427022832544,2.4771301183563016e-06
127,Phe_380,Disorders of external ear,sense organs,3.028968061890458e-06,1.2129769134369548,0.0006706770776255969,0.6344836027078598
128,Phe_381,Otitis media and Eustachian tube disorders,sense organs,7.235068801034537e-06,1.6903190850983698,0.003986353432184162,0.004715770199347368
129,Phe_381.1,Otitis media,sense organs,5.554601508889078e-06,1.7488710757998178,0.003001651311404986,0.0333538612654037
130,Phe_384,Other disorders of tympanic membrane,sense organs,3.81517101220142e-06,1.4280781527531083,0.0010140115811402902,0.47226000479597363
131,Phe_384.4,Perforation of tympanic membrane,sense organs,-3.466961288503294e-06,1.2823977664808806,0.0011171253599484264,0.4284181185001992
132,Phe_386,Vertiginous syndromes and other disorders of vestibular system,sense organs,-0.00010834171619381776,3.643056512125276,0.002770642657661619,0.04952538264889447
133,Phe_386.9,Dizziness and giddiness (Light-headedness and vertigo),sense organs,-0.0001662952256864825,2.033810684257172,0.009411212438573822,2.5318030867727306e-11
134,Phe_389,Hearing loss,sense organs,1.3324641829564238e-05,2.0772285653732414,0.008437968647917115,2.2100523517879126e-09
135,Phe_394,Rheumatic disease of the heart valves,circulatory system,-6.673716365258697e-05,1.8095802472274034,0.0035161792326227907,0.012683442981740772
136,Phe_394.2,Mitral valve disease,circulatory system,-4.585622772209675e-05,1.950137068801028,0.007107990445113146,4.686211710710231e-07
137,Phe_394.3,Aortic valve disease,circulatory system,-0.00025585716329088164,1.9330153903790896,0.0045625173497439095,0.0012195528033981462
138,Phe_394.7,Disease of tricuspid valve,circulatory system,2.043313684699195e-06,1.5712351313909503,0.0027407268211054434,0.05203622723446918
139,Phe_395,Heart valve disorders,circulatory system,-5.0472146283147624e-05,2.153846610672118,0.010202874940769428,4.733377737730048e-13
140,Phe_395.1,Nonrheumatic mitral valve disorders,circulatory system,-4.520459807951912e-05,2.021289060826899,0.007503289188658605,1.0436076084711259e-07
141,Phe_395.6,Heart valve replaced,circulatory system,-0.00015024850922538486,2.0855749742716316,0.005538337622567698,8.636504329191555e-05
142,Phe_396,Abnormal heart sounds,circulatory system,0.0,2.955809304929556,0.008529998441744166,1.4774637456381852e-09
143,Phe_401.1,Essential hypertension,circulatory system,0.00010452379092694505,1.9960046365573683,0.04027559837722907,1.9978877233316973e-179
144,Phe_401.2,Hypertensive heart and__or renal disease,circulatory system,-2.4609592445582614e-05,3.1317503349848868,0.0017041863298250296,0.2270263225940801
145,Phe_401.22,Hypertensive chronic kidney disease,circulatory system,-2.1086076237827996e-05,4.467039457601157,0.016768725658695242,1.3704700950587896e-32
146,Phe_402,Elevated blood pressure reading without diagnosis of hypertension,circulatory system,-2.1107588376120242e-05,2.506251287100677,0.0075105525074723725,1.0144778762729544e-07
147,Phe_411.1,Unstable angina (intermediate coronary syndrome),circulatory system,-0.0017936834255139669,1.9750680522862905,0.00861567154791911,1.011785741213546e-09
148,Phe_411.2,Myocardial infarction,circulatory system,-0.0003104630502731979,1.8399907482646132,0.011962807854916888,2.2436674092927615e-17
149,Phe_411.3,Angina pectoris,circulatory system,-0.000872011749268993,2.1857379784632958,0.019396268502229773,5.0365293514252635e-43
150,Phe_411.4,Coronary atherosclerosis,circulatory system,-0.00027868617863793,1.6080815944745255,0.011104690231624316,3.488206944553897e-15
151,Phe_411.8,"Other chronic ischemic heart disease, unspecified",circulatory system,-0.00033693252803414806,2.2107735775757034,0.019390679905185327,5.320064087881364e-43
152,Phe_411.9,Other acute and subacute forms of ischemic heart disease,circulatory system,-0.0002083229792789445,1.5906811107398482,0.002816580091095344,0.04586814650533164
153,Phe_414,Other forms of chronic heart disease,circulatory system,0.00017174766629529187,2.14409639503277,0.006925164843913073,9.148183338236344e-07
154,Phe_415,Pulmonary heart disease,circulatory system,0.0009350954088137083,1.9091953913811608,0.0071277404982298675,4.3552830323810146e-07
155,Phe_416,Cardiomegaly,circulatory system,-2.9472945147138832e-05,1.7746113511391992,0.005480615270060722,0.00010228970009541607
156,Phe_418,Nonspecific chest pain,circulatory system,-0.00013256386136850757,1.8240603158259736,0.018436582719316676,4.865598323223538e-39
157,Phe_418.1,Precordial pain,circulatory system,-6.799758807936273e-05,2.2068942374514777,0.009739873330893989,5.037780139143712e-12
158,Phe_420,Carditis,circulatory system,2.0015716117132726e-05,0.0,-0.00041008207686123,0.7712833887100018
159,Phe_420.2,Pericarditis,circulatory system,2.7029420041856598e-05,1.8498421667786378,0.003756719516124768,0.007743577140272433
160,Phe_425,Cardiomyopathy,circulatory system,7.177183495553177e-06,0.0,-0.0005702039320631745,0.686063568312594
161,Phe_425.1,Primary__intrinsic cardiomyopathies,circulatory system,8.878890867708911e-06,1.5407748257200615,0.0023097374468545482,0.10156461516690589
162,Phe_426,Cardiac conduction disorders,circulatory system,-0.00010431458853807627,1.445423231531486,0.000741390095803633,0.5991992960344752
163,Phe_426.2,Atrioventricular [AV] block,circulatory system,1.1604574708432888e-05,3.58813606219374,0.0038665028077072604,0.006127600619415924
164,Phe_426.3,Bundle branch block,circulatory system,-0.00016633636525594715,2.587098102813602,0.003694918245618052,0.008812571252455095
165,Phe_426.31,Right bundle branch block,circulatory system,-8.191868664803202e-05,1.9683586706197784,0.005271962127055957,0.00018609317794820074
166,Phe_426.32,Left bundle branch block,circulatory system,-4.9458801273421684e-05,1.5590372846649654,0.0032392102893788557,0.02166454425459856
167,Phe_426.9,Cardiac pacemaker__device in situ,circulatory system,-6.824596481870489e-05,4.767323210229219,0.007325076842733213,2.0734737573796189e-07
168,Phe_426.91,Cardiac pacemaker in situ,circulatory system,-8.75525405042134e-05,2.111973605846221,0.007206747579299621,3.243089617138971e-07
169,Phe_427,Cardiac dysrhythmias,circulatory system,-2.0085244753135766e-05,1.9530609310080804,0.020037581552545473,8.463699611526103e-46
170,Phe_427.1,"Paroxysmal tachycardia, unspecified",circulatory system,3.9432063750703905e-05,2.2596173303055513,0.0016766952524587626,0.23461022386378808
171,Phe_427.11,Paroxysmal supraventricular tachycardia,circulatory system,4.933087653624104e-05,2.2966169123222504,0.00805612779439439,1.1239806130852404e-08
172,Phe_427.2,Atrial fibrillation and flutter,circulatory system,9.943708711431306e-07,2.02349302277431,0.01635530076813509,4.387849685676192e-31
173,Phe_427.3,Other specified cardiac dysrhythmias,circulatory system,-2.0658548962531145e-05,1.9947180628045278,0.007560698148846192,8.337883798971403e-08
174,Phe_427.4,Cardiac arrest and ventricular fibrillation,circulatory system,6.094678078870511e-06,2.4261651837154217,0.006617199573538362,2.721218734277504e-06
175,Phe_427.7,Tachycardia NOS,circulatory system,2.8399250556829242e-05,2.129833538026625,0.0072075644843774015,3.2331659093350006e-07
176,Phe_427.9,Palpitations,circulatory system,2.1996502039016496e-05,2.2049909716939644,0.009659215765480617,7.524224399402909e-12
177,Phe_428,Congestive heart failure; nonhypertensive,circulatory system,0.00014164142845154475,2.374808554745946,0.013891568699029773,7.002692306867449e-23
178,Phe_428.1,Congestive heart failure (CHF) NOS,circulatory system,4.179074627809445e-05,2.1775519379379253,0.00751512366808628,9.96550298759743e-08
179,Phe_428.2,Heart failure NOS,circulatory system,0.00012360868777745715,2.477195889440042,0.013237134119724343,6.359303553960386e-21
180,Phe_430,Intracranial hemorrhage,circulatory system,4.733449986718214e-05,0.0,-0.001424741890634854,0.31251294606056895
181,Phe_433,Cerebrovascular disease,circulatory system,-0.00011026337386581421,2.328388292532242,0.006760889121455491,1.6457292176109767e-06
182,Phe_433.1,Occlusion and stenosis of precerebral arteries,circulatory system,-0.0002450662996725369,1.7500957754327309,0.003111309953933248,0.027416756548108077
183,Phe_433.2,Occlusion of cerebral arteries,circulatory system,-1.7950956324977866e-05,1.6539621226458898,0.004683083084493493,0.0009010308140653115
184,Phe_433.21,"Cerebral artery occlusion, with cerebral infarction",circulatory system,-9.337107349208992e-05,0.9130934480518595,-0.0004827191923112303,0.7322100501325968
185,Phe_433.3,Cerebral ischemia,circulatory system,-0.00019643810271146933,1.6228160826739866,0.0027713840440779396,0.04946447156378526
186,Phe_433.31,Transient cerebral ischemia,circulatory system,-0.00013205281690243964,2.507651117624292,0.008858863075213884,3.38699645849791e-10
187,Phe_433.8,Late effects of cerebrovascular disease,circulatory system,1.5939601507062045e-05,3.1829379333278784,0.01040644638197073,1.6182294924198252e-13
188,Phe_440,Atherosclerosis,circulatory system,-0.00023472083881711869,4.806032244842192,0.0064996533807886924,4.075692810292784e-06
189,Phe_442,Other aneurysm,circulatory system,-7.31477389791431e-05,3.7980801934923094,0.002031178421305295,0.14990948076616115
190,Phe_442.1,Aortic aneurysm,circulatory system,-2.5726590280952136e-05,2.293487397355099,0.004189462439080666,0.002979796449631909
191,Phe_443,Peripheral vascular disease,circulatory system,-0.00012269738301780192,2.1751560864426565,0.00975564933090942,4.655857620709347e-12
192,Phe_443.1,Raynaud's syndrome,circulatory system,-1.5115807274241216e-05,2.491761154301208,0.006696395409650835,2.0650234719903537e-06
193,Phe_443.9,"Peripheral vascular disease, unspecified",circulatory system,-0.0002433747801993102,1.9759571924885777,0.00654097602092263,3.53881905973513e-06
194,Phe_447,Other disorders of arteries and arterioles,circulatory system,-0.0002248918662567391,3.229971696516379,0.006803835801045567,1.413307002086548e-06
195,Phe_451,Phlebitis and thrombophlebitis,circulatory system,0.0017661235816436307,2.9806826008297715,0.004871480727497379,0.000553799378898924
196,Phe_451.2,Phlebitis and thrombophlebitis of lower extremities,circulatory system,0.0017412123474347847,2.1001149305192772,0.008360975370580498,3.0855177432218873e-09
197,Phe_454,Varicose veins,circulatory system,4.7851123193351794e-05,2.1652128326782303,0.003363154086229495,0.017122829366336505
198,Phe_454.1,Varicose veins of lower extremity,circulatory system,3.931714035376685e-05,1.4181263886224247,0.0053807588348003,0.00013656493823540396
199,Phe_455,Hemorrhoids,circulatory system,-0.0003105835935770296,1.6574723221368481,0.012935875320665874,4.717450536476595e-20
200,Phe_458,Hypotension,circulatory system,-3.375660527806338e-06,2.363687213106037,0.006028166838066125,1.9264407587677216e-05
201,Phe_458.1,Orthostatic hypotension,circulatory system,4.3024542549083185e-06,2.7789312681594693,0.009328657185666176,3.7664049769575684e-11
202,Phe_458.9,Hypotension NOS,circulatory system,-4.621795888541829e-06,2.839528960664388,0.015302777422669592,2.0299599499085507e-27
203,Phe_459,Other disorders of circulatory system,circulatory system,0.0008610952312401598,3.5174338737761293,0.0037985032940665237,0.007088231563849103
204,Phe_459.9,Circulatory disease NEC,circulatory system,0.0008431072717365836,2.305762936237293,0.02257384502174675,1.197202852994406e-57
205,Phe_465,Acute upper respiratory infections of multiple or unspecified sites,respiratory,-1.4746983871729238e-05,2.108744062231734,0.005190102679461852,0.0002340087704384464
206,Phe_470,Septal Deviations__Turbinate Hypertrophy,respiratory,5.2895054511567577e-05,1.5972705105357883,0.0049425614199829285,0.00045888466395760196
207,Phe_471,Nasal polyps,respiratory,0.00026833268116158886,0.8816333845194989,-0.0008207100791442732,0.5607147272374727
208,Phe_473,Diseases of the larynx and vocal cords,respiratory,-7.552329991222765e-06,1.4267353430185028,0.002088248246440911,0.13879140926606262
209,Phe_473.4,Voice disturbance,respiratory,-5.239371049129732e-05,2.2839633756152407,0.005246590902648848,0.0001998563148787408
210,Phe_474,Acute and chronic tonsillitis,respiratory,2.9205971039073517e-06,0.9528991232783196,-0.00011829293798016066,0.9331718764253086
211,Phe_474.2,Chronic tonsillitis and adenoiditis,respiratory,1.2710124066417106e-06,1.6791801723761222,0.0026770453162329355,0.0577367317875474
212,Phe_475,Chronic sinusitis,respiratory,0.0001323661785600694,1.702955148485048,0.004459238876594291,0.0015719897890739021
213,Phe_476,Allergic rhinitis,respiratory,-3.748096736090782e-05,1.1937381678105974,0.0009061992204611526,0.5206256414552817
214,Phe_477,Epistaxis or throat hemorrhage,respiratory,5.310101035910751e-05,1.619136227611234,0.003907501123869091,0.005606714575145985
215,Phe_479,Other upper respiratory disease,respiratory,3.325154982419608e-05,1.9609617180350005,0.007749683892580058,3.937489081610786e-08
216,Phe_480,Pneumonia,respiratory,-4.4501143424942014e-05,2.0344560161660636,0.008883365063215586,3.0285187124604993e-10
217,Phe_480.1,Bacterial pneumonia,respiratory,-4.3231403116765425e-05,4.827770800039366,0.015804119361580552,3.9047596982557454e-29
218,Phe_480.11,Pneumococcal pneumonia,respiratory,-4.583951982236309e-05,2.1106365484076504,0.011866208151021405,4.032709860902529e-17
219,Phe_495,Asthma,respiratory,0.00023295753439459894,1.9134056135027013,0.019443830965479143,3.1581092901047062e-43
220,Phe_496,Chronic airway obstruction,respiratory,2.550561542780943e-05,2.683470552170911,0.019853556698578793,5.4059442237081575e-45
221,Phe_496.1,Emphysema,respiratory,-2.8103020918113028e-05,1.608196117965212,0.003401702247748622,0.01589203571800334
222,Phe_496.2,Chronic bronchitis,respiratory,-3.9245981558158715e-05,1.1418535336512061,0.00032542283205160493,0.8175604398996207
223,Phe_496.21,Obstructive chronic bronchitis,respiratory,-4.5284520372798e-05,1.967381620695634,0.006860109303679237,1.15613376089662e-06
224,Phe_496.3,Bronchiectasis,respiratory,-1.9618146845727778e-05,2.600205629616964,0.009551454357978169,1.2795442319189139e-11
225,Phe_506,Empyema and pneumothorax,respiratory,-2.875737736347252e-05,1.3555064241961456,0.001560123859949696,0.2687559176881165
226,Phe_507,Pleurisy; pleural effusion,respiratory,-3.764189889881604e-05,2.3472231071065304,0.01465877289882823,2.702535360993372e-25
227,Phe_508,Pulmonary collapse; interstitial and compensatory emphysema,respiratory,6.210989804465108e-05,2.241959142962946,0.00789956644209121,2.1449346484346102e-08
228,Phe_509.1,Respiratory failure,respiratory,-1.0292438571249483e-05,2.129226775139628,0.006679829246245374,2.1882751761808636e-06
229,Phe_509.2,Respiratory insufficiency,respiratory,-4.496228289375771e-07,1.9900754637027709,0.005452677460403584,0.0001109570109847895
230,Phe_512,Other symptoms of respiratory system,respiratory,-6.506097016107258e-05,1.9360069506872648,0.01205990912485314,1.2387139318386785e-17
231,Phe_512.7,Shortness of breath,respiratory,-4.360955216719553e-05,1.8678152222107172,0.008976531017050616,1.9738910865605124e-10
232,Phe_512.8,Cough,respiratory,-1.0650026392607338e-05,2.271312567727879,0.009208791754652255,6.664816503166603e-11
233,Phe_514,Abnormal findings examination of lungs,respiratory,0.001758861112519747,1.8850491333614827,0.006004222010332936,2.0786019911889283e-05
234,Phe_516,Abnormal sputum,respiratory,2.0470857782228587e-05,2.6643249118528143,0.0020401735030969896,0.14811335363424588
235,Phe_516.1,Hemoptysis,respiratory,2.293996129502627e-05,2.053859933693244,0.006173048770795909,1.2090133348973757e-05
236,Phe_519,"Other diseases of respiratory system, not elsewhere classified",respiratory,-4.1837448089733056e-05,1.2226696513297162,0.0002849175713926803,0.8399396354768836
237,Phe_519.8,"Other diseases of respiratory system, NEC",respiratory,-4.120285029677199e-05,2.4760949716234544,0.01869633320136353,4.24911757491437e-40
238,Phe_520,Disorders of tooth development,digestive,-1.124181361618641e-05,7.1403907637655415,0.004597495324492634,0.0011178099381960287
239,Phe_520.2,Disturbances in tooth eruption,digestive,-1.046857174599293e-05,0.7651259473207389,-0.001373739998503613,0.33015129689356015
240,Phe_521,Diseases of hard tissues of teeth,digestive,1.34061386018833e-05,0.0,-0.000579952291024484,0.6809895334383087
241,Phe_521.1,Dental caries,digestive,1.4266859241935415e-05,1.386119927908316,0.0028355758418781305,0.044423745333530724
242,Phe_522,Diseases of pulp and periapical tissues,digestive,5.960957590242939e-10,1.7963247204441615,0.002379229050189575,0.09168486079606224
243,Phe_522.5,Periapical abscess,digestive,2.063147296229937e-06,1.8509077440636483,0.0037603432428549395,0.007684664163367756
244,Phe_523,Gingival and periodontal diseases,digestive,0.00034577949048225165,2.0430302614493683,0.0029218400805329295,0.038338129361545494
245,Phe_523.3,Periodontitis (acute or chronic),digestive,0.0002363694104366379,0.0,-0.00035117191251744713,0.8034097588308297
246,Phe_525,Other diseases of the teeth and supporting structures,digestive,1.5448670939559506e-06,1.2086598949082297,0.0013743236601898117,0.3299458678654231
247,Phe_528,"Diseases of the oral soft tissues, excluding lesions specific for gingiva and tongue",digestive,-2.4856820578992658e-05,1.3241628933157574,0.001831381105193282,0.19421183860262473
248,Phe_529,Diseases and other conditions of the tongue,digestive,-1.6548888852763414e-05,1.5832352026087675,0.0022745566815824173,0.1068800522770374
249,Phe_530,Diseases of esophagus,digestive,3.296828489961686e-05,0.8104870333445564,-0.000596110266259515,0.6726110833883497
250,Phe_530.1,"Esophagitis, GERD and related diseases",digestive,3.0418460431669048e-05,2.077589736148121,0.013256392080043212,5.586106205930969e-21
251,Phe_530.11,GERD,digestive,-9.517572466230519e-05,2.2455006834129714,0.02079368675956568,3.479161114397089e-49
252,Phe_530.12,Ulcer of esophagus,digestive,2.351058586752514e-05,1.9685682520306413,0.008515188684021693,1.5768191957430385e-09
253,Phe_530.14,Reflux esophagitis,digestive,4.935816052488706e-06,1.8328967633986442,0.01092833809323147,9.40539858510801e-15
254,Phe_530.2,Esophageal bleeding (varices__hemorrhage),digestive,-2.1599928446697646e-06,2.4659829959282376,0.007944450713607559,1.7843746591842242e-08
255,Phe_530.3,Stricture and stenosis of esophagus,digestive,0.0,1.4360701955806878,0.002475831848577722,0.07924976692774223
256,Phe_530.9,Heartburn,digestive,4.337171978588471e-06,2.7490623964949354,0.010151640118993234,6.181391898695357e-13
257,Phe_531,Peptic ulcer (excl. esophageal),digestive,8.688391476842526e-05,1.8818061642520791,0.009859395801351981,2.7637878478452045e-12
258,Phe_531.2,Gastric ulcer,digestive,3.0483271612273786e-05,1.9680065334632655,0.00809936583635823,9.38277644615462e-09
259,Phe_531.3,Duodenal ulcer,digestive,-5.049161291198872e-05,1.8082261651467508,0.005599285496844473,7.210839912504831e-05
260,Phe_532,Dysphagia,digestive,1.9647299806770284e-05,1.860953708785201,0.009241723176471399,5.701612855554531e-11
261,Phe_535,Gastritis and duodenitis,digestive,-2.5481014460362973e-05,1.9859969626353393,0.01715222181966319,5.097016810295288e-34
262,Phe_535.1,Acute gastritis,digestive,-6.210994016352918e-06,1.7705169630107092,0.003383360118982872,0.016467625304880947
263,Phe_535.6,Duodenitis,digestive,-3.8405220209310004e-05,1.736125839432855,0.008226700219870407,5.483477219406645e-09
264,Phe_535.8,Other specified gastritis,digestive,1.0676393889340924e-05,2.1951933694509087,0.01448403525180307,9.832552928105967e-25
265,Phe_537,Other disorders of stomach and duodenum,digestive,7.784730605432046e-06,1.9016148170012823,0.0068949862584747,1.0200253663477846e-06
266,Phe_540,Appendiceal conditions,digestive,1.5174111266676183e-05,0.9623168145236579,-7.688004321144626e-05,0.9565381852250537
267,Phe_540.1,Appendicitis,digestive,1.4616722671032271e-05,1.449335067070137,0.0012942875925415574,0.3588873208028923
268,Phe_540.11,Acute appendicitis,digestive,9.66332431877714e-06,1.3820111155675243,0.0022590158302390026,0.10929723494294265
269,Phe_550,Abdominal hernia,digestive,3.976274436222114e-05,3.7036671606926377,0.02056642961709483,3.734876192803631e-48
270,Phe_550.1,Inguinal hernia,digestive,5.048586066843222e-05,1.2698186494903154,0.004267842601385627,0.0024832347461242413
271,Phe_550.2,Diaphragmatic hernia,digestive,3.0297403689538582e-05,1.9671120850145731,0.021194451657922636,4.9692708414652986e-51
272,Phe_550.4,Umbilical hernia,digestive,-1.4919683988003408e-05,1.5797324698596331,0.004545302108632136,0.0012727087342873581
273,Phe_550.5,Ventral hernia,digestive,-2.141582826732365e-06,3.558692537317704,0.019186544535690752,3.891167383792812e-42
274,Phe_555,Inflammatory bowel disease and other gastroenteritis and colitis,digestive,-0.0001606840465723325,1.8717752849038563,0.007312728983080823,2.173243235297552e-07
275,Phe_555.1,Regional enteritis,digestive,-0.00018162178050094022,2.2156777297576156,0.006343404994423139,6.900951447637997e-06
276,Phe_555.2,Ulcerative colitis,digestive,-0.00035704181609710905,1.8926336964197823,0.006113878249987414,1.4641719460399266e-05
277,Phe_556,Ulceration of the lower GI tract,digestive,5.965468772032412e-05,4.375239438581827,0.008846339434763486,3.585899542681381e-10
278,Phe_557,Intestinal malabsorption (non-celiac),digestive,-8.727328040522568e-05,1.630226201772955,0.0013971451978413744,0.32197838249121513
279,Phe_557.1,Celiac disease,digestive,-8.652541252744531e-05,1.581004396163868,0.003073618507210116,0.029345509207883598
280,Phe_558,Noninfectious gastroenteritis,digestive,-6.968753899714204e-05,2.3835061607502603,0.021385728467811827,6.357783749137483e-52
281,Phe_559,Ileostomy status,digestive,-0.0007360748262970673,3.838919765465345,0.01452748067820228,7.142116939695436e-25
282,Phe_560.4,Other intestinal obstruction,digestive,0.0021006535019459215,3.8323726510980785,0.021277596615244608,2.037528831299511e-51
283,Phe_561,Symptoms involving digestive system,digestive,-1.0661481163465433e-05,2.016205213543849,0.016026971287363512,6.476994467258408e-30
284,Phe_561.2,Flatulence,digestive,8.637760577186011e-07,2.406873291156924,0.007717669104464119,4.476617567921451e-08
285,Phe_562,Diverticulosis and diverticulitis,digestive,-5.073277115445018e-05,1.9550244259702885,0.021416230169929367,4.5726797090899094e-52
286,Phe_562.1,Diverticulosis,digestive,-5.021766455122501e-05,1.9550244259702885,0.021416230169929367,4.5726797090899094e-52
287,Phe_563,Constipation,digestive,0.00018067449507204233,3.1399667212909708,0.029845311610128964,2.1723454292634305e-99
288,Phe_564,Functional digestive disorders,digestive,-0.00038529764988341834,3.018281119949202,0.007540471477118916,9.025696980759775e-08
289,Phe_564.1,Irritable Bowel Syndrome,digestive,-0.00013471231549307027,2.7972842312244466,0.01747771612098326,2.943988358447533e-35
290,Phe_564.8,Abnormal findings on exam of gastrointestinal tract__ abdominal area,digestive,-4.809779211147078e-05,2.029288773332382,0.005613309681436183,6.91588284478478e-05
291,Phe_564.9,Personal history of diseases of digestive system,digestive,-0.00037960743701416695,2.082926161937902,0.018133495535555176,8.018669088362436e-38
292,Phe_565,Anal and rectal conditions,digestive,0.00010659726316036108,1.9638205878512596,0.011181936678474804,2.2480496288775704e-15
293,Phe_565.1,Anal and rectal polyp,digestive,7.194913577846918e-05,1.31292938314948,0.003515845704647935,0.012691889833863974
294,Phe_568,Other disorders of peritoneum,digestive,4.6166766818601575e-05,2.00572774263077,0.002009916421620519,0.15422105170444064
295,Phe_568.1,Peritoneal adhesions (postoperative) (postinfection),digestive,7.011644448086205e-05,3.18447974531536,0.01641875107736,2.5919198875607438e-31
296,Phe_569,Other disorders of intestine,digestive,-1.7239646745861254e-05,2.850651598970274,0.014542162374176685,6.409380400172283e-25
297,Phe_571,Chronic liver disease and cirrhosis,digestive,2.0472408250617492e-05,2.350716165137562,0.010097500563557408,8.183917933105999e-13
298,Phe_571.5,Other chronic nonalcoholic liver disease,digestive,-2.2250674825489795e-05,2.5439348393672856,0.00879355297456303,4.5571235495734097e-10
299,Phe_572,Ascites (non malignant),digestive,-9.453162984098512e-06,2.015432876869306,0.005367475517221588,0.0001418661792363557
300,Phe_573,Other disorders of liver,digestive,9.401672080399978e-05,2.0301110995019678,0.005521760547067137,9.068078716952725e-05
301,Phe_573.7,Abnormal results of function study of liver,digestive,0.00011982429476653858,2.449312592734163,0.011484266975944494,3.914829194014362e-16
302,Phe_574,Cholelithiasis and cholecystitis,digestive,0.0001723203471100803,2.0647144457225743,0.017223532949981652,2.741395837210668e-34
303,Phe_574.1,Cholelithiasis,digestive,0.00017846575569606282,2.117791248571744,0.01338623726434357,2.319622600277538e-21
304,Phe_574.11,Cholelithiasis with acute cholecystitis,digestive,0.00016130933212435373,2.3183086895342666,0.00661069695050746,2.7832008275504965e-06
305,Phe_574.12,Cholelithiasis with other cholecystitis,digestive,0.0001633971368928698,1.7725715188746711,0.007163178355383145,3.8171621156996114e-07
306,Phe_574.2,Calculus of bile duct,digestive,0.00015734987921863194,1.895937090052125,0.005769525996077143,4.3155618737579777e-05
307,Phe_574.3,Cholecystitis without cholelithiasis,digestive,0.000151151201370848,2.5931380205633614,0.0105137235220054,9.116358828642817e-14
308,Phe_575,Other biliary tract disease,digestive,0.00019072103399384786,2.01189288938066,0.008247060222545644,5.028481591806008e-09
309,Phe_575.7,Other disorders of gallbladder,digestive,0.00015384971172400236,1.9298353415582545,0.004450287839438379,0.0016065801953429755
310,Phe_575.8,Other disorders of biliary tract,digestive,0.00013979350966501785,2.231372113676732,0.005223486690894085,0.00021321639768165354
311,Phe_577,Diseases of pancreas,digestive,0.00012763405009498846,2.3643678025713712,0.004352172498796568,0.002034447276956196
312,Phe_577.1,Acute pancreatitis,digestive,0.00012794559842705435,1.1150525042791164,0.0005121023248841291,0.7165928558501061
313,Phe_578.1,Hematemesis,digestive,2.2263678730768827e-05,1.832211706244824,0.0046148409853794875,0.0010703205902852018
314,Phe_578.2,Blood in stool,digestive,4.633998151949616e-05,2.644932892738731,0.010844180886311392,1.501726585267569e-14
315,Phe_578.9,Hemorrhage of gastrointestinal tract,digestive,-1.974437632341681e-05,1.9631559341706648,0.00981373252415981,3.4791969775054774e-12
316,Phe_579,Other symptoms involving abdomen and pelvis,digestive,-4.11591255790725e-05,2.5343979562748062,0.006549609028944435,3.4355590382483433e-06
317,Phe_579.8,Nonspecific abnormal findings in stool contents,digestive,-1.7322416538940494e-05,1.487581409117821,0.0027784985332389212,0.04888314561967019
318,Phe_580,Nephritis; nephrosis; renal sclerosis,genitourinary,-8.265921726916643e-05,3.2874727273322017,0.01131214938539947,1.0648257805131388e-15
319,Phe_580.1,Glomerulonephritis,genitourinary,-0.00014915827715909983,3.3328933736769706,0.009050722481779678,1.3994350439087444e-10
320,Phe_585,Renal failure,genitourinary,-4.939248081495235e-06,3.4577186205301182,0.030378345318912963,6.657323577549443e-103
321,Phe_585.1,Acute renal failure,genitourinary,-8.980001282707917e-06,3.4586028908198543,0.025398141998816112,1.7171666007986794e-72
322,Phe_585.2,Renal failure NOS,genitourinary,1.147703072018793e-05,5.130090782539782,0.01985462681066471,5.348228163368517e-45
323,Phe_585.3,Chronic renal failure [CKD],genitourinary,8.461266963401757e-06,4.298761306813384,0.024358441662501354,7.965046904226717e-67
324,Phe_586,Other disorders of the kidney and ureters,genitourinary,-3.7088367194934076e-06,8.081115490042256,0.031175170090493424,2.851795646339389e-108
325,Phe_586.2,"Cyst of kidney, acquired",genitourinary,4.838143920787126e-07,6.058211596407306,0.024892434930961212,1.0479695386782145e-69
326,Phe_590,Pyelonephritis,genitourinary,1.7448897620355265e-05,7.808752834315561,0.0333110660972605,2.4068161468745557e-123
327,Phe_591,Urinary tract infection,genitourinary,3.555943737832978e-05,7.339196941793574,0.09291980834851583,0.0
328,Phe_592,Cystitis and urethritis,genitourinary,0.25357335933300934,115.49184095610205,0.8031120455681457,0.0
329,Phe_592.1,Cystitis,genitourinary,0.322915176441439,178.50976909413853,1.0000000000000004,
330,Phe_593,Hematuria,genitourinary,0.00011780371229703618,7.6152532588699975,0.10543938532856706,0.0
331,Phe_594,Urinary calculus,genitourinary,1.9818792740493223e-05,4.831843373976682,0.010469472606514844,1.1559031352467609e-13
332,Phe_594.1,Calculus of kidney,genitourinary,4.815245558672672e-05,5.477951553255753,0.031938281563093814,1.527751718096554e-113
333,Phe_594.3,Calculus of ureter,genitourinary,2.0388473198794776e-05,3.1073129074009707,0.012922449712648415,5.1527138360843743e-20
334,Phe_594.8,Renal colic,genitourinary,2.098180318887754e-05,2.0211377010254266,0.00538996990630064,0.00013299907314975708
335,Phe_595,Hydronephrosis,genitourinary,6.184942114053325e-06,7.256494678623519,0.036847259840938895,1.710342375616751e-150
336,Phe_596,Other disorders of bladder,genitourinary,2.8049820736291143e-05,15.969891763766043,0.16508860973513095,0.0
337,Phe_596.1,Bladder neck obstruction,genitourinary,3.948535876532043e-05,6.905600351804199,0.03187373386289545,4.313508162342439e-113
338,Phe_596.5,Functional disorders of bladder,genitourinary,-4.660214238309372e-05,11.623497322194384,0.051703526600183014,1.7743427346029186e-294
339,Phe_597,Other disorders of urethra and urinary tract,genitourinary,-3.726668252819902e-05,10.568570973195992,0.03334619161800135,1.33419414768787e-123
340,Phe_597.1,Urethral stricture (not specified as infectious),genitourinary,-3.854042134962622e-05,15.639715674145863,0.1075790158002447,0.0
341,Phe_598,Abnormal findings on examination of urine,genitourinary,3.30386770736717e-05,7.94415202774962,0.05000923067939159,1.3079208861510002e-275
342,Phe_599,Other symptoms__disorders or the urinary system,genitourinary,4.8133183898879755e-05,9.545976956905804,0.08832114141622477,0.0
343,Phe_599.2,Retention of urine,genitourinary,2.3639846872710883e-05,5.3984478382178125,0.0491094854090403,7.57977410383121e-266
344,Phe_599.3,Dysuria,genitourinary,1.3188200338670325e-05,9.900021856174062,0.03927422206399096,1.0409963166127131e-170
345,Phe_599.4,Urinary incontinence,genitourinary,0.00031696767998819116,5.922195209227454,0.057925641269853445,0.0
346,Phe_599.5,Frequency of urination and polyuria,genitourinary,-3.088837350816209e-05,7.694667672368347,0.05273739260610294,2.6667924946596668e-306
347,Phe_599.9,Other abnormality of urination,genitourinary,4.445727500839816e-05,7.692527302888774,0.035397519153392176,4.942133646440414e-139
348,Phe_611.3,Lump or mass in breast,genitourinary,1.7927817079100112e-05,1.1336722023565222,0.0006416601629824024,0.6492126076398371
349,Phe_613,Other nonmalignant breast conditions,genitourinary,-4.887329586794284e-06,0.0,-0.00044922374884602854,0.7501488493712489
350,Phe_681,Superficial cellulitis and abscess,dermatologic,3.691860664679277e-05,0.9623168145236579,-0.00010876498753073818,0.9385434491317383
351,Phe_681.3,Cellulitis and abscess of arm__hand,dermatologic,3.457125319828576e-05,1.7464573226771536,0.007205817302893646,3.254426363566902e-07
352,Phe_686,Other local infections of skin and subcutaneous tissue,dermatologic,3.3401815484928514e-05,2.5958764289016756,0.007690611431608648,4.987487869182152e-08
353,Phe_686.1,Carbuncle and furuncle,dermatologic,6.431094621120718e-05,1.8263203502761909,0.005134841381324321,0.00027265911874161254
354,Phe_687,Symptoms affecting skin,dermatologic,-3.307212040768984e-06,3.423475023723205,0.0049041239899697215,0.0005081417501320298
355,Phe_687.1,Rash and other nonspecific skin eruption,dermatologic,-7.5902461872251944e-06,2.4936074638112276,0.009104973850829375,1.0863846160015748e-10
356,Phe_687.4,Disturbance of skin sensation,dermatologic,-3.631223030608934e-05,2.108213710680354,0.007589519149567887,7.444815994625972e-08
357,Phe_689,Disorder of skin and subcutaneous tissue NOS,dermatologic,-0.00011944738402436268,1.6408323051508498,0.00626264498290814,9.018051530366987e-06
358,Phe_695,Erythematous conditions,dermatologic,-6.538519630536802e-05,2.6272901420232984,0.010474874438702654,1.1229444313785274e-13
359,Phe_696,Psoriasis and related disorders,dermatologic,0.00016708781883769414,2.392346491994443,0.008761020083195925,5.278957208521499e-10
360,Phe_696.4,Psoriasis,dermatologic,0.00016838415726653984,2.5225819406486742,0.007926644174248466,1.919757570739485e-08
361,Phe_696.41,Psoriasis vulgaris,dermatologic,0.00019896216322599114,2.3068537245156633,0.00711616485120178,4.546401858333734e-07
362,Phe_701,Other hypertrophic and atrophic conditions of skin,dermatologic,-0.00018125596177946598,1.527029675741134,0.0027045105293204584,0.0552174819140337
363,Phe_701.2,Scar conditions and fibrosis of skin,dermatologic,-0.00018855420974215275,1.8925263951358624,0.005368828185582169,0.00014131760754835344
364,Phe_702,Degenerative skin conditions and other dermatoses,dermatologic,-0.00017294519998679785,0.0,-0.00035117191251744713,0.8034097588308297
365,Phe_702.1,Actinic keratosis,dermatologic,-0.0001955578305994623,2.0395818852615153,0.006857008368956277,1.169047494961266e-06
366,Phe_702.2,Seborrheic keratosis,dermatologic,-0.0001816316467025489,1.6197954850329,0.004320814002243131,0.002191831813579341
367,Phe_703,"Diseases of nail, NOS",dermatologic,-9.219090028297704e-06,0.7014136310182261,-0.0007136209821195922,0.6129496682083063
368,Phe_704,Diseases of hair and hair follicles,dermatologic,4.415724466317799e-05,1.0478448215941305,0.0004156795372391117,0.7682502047211193
369,Phe_706,Diseases of sebaceous glands,dermatologic,4.061907165920836e-05,1.3971264287921743,0.004587379957717655,0.0011463958066660355
370,Phe_706.2,Sebaceous cyst,dermatologic,4.1082423928050566e-05,1.363853071738513,0.00418281307198201,0.0030258371660421635
371,Phe_707,Chronic ulcer of skin,dermatologic,0.00015480210665441636,2.1346459682408194,0.0053928924317969435,0.00013188613938302875
372,Phe_709,Diffuse diseases of connective tissue,dermatologic,-5.241218661549143e-05,2.131459929482251,0.007626320062965866,6.438329848363846e-08
373,Phe_709.7,Unspecified diffuse connective tissue disease,dermatologic,-5.1075621742215066e-05,2.0525513519535092,0.0059875159792992984,2.1914674692576016e-05
374,Phe_714,Rheumatoid arthritis and other inflammatory polyarthropathies,musculoskeletal,0.0002242722635528016,2.921600148840238,0.005032299695696428,0.0003606928663776562
375,Phe_714.1,Rheumatoid arthritis,musculoskeletal,0.00022321540208615476,2.226362797382621,0.008254580878007099,4.869884251888229e-09
376,Phe_715,Other inflammatory spondylopathies,musculoskeletal,1.4347013949061138e-05,3.3242042661850757,0.005705744118532868,5.239303256010198e-05
377,Phe_716,Other arthropathies,musculoskeletal,-6.0647217542985684e-05,3.680613795755434,0.00279563656980735,0.04750630427693741
378,Phe_716.2,Unspecified monoarthritis,musculoskeletal,-0.00011317428230878592,1.6576339650447904,0.01095342398090383,8.175380117416935e-15
379,Phe_716.9,Arthropathy NOS,musculoskeletal,-6.521009597276667e-05,2.030896594572871,0.022260186853797728,4.163275594973395e-56
380,Phe_717,Polymyalgia Rheumatica,musculoskeletal,0.00013142196468964232,2.82192903718424,0.008559295001679642,1.2985700501493065e-09
381,Phe_720,Spinal stenosis,musculoskeletal,1.031336766185316e-05,1.9143138776851316,0.0032420008456897067,0.0215517459689776
382,Phe_721,Spondylosis and allied disorders,musculoskeletal,5.0620835680069076e-05,3.3599288657670274,0.010157276501862326,6.002911399322276e-13
383,Phe_721.1,Spondylosis without myelopathy,musculoskeletal,3.362623373593598e-05,2.944491036604347,0.007864765526171859,2.4722454540618468e-08
384,Phe_722,Intervertebral disc disorders,musculoskeletal,-3.544045561056238e-05,1.8878397382337204,0.009414777315449619,2.4885614392039866e-11
385,Phe_722.6,Degeneration of intervertebral disc,musculoskeletal,2.9621706252227632e-05,2.1030256927237385,0.007717504498644823,4.479566364178143e-08
386,Phe_722.9,Other and unspecified disc disorder,musculoskeletal,-0.00010996523886400348,1.9108435227618419,0.007382341954359985,1.6658013929538313e-07
387,Phe_724,Other and unspecified disorders of back,musculoskeletal,-5.357805600492712e-06,1.2260286338883142,0.0006461935889828078,0.6469021862372271
388,Phe_726,Peripheral enthesopathies and allied syndromes,musculoskeletal,-1.0392115200030037e-05,1.4016388184100472,0.004735015467997749,0.0007892182697119307
389,Phe_726.1,Enthesopathy,musculoskeletal,-1.4162567249724571e-05,1.4680974004086933,0.004967630447300771,0.0004291995491074877
390,Phe_727,"Other disorders of synovium, tendon, and bursa",musculoskeletal,2.033705186995192e-06,1.3657977742474259,0.001402048568167832,0.320283037612513
391,Phe_727.1,Synovitis and tenosynovitis,musculoskeletal,1.555694243780711e-05,1.771033600583808,0.004795512353423875,0.0006752545417941599
392,Phe_727.4,"Ganglion and cyst of synovium, tendon, and bursa",musculoskeletal,-4.640202511120871e-06,1.2890396672634505,0.0019472216137452563,0.1674831258213055
393,Phe_728,"Disorders of muscle, ligament, and fascia",musculoskeletal,-2.3791784238248373e-05,2.3183086895342666,0.001224938911180858,0.38521490593099805
394,Phe_728.7,Fasciitis,musculoskeletal,-2.759008352816811e-05,2.0113776799339553,0.002018364869294377,0.15249670216509897
395,Phe_728.71,Contracture of palmar fascia [Dupuytren's disease],musculoskeletal,-2.621083002152997e-05,1.0048396796742953,3.0653051022665584e-05,0.9826640075832469
396,Phe_729,Other disorders of soft tissues,musculoskeletal,0.00028271879491247146,1.6724837828932406,0.0028535737561857758,0.0430908150170266
397,Phe_729.1,"Rheumatism, unspecified and fibrositis",musculoskeletal,2.771127141417181e-06,5.317312270889233,0.009914806981869062,2.0873169170103597e-12
398,Phe_733,Other disorders of bone and cartilage,musculoskeletal,-1.1535215901683352e-05,2.2332331412944773,0.004526809284359518,0.001332186508618338
399,Phe_733.8,Malunion and nonunion of fracture,musculoskeletal,-1.3357537267628259e-06,0.8077365117381834,-0.0003026963281179604,0.8300997831015782
400,Phe_735,Acquired foot deformities,musculoskeletal,2.5792566176189763e-05,2.6123380843044663,0.0024447830410394287,0.0830874957015795
401,Phe_735.2,Acquired toe deformities,musculoskeletal,-1.806382536910084e-05,2.5949695980554286,0.0092119630441948,6.565534320368005e-11
402,Phe_735.21,Hammer toe (acquired),musculoskeletal,3.847456856120877e-06,1.5240254970917544,0.00288760097503844,0.04066301072539628
403,Phe_735.23,Hallux rigidus,musculoskeletal,-9.565109162893227e-06,1.7364763530558225,0.0035430666306595004,0.0120186565174709
404,Phe_735.3,Hallux valgus (Bunion),musculoskeletal,5.039426805666143e-05,1.4907285026233594,0.004968649521671533,0.00042803161559693535
405,Phe_736,Other acquired deformities of limbs,musculoskeletal,3.3086708115324054e-06,1.3557703981833307,0.0007489585667745062,0.5954760127065892
406,Phe_737,Curvature of spine,musculoskeletal,-3.0684921226186203e-06,0.0,-0.0006353096972355701,0.6524547464713408
407,Phe_737.3,Kyphoscoliosis and scoliosis,musculoskeletal,-2.826021376785205e-06,3.73972979945821,0.007767701835732827,3.662338570520939e-08
408,Phe_738,Other acquired musculoskeletal deformity,musculoskeletal,-3.863529957400138e-06,2.1903039152655035,0.0027883185156996493,0.04809018354076909
409,Phe_738.4,Acquired spondylolisthesis,musculoskeletal,-2.540667081996606e-07,0.8859045612612335,-0.00024261279472165176,0.8634517344605999
410,Phe_740,Osteoarthrosis,musculoskeletal,2.737961148933822e-05,1.7835370959824008,0.015344196251490848,1.4716042546711272e-27
411,Phe_740.1,Osteoarthritis; localized,musculoskeletal,3.283762923980398e-05,1.4799917080508935,0.006123957582936074,1.4173526060123139e-05
412,Phe_740.11,"Osteoarthrosis, localized, primary",musculoskeletal,3.211704546736067e-05,1.3710427733804804,0.004303215241282167,0.0022849721275001907
413,Phe_740.9,Osteoarthrosis NOS,musculoskeletal,4.016646619890582e-05,3.073399326384932,0.020388969973117028,2.340956967307715e-47
414,Phe_741,Symptoms and disorders of the joints,musculoskeletal,8.267563003470711e-05,1.2483200635953746,0.0007035463286660769,0.6179725400071248
415,Phe_741.4,Joint effusions,musculoskeletal,0.0001316903309313005,2.3864942392264514,0.002840103872057855,0.04408516469003192
416,Phe_742,"Derangement of joint, non-traumatic",musculoskeletal,4.8660400010276894e-05,0.0,-0.0007487300892351124,0.5955882568092462
417,Phe_742.9,Other derangement of joint,musculoskeletal,3.330722655865624e-05,0.9043048079743594,-0.00031863560459825617,0.8213005593341911
418,Phe_743,"Osteoporosis, osteopenia and pathological fracture",musculoskeletal,-5.993410233418642e-05,2.3660668851506705,0.011517816867663571,3.215605215595871e-16
419,Phe_743.1,Osteoporosis,musculoskeletal,-6.249595978521412e-05,2.4217028196593327,0.011628036956555716,1.678150793875615e-16
420,Phe_743.11,Osteoporosis NOS,musculoskeletal,-7.133190888280608e-05,2.4237578967296476,0.01163984891990761,1.564618267694771e-16
421,Phe_745,Pain in joint,musculoskeletal,-1.7205307295897467e-05,1.589965554684635,0.003112173505207297,0.02737387977704635
422,Phe_747,Cardiac and circulatory congenital anomalies,congenital anomalies,-0.0002968780660057269,0.0,-0.0006612532719482949,0.6392516499605162
423,Phe_747.1,Cardiac congenital anomalies,congenital anomalies,-0.00030026565031096456,2.3801302545885137,0.002531798032760764,0.07269689628705467
424,Phe_747.13,Congenital anomalies of great vessels,congenital anomalies,-0.00030250701677948886,1.9663726716049685,0.005530894364242866,8.827827781845732e-05
425,Phe_751,Genitourinary congenital anomalies,congenital anomalies,0.0,4.376048918588965,0.01665679850042988,3.5325129560818217e-32
426,Phe_939,Atopic__contact dermatitis due to other or unspecified,dermatologic,-9.59208237435634e-06,2.150088288149142,0.007128868553990647,4.3370783984934633e-07
