,PheCode,description,category,f_score,RR,phi,pval
0,Phe_112,Candidiasis,infectious diseases,0.00014424638971501452,2.3546314225505935,0.03967607474009169,3.513527806926372e-174
1,Phe_153,Colorectal cancer,neoplasms,-0.0002338374914108581,1.0105823510838765,3.142972269076949e-05,0.9822248286585474
2,Phe_153.2,Colon cancer,neoplasms,-0.00020521619942986608,1.9203925889028204,0.029991368391273882,2.40064893715651e-100
3,Phe_153.3,"Malignant neoplasm of rectum, rectosigmoid junction, and anus",neoplasms,-0.0002561866831445269,1.8752503758522876,0.02334236764439809,1.626364248488362e-61
4,Phe_158,Neoplasm of unspecified nature of digestive system,neoplasms,-0.00014849243967564966,1.9050756536097,0.017592955265034675,1.0592138798278411e-35
5,Phe_159,Malignant neoplasm of other and ill-defined sites within the digestive organs and peritoneum,neoplasms,-0.0001700518451356771,1.987726315551007,0.042216338238748444,6.042864046093472e-197
6,Phe_165,Cancer within the respiratory system,neoplasms,0.0003696305807539477,2.841452156044908,0.037286302318056186,4.6940345096603104e-154
7,Phe_165.1,Cancer of bronchus; lung,neoplasms,0.00028576191371365155,2.3951613433419667,0.04178604825419667,5.454229830014649e-193
8,Phe_172,Skin cancer,neoplasms,-0.00020448912896508874,1.565933253643317,0.03945316754412007,2.991312520892362e-172
9,Phe_172.2,Other non-epithelial cancer of skin,neoplasms,-0.00020494781515483242,1.612490023111264,0.03845131305511652,1.0385456950969575e-163
10,Phe_174,Breast cancer,neoplasms,-0.0003860968536398154,1.0747806789686918,0.004984252773481004,0.0004105156636329498
11,Phe_189,Cancer of urinary organs (incl. kidney and bladder),neoplasms,5.298758168367609e-07,2.5626889522485525,0.04905519434961078,2.904531715425013e-265
12,Phe_189.11,"Malignant neoplasm of kidney, except pelvis",neoplasms,2.009331045555846e-05,2.2069637640020345,0.022658043197049237,4.579143075769778e-58
13,Phe_189.2,Cancer of bladder,neoplasms,4.1608138994179885e-06,2.3879601600497877,0.022500425883685022,2.7596758079888077e-57
14,Phe_189.21,Malignant neoplasm of bladder,neoplasms,-1.1912020066468397e-05,2.617157843580582,0.043274597082799376,7.593543186172132e-207
15,Phe_195,"Cancer, suspected or other",neoplasms,-3.808183076612125e-05,1.5854518245174,0.009876517866020333,2.534561268726053e-12
16,Phe_195.1,"Malignant neoplasm, other",neoplasms,-4.139647223570002e-05,2.0289675037859376,0.07843717634413296,0.0
17,Phe_197,Chemotherapy,neoplasms,0.00021467066496323804,1.8266849162501666,0.06867612737764499,0.0
18,Phe_198,Secondary malignant neoplasm,neoplasms,-0.0009778720412659178,1.836098628081464,0.017287608183201637,1.5668099524494245e-34
19,Phe_198.1,Secondary malignancy of lymph nodes,neoplasms,-0.0011397869678781351,1.5730442146430124,0.02549923916289845,4.69097009345046e-73
20,Phe_198.2,Secondary malignancy of respiratory organs,neoplasms,-0.0003311655789184988,1.8426367297325306,0.0250428064883188,1.5772307913766395e-70
21,Phe_198.3,Secondary malignant neoplasm of digestive systems,neoplasms,-0.0001705947341781584,1.7283369135584588,0.017878553674823137,8.17156498281786e-37
22,Phe_198.4,Secondary malignant neoplasm of liver,neoplasms,2.394500281901971e-05,1.8318124947554735,0.026768473845919915,2.549804487745385e-80
23,Phe_198.6,Secondary malignancy of bone,neoplasms,-5.670831774631294e-05,1.90741028069246,0.026521078752395604,7.080972774151202e-79
24,Phe_199,Neoplasm of uncertain behavior,neoplasms,3.771030521421426e-05,1.931896594488677,0.018512514669369887,2.394010591407469e-39
25,Phe_202,"Cancer of other lymphoid, histiocytic tissue",neoplasms,0.0002173068875885123,2.127226109888629,0.02291111966242183,2.494315773334894e-59
26,Phe_202.2,Non-Hodgkins lymphoma,neoplasms,0.000246698807864017,1.8061421142721967,0.01816957430260723,5.758160083272142e-38
27,Phe_204,Leukemia,neoplasms,6.907348976997423e-05,1.982885067657,0.012336774597300145,2.2192631390339394e-18
28,Phe_208,Benign neoplasm of colon,neoplasms,-0.00027130699621496465,1.902309831522429,0.07978153044364725,0.0
29,Phe_211,Benign neoplasm of other parts of digestive system,neoplasms,0.0005117486487892041,1.9888415868037885,0.044799263400243754,1.528813308699028e-221
30,Phe_214,Lipoma,neoplasms,0.0006084037247323225,1.6571419692997813,0.016278524577305154,8.274307585594681e-31
31,Phe_214.1,Lipoma of skin and subcutaneous tissue,neoplasms,0.0005902309071757605,1.3427672985058727,0.013809677598747258,1.2455473482392914e-22
32,Phe_215,Other benign neoplasm of connective and other soft tissue,neoplasms,-6.821891178281435e-05,1.4799259580251358,0.009079763488445242,1.2222610563838565e-10
33,Phe_216,Benign neoplasm of skin,neoplasms,0.00020290015702664283,1.1851457201464952,0.009899442493740309,2.256625291629026e-12
34,Phe_228,"Hemangioma and lymphangioma, any site",neoplasms,7.674561024337524e-06,1.549301564004982,0.012474065631596235,9.327726300506375e-19
35,Phe_229,Benign neoplasm of unspecified sites,neoplasms,0.0006945312689639056,1.193478136900307,0.005223432747658776,0.00021324854963485724
36,Phe_241,Nontoxic nodular goiter,endocrine/metabolic,-4.6130876939530155e-05,0.9839880786869324,-3.407767763646286e-05,0.9807275499751561
37,Phe_242,Thyrotoxicosis with or without goiter,endocrine/metabolic,0.00019300241813623037,2.583652031607841,0.03601335494948015,7.614402307797056e-144
38,Phe_244,Hypothyroidism,endocrine/metabolic,0.00045632600246265964,2.2392519087746416,0.09167658125898215,0.0
39,Phe_244.1,Secondary hypothyroidism,endocrine/metabolic,0.0002164267302293778,2.3540875358558075,0.02790331738606144,4.106279534610122e-87
40,Phe_244.4,Hypothyroidism NOS,endocrine/metabolic,0.0004638768008765028,2.258204892443857,0.09075592030968242,0.0
41,Phe_250.1,Type 1 diabetes,endocrine/metabolic,0.0005050174000923247,4.493895581124482,0.10614431892703108,0.0
42,Phe_250.2,Type 2 diabetes,endocrine/metabolic,0.0008237308458743915,3.9262124648516843,0.2547621501388138,0.0
43,Phe_250.23,Type 2 diabetes with ophthalmic manifestations,endocrine/metabolic,0.0005200485161004548,5.187810998298406,0.09791976453623111,0.0
44,Phe_250.7,Diabetic retinopathy,endocrine/metabolic,0.0005066159719824624,5.066965779059942,0.09584442411203441,0.0
45,Phe_260,Protein-calorie malnutrition,endocrine/metabolic,-9.710577483186723e-05,1.8361920396925793,0.007486217551568789,1.1152968648200146e-07
46,Phe_261,Vitamin deficiency,endocrine/metabolic,-0.00047675020013859365,2.856298728410679,0.005438212913469309,0.00011571220930957642
47,Phe_272,Disorders of lipoid metabolism,endocrine/metabolic,0.015369584913597465,9.347886747525857,1.0,0.0
48,Phe_272.1,Hyperlipidemia,endocrine/metabolic,0.0033208199861250883,9.347886747525857,0.36364543540642236,0.0
49,Phe_272.11,Hypercholesterolemia,endocrine/metabolic,0.003158347984813185,9.347886747525857,0.9588095671769334,0.0
50,Phe_274,Gout and other crystal arthropathies,endocrine/metabolic,0.0008047999887767263,3.818547709742755,0.08344424389159023,0.0
51,Phe_274.1,Gout,endocrine/metabolic,0.0007902446663343335,4.0510413211551946,0.08479019015585632,0.0
52,Phe_275,Disorders of mineral metabolism,endocrine/metabolic,-0.0007387028432892754,2.3369716868814643,0.0026111429464020348,0.06417318139406376
53,Phe_275.5,Disorders of calcium__phosphorus metabolism,endocrine/metabolic,-6.300573663536592e-05,2.7192041364672983,0.03643457781329728,3.486002785805076e-147
54,Phe_276,"Disorders of fluid, electrolyte, and acid-base balance",endocrine/metabolic,0.00034682322439457216,3.115260455875922,0.12080672827262906,0.0
55,Phe_276.1,Electrolyte imbalance,endocrine/metabolic,0.00024626160156952814,2.9601641367165215,0.014830074331004075,7.507424737164665e-26
56,Phe_276.12,Hyposmolality and__or hyponatremia,endocrine/metabolic,0.00028570694106178047,2.9318857121948967,0.05603049987800716,0.0
57,Phe_276.14,Hypopotassemia,endocrine/metabolic,8.051060869730479e-05,3.001740759102878,0.05118628472548177,1.1909783406900806e-288
58,Phe_276.5,Hypovolemia,endocrine/metabolic,0.00015691664563954996,2.9864677141446245,0.06896023535170875,0.0
59,Phe_277,Other disorders of metabolism,endocrine/metabolic,-0.000501073811595396,2.253175889343882,0.023780326481616185,8.912778281457663e-64
60,Phe_278,"Overweight, obesity and other hyperalimentation",endocrine/metabolic,0.0002679939870514098,4.673943373762929,0.0035876140362530013,0.010985023366622642
61,Phe_278.1,Obesity,endocrine/metabolic,0.0002564721720674538,3.1742394279954955,0.14996857349385592,0.0
62,Phe_280,Iron deficiency anemias,hematopoietic,0.00021733018228048764,2.2729230697663834,0.07207726678773388,0.0
63,Phe_280.1,"Iron deficiency anemias, unspecified or not due to blood loss",hematopoietic,0.0002365293335853262,2.312748571007235,0.07269340896150933,0.0
64,Phe_281,Other deficiency anemia,hematopoietic,0.00019652363458407402,2.0773081661168575,0.0015779986517443971,0.26330950808989856
65,Phe_281.1,Megaloblastic anemia,hematopoietic,0.0001882431250498571,1.1684858434407321,0.00032905754548553164,0.8155592221334308
66,Phe_285,Other anemias,hematopoietic,0.00034126737684495826,2.3874729493543163,0.09293269143357252,0.0
67,Phe_287,Purpura and other hemorrhagic conditions,hematopoietic,1.0583527819006104e-05,2.476261390073075,0.008858466119021548,3.393132381704376e-10
68,Phe_287.3,Thrombocytopenia,hematopoietic,-0.00014032987298026408,2.3704725167972147,0.030156835467997377,1.954217647762422e-101
69,Phe_288,Diseases of white blood cells,hematopoietic,0.00022798553189511887,2.0716386569298573,0.015850166625483664,2.699366438506546e-29
70,Phe_289,Other diseases of blood and blood-forming organs,hematopoietic,8.76779153433168e-05,2.3525307527062416,0.018110624288009216,9.888402282369248e-38
71,Phe_289.4,Lymphadenitis,hematopoietic,0.00014498964397921605,1.9003693068347798,0.028152550283188395,1.2132086761903239e-88
72,Phe_290,Delirium dementia and amnestic and other cognitive disorders,mental disorders,0.0030392721186547323,3.4592462257793426,0.03197174480722284,8.912494528333026e-114
73,Phe_292,Neurological disorders,mental disorders,0.0021247026009677972,2.9072375052113912,0.026947036478290772,2.271295240998001e-81
74,Phe_292.1,Aphasia__speech disturbance,mental disorders,0.0006563829321394934,3.549093931114589,0.06124629612035815,0.0
75,Phe_292.4,Altered mental status,mental disorders,0.0028124128771891124,3.14858158703632,0.06509376279454765,0.0
76,Phe_293,Symptoms involving head and neck,mental disorders,4.959166970526695e-05,1.939312916715844,0.024401183487437944,4.708562867438646e-67
77,Phe_296,Mood disorders,mental disorders,0.00042946046356281644,2.3779711901600864,0.00718428187856228,3.527819533570096e-07
78,Phe_296.1,Bipolar,mental disorders,0.00015316578857887793,1.7319540636401618,0.014331311318621608,3.002529452588921e-24
79,Phe_296.2,Depression,mental disorders,0.00042525301010815997,2.1199671730996146,0.012947411955552235,4.3726066597137654e-20
80,Phe_300,Anxiety disorders,mental disorders,0.0001985846545063149,2.1739271505874087,0.013026586370454977,2.592490612890315e-20
81,Phe_300.1,Anxiety disorder,mental disorders,0.0002649349434355595,2.4689648788787526,0.07167029832928164,0.0
82,Phe_306,Other mental disorder,mental disorders,0.0010023912004564004,3.2320220529473938,0.2454341735802828,0.0
83,Phe_317,Alcohol-related disorders,mental disorders,0.00037590261910343,2.305006582869659,0.0573359992341316,0.0
84,Phe_317.1,Alcoholism,mental disorders,0.0003476033378210245,2.446175971315178,0.07965526755863625,0.0
85,Phe_318,Tobacco use disorder,mental disorders,0.0005751339510900494,2.7300070857813488,0.14651025593348074,0.0
86,Phe_327,Sleep disorders,neurological,0.00017352976640002906,2.0879221494473814,0.0196875856425723,2.837021727941941e-44
87,Phe_327.3,Sleep apnea,neurological,0.00025255234072454755,2.8058643013118556,0.07354781714589383,0.0
88,Phe_331,Other cerebral degenerations,neurological,0.0023169126174526072,2.699996414940721,0.01685451484560216,6.604577119089322e-33
89,Phe_332,Parkinson's disease,neurological,-0.0008165511141168303,2.1753854092539533,0.025312660816449558,5.123597851537295e-72
90,Phe_334,Degenerative disease of the spinal cord,neurological,-4.2624698560526363e-05,2.2632169447346193,0.02911124842272505,1.1861978563076751e-94
91,Phe_335,Multiple sclerosis,neurological,-0.0010537695477523647,1.1394715222717748,0.0028716137135707987,0.04178884905266593
92,Phe_339,Other headache syndromes,neurological,0.0001258096752903725,2.3260038750152887,0.06958677332481163,0.0
93,Phe_340,Migraine,neurological,-0.0008361097750546258,1.967396385939333,0.030897533995316456,2.194241207428963e-106
94,Phe_342,Hemiplegia,neurological,-0.000744900870527804,4.130549957138458,0.07599681182158007,0.0
95,Phe_345,"Epilepsy, recurrent seizures, convulsions",neurological,1.594856778443155e-05,2.413059137152024,0.04767449410266439,1.209865690837991e-250
96,Phe_345.3,Convulsions,neurological,0.00012273062159002488,2.4800515860782886,0.04185193397283207,1.3605109716647377e-193
97,Phe_348,Other conditions of brain,neurological,1.4101710194802453e-05,3.1431758932728866,0.015838573672338745,2.9625845930449604e-29
98,Phe_350,Abnormal movement,neurological,-0.0006131442177177438,2.86485235027116,0.06535610965035596,0.0
99,Phe_350.2,Abnormality of gait,neurological,-0.00124794441446467,3.1932334766811827,0.0610178812763966,0.0
100,Phe_351,Other peripheral nerve disorders,neurological,0.0002151608111686637,1.8035922665814597,0.05204452888904101,2.3734994171461125e-298
101,Phe_352,Disorders of other cranial nerves,neurological,-6.990423734169899e-05,2.469253103120038,0.007386469210288474,1.6396232436402708e-07
102,Phe_353,Nerve root and plexus disorders,neurological,7.30966592325165e-05,2.2394747644199113,0.024108332238389343,1.6948672157564948e-65
103,Phe_357,Inflammatory and toxic neuropathy,neurological,0.00034346761954068326,2.9433099873476314,0.045348584699267634,5.815349268711646e-227
104,Phe_361,Retinal detachments and defects,sense organs,0.0004949214193616929,1.5710734029455224,0.014943428498728423,3.19076162657975e-26
105,Phe_361.1,Retinal detachment with retinal defect,sense organs,0.000727334007792955,1.7198595485817973,0.015642534232987428,1.4144372076213994e-28
106,Phe_362,Other retinal disorders,sense organs,-0.00037514419780879706,2.983502315505891,0.03733702476286546,1.808693317448156e-154
107,Phe_362.2,Degeneration of macula and posterior pole of retina,sense organs,-0.00043327376256868097,2.4180056329970703,0.043690507974496695,8.357658092979898e-211
108,Phe_362.29,Macular degeneration (senile) of retina NOS,sense organs,-0.0004328750672638374,2.4180056329970703,0.043690507974496695,8.357658092979898e-211
109,Phe_365,Glaucoma,sense organs,0.0015476918516716424,2.4133795363763184,0.05333381919377907,0.0
110,Phe_365.1,Open-angle glaucoma,sense organs,0.001633741973210078,2.0701029883795257,0.02266017328662584,4.468944962422009e-58
111,Phe_365.11,Primary open angle glaucoma,sense organs,0.0016871436507216976,2.077864488603766,0.02278170076495938,1.109164485681531e-58
112,Phe_366,Cataract,sense organs,0.0005055244614095367,2.228596393766595,0.10149348937223937,0.0
113,Phe_366.2,Senile cataract,sense organs,0.0008863355430446842,2.458791061811774,0.08862863475807334,0.0
114,Phe_367,Disorders of refraction and accommodation; blindness and low vision,sense organs,9.762233567503919e-05,1.3073967479057145,0.001795025500603699,0.20321394457497097
115,Phe_367.1,Myopia,sense organs,0.00012539506935444202,1.5991579443148514,0.013372728360705547,2.542715514327203e-21
116,Phe_368,Visual disturbances,sense organs,0.00010901567204902775,2.9187494485945717,0.038220915192572306,8.900877840601175e-162
117,Phe_371,Inflammation of the eye,sense organs,1.9909119900189653e-05,3.464601381950143,0.014391896985131974,1.9309120748962434e-24
118,Phe_371.3,Inflammation of eyelids,sense organs,-5.1946858643260916e-06,1.3321730658996827,0.009344608976369913,3.489070850379012e-11
119,Phe_374,Other disorders of eyelids,sense organs,0.00032696726301809483,1.7282927494237446,0.023163887198473284,1.3205028031007298e-60
120,Phe_374.1,Ectropion or entropion,sense organs,0.0003910983776103455,2.335493526421704,0.02596770255737316,1.0735052861821001e-75
121,Phe_374.3,Ptosis of eyelid,sense organs,5.252685649986689e-05,2.143819149842118,0.029021223144523975,4.4364093243824375e-94
122,Phe_375,Disorders of lacrimal system,sense organs,-9.237159594125716e-05,1.9761296560048602,0.023764058667385644,1.0833078143238373e-63
123,Phe_378,Strabismus and other disorders of binocular eye movements,sense organs,5.467575541730617e-05,1.6066680347310067,0.0033516059219001705,0.01750747188827925
124,Phe_379,Other disorders of eye,sense organs,0.00016535754997021367,1.935465538033988,0.009736290579460846,5.12870386575768e-12
125,Phe_379.2,Disorders of vitreous body,sense organs,0.00012154166127643688,2.322511605049261,0.029659502177855887,3.524988781200559e-98
126,Phe_379.3,Aphakia and other disorders of lens,sense organs,0.00017845933317740882,2.50705169506268,0.041947255654744865,1.8178949705549943e-194
127,Phe_380,Disorders of external ear,sense organs,-3.35279231828939e-05,1.8314659199569345,0.012073918581113178,1.1365319906080959e-17
128,Phe_381,Otitis media and Eustachian tube disorders,sense organs,4.223495875265022e-05,1.792442267787339,0.021101649635005996,1.3386780264114878e-50
129,Phe_381.1,Otitis media,sense organs,5.110077007526248e-05,1.7400544960405024,0.013678539869519618,3.110530772322093e-22
130,Phe_384,Other disorders of tympanic membrane,sense organs,0.00028406430002571873,1.7387069350398094,0.008068910210767265,1.0656504633744866e-08
131,Phe_384.4,Perforation of tympanic membrane,sense organs,0.00039937569167930947,1.5714119963513293,0.010423483000617233,1.477838181548575e-13
132,Phe_386,Vertiginous syndromes and other disorders of vestibular system,sense organs,0.0008713815035411247,2.5754381855428385,0.0076154976844245055,6.719759814749349e-08
133,Phe_386.9,Dizziness and giddiness (Light-headedness and vertigo),sense organs,0.0012935539152740057,3.1039860044289704,0.08832227813364209,0.0
134,Phe_389,Hearing loss,sense organs,6.650081709204661e-05,2.6486254655900745,0.05954905929825942,0.0
135,Phe_394,Rheumatic disease of the heart valves,circulatory system,0.000562472173656195,4.437041056070711,0.06883648349774682,0.0
136,Phe_394.2,Mitral valve disease,circulatory system,0.0004342675142765988,3.774708061513577,0.0957195668090361,0.0
137,Phe_394.3,Aortic valve disease,circulatory system,0.0018514321001455514,4.079798029640522,0.0694481711305375,0.0
138,Phe_394.7,Disease of tricuspid valve,circulatory system,2.649410260989792e-05,4.10941329390012,0.06879425107918573,0.0
139,Phe_395,Heart valve disorders,circulatory system,0.0004673120590158561,4.076705951821133,0.1254536587491354,0.0
140,Phe_395.1,Nonrheumatic mitral valve disorders,circulatory system,0.0004231030559133429,3.828144855927448,0.09581367767978079,0.0
141,Phe_395.6,Heart valve replaced,circulatory system,0.0011144835523367804,4.732595194550088,0.0878118955449994,0.0
142,Phe_396,Abnormal heart sounds,circulatory system,0.0,2.432330082147473,0.0288063618847928,1.0165962959375973e-92
143,Phe_401.1,Essential hypertension,circulatory system,0.001262074571842924,3.169271323428718,0.4044989250025414,0.0
144,Phe_401.2,Hypertensive heart and__or renal disease,circulatory system,0.00025198367744245695,4.755942380320173,0.013845942183805308,9.655776032286808e-23
145,Phe_401.22,Hypertensive chronic kidney disease,circulatory system,0.0002396963348379786,4.862880449506955,0.08615399052913575,0.0
146,Phe_402,Elevated blood pressure reading without diagnosis of hypertension,circulatory system,0.0007312017755488628,2.726466968028375,0.03969680778943796,2.320951555323393e-174
147,Phe_411.1,Unstable angina (intermediate coronary syndrome),circulatory system,0.0022782679341025445,6.266853759259946,0.21459931038891805,0.0
148,Phe_411.2,Myocardial infarction,circulatory system,0.002350307172593632,5.312820017705671,0.2832323229890142,0.0
149,Phe_411.3,Angina pectoris,circulatory system,0.002367787490270172,5.78119986158757,0.3606527189453042,0.0
150,Phe_411.4,Coronary atherosclerosis,circulatory system,0.0023997560294454993,5.675300585083261,0.3937104871131703,0.0
151,Phe_411.8,"Other chronic ischemic heart disease, unspecified",circulatory system,0.0024208103204860446,5.745776288923444,0.35047756252193385,0.0
152,Phe_411.9,Other acute and subacute forms of ischemic heart disease,circulatory system,0.0011675187812923908,5.766072716543177,0.10479789073521593,0.0
153,Phe_414,Other forms of chronic heart disease,circulatory system,0.001106517768539196,4.758871818189172,0.10491748458520891,0.0
154,Phe_415,Pulmonary heart disease,circulatory system,0.00107059363223402,2.134000330709388,0.04099498111093915,7.995635497363332e-186
155,Phe_416,Cardiomegaly,circulatory system,0.0002743802499300806,4.2980003459591325,0.10760166999332864,0.0
156,Phe_418,Nonspecific chest pain,circulatory system,0.0018181143851741073,3.3012254113137898,0.2374124240154309,0.0
157,Phe_418.1,Precordial pain,circulatory system,0.000657155339239966,4.09041257122279,0.11500677155116613,0.0
158,Phe_420,Carditis,circulatory system,0.0004836049997749124,3.1159622491752863,0.00400130409707534,0.004562066014714662
159,Phe_420.2,Pericarditis,circulatory system,0.0003941360706322707,3.2827926977494375,0.04653286848960974,7.158839083816995e-239
160,Phe_425,Cardiomyopathy,circulatory system,0.00020448685242873603,2.9010683009563003,0.004998627606991027,0.0003949733982131733
161,Phe_425.1,Primary__intrinsic cardiomyopathies,circulatory system,0.0002205979939933516,3.4867271777146382,0.04897756002252535,1.9779781351816132e-264
162,Phe_426,Cardiac conduction disorders,circulatory system,0.0012737057564144645,3.2925754940678122,0.017596261874754878,1.0284959511046788e-35
163,Phe_426.2,Atrioventricular [AV] block,circulatory system,1.3727456145374388e-05,3.9458416421717186,0.020293804769940717,6.223536669849926e-47
164,Phe_426.3,Bundle branch block,circulatory system,0.0009696072166488928,4.528789852838615,0.03788346652743125,5.749229890048621e-159
165,Phe_426.31,Right bundle branch block,circulatory system,0.000600559379668757,3.8173499493698744,0.0707293531736469,0.0
166,Phe_426.32,Left bundle branch block,circulatory system,0.0005557406469015787,4.505951455391202,0.09367573796820236,0.0
167,Phe_426.9,Cardiac pacemaker__device in situ,circulatory system,0.0013368232864613121,6.657248722273608,0.050723291998158386,1.744871847030613e-283
168,Phe_426.91,Cardiac pacemaker in situ,circulatory system,0.0014687573200395853,4.662632405662937,0.10946140566892658,0.0
169,Phe_427,Cardiac dysrhythmias,circulatory system,0.0009913893783089966,3.1408490373798585,0.20755516027809773,0.0
170,Phe_427.1,"Paroxysmal tachycardia, unspecified",circulatory system,0.0005035191073908102,2.6032089676654286,0.009840756735980453,3.036453873337799e-12
171,Phe_427.11,Paroxysmal supraventricular tachycardia,circulatory system,0.0004227967903284766,2.98203053846512,0.056786860849603674,0.0
172,Phe_427.2,Atrial fibrillation and flutter,circulatory system,0.0008599946253218067,3.3878045729789674,0.17595243586137954,0.0
173,Phe_427.3,Other specified cardiac dysrhythmias,circulatory system,0.00041713946470220935,3.7897333452035817,0.09777941717849133,0.0
174,Phe_427.4,Cardiac arrest and ventricular fibrillation,circulatory system,0.00012412201043746207,4.041140794670091,0.06506744974579573,0.0
175,Phe_427.7,Tachycardia NOS,circulatory system,0.0004084079780456902,2.788284754048362,0.05260579687149309,8.789025429245842e-305
176,Phe_427.9,Palpitations,circulatory system,0.0009031047276469423,2.944411124816244,0.07187353851802344,0.0
177,Phe_428,Congestive heart failure; nonhypertensive,circulatory system,0.0012675024740239496,4.57518705205905,0.16658300390094707,0.0
178,Phe_428.1,Congestive heart failure (CHF) NOS,circulatory system,0.0008510952307230426,4.6545064038138175,0.1075493135217033,0.0
179,Phe_428.2,Heart failure NOS,circulatory system,0.00141123050544846,4.7361567236827415,0.15438454409167357,0.0
180,Phe_430,Intracranial hemorrhage,circulatory system,7.775256496429693e-05,2.220768674826585,0.008020333467740977,1.3043188911293628e-08
181,Phe_433,Cerebrovascular disease,circulatory system,0.0015168417009665568,3.8895337466879325,0.06781556749651711,0.0
182,Phe_433.1,Occlusion and stenosis of precerebral arteries,circulatory system,0.0020779536837293514,5.523195829910702,0.08651567587749878,0.0
183,Phe_433.2,Occlusion of cerebral arteries,circulatory system,0.0010672340372057257,4.349149161820436,0.11059528536424244,0.0
184,Phe_433.21,"Cerebral artery occlusion, with cerebral infarction",circulatory system,0.0005230299143501141,4.388759397358688,0.08679718430182935,0.0
185,Phe_433.3,Cerebral ischemia,circulatory system,0.002204221954365549,4.291529825000508,0.06753945370928643,0.0
186,Phe_433.31,Transient cerebral ischemia,circulatory system,0.0014722880469013858,4.254036667528102,0.08817032321845289,0.0
187,Phe_433.8,Late effects of cerebrovascular disease,circulatory system,-0.00266739411593375,4.792007322282943,0.08335911317899254,0.0
188,Phe_440,Atherosclerosis,circulatory system,0.0015302861428749728,5.285151353408851,0.033744791940388714,1.580248282630787e-126
189,Phe_442,Other aneurysm,circulatory system,0.0005512104094303545,3.7789329404891765,0.009302267814763869,4.2732613873590285e-11
190,Phe_442.1,Aortic aneurysm,circulatory system,0.0003086802980195343,3.943326957735747,0.043959977634109595,2.1737342037033247e-213
191,Phe_443,Peripheral vascular disease,circulatory system,0.0006977679187045168,4.393029602739799,0.12988862841906348,0.0
192,Phe_443.1,Raynaud's syndrome,circulatory system,0.0001193507673345339,2.045991962607558,0.021651749747997103,3.532918551602386e-53
193,Phe_443.9,"Peripheral vascular disease, unspecified",circulatory system,0.0015195042660406729,5.41354346988793,0.13640241251971527,0.0
194,Phe_447,Other disorders of arteries and arterioles,circulatory system,0.0015420969987439727,3.7323890391206986,0.038443229385045026,1.2146278122838604e-163
195,Phe_451,Phlebitis and thrombophlebitis,circulatory system,0.0009783957215943509,2.115848206304554,0.012655347565385907,2.927494158288692e-19
196,Phe_451.2,Phlebitis and thrombophlebitis of lower extremities,circulatory system,0.0009781035581307434,1.9392282703690895,0.032916442857275414,1.7438036661220345e-120
197,Phe_454,Varicose veins,circulatory system,-0.00031840004810244134,1.4613946936832876,0.006140969738876239,1.3415516900881118e-05
198,Phe_454.1,Varicose veins of lower extremity,circulatory system,-0.00037394966504115425,1.1458489748360965,0.008654902626032919,8.497122881582948e-10
199,Phe_455,Hemorrhoids,circulatory system,-0.000583011328270663,1.6201846420967132,0.05626809459047021,0.0
200,Phe_458,Hypotension,circulatory system,0.0003600140229141627,3.046001093321609,0.041706064636966064,2.934405626413368e-192
201,Phe_458.1,Orthostatic hypotension,circulatory system,0.0005691879625384559,3.737622886352002,0.06619976428898877,0.0
202,Phe_458.9,Hypotension NOS,circulatory system,0.0004539931347185424,3.130269717685766,0.08171863073643776,0.0
203,Phe_459,Other disorders of circulatory system,circulatory system,0.0011154131220067428,2.578727378627823,0.010984604673743664,6.865330511959867e-15
204,Phe_459.9,Circulatory disease NEC,circulatory system,0.001119240009120126,3.376036045687665,0.18941618360528975,0.0
205,Phe_465,Acute upper respiratory infections of multiple or unspecified sites,respiratory,0.0001307891869712616,2.1701308730773947,0.02525817315449823,1.0265221521211696e-71
206,Phe_470,Septal Deviations__Turbinate Hypertrophy,respiratory,-0.00018206162671104544,1.3568763530791468,0.013618260261277826,4.723814837325507e-22
207,Phe_471,Nasal polyps,respiratory,0.0006579223307240508,1.4597828787293436,0.014700638145582923,1.978817128507488e-25
208,Phe_473,Diseases of the larynx and vocal cords,respiratory,4.025737774596447e-05,1.9601116546293054,0.02166546969732859,3.040751664143927e-53
209,Phe_473.4,Voice disturbance,respiratory,-8.518123018710699e-05,1.9136414621197717,0.017215641939768853,2.9365042798021865e-34
210,Phe_474,Acute and chronic tonsillitis,respiratory,-0.0001049519644694541,0.8649290229027483,-0.0015642808333089047,0.2674824456706644
211,Phe_474.2,Chronic tonsillitis and adenoiditis,respiratory,-8.364315992442055e-05,1.1701768504500532,0.003093100711985776,0.02833446244289017
212,Phe_475,Chronic sinusitis,respiratory,0.0007588373012830401,1.484540936896643,0.014173804935365467,9.380022898406567e-24
213,Phe_476,Allergic rhinitis,respiratory,0.00028359289052078254,1.6493442152270417,0.014005748617892414,3.119890414264706e-23
214,Phe_477,Epistaxis or throat hemorrhage,respiratory,-0.00021274535851096603,2.7529632456574165,0.05101625332659661,9.517212063020045e-287
215,Phe_479,Other upper respiratory disease,respiratory,-4.443039051808982e-07,1.7163600253085836,0.026639869899447995,1.4407724451316208e-79
216,Phe_480,Pneumonia,respiratory,0.00042004907525529633,2.782914690122822,0.07060230804937512,0.0
217,Phe_480.1,Bacterial pneumonia,respiratory,0.0004064160754371589,2.8919253856132103,0.03602062431080405,6.673228617752069e-144
218,Phe_480.11,Pneumococcal pneumonia,respiratory,0.00042240262265008215,2.7116364863814986,0.08432850326422371,0.0
219,Phe_495,Asthma,respiratory,0.0005893278423057244,1.8977626860404397,0.0881256973371454,0.0
220,Phe_496,Chronic airway obstruction,respiratory,0.000615027587054463,3.3077018936483666,0.12549758199882893,0.0
221,Phe_496.1,Emphysema,respiratory,0.0004038008898564946,3.136173896196963,0.05509499046122076,0.0
222,Phe_496.2,Chronic bronchitis,respiratory,0.00033007787204733323,3.2687706323971013,0.024000556327409092,6.268534842226129e-65
223,Phe_496.21,Obstructive chronic bronchitis,respiratory,0.0003168935850897315,3.3871897324030944,0.07806259722518312,0.0
224,Phe_496.3,Bronchiectasis,respiratory,4.074536890996545e-06,2.2289292973042976,0.033825440720684274,4.002981188981663e-127
225,Phe_506,Empyema and pneumothorax,respiratory,0.0004154990309277237,2.3861136148766353,0.028050028726555154,5.184886739752183e-88
226,Phe_507,Pleurisy; pleural effusion,respiratory,0.00036746518355199726,2.9029693737844973,0.0954800741496609,0.0
227,Phe_508,Pulmonary collapse; interstitial and compensatory emphysema,respiratory,-0.00020773821483596478,2.9611642362383055,0.05752183968590553,0.0
228,Phe_509.1,Respiratory failure,respiratory,8.631775079456788e-05,3.176232312022003,0.059362516499757524,0.0
229,Phe_509.2,Respiratory insufficiency,respiratory,4.6453913246605675e-05,3.213227514478416,0.05620700272867053,0.0
230,Phe_512,Other symptoms of respiratory system,respiratory,0.00014062409322383555,2.9940012684824544,0.11847132536076807,0.0
231,Phe_512.7,Shortness of breath,respiratory,0.00010806770063674013,3.3724652274065634,0.1131628777712408,0.0
232,Phe_512.8,Cough,respiratory,6.132403763459601e-05,2.415089135979292,0.04726688299804693,2.0832376865168537e-246
233,Phe_514,Abnormal findings examination of lungs,respiratory,6.746857530448957e-05,2.417319436430434,0.04433839409130568,4.790481088262592e-217
234,Phe_516,Abnormal sputum,respiratory,3.951140063112278e-05,2.6508932567610644,0.009331916365466736,3.708042326020014e-11
235,Phe_516.1,Hemoptysis,respiratory,3.237451565267397e-05,2.590489325497797,0.042960608940182894,6.976699333479543e-204
236,Phe_519,"Other diseases of respiratory system, not elsewhere classified",respiratory,0.00023555020678397688,2.5610648623358516,0.009210898750210155,6.598691364430888e-11
237,Phe_519.8,"Other diseases of respiratory system, NEC",respiratory,0.00023261355458794355,2.686660852620088,0.09851282173491144,0.0
238,Phe_520,Disorders of tooth development,digestive,-0.00033237648596111445,1.4956618796041372,0.001711329596072399,0.22508466011561298
239,Phe_520.2,Disturbances in tooth eruption,digestive,-0.0003268028540486108,0.7057916469447483,-0.007935007768328813,1.8549712794001367e-08
240,Phe_521,Diseases of hard tissues of teeth,digestive,0.00012388755758565556,1.5579811245876432,0.0014922260989743495,0.2901461619257129
241,Phe_521.1,Dental caries,digestive,0.00011419949734031401,1.773450077599869,0.026192333620555997,5.593904865467777e-77
242,Phe_522,Diseases of pulp and periapical tissues,digestive,4.612856088104309e-05,1.2228682034499234,0.0030705560087584583,0.02950723064170751
243,Phe_522.5,Periapical abscess,digestive,4.917183741538573e-05,1.572340397625317,0.011663322086637394,1.3610131658926506e-16
244,Phe_523,Gingival and periodontal diseases,digestive,0.00012361013294985137,2.139716565957278,0.01472242157569659,1.6819836246715735e-25
245,Phe_523.3,Periodontitis (acute or chronic),digestive,0.00010213698271703737,0.8498078861387143,-0.00024321466500432378,0.8631163264630225
246,Phe_525,Other diseases of the teeth and supporting structures,digestive,-8.7362738530178e-06,1.8014156753044621,0.024340569039173785,9.92052428821087e-67
247,Phe_528,"Diseases of the oral soft tissues, excluding lesions specific for gingiva and tongue",digestive,-1.3416506656547928e-05,1.5816452674195993,0.01515292533265018,6.453580005107242e-27
248,Phe_529,Diseases and other conditions of the tongue,digestive,-1.9869493478634006e-05,1.7341608082993278,0.013202831690538281,8.007441332256938e-21
249,Phe_530,Diseases of esophagus,digestive,-7.187028042865669e-06,2.05844498186154,0.015352489700609203,1.3796674920922954e-27
250,Phe_530.1,"Esophagitis, GERD and related diseases",digestive,-4.122284419523688e-05,1.9519206695541214,0.05400021720466037,0.0
251,Phe_530.11,GERD,digestive,0.0002810053590653259,2.4555466116442974,0.11205635721296348,0.0
252,Phe_530.12,Ulcer of esophagus,digestive,6.047589590173112e-05,2.034240903740372,0.04192843103559904,2.7061691218745936e-194
253,Phe_530.14,Reflux esophagitis,digestive,4.078018838419743e-06,1.9020731909602309,0.05457925198609956,0.0
254,Phe_530.2,Esophageal bleeding (varices__hemorrhage),digestive,-6.510938265986796e-05,2.1127802357224597,0.027807836475714092,1.569685981135599e-86
255,Phe_530.3,Stricture and stenosis of esophagus,digestive,0.0,1.873500911623755,0.022869199259079157,4.04818688195871e-59
256,Phe_530.9,Heartburn,digestive,-7.235829374702346e-05,1.8026055462252741,0.021481070590290426,2.265803692276528e-52
257,Phe_531,Peptic ulcer (excl. esophageal),digestive,0.00011377145157044657,2.382172990936097,0.07126272554261892,0.0
258,Phe_531.2,Gastric ulcer,digestive,5.914586926526829e-05,2.4673086292107804,0.05661311534485231,0.0
259,Phe_531.3,Duodenal ulcer,digestive,-8.30024605028534e-05,2.1492432192191373,0.03671423734733634,2.0129974607198643e-149
260,Phe_532,Dysphagia,digestive,-2.57070500223728e-05,1.984291289337796,0.04872138791803655,1.0863845949701775e-261
261,Phe_535,Gastritis and duodenitis,digestive,0.00030385735932593586,2.115380390967225,0.08947272567145274,0.0
262,Phe_535.1,Acute gastritis,digestive,9.061763045519681e-05,2.2360755930487755,0.025028447303989187,1.890798645653443e-70
263,Phe_535.6,Duodenitis,digestive,0.00037846541048306754,2.104754021325668,0.05693273608423282,0.0
264,Phe_535.8,Other specified gastritis,digestive,2.3883021733748842e-05,2.0435460102094987,0.05831574862682582,0.0
265,Phe_537,Other disorders of stomach and duodenum,digestive,0.00016811985137113572,2.045925242050014,0.03688381748245082,8.672319890116094e-151
266,Phe_540,Appendiceal conditions,digestive,0.000750044315497775,1.3606088527396125,0.003392542135306868,0.016177237128219637
267,Phe_540.1,Appendicitis,digestive,0.0007637308087218052,1.1131448359706029,0.0015028584140393624,0.2867229943170787
268,Phe_540.11,Acute appendicitis,digestive,0.0008190184459956006,1.1187309623651913,0.003237651633810297,0.02172777074202718
269,Phe_550,Abdominal hernia,digestive,-0.0001800578884770658,2.0712091990994854,0.03757533199246245,2.0132446837805675e-156
270,Phe_550.1,Inguinal hernia,digestive,-0.00021670118501325452,1.6322054218934374,0.04611237610452782,1.3144793656776278e-234
271,Phe_550.2,Diaphragmatic hernia,digestive,-8.612569310602335e-05,2.004082724365075,0.10147001508554192,0.0
272,Phe_550.4,Umbilical hernia,digestive,1.9703486206438653e-05,2.1835863770492736,0.04279154256012782,2.6929698403893616e-202
273,Phe_550.5,Ventral hernia,digestive,1.3006809603290996e-05,2.0819095333797017,0.037410409882836164,4.5407932423316076e-155
274,Phe_555,Inflammatory bowel disease and other gastroenteritis and colitis,digestive,-0.00037706462900078606,1.3707419024844338,0.014340670435339646,2.804929812008555e-24
275,Phe_555.1,Regional enteritis,digestive,-0.0001763200741983918,1.3072344727611667,0.007392592675133562,1.6015151927508776e-07
276,Phe_555.2,Ulcerative colitis,digestive,-0.0005676227056972455,1.4325918003437217,0.013662955296872429,3.4659610615250934e-22
277,Phe_556,Ulceration of the lower GI tract,digestive,0.00020934155294503428,2.0620338413659978,0.012835719656761922,9.09291840976966e-20
278,Phe_557,Intestinal malabsorption (non-celiac),digestive,0.0001601876512507528,1.4299278814708505,0.004395047298627736,0.0018360204756322713
279,Phe_557.1,Celiac disease,digestive,0.00016716031266322755,1.1440247871368199,0.003513424628930076,0.012753354835061063
280,Phe_558,Noninfectious gastroenteritis,digestive,0.0006371122633681859,1.8438827767177828,0.06015170326766638,0.0
281,Phe_559,Ileostomy status,digestive,-0.00019981979965937513,1.8575155601535251,0.020234946131437868,1.1368129669807246e-46
282,Phe_560.4,Other intestinal obstruction,digestive,2.4093125802540417e-05,1.761168871574394,0.026367930994582945,5.458120145671826e-78
283,Phe_561,Symptoms involving digestive system,digestive,0.0002881585789778353,1.6435458086854255,0.04680285667434416,1.2491969171434882e-241
284,Phe_561.2,Flatulence,digestive,1.678015217245127e-05,1.6770178846684967,0.017125930063807394,6.402393900250904e-34
285,Phe_562,Diverticulosis and diverticulitis,digestive,0.0001975339279102752,1.97604065413338,0.10092977590406751,0.0
286,Phe_562.1,Diverticulosis,digestive,0.00020314518251862666,1.97604065413338,0.10092977590406751,0.0
287,Phe_563,Constipation,digestive,0.0005902422426971703,2.253503435707295,0.080615301372746,0.0
288,Phe_564,Functional digestive disorders,digestive,-0.0005021174654712469,1.6708783075287763,0.011558020185389721,2.5383262197993644e-16
289,Phe_564.1,Irritable Bowel Syndrome,digestive,-0.00022743623021384606,1.9144237685687602,0.0410051380669307,6.482045238182245e-186
290,Phe_564.8,Abnormal findings on exam of gastrointestinal tract__ abdominal area,digestive,0.00014234680586469435,2.068649435602539,0.026874468422876573,6.080348017785691e-81
291,Phe_564.9,Personal history of diseases of digestive system,digestive,-0.0005781550024962129,2.2332915578978882,0.09522945478847036,0.0
292,Phe_565,Anal and rectal conditions,digestive,-0.0005833903917136122,1.7139652487788328,0.038196252762520394,1.4310632684758192e-161
293,Phe_565.1,Anal and rectal polyp,digestive,-0.0004738168593078121,1.8554871906012462,0.044322049034043,6.90205624244703e-217
294,Phe_568,Other disorders of peritoneum,digestive,-0.0002498623642768216,2.25819736035737,0.011594958360782127,2.0411149274653282e-16
295,Phe_568.1,Peritoneal adhesions (postoperative) (postinfection),digestive,-0.0005294853182859785,1.8718257888912273,0.03021653512414801,7.879006606987406e-102
296,Phe_569,Other disorders of intestine,digestive,0.0003263571044084721,2.014394097209133,0.03675647806184895,9.20974299275323e-150
297,Phe_571,Chronic liver disease and cirrhosis,digestive,-0.0004283205740841076,2.8710284256987846,0.06449900715053218,0.0
298,Phe_571.5,Other chronic nonalcoholic liver disease,digestive,0.00037799948366853503,3.4506276419438517,0.06436289942963587,0.0
299,Phe_572,Ascites (non malignant),digestive,1.683012507441018e-05,2.046734880607476,0.02551399131759311,3.8800996660322966e-73
300,Phe_573,Other disorders of liver,digestive,-0.0008270318865205712,2.2948145505690927,0.03200544935780156,5.176195626711843e-114
301,Phe_573.7,Abnormal results of function study of liver,digestive,-0.0008829871821984584,2.5939162178998454,0.05824109868999425,0.0
302,Phe_574,Cholelithiasis and cholecystitis,digestive,-0.0012003350714565686,1.7140167128745967,0.053262350274104815,0.0
303,Phe_574.1,Cholelithiasis,digestive,-0.0012219765239120455,1.8126282999811663,0.04487584209650396,2.708788959861241e-222
304,Phe_574.11,Cholelithiasis with acute cholecystitis,digestive,-0.0013196957702876018,1.879624339292033,0.020339966202373317,3.8752777250832215e-47
305,Phe_574.12,Cholelithiasis with other cholecystitis,digestive,-0.0013697899314906166,1.654723233343317,0.027992886212420815,1.162345947763073e-87
306,Phe_574.2,Calculus of bile duct,digestive,-0.0014315126037572463,1.9882079384035116,0.029344979616755185,3.789248873597945e-96
307,Phe_574.3,Cholecystitis without cholelithiasis,digestive,-0.001462911906729264,1.9592976632946546,0.02919304467119229,3.565447464987453e-95
308,Phe_575,Other biliary tract disease,digestive,-0.0012466583483410562,1.9873837091307534,0.0371085029851921,1.3150622661297114e-152
309,Phe_575.7,Other disorders of gallbladder,digestive,-0.0013797420583254037,1.8695773495051715,0.019191685878462407,3.701914026374682e-42
310,Phe_575.8,Other disorders of biliary tract,digestive,-0.0012671426483290475,2.3019171115782426,0.025466975399758097,7.101561581644409e-73
311,Phe_577,Diseases of pancreas,digestive,-0.001241960966764151,2.4762613900730748,0.021715046065612875,1.7669060955393628e-53
312,Phe_577.1,Acute pancreatitis,digestive,-0.0012478624392604821,2.3037949167667358,0.026760412899864725,2.842850689035606e-80
313,Phe_578.1,Hematemesis,digestive,6.454140991217724e-05,2.731035827631272,0.0442641197868472,2.5153926395875894e-216
314,Phe_578.2,Blood in stool,digestive,0.00039861076531090155,2.4226262249241692,0.04324762212718518,1.3673015577971948e-206
315,Phe_578.9,Hemorrhage of gastrointestinal tract,digestive,0.00010522805603483681,1.9964363866375472,0.04681769690420398,8.801538475401217e-242
316,Phe_579,Other symptoms involving abdomen and pelvis,digestive,0.0006530666252724616,1.6387653310477428,0.012573076464450099,4.963386535681051e-19
317,Phe_579.8,Nonspecific abnormal findings in stool contents,digestive,0.00034150952849625597,1.765711941199329,0.020121080978320747,3.6285215576689834e-46
318,Phe_580,Nephritis; nephrosis; renal sclerosis,genitourinary,0.00022140235354730476,4.226346586588578,0.07357378201305731,0.0
319,Phe_580.1,Glomerulonephritis,genitourinary,1.6140277101518436e-05,4.251578065155525,0.05817084860778161,0.0
320,Phe_585,Renal failure,genitourinary,0.0002082789228520028,3.5375142718817703,0.14463163758333283,0.0
321,Phe_585.1,Acute renal failure,genitourinary,0.00011167376481737888,3.515213674165953,0.11981502970162852,0.0
322,Phe_585.2,Renal failure NOS,genitourinary,0.0003562094613596675,3.4604938763368978,0.05454403647664429,0.0
323,Phe_585.3,Chronic renal failure [CKD],genitourinary,0.00032429060775216383,4.226634281941315,0.1098679972410569,0.0
324,Phe_586,Other disorders of the kidney and ureters,genitourinary,9.281843655823983e-05,2.81575926985834,0.036862796548197393,1.2816467157543534e-150
325,Phe_586.2,"Cyst of kidney, acquired",genitourinary,4.70139554439948e-05,2.9725497607195197,0.04476320878168926,3.4495786389552195e-221
326,Phe_590,Pyelonephritis,genitourinary,0.00046731566017656114,2.334773218690607,0.03011281129827959,3.8140871946921936e-101
327,Phe_591,Urinary tract infection,genitourinary,-0.00013886686218924125,2.4533075831083244,0.09823233239997176,0.0
328,Phe_592,Cystitis and urethritis,genitourinary,-4.6876137911679726e-05,1.9572339294406014,0.030962964892334383,7.911981723398691e-107
329,Phe_592.1,Cystitis,genitourinary,-6.332989898036967e-05,2.0090484839265166,0.026212752710884434,4.2710633043904225e-77
330,Phe_593,Hematuria,genitourinary,1.2586251951508406e-05,1.9706309239007838,0.07134004336417789,0.0
331,Phe_594,Urinary calculus,genitourinary,0.00032699801725509216,2.3756283614013083,0.017331694778125874,1.0649636536162513e-34
332,Phe_594.1,Calculus of kidney,genitourinary,0.00025433391141736045,2.1618417205752483,0.038212194299445716,1.052862661899197e-161
333,Phe_594.3,Calculus of ureter,genitourinary,0.00014662025144680495,1.9750637065600853,0.0275722158944391,4.211303995508451e-85
334,Phe_594.8,Renal colic,genitourinary,9.163853280928075e-05,2.010948544150326,0.024606731813610963,3.710374236283815e-68
335,Phe_595,Hydronephrosis,genitourinary,4.84778750181283e-05,2.191813445517445,0.032367209088749245,1.463707559027203e-116
336,Phe_596,Other disorders of bladder,genitourinary,-3.967391724479002e-05,2.203386432720334,0.0611964762836168,0.0
337,Phe_596.1,Bladder neck obstruction,genitourinary,-9.191058775994651e-05,2.357764858563582,0.033792187617390924,7.054064811951999e-127
338,Phe_596.5,Functional disorders of bladder,genitourinary,-0.0004956029967960848,1.9193379633703282,0.020632445346156186,1.8793049081155938e-48
339,Phe_597,Other disorders of urethra and urinary tract,genitourinary,-2.2525785954359505e-05,1.8159631979467439,0.013112713897686744,1.4629163585648415e-20
340,Phe_597.1,Urethral stricture (not specified as infectious),genitourinary,-9.759043147250224e-06,2.047483054111197,0.03549480427194361,8.694086110357612e-140
341,Phe_598,Abnormal findings on examination of urine,genitourinary,-0.00019408416476523758,2.0208891288826623,0.033902551768456066,1.073670836433501e-127
342,Phe_599,Other symptoms__disorders or the urinary system,genitourinary,6.545560893516403e-05,2.2284962096508165,0.05854632397979051,0.0
343,Phe_599.2,Retention of urine,genitourinary,-1.0530856835384822e-05,2.542549580469622,0.07941964193157873,0.0
344,Phe_599.3,Dysuria,genitourinary,-7.250232985832288e-05,2.2573175392638984,0.02558493673300858,1.55528702799215e-73
345,Phe_599.4,Urinary incontinence,genitourinary,0.0002455405510717051,1.77080312941437,0.041829082769897,2.2027221221886076e-193
346,Phe_599.5,Frequency of urination and polyuria,genitourinary,-0.00013027750617459542,2.0710477853422584,0.03890642562822606,1.4586211378452294e-167
347,Phe_599.9,Other abnormality of urination,genitourinary,-0.0003184992388594952,2.176028409210611,0.0286829187145532,6.081521002983591e-92
348,Phe_611.3,Lump or mass in breast,genitourinary,2.8501524412245122e-05,1.0959906299004425,0.0021247883213099403,0.13201349782977806
349,Phe_613,Other nonmalignant breast conditions,genitourinary,-9.090904457533255e-05,0.5193270415292144,-0.0009957154673776044,0.4802894548605616
350,Phe_681,Superficial cellulitis and abscess,dermatologic,6.982893846021341e-05,2.2550831911147284,0.01670463055151287,2.3587611834754877e-32
351,Phe_681.3,Cellulitis and abscess of arm__hand,dermatologic,1.987508008045085e-05,2.487587325744927,0.0662191480165761,0.0
352,Phe_686,Other local infections of skin and subcutaneous tissue,dermatologic,0.00015894212572540648,2.306386017688154,0.02903059838298489,3.867719284690715e-94
353,Phe_686.1,Carbuncle and furuncle,dermatologic,-0.0003960781990732448,1.808915821941572,0.023179537662410574,1.0996725442357724e-60
354,Phe_687,Symptoms affecting skin,dermatologic,1.2775019962011369e-05,2.740339402699361,0.01623976356012512,1.1384767186758298e-30
355,Phe_687.1,Rash and other nonspecific skin eruption,dermatologic,0.0005801201138149227,2.253939288653365,0.03524857731552627,7.003614429013913e-138
356,Phe_687.4,Disturbance of skin sensation,dermatologic,7.874943071151353e-06,2.7644871147780736,0.05572269192536992,0.0
357,Phe_689,Disorder of skin and subcutaneous tissue NOS,dermatologic,2.4493922685768855e-06,1.689471235018998,0.031070797704995184,1.4661018339057414e-107
358,Phe_695,Erythematous conditions,dermatologic,0.00023497425765908416,1.8802781192897475,0.02612922896164151,1.2861132647362964e-76
359,Phe_696,Psoriasis and related disorders,dermatologic,0.0007403895846899783,2.2016978766627773,0.03486787657397262,5.838665107745092e-135
360,Phe_696.4,Psoriasis,dermatologic,0.0007509616173420977,2.4321600598300863,0.03438136398333295,2.838138481805502e-131
361,Phe_696.41,Psoriasis vulgaris,dermatologic,0.000714206121456779,2.3378599315363036,0.03359328872204507,2.0660565441355242e-125
362,Phe_701,Other hypertrophic and atrophic conditions of skin,dermatologic,-7.529471390907258e-05,1.6992522958505087,0.016546660752191078,8.913969690825896e-32
363,Phe_701.2,Scar conditions and fibrosis of skin,dermatologic,-6.633963133496352e-05,1.5915017661830742,0.016407308280240705,2.8504791821962207e-31
364,Phe_702,Degenerative skin conditions and other dermatoses,dermatologic,7.971712481256795e-06,0.8498078861387143,-0.00024321466500432378,0.8631163264630225
365,Phe_702.1,Actinic keratosis,dermatologic,-2.503834687741538e-05,1.7889879337643617,0.023997676411715678,6.490973777934676e-65
366,Phe_702.2,Seborrheic keratosis,dermatologic,7.2419292480916645e-06,1.5724807162543497,0.018403519298809665,6.620079779022319e-39
367,Phe_703,"Diseases of nail, NOS",dermatologic,-0.00010190244504050478,1.781424390000016,0.008612068013584183,1.0281019137188262e-09
368,Phe_704,Diseases of hair and hair follicles,dermatologic,-0.00023998557803645828,1.3647576979380014,0.014613391781987546,3.785094214762366e-25
369,Phe_706,Diseases of sebaceous glands,dermatologic,-0.00021052042303586202,1.3217447160000437,0.017138397086754718,5.74651831801224e-34
370,Phe_706.2,Sebaceous cyst,dermatologic,-0.00021126175546002708,1.3163980121971643,0.016772546805640998,1.3267310934517767e-32
371,Phe_707,Chronic ulcer of skin,dermatologic,0.0004044977710734696,3.782005001988538,0.060973643232730995,0.0
372,Phe_709,Diffuse diseases of connective tissue,dermatologic,0.00022833915114142152,2.004447357305296,0.031219495849630775,1.4204487073082795e-108
373,Phe_709.7,Unspecified diffuse connective tissue disease,dermatologic,0.00022454268054874037,2.1301456212132095,0.0296456279526019,4.337325530066634e-98
374,Phe_714,Rheumatoid arthritis and other inflammatory polyarthropathies,musculoskeletal,0.0008197045332663401,2.4937897542499425,0.0180391390101305,1.900611972086809e-37
375,Phe_714.1,Rheumatoid arthritis,musculoskeletal,0.0008091655339360995,2.355042557994791,0.042058313154026354,1.732292270081313e-195
376,Phe_715,Other inflammatory spondylopathies,musculoskeletal,0.00039206230973510403,2.854848094216463,0.020997577876771836,4.0466510662783858e-50
377,Phe_716,Other arthropathies,musculoskeletal,0.00028270027068706146,2.216509228794791,0.0058503887829354125,3.365298759403664e-05
378,Phe_716.2,Unspecified monoarthritis,musculoskeletal,0.00023740931852488686,2.1613817178705266,0.08919972258691682,0.0
379,Phe_716.9,Arthropathy NOS,musculoskeletal,0.0002741085151566698,2.364289389815774,0.1358448120952873,0.0
380,Phe_717,Polymyalgia Rheumatica,musculoskeletal,0.0005584047742424223,2.640861426888998,0.0355468644765695,3.4238598069751508e-140
381,Phe_720,Spinal stenosis,musculoskeletal,9.032479542787492e-05,2.8737024496415504,0.03063665119023197,1.2539834107270586e-104
382,Phe_721,Spondylosis and allied disorders,musculoskeletal,0.00019621360129602294,3.132989365290998,0.042334058730852706,4.92055909953704e-198
383,Phe_721.1,Spondylosis without myelopathy,musculoskeletal,0.0001680387161206163,2.8846743296488726,0.03515110682027882,3.9463890659859184e-137
384,Phe_722,Intervertebral disc disorders,musculoskeletal,0.00017232183581691938,2.1055083532407743,0.05405804762610064,0.0
385,Phe_722.6,Degeneration of intervertebral disc,musculoskeletal,0.0001827880240215189,2.342909937876081,0.04332723809840067,2.4073487615331746e-207
386,Phe_722.9,Other and unspecified disc disorder,musculoskeletal,0.00013331057160551318,2.022255195899499,0.038206087477788524,1.1842336652887793e-161
387,Phe_724,Other and unspecified disorders of back,musculoskeletal,-6.419244130921241e-05,2.4011742057518344,0.01847201080112608,3.496082903149313e-39
388,Phe_726,Peripheral enthesopathies and allied syndromes,musculoskeletal,0.0001989945276802126,1.9933505090186556,0.05400215552189396,0.0
389,Phe_726.1,Enthesopathy,musculoskeletal,0.00022939846635408384,2.0083387509152923,0.04934491030795751,2.199147886381961e-268
390,Phe_727,"Other disorders of synovium, tendon, and bursa",musculoskeletal,8.637661701990076e-05,1.8166512883485602,0.014433827357745075,1.4210448148287336e-24
391,Phe_727.1,Synovitis and tenosynovitis,musculoskeletal,4.7430939798605573e-05,2.0185107070817434,0.029211251494931048,2.72718778518324e-95
392,Phe_727.4,"Ganglion and cyst of synovium, tendon, and bursa",musculoskeletal,0.00010491295642408444,1.3058178449606588,0.009500437642349294,1.6419371034438377e-11
393,Phe_728,"Disorders of muscle, ligament, and fascia",musculoskeletal,0.00014258149225519418,2.3066214052336536,0.005598477533199202,7.228190506567367e-05
394,Phe_728.7,Fasciitis,musculoskeletal,0.00016686312722749466,1.8695773495051713,0.008002347150142372,1.4052527196469216e-08
395,Phe_728.71,Contracture of palmar fascia [Dupuytren's disease],musculoskeletal,0.0001832529452328664,1.765390376467732,0.022354396150829167,1.4413049991000808e-56
396,Phe_729,Other disorders of soft tissues,musculoskeletal,0.00044180646079282414,2.1837037124139105,0.02316184502703162,1.3524023491030262e-60
397,Phe_729.1,"Rheumatism, unspecified and fibrositis",musculoskeletal,3.198206292362747e-05,2.5855856961241734,0.01679126347244184,1.1317178642117696e-32
398,Phe_733,Other disorders of bone and cartilage,musculoskeletal,0.00010807187781197204,2.167399929784978,0.019760117778552952,1.3770547417496025e-44
399,Phe_733.8,Malunion and nonunion of fracture,musculoskeletal,-1.974023332177162e-05,1.691925203172101,0.0050233372989194345,0.0003695348623316733
400,Phe_735,Acquired foot deformities,musculoskeletal,-0.00010360372775762313,2.006375692151891,0.007036670343634401,6.095229478635273e-07
401,Phe_735.2,Acquired toe deformities,musculoskeletal,5.955027863802762e-05,1.5959035860380524,0.015870793170098825,2.2871413970143937e-29
402,Phe_735.21,Hammer toe (acquired),musculoskeletal,-0.0003424097442852046,1.4851134105200696,0.012326815531746214,2.3624195020874684e-18
403,Phe_735.23,Hallux rigidus,musculoskeletal,-6.351625475452548e-05,1.4731105574894834,0.010495569467702031,1.0050075776699444e-13
404,Phe_735.3,Hallux valgus (Bunion),musculoskeletal,-0.00022892594910534173,1.2198778830976844,0.010266005259389897,3.4007039983265533e-13
405,Phe_736,Other acquired deformities of limbs,musculoskeletal,6.47586034462708e-05,2.1062327102020286,0.010738839068046882,2.6841912413658633e-14
406,Phe_737,Curvature of spine,musculoskeletal,-9.432529587856145e-06,1.557981124587643,0.0016346615503005002,0.2465499403373233
407,Phe_737.3,Kyphoscoliosis and scoliosis,musculoskeletal,-7.231519774139875e-06,1.9844675776870535,0.012870905043679753,7.22485263800482e-20
408,Phe_738,Other acquired musculoskeletal deformity,musculoskeletal,8.30172847418009e-06,1.5484229581791296,0.0059241084835573105,2.675239814018708e-05
409,Phe_738.4,Acquired spondylolisthesis,musculoskeletal,1.0011675811807052e-05,2.4587493678355856,0.014303718482720612,3.668953719439852e-24
410,Phe_740,Osteoarthrosis,musculoskeletal,0.00023998354585641262,2.074292216643758,0.09701298470847393,0.0
411,Phe_740.1,Osteoarthritis; localized,musculoskeletal,0.00022433881095349577,2.017691541451514,0.05987388780030334,0.0
412,Phe_740.11,"Osteoarthrosis, localized, primary",musculoskeletal,0.00023427939256346987,1.8156503018747954,0.04362103325500029,3.85422208232015e-210
413,Phe_740.9,Osteoarthrosis NOS,musculoskeletal,0.00029134152203794106,2.728304209920578,0.07837099782615853,0.0
414,Phe_741,Symptoms and disorders of the joints,musculoskeletal,0.0003130875540706294,1.542728162528743,0.007090650894072321,4.996635036241715e-07
415,Phe_741.4,Joint effusions,musculoskeletal,0.000523124570490928,2.1745084145314157,0.011094178323560654,3.7022616899424645e-15
416,Phe_742,"Derangement of joint, non-traumatic",musculoskeletal,0.00016230151808378288,1.4956618796041372,0.001711329596072399,0.22508466011561298
417,Phe_742.9,Other derangement of joint,musculoskeletal,0.0001220384696281563,1.5248325900219484,0.008058381701639148,1.1134747757185399e-08
418,Phe_743,"Osteoporosis, osteopenia and pathological fracture",musculoskeletal,0.0002130891676182808,2.158582599316894,0.04504515255766565,5.841400202788592e-224
419,Phe_743.1,Osteoporosis,musculoskeletal,0.00022937263934461055,2.1669596716750634,0.04401252468482348,6.781027963481844e-214
420,Phe_743.11,Osteoporosis NOS,musculoskeletal,0.00021128228459546693,2.1687985716001097,0.044062965757758574,2.213558120942795e-214
421,Phe_745,Pain in joint,musculoskeletal,0.0002016060616047459,1.8203779455708249,0.019956022136973815,1.929216749721214e-45
422,Phe_747,Cardiac and circulatory congenital anomalies,congenital anomalies,0.002119678458402425,1.4381364226962856,0.0013359802785881736,0.3436172502336038
423,Phe_747.1,Cardiac congenital anomalies,congenital anomalies,0.0021692227812358956,2.648567911798993,0.013945647366372771,4.778745960606923e-23
424,Phe_747.13,Congenital anomalies of great vessels,congenital anomalies,0.0021589320410597807,4.694859471476842,0.097515017838679,0.0
425,Phe_751,Genitourinary congenital anomalies,congenital anomalies,0.0,1.8721715826450953,0.01984301171092432,6.00889250860185e-45
426,Phe_939,Atopic__contact dermatitis due to other or unspecified,dermatologic,0.0003024067248603504,2.040387736019892,0.029737708879467365,1.0931864693654173e-98
