,PheCode,description,category,f_score,RR,phi,pval
0,Phe_112,Candidiasis,infectious diseases,0.0,3.9030393694304575,0.016148890314348595,2.3986678125808087e-30
1,Phe_153,Colorectal cancer,neoplasms,0.0,0.0,-0.0005640798528994917,0.6892584317482768
2,Phe_153.2,Colon cancer,neoplasms,0.0,1.9478509161120268,0.005866045233336648,3.2059200763682974e-05
3,Phe_153.3,"Malignant neoplasm of rectum, rectosigmoid junction, and anus",neoplasms,0.0,1.332178660027958,0.0016825443976281665,0.23298179178469108
4,Phe_158,Neoplasm of unspecified nature of digestive system,neoplasms,0.0,4.2660467335683085,0.012057534562316495,1.2569101039358495e-17
5,Phe_159,Malignant neoplasm of other and ill-defined sites within the digestive organs and peritoneum,neoplasms,0.0,2.217100106037364,0.009879897554171176,2.491570659160798e-12
6,Phe_165,Cancer within the respiratory system,neoplasms,0.0,2.3052753241790684,0.005019647377838904,0.00037323376777863326
7,Phe_165.1,Cancer of bronchus; lung,neoplasms,0.0,1.9913338212548002,0.005639089599761679,6.403219143604132e-05
8,Phe_172,Skin cancer,neoplasms,0.0,1.494777220327049,0.006551014561457547,3.419023252749582e-06
9,Phe_172.2,Other non-epithelial cancer of skin,neoplasms,0.0,1.4521179210894897,0.005390711414588101,0.00013271586286508648
10,Phe_174,Breast cancer,neoplasms,0.0,1.099460711682042,0.0012590541899557407,0.37211895549951135
11,Phe_189,Cancer of urinary organs (incl. kidney and bladder),neoplasms,0.0,6.179130096342592,0.03087816504171652,2.9664857197956786e-106
12,Phe_189.11,"Malignant neoplasm of kidney, except pelvis",neoplasms,0.0,6.938089386554738,0.021171766933381794,6.333876093335792e-51
13,Phe_189.2,Cancer of bladder,neoplasms,0.0,5.705001681944327,0.014486241668259183,9.674422583977532e-25
14,Phe_189.21,Malignant neoplasm of bladder,neoplasms,0.0,5.2930233163334535,0.021818559467131713,5.665212835528301e-54
15,Phe_195,"Cancer, suspected or other",neoplasms,0.0,1.1709118108291372,0.00054760445224579,0.697880874459599
16,Phe_195.1,"Malignant neoplasm, other",neoplasms,0.0,2.2394796436986733,0.01794493523958953,4.4786710374628305e-37
17,Phe_197,Chemotherapy,neoplasms,0.0,1.9359634214191022,0.014767496113156635,1.2007221445434368e-25
18,Phe_198,Secondary malignant neoplasm,neoplasms,0.0,2.601298203129085,0.006288279274953849,8.286597897893023e-06
19,Phe_198.1,Secondary malignancy of lymph nodes,neoplasms,0.0,1.6782687152766418,0.005732223046899419,4.8351051510361926e-05
20,Phe_198.2,Secondary malignancy of respiratory organs,neoplasms,0.0,2.2749689505668877,0.007196551297095359,3.369454356324563e-07
21,Phe_198.3,Secondary malignant neoplasm of digestive systems,neoplasms,0.0,1.7559021449471535,0.0035240969200884716,0.012484377283520033
22,Phe_198.4,Secondary malignant neoplasm of liver,neoplasms,0.0,1.9966941710319472,0.006091753129752347,1.5721700648763526e-05
23,Phe_198.6,Secondary malignancy of bone,neoplasms,0.0,2.1557217023148576,0.006415388529896919,5.422259160856034e-06
24,Phe_199,Neoplasm of uncertain behavior,neoplasms,0.0,3.5216059765088445,0.009513867991376292,1.5377998854027836e-11
25,Phe_202,"Cancer of other lymphoid, histiocytic tissue",neoplasms,0.0,2.287922354164982,0.004971725703251015,0.00042452406049612755
26,Phe_202.2,Non-Hodgkins lymphoma,neoplasms,0.0,1.5334419991961226,0.0022835080816570232,0.1055071206209645
27,Phe_204,Leukemia,neoplasms,0.0,1.7608029882544223,0.0018136492784782282,0.19856521383399325
28,Phe_208,Benign neoplasm of colon,neoplasms,0.0,1.7590871404779123,0.012747367686414329,1.6155251165477067e-19
29,Phe_211,Benign neoplasm of other parts of digestive system,neoplasms,0.0,1.7847241156790243,0.006752169792807819,1.6972094795602784e-06
30,Phe_214,Lipoma,neoplasms,0.0,2.087386908371896,0.0051159010936525934,0.0002872292745468331
31,Phe_214.1,Lipoma of skin and subcutaneous tissue,neoplasms,0.0,1.591484927758388,0.004525953059185087,0.0013350015025053882
32,Phe_215,Other benign neoplasm of connective and other soft tissue,neoplasms,0.0,1.086828297359443,0.0003119922351518079,0.8249653443410783
33,Phe_216,Benign neoplasm of skin,neoplasms,0.0,1.4287263382882291,0.004353709319782071,0.0020270075089421436
34,Phe_228,"Hemangioma and lymphangioma, any site",neoplasms,0.0,1.8343741437525178,0.003598655151593176,0.01074137965833707
35,Phe_229,Benign neoplasm of unspecified sites,neoplasms,0.0,1.5296215495201297,0.002715638539088865,0.054223179073275285
36,Phe_241,Nontoxic nodular goiter,endocrine/metabolic,0.0,0.0,-0.00040421157712284194,0.7744682890138477
37,Phe_242,Thyrotoxicosis with or without goiter,endocrine/metabolic,0.0,2.4749064223798265,0.006370162203431276,6.311127229662408e-06
38,Phe_244,Hypothyroidism,endocrine/metabolic,0.0,1.7256735490244215,0.010195823556799334,4.910863176222644e-13
39,Phe_244.1,Secondary hypothyroidism,endocrine/metabolic,0.0,3.0117171111777044,0.007873325625769723,2.3875056436007098e-08
40,Phe_244.4,Hypothyroidism NOS,endocrine/metabolic,0.0,1.7001088660317591,0.009591165345142375,1.0528558665431589e-11
41,Phe_250.1,Type 1 diabetes,endocrine/metabolic,0.0,1.5728984528082188,0.0033055725059614647,0.019117021882351107
42,Phe_250.2,Type 2 diabetes,endocrine/metabolic,0.0,1.8576047576729038,0.014180725039859628,8.924441577296192e-24
43,Phe_250.23,Type 2 diabetes with ophthalmic manifestations,endocrine/metabolic,0.0,2.4433744488786724,0.006409800391451234,5.525217487828916e-06
44,Phe_250.7,Diabetic retinopathy,endocrine/metabolic,0.0,2.405443668300996,0.006290598722417266,8.223287498399566e-06
45,Phe_260,Protein-calorie malnutrition,endocrine/metabolic,0.0,4.150464186599709,0.0053568954064597205,0.0001462266335402436
46,Phe_261,Vitamin deficiency,endocrine/metabolic,0.0,0.0,-0.0005564043857849999,0.69327046883283
47,Phe_272,Disorders of lipoid metabolism,endocrine/metabolic,0.0,1.8721715826450953,0.019843011710924324,6.008892508601851e-45
48,Phe_272.1,Hyperlipidemia,endocrine/metabolic,0.0,2.2245979560641627,0.010131583480604438,6.859771048920724e-13
49,Phe_272.11,Hypercholesterolemia,endocrine/metabolic,0.0,1.9023411850875673,0.01968379327908516,2.946077372627902e-44
50,Phe_274,Gout and other crystal arthropathies,endocrine/metabolic,0.0,3.120239377542357,0.011921697400086723,2.8811916711892494e-17
51,Phe_274.1,Gout,endocrine/metabolic,0.0,3.3936072504288397,0.012633759825020352,3.3635698539247787e-19
52,Phe_275,Disorders of mineral metabolism,endocrine/metabolic,0.0,0.0,-0.0003709288751388854,0.7925953728362067
53,Phe_275.5,Disorders of calcium__phosphorus metabolism,endocrine/metabolic,0.0,6.067593888135111,0.020397188185335906,2.150948117437777e-47
54,Phe_276,"Disorders of fluid, electrolyte, and acid-base balance",endocrine/metabolic,0.0,4.11805815991755,0.033821564175989596,4.276420844548639e-127
55,Phe_276.1,Electrolyte imbalance,endocrine/metabolic,0.0,1.9368832870798642,0.0013462278954615536,0.3399285036051044
56,Phe_276.12,Hyposmolality and__or hyponatremia,endocrine/metabolic,0.0,2.6532647768217323,0.009106839541759877,1.0769377756171837e-10
57,Phe_276.14,Hypopotassemia,endocrine/metabolic,0.0,3.493205928311192,0.012108382498735104,9.192254286738757e-18
58,Phe_276.5,Hypovolemia,endocrine/metabolic,0.0,4.690314773108483,0.02433116146998528,1.1135093190681413e-66
59,Phe_277,Other disorders of metabolism,endocrine/metabolic,0.0,2.469333274364767,0.005295516198293223,0.00017411780260514657
60,Phe_278,"Overweight, obesity and other hyperalimentation",endocrine/metabolic,0.0,0.0,-0.00018546222305988155,0.8954040162724026
61,Phe_278.1,Obesity,endocrine/metabolic,0.0,2.15534394436186,0.01513513819586565,7.39777855165699e-27
62,Phe_280,Iron deficiency anemias,hematopoietic,0.0,2.4131563665274745,0.015197374879397702,4.584695949297143e-27
63,Phe_280.1,"Iron deficiency anemias, unspecified or not due to blood loss",hematopoietic,0.0,2.372072021172597,0.014430208121301646,1.4592042246649247e-24
64,Phe_281,Other deficiency anemia,hematopoietic,0.0,0.0,-0.00027819471864383747,0.8436670893356174
65,Phe_281.1,Megaloblastic anemia,hematopoietic,0.0,0.0,-0.0003709288751388854,0.7925953728362067
66,Phe_285,Other anemias,hematopoietic,0.0,2.9213410548238747,0.024441657721902117,2.859785642278567e-67
67,Phe_287,Purpura and other hemorrhagic conditions,hematopoietic,0.0,0.0,-0.0011396656850446707,0.4191598053596678
68,Phe_287.3,Thrombocytopenia,hematopoietic,0.0,3.3318605234987286,0.009745412153521883,4.90031583746861e-12
69,Phe_288,Diseases of white blood cells,hematopoietic,0.0,4.313582866422405,0.009308195616339734,4.153894917936679e-11
70,Phe_289,Other diseases of blood and blood-forming organs,hematopoietic,0.0,2.785398069302601,0.004540498518564653,0.0012879180424608656
71,Phe_289.4,Lymphadenitis,hematopoietic,0.0,2.799624810233432,0.010687133586226614,3.562383727553428e-14
72,Phe_290,Delirium dementia and amnestic and other cognitive disorders,mental disorders,0.0,2.95456772605403,0.004826110402792775,0.0006236274820742142
73,Phe_292,Neurological disorders,mental disorders,0.0,3.05823676907347,0.005523110970382736,9.032172963485459e-05
74,Phe_292.1,Aphasia__speech disturbance,mental disorders,0.0,1.6395194629223748,0.002918300180192663,0.03857313552228699
75,Phe_292.4,Altered mental status,mental disorders,0.0,3.2847431824856113,0.013146408482800041,1.1683336779046511e-20
76,Phe_293,Symptoms involving head and neck,mental disorders,0.0,1.7339061752899674,0.0036209567973723117,0.010263855939469027
77,Phe_296,Mood disorders,mental disorders,0.0,2.038824512715647,0.0010286499752371735,0.46588940708957705
78,Phe_296.1,Bipolar,mental disorders,0.0,2.3199101130338984,0.004908272492110493,0.0005025974558805817
79,Phe_296.2,Depression,mental disorders,0.0,2.4902785119598256,0.0032721056477400673,0.02036701077113848
80,Phe_300,Anxiety disorders,mental disorders,0.0,2.7026278424370203,0.0035883220363938898,0.010969253864042922
81,Phe_300.1,Anxiety disorder,mental disorders,0.0,1.7804054318985578,0.0072315316000838735,2.954719816400724e-07
82,Phe_306,Other mental disorder,mental disorders,0.0,2.16428450910272,0.024315201644173612,1.354391648467805e-66
83,Phe_317,Alcohol-related disorders,mental disorders,0.0,1.749976115820683,0.006258126261390654,9.153226340772627e-06
84,Phe_317.1,Alcoholism,mental disorders,0.0,1.9474946360583874,0.009911795301871387,2.1194912946583215e-12
85,Phe_318,Tobacco use disorder,mental disorders,0.0,2.0552006132193865,0.016972170461094217,2.4124871851731586e-33
86,Phe_327,Sleep disorders,neurological,0.0,0.8482700527357071,-0.0005214926038765768,0.7116264280729923
87,Phe_327.3,Sleep apnea,neurological,0.0,2.0997248515043263,0.008506500249697742,1.638107498883482e-09
88,Phe_331,Other cerebral degenerations,neurological,0.0,1.6924222896814347,0.0013038315779195938,0.3553546909992922
89,Phe_332,Parkinson's disease,neurological,0.0,1.3192393905807127,0.001305738418655548,0.3546515277219071
90,Phe_334,Degenerative disease of the spinal cord,neurological,0.0,2.829351600603589,0.008006860782965376,1.3792326896738831e-08
91,Phe_335,Multiple sclerosis,neurological,0.0,1.3116591108892988,0.0012187159918630429,0.387633744678347
92,Phe_339,Other headache syndromes,neurological,0.0,2.3874449088950422,0.013828652345541273,1.0902861185297908e-22
93,Phe_340,Migraine,neurological,0.0,2.136369027464946,0.006893201142743814,1.0266003786208997e-06
94,Phe_342,Hemiplegia,neurological,0.0,2.928945458511014,0.008893585564439907,2.8901898014882396e-10
95,Phe_345,"Epilepsy, recurrent seizures, convulsions",neurological,0.0,2.014686209816688,0.006501891510490943,4.044717098208707e-06
96,Phe_345.3,Convulsions,neurological,0.0,2.162426719068756,0.006242901284296125,9.623066036930004e-06
97,Phe_348,Other conditions of brain,neurological,0.0,2.029921348904661,0.0014455879485202204,0.30548569414262194
98,Phe_350,Abnormal movement,neurological,0.0,2.73442346411275,0.01154460520322396,2.74700852509851e-16
99,Phe_350.2,Abnormality of gait,neurological,0.0,3.0260048874403336,0.010705204083113299,3.227336712739546e-14
100,Phe_351,Other peripheral nerve disorders,neurological,0.0,1.5586213745442672,0.006871302798389908,1.1106511914024214e-06
101,Phe_352,Disorders of other cranial nerves,neurological,0.0,2.1926980608451294,0.0011388145135439842,0.41950726716640396
102,Phe_353,Nerve root and plexus disorders,neurological,0.0,2.0568672075184398,0.003904200445393318,0.005647121133994704
103,Phe_357,Inflammatory and toxic neuropathy,neurological,0.0,3.066305995377094,0.009157954799194653,8.471935807010624e-11
104,Phe_361,Retinal detachments and defects,sense organs,0.0,1.3834880621999033,0.0019058660335247641,0.17668892680888923
105,Phe_361.1,Retinal detachment with retinal defect,sense organs,0.0,1.178033423464692,0.0007347559175143779,0.602471606406505
106,Phe_362,Other retinal disorders,sense organs,0.0,2.038824512715647,0.0037139101261806193,0.00847081844906209
107,Phe_362.2,Degeneration of macula and posterior pole of retina,sense organs,0.0,1.4118511432017233,0.002410080888440764,0.08755354034536215
108,Phe_362.29,Macular degeneration (senile) of retina NOS,sense organs,0.0,1.4118511432017233,0.002410080888440764,0.08755354034536215
109,Phe_365,Glaucoma,sense organs,0.0,1.8112139157514568,0.005813818669835696,3.767398858731542e-05
110,Phe_365.1,Open-angle glaucoma,sense organs,0.0,1.240266779346765,0.0009663035647820584,0.4933516594582813
111,Phe_365.11,Primary open angle glaucoma,sense organs,0.0,1.2449169493818089,0.0009831573393387016,0.4858435043906456
112,Phe_366,Cataract,sense organs,0.0,1.3044140878871926,0.00477612736725382,0.0007099893658970157
113,Phe_366.2,Senile cataract,sense organs,0.0,1.5163935461060651,0.0059585964915081745,2.4007623537659137e-05
114,Phe_367,Disorders of refraction and accommodation; blindness and low vision,sense organs,0.0,0.0,-0.001109056212830824,0.4317611776172854
115,Phe_367.1,Myopia,sense organs,0.0,1.1168956965381247,0.000495517992915006,0.7253933783850673
116,Phe_368,Visual disturbances,sense organs,0.0,2.2416009109061723,0.004697286409877161,0.0008690742419909379
117,Phe_371,Inflammation of the eye,sense organs,0.0,1.6253566045425434,0.0006935556275026965,0.6229712551436308
118,Phe_371.3,Inflammation of eyelids,sense organs,0.0,1.4094966309859536,0.002187909007181735,0.12091273194551574
119,Phe_374,Other disorders of eyelids,sense organs,0.0,1.32562354248812,0.0019669959093465725,0.16321078661535662
120,Phe_374.1,Ectropion or entropion,sense organs,0.0,0.8820720851976611,-0.000435502412502573,0.757537268537885
121,Phe_374.3,Ptosis of eyelid,sense organs,0.0,1.5575829858870092,0.002686891116457182,0.056822853657544456
122,Phe_375,Disorders of lacrimal system,sense organs,0.0,0.7515796101845876,-0.0011486363406401324,0.4155081452345014
123,Phe_378,Strabismus and other disorders of binocular eye movements,sense organs,0.0,3.6316561632747453,0.0027612974238856156,0.05029858150625131
124,Phe_379,Other disorders of eye,sense organs,0.0,1.5358545888739012,0.0010592412694539004,0.45273154668159044
125,Phe_379.2,Disorders of vitreous body,sense organs,0.0,1.3275163890504542,0.0013950173459467577,0.32271590829682184
126,Phe_379.3,Aphakia and other disorders of lens,sense organs,0.0,1.5835775403811836,0.0030850071673646723,0.02875078111037631
127,Phe_380,Disorders of external ear,sense organs,0.0,2.632230967718955,0.0045016073174090725,0.0014173759429254795
128,Phe_381,Otitis media and Eustachian tube disorders,sense organs,0.0,1.5720391914073975,0.002893055497324717,0.04028482747817664
129,Phe_381.1,Otitis media,sense organs,0.0,1.7891434142375233,0.002770219491297956,0.04956017749548133
130,Phe_384,Other disorders of tympanic membrane,sense organs,0.0,1.3945559666975025,0.0008185279748660443,0.5617572431899351
131,Phe_384.4,Perforation of tympanic membrane,sense organs,0.0,1.0018361829723434,6.361531314082965e-06,0.9964019319554321
132,Phe_386,Vertiginous syndromes and other disorders of vestibular system,sense organs,0.0,0.0,-0.0009180770427948609,0.5151748375813332
133,Phe_386.9,Dizziness and giddiness (Light-headedness and vertigo),sense organs,0.0,2.0738077747732246,0.008561230005562536,1.2875283734471718e-09
134,Phe_389,Hearing loss,sense organs,0.0,2.3182496675798894,0.009043421577389124,1.447784391237702e-10
135,Phe_394,Rheumatic disease of the heart valves,circulatory system,0.0,3.3263111906917167,0.008848791686287655,3.546075081029115e-10
136,Phe_394.2,Mitral valve disease,circulatory system,0.0,2.3040408108496058,0.008543912985127534,1.389689361923133e-09
137,Phe_394.3,Aortic valve disease,circulatory system,0.0,2.2979971202642457,0.005558972306544945,8.126383702086115e-05
138,Phe_394.7,Disease of tricuspid valve,circulatory system,0.0,2.2731148601426283,0.0053496268317836,0.00014929507948623042
139,Phe_395,Heart valve disorders,circulatory system,0.0,2.297567614852696,0.010048692178713117,1.0526797723385855e-12
140,Phe_395.1,Nonrheumatic mitral valve disorders,circulatory system,0.0,2.2418946833048543,0.007990847326339088,1.4737203098806815e-08
141,Phe_395.6,Heart valve replaced,circulatory system,0.0,2.1120492788581817,0.004968767748317239,0.0004278963115107625
142,Phe_396,Abnormal heart sounds,circulatory system,0.0,2.4740791839695486,0.005630517562889937,6.569553678343174e-05
143,Phe_401.1,Essential hypertension,circulatory system,0.0,2.023169549364764,0.03623542072042496,1.3366366608145263e-145
144,Phe_401.2,Hypertensive heart and__or renal disease,circulatory system,0.0,0.0,-0.0007001414628329516,0.6196741493019986
145,Phe_401.22,Hypertensive chronic kidney disease,circulatory system,0.0,18.00798128314869,0.07204421353716525,0.0
146,Phe_402,Elevated blood pressure reading without diagnosis of hypertension,circulatory system,0.0,2.52636950488678,0.006665599207582222,2.2997591808911546e-06
147,Phe_411.1,Unstable angina (intermediate coronary syndrome),circulatory system,0.0,1.7595212856861775,0.005877589036385228,3.093028528817881e-05
148,Phe_411.2,Myocardial infarction,circulatory system,0.0,2.0763016167975183,0.013424486341989056,1.7876646788279844e-21
149,Phe_411.3,Angina pectoris,circulatory system,0.0,2.0094760338176068,0.014462072357857141,1.1553087599968502e-24
150,Phe_411.4,Coronary atherosclerosis,circulatory system,0.0,1.8372287971446535,0.013390407940306466,2.2547420461265787e-21
151,Phe_411.8,"Other chronic ischemic heart disease, unspecified",circulatory system,0.0,2.4323897600290043,0.020090760209325542,4.937119719095421e-46
152,Phe_411.9,Other acute and subacute forms of ischemic heart disease,circulatory system,0.0,2.4163098432877517,0.005914695020578057,2.7551919622637844e-05
153,Phe_414,Other forms of chronic heart disease,circulatory system,0.0,3.07801594127875,0.01101593674749166,5.757528957393609e-15
154,Phe_415,Pulmonary heart disease,circulatory system,0.0,2.571558116720454,0.010790216543219105,2.0234710623279803e-14
155,Phe_416,Cardiomegaly,circulatory system,0.0,2.835744170871559,0.01137529524726829,7.389027106876554e-16
156,Phe_418,Nonspecific chest pain,circulatory system,0.0,1.808167107167838,0.015835349628216623,3.040209104893723e-29
157,Phe_418.1,Precordial pain,circulatory system,0.0,1.9021455230942774,0.00637625612410701,6.183705785094036e-06
158,Phe_420,Carditis,circulatory system,0.0,0.0,-0.0003591499816392773,0.7990381376455723
159,Phe_420.2,Pericarditis,circulatory system,0.0,3.612839291962441,0.010115520949811687,7.455296161749019e-13
160,Phe_425,Cardiomyopathy,circulatory system,0.0,0.0,-0.0004993847409732868,0.7233381828780219
161,Phe_425.1,Primary__intrinsic cardiomyopathies,circulatory system,0.0,1.8628470578573293,0.003227639578041325,0.02213774919987762
162,Phe_426,Cardiac conduction disorders,circulatory system,0.0,1.8819918578913661,0.0012857115691800116,0.3620804307863196
163,Phe_426.2,Atrioventricular [AV] block,circulatory system,0.0,1.167969821354692,0.0002197695638696413,0.8761993767357097
164,Phe_426.3,Bundle branch block,circulatory system,0.0,1.4436397170781596,0.0009045582541778942,0.5213810200167932
165,Phe_426.31,Right bundle branch block,circulatory system,0.0,2.8279968906413226,0.008715986503041959,6.465020221047361e-10
166,Phe_426.32,Left bundle branch block,circulatory system,0.0,2.1860691449742506,0.006018848858820906,1.9843475901573662e-05
167,Phe_426.9,Cardiac pacemaker__device in situ,circulatory system,0.0,4.138148269132055,0.00534389385133525,0.00015175792655481785
168,Phe_426.91,Cardiac pacemaker in situ,circulatory system,0.0,1.9999010009106424,0.005675536165636964,5.739489406608207e-05
169,Phe_427,Cardiac dysrhythmias,circulatory system,0.0,2.047077959867778,0.019280074801414377,1.5677034898819213e-42
170,Phe_427.1,"Paroxysmal tachycardia, unspecified",circulatory system,0.0,2.942101195564351,0.002264083414382827,0.10850433196429832
171,Phe_427.11,Paroxysmal supraventricular tachycardia,circulatory system,0.0,1.9029028785346036,0.00491315836223707,0.0004961400412912266
172,Phe_427.2,Atrial fibrillation and flutter,circulatory system,0.0,2.005327533571443,0.014069746929977053,1.9774198081806177e-23
173,Phe_427.3,Other specified cardiac dysrhythmias,circulatory system,0.0,2.369369086723849,0.009115646503076622,1.0334174642475774e-10
174,Phe_427.4,Cardiac arrest and ventricular fibrillation,circulatory system,0.0,3.4019486903232323,0.009760525248084233,4.5436663661205826e-12
175,Phe_427.7,Tachycardia NOS,circulatory system,0.0,2.450662538591615,0.008104860248832396,9.169314065235513e-09
176,Phe_427.9,Palpitations,circulatory system,0.0,1.5585296963268365,0.0039211134100455,0.005442816356689572
177,Phe_428,Congestive heart failure; nonhypertensive,circulatory system,0.0,2.2086315850435567,0.01069567172151403,3.400018637686636e-14
178,Phe_428.1,Congestive heart failure (CHF) NOS,circulatory system,0.0,2.384186801950263,0.0077367012023911615,4.148064993571638e-08
179,Phe_428.2,Heart failure NOS,circulatory system,0.0,2.3367665825432518,0.010490991113602703,1.0300020256065295e-13
180,Phe_430,Intracranial hemorrhage,circulatory system,0.0,3.852364548888128,0.0035591499376001865,0.011635931929174092
181,Phe_433,Cerebrovascular disease,circulatory system,0.0,3.4358625266460203,0.01085766926995875,1.3935515619425617e-14
182,Phe_433.1,Occlusion and stenosis of precerebral arteries,circulatory system,0.0,1.3672117320563748,0.0013339764639944806,0.3443415232634246
183,Phe_433.2,Occlusion of cerebral arteries,circulatory system,0.0,1.8458715641264094,0.0053050411099917075,0.00016948410891627516
184,Phe_433.21,"Cerebral artery occlusion, with cerebral infarction",circulatory system,0.0,1.9531596172233927,0.004636739969376995,0.001013030667825112
185,Phe_433.3,Cerebral ischemia,circulatory system,0.0,2.509144258262552,0.005881291558302837,3.057627391768087e-05
186,Phe_433.31,Transient cerebral ischemia,circulatory system,0.0,2.1260790083594725,0.005794968213682333,3.9920825134579984e-05
187,Phe_433.8,Late effects of cerebrovascular disease,circulatory system,0.0,2.9931034451159864,0.008321391659218054,3.6588590330450722e-09
188,Phe_440,Atherosclerosis,circulatory system,0.0,4.469730662491995,0.0051894168514570755,0.0002344552262276065
189,Phe_442,Other aneurysm,circulatory system,0.0,4.945233924459228,0.0025082206318769256,0.07540131615308247
190,Phe_442.1,Aortic aneurysm,circulatory system,0.0,2.239650910113762,0.003516418556638081,0.012677384983914098
191,Phe_443,Peripheral vascular disease,circulatory system,0.0,2.640769573031661,0.01192925386441672,2.7519169344739844e-17
192,Phe_443.1,Raynaud's syndrome,circulatory system,0.0,2.595488491899316,0.00627249801297769,8.729887660769723e-06
193,Phe_443.9,"Peripheral vascular disease, unspecified",circulatory system,0.0,2.8066535178817658,0.010604537184320516,5.583646869470724e-14
194,Phe_447,Other disorders of arteries and arterioles,circulatory system,0.0,5.046644029062131,0.010813207475377498,1.782373931978814e-14
195,Phe_451,Phlebitis and thrombophlebitis,circulatory system,0.0,2.1560852917401085,0.002490239045534962,0.07751861445311
196,Phe_451.2,Phlebitis and thrombophlebitis of lower extremities,circulatory system,0.0,2.552128566505233,0.010331220659607045,2.4117123553575657e-13
197,Phe_454,Varicose veins,circulatory system,0.0,1.2529703204829312,0.0006394640554962779,0.650333051178943
198,Phe_454.1,Varicose veins of lower extremity,circulatory system,0.0,1.1661792056006988,0.0018729133651117342,0.18429013811881556
199,Phe_455,Hemorrhoids,circulatory system,0.0,1.4243375704431314,0.007311978267258596,2.1794562499014046e-07
200,Phe_458,Hypotension,circulatory system,0.0,4.014265879958268,0.011669630715833065,1.3109006564790489e-16
201,Phe_458.1,Orthostatic hypotension,circulatory system,0.0,3.523048666380417,0.011587524162722478,2.1327817743722557e-16
202,Phe_458.9,Hypotension NOS,circulatory system,0.0,3.7352816425154485,0.0199283225102432,2.5502157316455132e-45
203,Phe_459,Other disorders of circulatory system,circulatory system,0.0,8.01468946377875,0.009269748381564196,4.990272346378763e-11
204,Phe_459.9,Circulatory disease NEC,circulatory system,0.0,2.5706777708122703,0.023781177783932562,8.822203999608759e-64
205,Phe_465,Acute upper respiratory infections of multiple or unspecified sites,respiratory,0.0,1.6712706329194515,0.0027519931652616354,0.05107841519273073
206,Phe_470,Septal Deviations__Turbinate Hypertrophy,respiratory,0.0,1.2324162091775774,0.0016844280927404884,0.23245907207577596
207,Phe_471,Nasal polyps,respiratory,0.0,1.0385921671077354,0.0002343498954753206,0.8680589146279357
208,Phe_473,Diseases of the larynx and vocal cords,respiratory,0.0,2.0762077548387827,0.00461237584758593,0.001076953977662663
209,Phe_473.4,Voice disturbance,respiratory,0.0,2.504253138850734,0.005383324416650001,0.0001355627830302613
210,Phe_474,Acute and chronic tonsillitis,respiratory,0.0,0.41356938514160807,-0.0012898865736345423,0.3605237344229282
211,Phe_474.2,Chronic tonsillitis and adenoiditis,respiratory,0.0,1.1772662526389914,0.0006119301452184639,0.6644471344101032
212,Phe_475,Chronic sinusitis,respiratory,0.0,1.4347283607998995,0.0024152169918243817,0.0868805840649375
213,Phe_476,Allergic rhinitis,respiratory,0.0,1.3151676640665746,0.0012910861106633675,0.3600772517300398
214,Phe_477,Epistaxis or throat hemorrhage,respiratory,0.0,2.2399330530855575,0.006853559576484648,1.1835728751969857e-06
215,Phe_479,Other upper respiratory disease,respiratory,0.0,1.9047989083052197,0.0063905027975978135,5.895348187477838e-06
216,Phe_480,Pneumonia,respiratory,0.0,2.8637116211253195,0.01401681216875722,2.8838117976937623e-23
217,Phe_480.1,Bacterial pneumonia,respiratory,0.0,5.21272019214106,0.01523323179464861,3.477070243937937e-27
218,Phe_480.11,Pneumococcal pneumonia,respiratory,0.0,3.21390653647721,0.020715925667348326,7.860508913499265e-49
219,Phe_495,Asthma,respiratory,0.0,1.7333632474789193,0.013672324653785678,3.2477332072029215e-22
220,Phe_496,Chronic airway obstruction,respiratory,0.0,2.18853253219233,0.01227577530029046,3.252040602548522e-18
221,Phe_496.1,Emphysema,respiratory,0.0,3.1827703744447504,0.01069216775856432,3.4657516801319505e-14
222,Phe_496.2,Chronic bronchitis,respiratory,0.0,3.469044693277369,0.004960687542376988,0.0004372361603844022
223,Phe_496.21,Obstructive chronic bronchitis,respiratory,0.0,2.404767373972301,0.008724542766637448,6.22127322024371e-10
224,Phe_496.3,Bronchiectasis,respiratory,0.0,2.502369794580699,0.007853723628857674,2.5858739646391978e-08
225,Phe_506,Empyema and pneumothorax,respiratory,0.0,1.3576284722522414,0.0013745127522922177,0.329879331642827
226,Phe_507,Pleurisy; pleural effusion,respiratory,0.0,3.280885158043046,0.02173534674720528,1.4142178527168607e-53
227,Phe_508,Pulmonary collapse; interstitial and compensatory emphysema,respiratory,0.0,3.6975388455557554,0.015026876422392822,1.6926147103939275e-26
228,Phe_509.1,Respiratory failure,respiratory,0.0,3.146967042837691,0.01112281289793086,3.1474225947803556e-15
229,Phe_509.2,Respiratory insufficiency,respiratory,0.0,3.3684926731823728,0.011424011110738685,5.566387097047709e-16
230,Phe_512,Other symptoms of respiratory system,respiratory,0.0,2.1329415508443446,0.01278431687587614,1.270955989921736e-19
231,Phe_512.7,Shortness of breath,respiratory,0.0,2.0597221374455956,0.00960015708008269,1.0072715277918019e-11
232,Phe_512.8,Cough,respiratory,0.0,2.1553413330455253,0.0073293537403174075,2.039960377702785e-07
233,Phe_514,Abnormal findings examination of lungs,respiratory,0.0,1.655293182474933,0.0038934093811009386,0.005781064058925075
234,Phe_516,Abnormal sputum,respiratory,0.0,0.0,-0.0010735791025201975,0.4466375676310974
235,Phe_516.1,Hemoptysis,respiratory,0.0,1.986546961107553,0.005061038464412825,0.0003336563032687558
236,Phe_519,"Other diseases of respiratory system, not elsewhere classified",respiratory,0.0,0.0,-0.0011206326328144576,0.4269697586819341
237,Phe_519.8,"Other diseases of respiratory system, NEC",respiratory,0.0,2.3219213187072114,0.014664011931283218,2.599276237012483e-25
238,Phe_520,Disorders of tooth development,digestive,0.0,0.0,-0.0006557379924033154,0.6420490957179688
239,Phe_520.2,Disturbances in tooth eruption,digestive,0.0,1.0728532549601622,0.00037318443567202063,0.7913632358010363
240,Phe_521,Diseases of hard tissues of teeth,digestive,0.0,0.0,-0.0005079223560984466,0.7188074769994424
241,Phe_521.1,Dental caries,digestive,0.0,1.2194438323692747,0.0014113914774069444,0.31706890146550104
242,Phe_522,Diseases of pulp and periapical tissues,digestive,0.0,0.8770792243380517,-0.0003216447065640149,0.8196418791356007
243,Phe_522.5,Periapical abscess,digestive,0.0,1.3388594150321644,0.001311504031265909,0.35253075944890677
244,Phe_523,Gingival and periodontal diseases,digestive,0.0,1.6625607614419438,0.0016255124716764268,0.24920419920355658
245,Phe_523.3,Periodontitis (acute or chronic),digestive,0.0,0.0,-0.000307556445524808,0.827414458846373
246,Phe_525,Other diseases of the teeth and supporting structures,digestive,0.0,0.9079140408186864,-0.0005311883180090998,0.7065112687057384
247,Phe_528,"Diseases of the oral soft tissues, excluding lesions specific for gingiva and tongue",digestive,0.0,1.8883072668104646,0.004395251231335958,0.0018351207056049275
248,Phe_529,Diseases and other conditions of the tongue,digestive,0.0,2.7485705182508053,0.005972294935521924,2.299358646096447e-05
249,Phe_530,Diseases of esophagus,digestive,0.0,2.638206520426603,0.004512958933713653,0.0013784011626481168
250,Phe_530.1,"Esophagitis, GERD and related diseases",digestive,0.0,1.8564376553481128,0.009227258947288371,6.106627015456411e-11
251,Phe_530.11,GERD,digestive,0.0,2.109395897284107,0.01622105672052265,1.3276851634048337e-30
252,Phe_530.12,Ulcer of esophagus,digestive,0.0,1.7087633763386543,0.005457206336861952,0.00010950645475412336
253,Phe_530.14,Reflux esophagitis,digestive,0.0,1.575399331548752,0.006612068760675089,2.7700132118983004e-06
254,Phe_530.2,Esophageal bleeding (varices__hemorrhage),digestive,0.0,2.5864749957935254,0.00752962303364031,9.416914095635488e-08
255,Phe_530.3,Stricture and stenosis of esophagus,digestive,0.0,1.4633325988431294,0.0023038948713805067,0.10243249332088926
256,Phe_530.9,Heartburn,digestive,0.0,1.8675004575795142,0.004409665870059852,0.0017725388977372562
257,Phe_531,Peptic ulcer (excl. esophageal),digestive,0.0,2.2584247329412297,0.01232280217665482,2.422653479521206e-18
258,Phe_531.2,Gastric ulcer,digestive,0.0,2.0725404822839018,0.00785943779228456,2.526452915789147e-08
259,Phe_531.3,Duodenal ulcer,digestive,0.0,2.4091269153784887,0.008549778754415902,1.3542297159995705e-09
260,Phe_532,Dysphagia,digestive,0.0,1.7768865739295021,0.0073035806741287455,2.2501360987059014e-07
261,Phe_535,Gastritis and duodenitis,digestive,0.0,1.7692574820497646,0.011719837678855392,9.718531614760629e-17
262,Phe_535.1,Acute gastritis,digestive,0.0,1.8984620316768799,0.0034551810624560237,0.014313588434988
263,Phe_535.6,Duodenitis,digestive,0.0,1.9619406816553537,0.009415143888564244,2.4841561492400267e-11
264,Phe_535.8,Other specified gastritis,digestive,0.0,1.5474433718347782,0.005810261248670397,3.808860130467082e-05
265,Phe_537,Other disorders of stomach and duodenum,digestive,0.0,2.0708107194810865,0.007171832452618961,3.695840904599904e-07
266,Phe_540,Appendiceal conditions,digestive,0.0,3.132425801207328,0.0038101756716448034,0.006914283786654764
267,Phe_540.1,Appendicitis,digestive,0.0,2.201599406153026,0.0030312743176607823,0.03165051023081801
268,Phe_540.11,Acute appendicitis,digestive,0.0,1.4245464175942228,0.0021987381664666248,0.11908387438511576
269,Phe_550,Abdominal hernia,digestive,0.0,3.82144911602369,0.0187967584347045,1.6405891657591952e-40
270,Phe_550.1,Inguinal hernia,digestive,0.0,1.68598039777637,0.00950283516141121,1.622853813537162e-11
271,Phe_550.2,Diaphragmatic hernia,digestive,0.0,1.6898356024580248,0.0132402455519679,6.227571973688246e-21
272,Phe_550.4,Umbilical hernia,digestive,0.0,2.6567868097113183,0.011376451450207261,7.339620684103556e-16
273,Phe_550.5,Ventral hernia,digestive,0.0,3.884687382061105,0.018944470828491006,4.009675269185602e-41
274,Phe_555,Inflammatory bowel disease and other gastroenteritis and colitis,digestive,0.0,1.7247291086757301,0.005324216306030591,0.00016050531815355493
275,Phe_555.1,Regional enteritis,digestive,0.0,1.4424451455290674,0.0020219409759410062,0.15177124524372634
276,Phe_555.2,Ulcerative colitis,digestive,0.0,1.7922004391293203,0.0047520789566627315,0.0007553872204331694
277,Phe_556,Ulceration of the lower GI tract,digestive,0.0,1.8989051834116317,0.002063374016281758,0.14355661186728008
278,Phe_557,Intestinal malabsorption (non-celiac),digestive,0.0,2.6532647768217323,0.003209907818618236,0.022880363135849045
279,Phe_557.1,Celiac disease,digestive,0.0,1.5906770956694538,0.002736690818207471,0.052382984282297165
280,Phe_558,Noninfectious gastroenteritis,digestive,0.0,2.1257781943691754,0.015240557140923991,3.2858226242024335e-27
281,Phe_559,Ileostomy status,digestive,0.0,2.4992042413933735,0.006718975390632569,1.9077230806508676e-06
282,Phe_560.4,Other intestinal obstruction,digestive,0.0,2.8913346019009207,0.012443587534843105,1.1316018340666914e-18
283,Phe_561,Symptoms involving digestive system,digestive,0.0,1.8485572526697562,0.01172077287262542,9.664393288532587e-17
284,Phe_561.2,Flatulence,digestive,0.0,1.7410186850156084,0.0035601261625063363,0.01161305329721097
285,Phe_562,Diverticulosis and diverticulitis,digestive,0.0,2.0601138410417206,0.020820258216924663,2.6315833037714376e-49
286,Phe_562.1,Diverticulosis,digestive,0.0,2.0601138410417206,0.020820258216924663,2.6315833037714376e-49
287,Phe_563,Constipation,digestive,0.0,2.4114318188675434,0.01723987299257058,2.3773849032393464e-34
288,Phe_564,Functional digestive disorders,digestive,0.0,2.619938745808512,0.00530054464935389,0.0001716569090578593
289,Phe_564.1,Irritable Bowel Syndrome,digestive,0.0,2.1572808067282963,0.009856250390289291,2.808054519065969e-12
290,Phe_564.8,Abnormal findings on exam of gastrointestinal tract__ abdominal area,digestive,0.0,2.730278828320233,0.008264239995237788,4.6733163046712575e-09
291,Phe_564.9,Personal history of diseases of digestive system,digestive,0.0,2.5559542726459994,0.022818367675849164,7.273819730715857e-59
292,Phe_565,Anal and rectal conditions,digestive,0.0,1.86321366862194,0.008770900788460032,5.048677515772451e-10
293,Phe_565.1,Anal and rectal polyp,digestive,0.0,1.70948020978991,0.0069811795763390725,7.465795253528173e-07
294,Phe_568,Other disorders of peritoneum,digestive,0.0,5.2230560550468255,0.007391447128525623,1.6085785126301235e-07
295,Phe_568.1,Peritoneal adhesions (postoperative) (postinfection),digestive,0.0,3.121375351397497,0.013964155458223996,4.1915334671951776e-23
296,Phe_569,Other disorders of intestine,digestive,0.0,2.1757940009046934,0.008091715839051163,9.688047966713545e-09
297,Phe_571,Chronic liver disease and cirrhosis,digestive,0.0,2.7781875349524796,0.011642129086725754,1.5435908585389492e-16
298,Phe_571.5,Other chronic nonalcoholic liver disease,digestive,0.0,2.8275668424523563,0.00911619795597861,1.0307503689626964e-10
299,Phe_572,Ascites (non malignant),digestive,0.0,3.2802055668288017,0.010555964316852948,7.261267969455609e-14
300,Phe_573,Other disorders of liver,digestive,0.0,7.382943353104424,0.029965363688839352,3.5562109725514376e-100
301,Phe_573.7,Abnormal results of function study of liver,digestive,0.0,2.6855503962399996,0.011697364324005621,1.111331995708832e-16
302,Phe_574,Cholelithiasis and cholecystitis,digestive,0.0,2.0631375818621707,0.015062034037312648,1.2945062162263356e-26
303,Phe_574.1,Cholelithiasis,digestive,0.0,2.1612356998919204,0.012179325920356096,5.927981110114673e-18
304,Phe_574.11,Cholelithiasis with acute cholecystitis,digestive,0.0,1.8735637707534736,0.0038364523488778287,0.006536651379344585
305,Phe_574.12,Cholelithiasis with other cholecystitis,digestive,0.0,1.8463603425096018,0.006872700791333535,1.1050931602382845e-06
306,Phe_574.2,Calculus of bile duct,digestive,0.0,2.0254988623057404,0.005783661428566544,4.132891965560829e-05
307,Phe_574.3,Cholecystitis without cholelithiasis,digestive,0.0,2.592559730566044,0.009204579226552326,6.798969710654351e-11
308,Phe_575,Other biliary tract disease,digestive,0.0,2.3814138775572102,0.00986037646925179,2.75012697642462e-12
309,Phe_575.7,Other disorders of gallbladder,digestive,0.0,2.284284957735467,0.005383299081002059,0.0001355726455590736
310,Phe_575.8,Other disorders of biliary tract,digestive,0.0,2.4695261910268274,0.0054595087884805596,0.0001087758792509225
311,Phe_577,Diseases of pancreas,digestive,0.0,3.0784899927097182,0.005806676566637559,3.851077018415108e-05
312,Phe_577.1,Acute pancreatitis,digestive,0.0,2.771689882703724,0.006906427174493263,9.788381019588948e-07
313,Phe_578.1,Hematemesis,digestive,0.0,2.2152037594168537,0.005901699400693696,2.8693090548103664e-05
314,Phe_578.2,Blood in stool,digestive,0.0,2.054193868283298,0.006086590926488703,1.5984390068776282e-05
315,Phe_578.9,Hemorrhage of gastrointestinal tract,digestive,0.0,1.7892686254779346,0.007043159309536705,5.951782256767459e-07
316,Phe_579,Other symptoms involving abdomen and pelvis,digestive,0.0,3.156402393759779,0.008061432653971683,1.0994056771851848e-08
317,Phe_579.8,Nonspecific abnormal findings in stool contents,digestive,0.0,1.5333659356048928,0.002661910008694069,0.05916537990863183
318,Phe_580,Nephritis; nephrosis; renal sclerosis,genitourinary,0.0,8.239779729566274,0.03135592522087624,1.6522658742988796e-109
319,Phe_580.1,Glomerulonephritis,genitourinary,0.0,9.37341575823564,0.028450904286629736,1.7184884639860164e-90
320,Phe_585,Renal failure,genitourinary,0.0,6.937043548540485,0.06426984454288663,0.0
321,Phe_585.1,Acute renal failure,genitourinary,0.0,4.627620955643606,0.0328201469535572,8.594918526876102e-120
322,Phe_585.2,Renal failure NOS,genitourinary,0.0,9.396667091726961,0.035352011151914026,1.1123277199426592e-138
323,Phe_585.3,Chronic renal failure [CKD],genitourinary,0.0,12.304054096874372,0.0731034538900729,0.0
324,Phe_586,Other disorders of the kidney and ureters,genitourinary,0.0,12.680234171944788,0.04503640999383855,7.123776907557884e-224
325,Phe_586.2,"Cyst of kidney, acquired",genitourinary,0.0,10.265211284384218,0.039932893078829836,2.0347142432580032e-176
326,Phe_590,Pyelonephritis,genitourinary,0.0,8.308737336861883,0.03131615094827124,3.0966816845996423e-109
327,Phe_591,Urinary tract infection,genitourinary,0.0,4.872372019499967,0.04971142295121706,2.332183377374656e-272
328,Phe_592,Cystitis and urethritis,genitourinary,0.0,4.4871945607366195,0.0214231258966125,4.244076760154866e-52
329,Phe_592.1,Cystitis,genitourinary,0.0,4.376048918588965,0.01665679850042988,3.5325129560818217e-32
330,Phe_593,Hematuria,genitourinary,0.0,4.0090080673405115,0.042003434458331004,5.539325352995843e-195
331,Phe_594,Urinary calculus,genitourinary,0.0,11.883434302685485,0.026042824009289804,4.008077784859634e-76
332,Phe_594.1,Calculus of kidney,genitourinary,0.0,7.235854841659266,0.03895230946945008,5.929579770458246e-168
333,Phe_594.3,Calculus of ureter,genitourinary,0.0,5.789723151055056,0.025723573211651068,2.586967504913911e-74
334,Phe_594.8,Renal colic,genitourinary,0.0,4.88724290795728,0.01797002865460624,3.565975015653143e-37
335,Phe_595,Hydronephrosis,genitourinary,0.0,7.860911682197303,0.035388406437265214,5.8143405761335104e-139
336,Phe_596,Other disorders of bladder,genitourinary,0.0,4.027345604927338,0.029239201853588873,1.8066887094916342e-95
337,Phe_596.1,Bladder neck obstruction,genitourinary,0.0,4.4057538599727675,0.01609856650672989,3.617666641676949e-30
338,Phe_596.5,Functional disorders of bladder,genitourinary,0.0,3.3140588562203,0.009863524205087862,2.7067243450014886e-12
339,Phe_597,Other disorders of urethra and urinary tract,genitourinary,0.0,7.3103458013745115,0.019260048570458533,1.9052848128134165e-42
340,Phe_597.1,Urethral stricture (not specified as infectious),genitourinary,0.0,7.502327215517899,0.04184743134246881,1.496041013145472e-193
341,Phe_598,Abnormal findings on examination of urine,genitourinary,0.0,3.7013738208594265,0.017038081855067843,1.3681366744188757e-33
342,Phe_599,Other symptoms__disorders or the urinary system,genitourinary,0.0,5.24512137207082,0.038423606627207986,1.7762067192016232e-163
343,Phe_599.2,Retention of urine,genitourinary,0.0,3.4824374570532353,0.024274445230173195,2.2319508569682407e-66
344,Phe_599.3,Dysuria,genitourinary,0.0,5.236634190371904,0.01637353849449004,3.772465233355057e-31
345,Phe_599.4,Urinary incontinence,genitourinary,0.0,2.409658232246659,0.014528838931347996,7.070982745521375e-25
346,Phe_599.5,Frequency of urination and polyuria,genitourinary,0.0,3.6933445693358506,0.01858174983263177,1.250803367854066e-39
347,Phe_599.9,Other abnormality of urination,genitourinary,0.0,4.680346243447115,0.017048116819475292,1.2547071885752924e-33
348,Phe_611.3,Lump or mass in breast,genitourinary,0.0,1.2489916653372843,0.001046776210114355,0.4580674903817967
349,Phe_613,Other nonmalignant breast conditions,genitourinary,0.0,0.0,-0.0003934302673866304,0.7803272934270038
350,Phe_681,Superficial cellulitis and abscess,dermatologic,0.0,2.5059406409658624,0.0038067505617666777,0.006964924693902016
351,Phe_681.3,Cellulitis and abscess of arm__hand,dermatologic,0.0,2.2171001060373645,0.010289863756207693,2.999682680116302e-13
352,Phe_686,Other local infections of skin and subcutaneous tissue,dermatologic,0.0,2.02795341739821,0.004338505015296181,0.0021017223927752068
353,Phe_686.1,Carbuncle and furuncle,dermatologic,0.0,1.8344056855126456,0.004541098256053081,0.0012860100079755247
354,Phe_687,Symptoms affecting skin,dermatologic,0.0,2.5471341857488627,0.00274192730413057,0.051933457827177266
355,Phe_687.1,Rash and other nonspecific skin eruption,dermatologic,0.0,2.9644372204319818,0.010487825240763369,1.0476416221334531e-13
356,Phe_687.4,Disturbance of skin sensation,dermatologic,0.0,2.520889310733012,0.009122070198119746,1.0027634276986038e-10
357,Phe_689,Disorder of skin and subcutaneous tissue NOS,dermatologic,0.0,1.3040493898926149,0.0026023313441158455,0.06507705282874679
358,Phe_695,Erythematous conditions,dermatologic,0.0,2.027155034719727,0.005790617676865848,4.045714517547878e-05
359,Phe_696,Psoriasis and related disorders,dermatologic,0.0,1.7894216852405933,0.0043503225992358825,0.0020434358899010163
360,Phe_696.4,Psoriasis,dermatologic,0.0,2.0286558119040974,0.004690118690554688,0.0008850674397835645
361,Phe_696.41,Psoriasis vulgaris,dermatologic,0.0,1.9435088855533418,0.004499560287459829,0.0014245114474445264
362,Phe_701,Other hypertrophic and atrophic conditions of skin,dermatologic,0.0,1.1929477901603955,0.0008671584807508161,0.5387486922616921
363,Phe_701.2,Scar conditions and fibrosis of skin,dermatologic,0.0,1.5944408724324421,0.003131642370505196,0.026422458376296764
364,Phe_702,Degenerative skin conditions and other dermatoses,dermatologic,0.0,0.0,-0.000307556445524808,0.827414458846373
365,Phe_702.1,Actinic keratosis,dermatologic,0.0,2.172769618329009,0.00677475732356385,1.5669278312990647e-06
366,Phe_702.2,Seborrheic keratosis,dermatologic,0.0,1.4600981503347512,0.002809135648033539,0.046444899173288645
367,Phe_703,"Diseases of nail, NOS",dermatologic,0.0,1.826530408248202,0.0017300614518575058,0.2200494329277312
368,Phe_704,Diseases of hair and hair follicles,dermatologic,0.0,1.3643307922236252,0.0027722005464406708,0.049397461807018
369,Phe_706,Diseases of sebaceous glands,dermatologic,0.0,1.4392940225655824,0.004444227440917946,0.0016303963053467885
370,Phe_706.2,Sebaceous cyst,dermatologic,0.0,1.4529147074466078,0.004559990048033734,0.0012272258225872932
371,Phe_707,Chronic ulcer of skin,dermatologic,0.0,2.8951917594616807,0.00788895725861925,2.239978908259084e-08
372,Phe_709,Diffuse diseases of connective tissue,dermatologic,0.0,2.0236094044117983,0.006042479384243607,1.840619225751796e-05
373,Phe_709.7,Unspecified diffuse connective tissue disease,dermatologic,0.0,1.8626473422788938,0.0042977558576690585,0.002314594021079588
374,Phe_714,Rheumatoid arthritis and other inflammatory polyarthropathies,musculoskeletal,0.0,1.902013047868934,0.002068813557900663,0.14250397261542863
375,Phe_714.1,Rheumatoid arthritis,musculoskeletal,0.0,2.0291618372999323,0.006066871459644266,1.7026890670558343e-05
376,Phe_715,Other inflammatory spondylopathies,musculoskeletal,0.0,1.731292323646806,0.0015722951405068666,0.2650390181490099
377,Phe_716,Other arthropathies,musculoskeletal,0.0,4.792288545352242,0.0034638007267295237,0.014072554641930185
378,Phe_716.2,Unspecified monoarthritis,musculoskeletal,0.0,1.4290098878557345,0.006258035542960396,9.155959850095535e-06
379,Phe_716.9,Arthropathy NOS,musculoskeletal,0.0,1.6519303450765759,0.012328775862252197,2.3335380522611963e-18
380,Phe_717,Polymyalgia Rheumatica,musculoskeletal,0.0,2.2519601705977004,0.005151125253543177,0.00026068920029913436
381,Phe_720,Spinal stenosis,musculoskeletal,0.0,1.2462519809629153,0.0007647202758083403,0.5877561751772031
382,Phe_721,Spondylosis and allied disorders,musculoskeletal,0.0,2.25793315798017,0.00474177549222665,0.0007756506652015675
383,Phe_721.1,Spondylosis without myelopathy,musculoskeletal,0.0,2.2364013211643794,0.004379699912296884,0.0019049093909298503
384,Phe_722,Intervertebral disc disorders,musculoskeletal,0.0,1.7489855185345937,0.006955909994745065,8.184151636655819e-07
385,Phe_722.6,Degeneration of intervertebral disc,musculoskeletal,0.0,1.6107137522493673,0.0037422605609925027,0.007982694148122221
386,Phe_722.9,Other and unspecified disc disorder,musculoskeletal,0.0,1.7255382875228074,0.005150101396852669,0.0002614270584535332
387,Phe_724,Other and unspecified disorders of back,musculoskeletal,0.0,3.511931234815139,0.00628944018649217,8.254852262233133e-06
388,Phe_726,Peripheral enthesopathies and allied syndromes,musculoskeletal,0.0,1.3447243252724077,0.003559284569260522,0.01163277435037236
389,Phe_726.1,Enthesopathy,musculoskeletal,0.0,1.4395355529926497,0.0040851886923302175,0.0037807698881220965
390,Phe_727,"Other disorders of synovium, tendon, and bursa",musculoskeletal,0.0,1.0669900280776605,0.00022487295125907388,0.8733485278543474
391,Phe_727.1,Synovitis and tenosynovitis,musculoskeletal,0.0,1.3564400026237744,0.0019415706937759697,0.16871933754660404
392,Phe_727.4,"Ganglion and cyst of synovium, tendon, and bursa",musculoskeletal,0.0,1.0417499751226362,0.00024633108181782923,0.861380017385749
393,Phe_728,"Disorders of muscle, ligament, and fascia",musculoskeletal,0.0,3.0185194084361524,0.0016426131894500204,0.2442592159447465
394,Phe_728.7,Fasciitis,musculoskeletal,0.0,1.9641633333767636,0.0016851632721718729,0.23225528795766073
395,Phe_728.71,Contracture of palmar fascia [Dupuytren's disease],musculoskeletal,0.0,0.39250097570996406,-0.003369828005939269,0.016903933865206056
396,Phe_729,Other disorders of soft tissues,musculoskeletal,0.0,1.3065796065248303,0.0011393459404671665,0.41929031035039666
397,Phe_729.1,"Rheumatism, unspecified and fibrositis",musculoskeletal,0.0,1.4835701773377685,0.0009726024767102623,0.49053831882144505
398,Phe_733,Other disorders of bone and cartilage,musculoskeletal,0.0,2.132348572931961,0.003640258361113715,0.009865922931171892
399,Phe_733.8,Malunion and nonunion of fracture,musculoskeletal,0.0,1.0517013323510576,7.128811488360256e-05,0.9596966177698886
400,Phe_735,Acquired foot deformities,musculoskeletal,0.0,1.133785338778457,0.00017766332873589072,0.8997786795424356
401,Phe_735.2,Acquired toe deformities,musculoskeletal,0.0,1.4929323510960415,0.0024934011746044356,0.07714280910331525
402,Phe_735.21,Hammer toe (acquired),musculoskeletal,0.0,0.9490296729567264,-0.0002459842164758458,0.8615732401581349
403,Phe_735.23,Hallux rigidus,musculoskeletal,0.0,1.1304766267003101,0.0005497412087884125,0.6967603651235345
404,Phe_735.3,Hallux valgus (Bunion),musculoskeletal,0.0,1.3198670211478418,0.0028364269698862867,0.044359935830590995
405,Phe_736,Other acquired deformities of limbs,musculoskeletal,0.0,2.353680956451481,0.0024957975979942224,0.07685899457995674
406,Phe_737,Curvature of spine,musculoskeletal,0.0,0.0,-0.0005564043857849999,0.69327046883283
407,Phe_737.3,Kyphoscoliosis and scoliosis,musculoskeletal,0.0,2.921555796153985,0.004771367555481789,0.0007187684404957094
408,Phe_738,Other acquired musculoskeletal deformity,musculoskeletal,0.0,1.4259263463164646,0.0008738242353602382,0.535632139645811
409,Phe_738.4,Acquired spondylolisthesis,musculoskeletal,0.0,2.3069577612861907,0.00243395211774718,0.08446114016630869
410,Phe_740,Osteoarthrosis,musculoskeletal,0.0,1.5457330091720163,0.009359871045676184,3.2424841062514174e-11
411,Phe_740.1,Osteoarthritis; localized,musculoskeletal,0.0,1.383488062199903,0.004285044617945233,0.0023849311759743764
412,Phe_740.11,"Osteoarthrosis, localized, primary",musculoskeletal,0.0,1.3686118464773236,0.0037440655251126057,0.007952487423379027
413,Phe_740.9,Osteoarthrosis NOS,musculoskeletal,0.0,2.110471883563437,0.00956367832980282,1.2050992519168163e-11
414,Phe_741,Symptoms and disorders of the joints,musculoskeletal,0.0,0.9752139627255261,-6.150253955803181e-05,0.9652251983882163
415,Phe_741.4,Joint effusions,musculoskeletal,0.0,0.6214598782074431,-0.0006790990645491549,0.6302352221123648
416,Phe_742,"Derangement of joint, non-traumatic",musculoskeletal,0.0,0.0,-0.0006557379924033154,0.6420490957179688
417,Phe_742.9,Other derangement of joint,musculoskeletal,0.0,1.6484113081530762,0.0018908619597675289,0.1801204431790799
418,Phe_743,"Osteoporosis, osteopenia and pathological fracture",musculoskeletal,0.0,2.4125981538203356,0.01043090283290584,1.4205026627898835e-13
419,Phe_743.1,Osteoporosis,musculoskeletal,0.0,2.483099482842763,0.010623629649255615,5.034220471625977e-14
420,Phe_743.11,Osteoporosis NOS,musculoskeletal,0.0,2.4852066616299684,0.01063415892073057,4.7543334292683e-14
421,Phe_745,Pain in joint,musculoskeletal,0.0,2.0701910436805027,0.00494428523839272,0.0004567836153760939
422,Phe_747,Cardiac and circulatory congenital anomalies,congenital anomalies,0.0,0.0,-0.0005791257747641272,0.681419180681653
423,Phe_747.1,Cardiac congenital anomalies,congenital anomalies,0.0,2.324259944495837,0.0021275867885754162,0.13150516591197742
424,Phe_747.13,Congenital anomalies of great vessels,congenital anomalies,0.0,2.5602863416133146,0.007820960473669453,2.9536670825916746e-08
425,Phe_751,Genitourinary congenital anomalies,congenital anomalies,1.0,232.4259944495837,0.9999999999999998,0.0
426,Phe_939,Atopic__contact dermatitis due to other or unspecified,dermatologic,0.0,2.3898089911091156,0.007544832512685088,8.872904105784642e-08
