,PheCode,description,category,f_score,RR,phi,pval
0,Phe_112,Candidiasis,infectious diseases,-2.7381206445222128e-06,4.651501588328372,0.03444698208904662,9.095128186731684e-132
1,Phe_153,Colorectal cancer,neoplasms,0.00020104017377785724,2.201883303537,0.0011497219335156522,0.4150675141266159
2,Phe_153.2,Colon cancer,neoplasms,0.00017134800291585938,1.8821987740767017,0.009258950225596297,5.253429127900506e-11
3,Phe_153.3,"Malignant neoplasm of rectum, rectosigmoid junction, and anus",neoplasms,0.00017567704745196158,1.153650254112103,0.0013198300523541249,0.3494823898188234
4,Phe_158,Neoplasm of unspecified nature of digestive system,neoplasms,-4.8794294213328024e-05,3.918794841484838,0.018273831537045388,2.2034376062120342e-38
5,Phe_159,Malignant neoplasm of other and ill-defined sites within the digestive organs and peritoneum,neoplasms,0.00023831330338681535,2.644418673365515,0.02263750019383373,5.791105285722833e-58
6,Phe_165,Cancer within the respiratory system,neoplasms,9.798938494882007e-06,3.2797013266802577,0.014867534670746425,5.662348727640864e-26
7,Phe_165.1,Cancer of bronchus; lung,neoplasms,5.46398542946991e-05,2.33393734905033,0.012868100102042103,7.358692758442295e-20
8,Phe_172,Skin cancer,neoplasms,0.0001966099306450088,1.3181854464672047,0.007144455014615129,4.0929356573993876e-07
9,Phe_172.2,Other non-epithelial cancer of skin,neoplasms,0.00014427306905477472,1.37428553057195,0.007568108074865542,8.098839083340249e-08
10,Phe_174,Breast cancer,neoplasms,-0.00040911686824073224,1.0246618166941062,0.0005294291526105892,0.7074383743349923
11,Phe_189,Cancer of urinary organs (incl. kidney and bladder),neoplasms,-0.002765651725523732,2.424219812723419,0.014399970851824984,1.820340287258705e-24
12,Phe_189.11,"Malignant neoplasm of kidney, except pelvis",neoplasms,-0.000983731575833404,1.9344904193218553,0.005650347435081631,6.190817897365301e-05
13,Phe_189.2,Cancer of bladder,neoplasms,-0.0046474313744766646,2.2959637719608534,0.0067667281679331505,1.6120972834453974e-06
14,Phe_189.21,Malignant neoplasm of bladder,neoplasms,-0.0053178681592091865,2.1281430723401815,0.009723372715083741,5.470088587335713e-12
15,Phe_195,"Cancer, suspected or other",neoplasms,0.0004276781539632567,2.5309640995316145,0.008318592071059078,3.7031218256223646e-09
16,Phe_195.1,"Malignant neoplasm, other",neoplasms,0.0004231679550944757,1.9764668263166774,0.023974519755661786,8.59036530563684e-65
17,Phe_197,Chemotherapy,neoplasms,0.00010987046383340832,1.9822017449953877,0.026280802129321504,1.7352589695717784e-77
18,Phe_198,Secondary malignant neoplasm,neoplasms,-9.233655407890054e-05,2.1427392640463587,0.007610210699042327,6.861542302970154e-08
19,Phe_198.1,Secondary malignancy of lymph nodes,neoplasms,-8.681668509946462e-05,1.6152354083222098,0.008817643644747304,4.0856276006834334e-10
20,Phe_198.2,Secondary malignancy of respiratory organs,neoplasms,-1.7890095324413002e-05,1.7277420375225074,0.006966140113738806,7.885655241922155e-07
21,Phe_198.3,Secondary malignant neoplasm of digestive systems,neoplasms,-4.733463848977077e-05,2.2351523156779174,0.009765460085962895,4.432818838947279e-12
22,Phe_198.4,Secondary malignant neoplasm of liver,neoplasms,-1.2853627501419257e-05,1.9672270610657943,0.01002533148932327,1.1869856780271168e-12
23,Phe_198.6,Secondary malignancy of bone,neoplasms,-0.00013359250282060493,1.923398905956435,0.00869258560880416,7.18022422724008e-10
24,Phe_199,Neoplasm of uncertain behavior,neoplasms,-8.886408116534729e-05,2.024398164524624,0.0065544856012958895,3.378513546291486e-06
25,Phe_202,"Cancer of other lymphoid, histiocytic tissue",neoplasms,0.0002175721089074529,3.113491040670153,0.013835912795242631,1.036086183169426e-22
26,Phe_202.2,Non-Hodgkins lymphoma,neoplasms,0.00019176530967912733,2.9946443044334505,0.014480072441218858,1.0123017545088364e-24
27,Phe_204,Leukemia,neoplasms,0.00012655374670221049,1.9750225995362183,0.003941719410047824,0.005202930666799699
28,Phe_208,Benign neoplasm of colon,neoplasms,8.672064390488267e-05,2.3552269598347757,0.038594981522100474,6.385340833491569e-165
29,Phe_211,Benign neoplasm of other parts of digestive system,neoplasms,-7.63074626584561e-05,5.591717114723554,0.06700256146994912,0.0
30,Phe_214,Lipoma,neoplasms,9.363081603306981e-05,1.6542067458044467,0.005219669243116127,0.00021550299612096976
31,Phe_214.1,Lipoma of skin and subcutaneous tissue,neoplasms,0.00011499992923302123,1.297596903647363,0.0038617548208390454,0.0061906575301197255
32,Phe_215,Other benign neoplasm of connective and other soft tissue,neoplasms,-4.4478952921468604e-05,1.360549135452054,0.002197034543019015,0.11937014119255994
33,Phe_216,Benign neoplasm of skin,neoplasms,0.0006578288354903112,1.3284990443179356,0.005657223039329789,6.0643955345206923e-05
34,Phe_228,"Hemangioma and lymphangioma, any site",neoplasms,0.0001814502315701572,1.9667704159726964,0.0070711926978048525,5.368603315200076e-07
35,Phe_229,Benign neoplasm of unspecified sites,neoplasms,0.00015519318781194113,1.3135947447557028,0.002726873666949006,0.05323450646614786
36,Phe_241,Nontoxic nodular goiter,endocrine/metabolic,-8.604417696985535e-06,0.0,-0.0006854861338543101,0.6270214568623139
37,Phe_242,Thyrotoxicosis with or without goiter,endocrine/metabolic,0.00021560335139993083,2.5647862924532836,0.01146122354648176,4.47984546309208e-16
38,Phe_244,Hypothyroidism,endocrine/metabolic,0.00016695962554657125,2.000189428916753,0.023831600184734996,4.8145091197032416e-64
39,Phe_244.1,Secondary hypothyroidism,endocrine/metabolic,0.00023875209503234973,2.4326158637949615,0.009508477551929267,1.578795622103691e-11
40,Phe_244.4,Hypothyroidism NOS,endocrine/metabolic,0.0001543658918701296,2.0292443678482934,0.023911907707222815,1.830162233195416e-64
41,Phe_250.1,Type 1 diabetes,endocrine/metabolic,0.0001926665465177254,3.3503929704521873,0.022998496419646967,9.064913355563964e-60
42,Phe_250.2,Type 2 diabetes,endocrine/metabolic,0.000190866964276158,2.6126747344637296,0.04522181226370148,1.0500941937681838e-225
43,Phe_250.23,Type 2 diabetes with ophthalmic manifestations,endocrine/metabolic,0.0001990153567226532,3.7112776837539974,0.02041876250921454,1.722063165410435e-47
44,Phe_250.7,Diabetic retinopathy,endocrine/metabolic,0.00020070938455106168,3.548269903112449,0.019342557214694165,8.520200091934625e-43
45,Phe_260,Protein-calorie malnutrition,endocrine/metabolic,1.8278238001153877e-05,5.5767937241368655,0.01319744574076596,8.302048479985559e-21
46,Phe_261,Vitamin deficiency,endocrine/metabolic,-0.002641820289063088,6.78914018590575,0.005462538828405185,0.00010782144383510755
47,Phe_272,Disorders of lipoid metabolism,endocrine/metabolic,5.914586926526823e-05,2.4673086292107804,0.05661311534485232,0.0
48,Phe_272.1,Hyperlipidemia,endocrine/metabolic,5.8372998384623376e-05,3.0462757648857344,0.028710310131441832,4.091826334231419e-92
49,Phe_272.11,Hypercholesterolemia,endocrine/metabolic,6.173276673810465e-05,2.4841805651250954,0.054905352201853094,0.0
50,Phe_274,Gout and other crystal arthropathies,endocrine/metabolic,-0.00016260617465264863,3.1918259065792514,0.020900139273049942,1.1343818307367374e-49
51,Phe_274.1,Gout,endocrine/metabolic,-0.00013856749748623082,3.4673334779835514,0.022085005023603353,2.9575330819916743e-55
52,Phe_275,Disorders of mineral metabolism,endocrine/metabolic,-0.00010235151846730885,0.0,-0.0006290433400342955,0.6556603945834754
53,Phe_275.5,Disorders of calcium__phosphorus metabolism,endocrine/metabolic,2.8233052584541538e-05,3.2119107539074623,0.015098229594061246,9.815953644224267e-27
54,Phe_276,"Disorders of fluid, electrolyte, and acid-base balance",endocrine/metabolic,4.300327124887715e-06,3.394570092952875,0.04404807742999264,3.0807643021478008e-214
55,Phe_276.1,Electrolyte imbalance,endocrine/metabolic,-3.5146612165756067e-05,4.073484111543451,0.0074895201268796695,1.1010664352183463e-07
56,Phe_276.12,Hyposmolality and__or hyponatremia,endocrine/metabolic,-7.33154000624301e-05,3.4875720133077484,0.023237577954505553,5.572605519897196e-61
57,Phe_276.14,Hypopotassemia,endocrine/metabolic,-2.021871442260161e-05,3.5837103620616864,0.021279515418772717,1.9959540225781742e-51
58,Phe_276.5,Hypovolemia,endocrine/metabolic,6.211312078870591e-05,3.369475368988988,0.02649363530023088,1.0218965578712261e-78
59,Phe_277,Other disorders of metabolism,endocrine/metabolic,0.0005854868760192578,3.516287745688237,0.015379358330067146,1.1191944600291396e-27
60,Phe_278,"Overweight, obesity and other hyperalimentation",endocrine/metabolic,0.0009052051086409697,0.0,-0.0003145179145195733,0.8235716104825824
61,Phe_278.1,Obesity,endocrine/metabolic,0.0009001988008391861,2.5168805190364845,0.03369895225936498,3.443849865457277e-126
62,Phe_280,Iron deficiency anemias,hematopoietic,0.00024227378920706197,5.491848951054076,0.08192065703850603,0.0
63,Phe_280.1,"Iron deficiency anemias, unspecified or not due to blood loss",hematopoietic,0.00023585845634253391,5.560361026122139,0.08133637969477744,0.0
64,Phe_281,Other deficiency anemia,hematopoietic,0.00022273150448051516,9.052186914541,0.0037988544533076518,0.007082941607420316
65,Phe_281.1,Megaloblastic anemia,hematopoietic,0.0001453058975450868,0.0,-0.0006290433400342955,0.6556603945834754
66,Phe_285,Other anemias,hematopoietic,0.00021565737626284346,4.913331442148329,0.08442338349066707,0.0
67,Phe_287,Purpura and other hemorrhagic conditions,hematopoietic,0.0002101772469206676,3.7767402358680995,0.0053666423256810815,0.00014220507571443959
68,Phe_287.3,Thrombocytopenia,hematopoietic,0.00021383888644309584,3.906356488578494,0.020598540511601014,2.6749022534751086e-48
69,Phe_288,Diseases of white blood cells,hematopoietic,0.00017781439659996304,2.4013989303858767,0.006676046815553234,2.217391102994524e-06
70,Phe_289,Other diseases of blood and blood-forming organs,hematopoietic,-1.3519038089245823e-05,2.7120400210009654,0.007383670643159044,1.6573300544368836e-07
71,Phe_289.4,Lymphadenitis,hematopoietic,-3.089865347320713e-05,2.323127615236186,0.013325113779084753,3.5119571258589e-21
72,Phe_290,Delirium dementia and amnestic and other cognitive disorders,mental disorders,1.812448304034507e-05,3.797315697201521,0.011713264162716657,1.0107603328976739e-16
73,Phe_292,Neurological disorders,mental disorders,8.439334118001888e-05,3.605715601126977,0.011857834270264439,4.2420517322250366e-17
74,Phe_292.1,Aphasia__speech disturbance,mental disorders,0.0010574232866269065,2.805802334092169,0.013974501734875317,3.895021470474334e-23
75,Phe_292.4,Altered mental status,mental disorders,2.988763251069449e-05,3.390128101206012,0.023322807970312356,2.0475325180578457e-61
76,Phe_293,Symptoms involving head and neck,mental disorders,4.627111994259894e-05,1.9969478060141959,0.008341519113279922,3.3554518825896222e-09
77,Phe_296,Mood disorders,mental disorders,0.00019683545531187018,2.858585341434,0.0031210294358985655,0.02693749649696173
78,Phe_296.1,Bipolar,mental disorders,-3.726393788298211e-05,2.2870466003675016,0.008116494653704273,8.732775348641961e-09
79,Phe_296.2,Depression,mental disorders,0.00029352702598381603,2.3277052065962573,0.004943692646224229,0.00045750487226501284
80,Phe_300,Anxiety disorders,mental disorders,-3.561650510694351e-05,1.2630958485406047,0.000940319846825331,0.5050477703020275
81,Phe_300.1,Anxiety disorder,mental disorders,4.3776591217008085e-05,2.80413470654712,0.028351033298721226,7.180801746462117e-90
82,Phe_306,Other mental disorder,mental disorders,0.00017264809269942362,2.622463995753917,0.057462398622124225,0.0
83,Phe_317,Alcohol-related disorders,mental disorders,0.00018992040597538693,3.7315138680219837,0.03865362456752135,2.039280952354275e-165
84,Phe_317.1,Alcoholism,mental disorders,0.00018130358453673147,2.8618096561923045,0.03302940642044054,2.6684842413783084e-121
85,Phe_318,Tobacco use disorder,mental disorders,0.0001248526033848758,2.6949916020145843,0.0462338252302885,7.784134474751908e-236
86,Phe_327,Sleep disorders,neurological,0.0003352317512254596,2.200276089446827,0.006995969819778649,7.073943281312781e-07
87,Phe_327.3,Sleep apnea,neurological,0.00038788617705835067,2.3385585603207333,0.017558773703076947,1.435380240543408e-35
88,Phe_331,Other cerebral degenerations,neurological,2.1410058656290308e-05,4.745806731895282,0.011961502829822009,2.2615799682667253e-17
89,Phe_332,Parkinson's disease,neurological,-8.54176517399821e-05,2.2700530652564117,0.008809504922300744,4.2393271221350924e-10
90,Phe_334,Degenerative disease of the spinal cord,neurological,-1.5735505714254003e-05,2.1304064785348973,0.008390535064436728,2.7154183167536276e-09
91,Phe_335,Multiple sclerosis,neurological,-4.396174615913055e-05,1.1034268473706863,0.0006858764566308726,0.6268252876390108
92,Phe_339,Other headache syndromes,neurological,0.00037425296874362486,2.301321936743754,0.02199575065602356,7.983499951322392e-55
93,Phe_340,Migraine,neurological,3.180082763772572e-05,2.1505077562708763,0.0118353482154644,4.85870471604976e-17
94,Phe_342,Hemiplegia,neurological,0.00012441201263625962,3.1130691584153194,0.016521922364505802,1.096480613934979e-31
95,Phe_345,"Epilepsy, recurrent seizures, convulsions",neurological,0.0025570017152206866,2.600829179040427,0.017395738817342746,6.067285353166946e-35
96,Phe_345.3,Convulsions,neurological,0.0003559421024038846,2.3961671244373237,0.01271593260234252,1.9802369323365996e-19
97,Phe_348,Other conditions of brain,neurological,2.3409002818504713e-05,3.2018652405145023,0.005241083997550054,0.00020296735987421208
98,Phe_350,Abnormal movement,neurological,-8.887050231420273e-05,2.843451654332291,0.02080873234422155,2.9705282410925634e-49
99,Phe_350.2,Abnormality of gait,neurological,-0.00030162779094707997,3.3335393845240886,0.020910264367779645,1.0193834244853521e-49
100,Phe_351,Other peripheral nerve disorders,neurological,0.003534783534198919,1.998403381780728,0.020826558351343578,2.4628857803845362e-49
101,Phe_352,Disorders of other cranial nerves,neurological,3.836795120049338e-05,1.5371638156767737,0.0008697995055424197,0.5375128026594282
102,Phe_353,Nerve root and plexus disorders,neurological,9.919634499724506e-05,2.6778909456417117,0.010511515631026456,9.225194558034483e-14
103,Phe_357,Inflammatory and toxic neuropathy,neurological,-9.762633593256611e-07,3.224393755839143,0.01671881350247123,2.0920872597864353e-32
104,Phe_361,Retinal detachments and defects,sense organs,2.4849684253800493e-06,1.112506164917329,0.0009482148836240045,0.501478577041776
105,Phe_361.1,Retinal detachment with retinal defect,sense organs,1.7504825809503435e-05,1.0735994617347155,0.0005151172737798608,0.7149969597616733
106,Phe_362,Other retinal disorders,sense organs,-8.913099274230952e-06,1.4842654657445769,0.0029360444521325147,0.03740733558612132
107,Phe_362.2,Degeneration of macula and posterior pole of retina,sense organs,-1.0238886044432234e-05,1.9795215120636356,0.009720648683932392,5.544871019652555e-12
108,Phe_362.29,Macular degeneration (senile) of retina NOS,sense organs,-1.0339149865232678e-05,1.9795215120636356,0.009720648683932392,5.544871019652555e-12
109,Phe_365,Glaucoma,sense organs,-0.000675333962801778,2.0288062490153727,0.012504018564861934,7.710963875270047e-19
110,Phe_365.1,Open-angle glaucoma,sense organs,-0.0001532899670467322,1.5650525935492445,0.003853884133757131,0.006296474282722296
111,Phe_365.11,Primary open angle glaucoma,sense organs,-0.00013153669193916135,1.483647132217218,0.00329247682965798,0.01959792654657968
112,Phe_366,Cataract,sense organs,0.00016756254169725105,1.8078304172482746,0.021494199744362803,1.965005059950495e-52
113,Phe_366.2,Senile cataract,sense organs,6.113152703749796e-05,2.202029890535438,0.023521681452833464,1.9519219944703696e-62
114,Phe_367,Disorders of refraction and accommodation; blindness and low vision,sense organs,3.672396555832944e-05,1.139436115117049,0.0002622519700998321,0.8525203320569389
115,Phe_367.1,Myopia,sense organs,4.490988072922651e-05,1.5659717872343875,0.004068605808746708,0.003924826707655838
116,Phe_368,Visual disturbances,sense organs,7.357067245905639e-05,2.0625236007814935,0.006817003710877384,1.3486057456204805e-06
117,Phe_371,Inflammation of the eye,sense organs,-0.00019083098474649267,2.278872230234098,0.002405307703842146,0.08818270934717264
118,Phe_371.3,Inflammation of eyelids,sense organs,-0.0001982061839035281,1.2845432007292867,0.0025782027165791237,0.06760597334142919
119,Phe_374,Other disorders of eyelids,sense organs,5.455378683695975e-05,1.645656603998067,0.006614228337936376,2.7493739813281976e-06
120,Phe_374.1,Ectropion or entropion,sense organs,-0.0002548785989933858,1.8550971285966376,0.0053552446985295574,0.00014691822692709444
121,Phe_374.3,Ptosis of eyelid,sense organs,5.599866807418655e-06,1.9108674536652075,0.007443645208484666,1.3154497865378215e-07
122,Phe_375,Disorders of lacrimal system,sense organs,0.0017620188608852298,2.2721940476677287,0.009975590176403348,1.5314245282301663e-12
123,Phe_378,Strabismus and other disorders of binocular eye movements,sense organs,7.629575228267059e-05,1.9094456772859922,0.0016182690591297045,0.2513197206950219
124,Phe_379,Other disorders of eye,sense organs,2.7124136347522113e-05,2.512280949850586,0.005069560922039002,0.00032601072800387995
125,Phe_379.2,Disorders of vitreous body,sense organs,0.0002446009967538709,1.473511625308435,0.003420323172252992,0.015325868659284692
126,Phe_379.3,Aphakia and other disorders of lens,sense organs,-9.579659731725154e-05,2.2455254625417593,0.011166064818562593,2.4610116958677713e-15
127,Phe_380,Disorders of external ear,sense organs,0.00021701016004990447,1.937557561549546,0.004385043053508028,0.001880661051927498
128,Phe_381,Otitis media and Eustachian tube disorders,sense organs,-7.822773365786859e-06,1.8459481601177625,0.007255455069414088,2.699943838235812e-07
129,Phe_381.1,Otitis media,sense organs,-4.518669969371665e-06,1.767361895841105,0.004568234615794653,0.0012023581064035903
130,Phe_384,Other disorders of tympanic membrane,sense organs,2.5897162734233833e-05,2.1182117380025938,0.003934041023973304,0.005291179248022335
131,Phe_384.4,Perforation of tympanic membrane,sense organs,3.045620510251499e-05,1.2875955524993665,0.0016897319089594388,0.2309917512069206
132,Phe_386,Vertiginous syndromes and other disorders of vestibular system,sense organs,8.543945273518461e-06,0.8313232880700918,-0.0002626178130229715,0.8523169611908041
133,Phe_386.9,Dizziness and giddiness (Light-headedness and vertigo),sense organs,1.3515347951586325e-05,2.6392374751523793,0.02216365702761254,1.2287330458964787e-55
134,Phe_389,Hearing loss,sense organs,5.377228342258213e-05,2.4528182865961665,0.016901931222507677,4.4049181690558604e-33
135,Phe_394,Rheumatic disease of the heart valves,circulatory system,-4.993467746022949e-05,2.477611087521955,0.00953160922248079,1.4100999625843249e-11
136,Phe_394.2,Mitral valve disease,circulatory system,-8.167589229369262e-05,2.653574517331562,0.018372968504335715,8.794611329661847e-39
137,Phe_394.3,Aortic valve disease,circulatory system,3.774046482762873e-05,2.7233274192051313,0.0125163732473796,7.127784882927435e-19
138,Phe_394.7,Disease of tricuspid valve,circulatory system,-0.0001820189657827631,2.868370230133285,0.013314006542014954,3.786131875394109e-21
139,Phe_395,Heart valve disorders,circulatory system,-3.0925703974088014e-05,2.7121031008677137,0.0224853361705393,3.275335613646904e-57
140,Phe_395.1,Nonrheumatic mitral valve disorders,circulatory system,-8.101023350257879e-05,2.767475051667179,0.019286405060273706,1.473918713579617e-42
141,Phe_395.6,Heart valve replaced,circulatory system,6.569501673711838e-05,2.679227974706207,0.012724017310606798,1.8793223380086236e-19
142,Phe_396,Abnormal heart sounds,circulatory system,0.0,2.6016338500691463,0.010374822354398395,1.9144114734658294e-13
143,Phe_401.1,Essential hypertension,circulatory system,0.00056446414476092,2.12603554882226,0.06762818454096277,0.0
144,Phe_401.2,Hypertensive heart and__or renal disease,circulatory system,8.837086381843992e-05,2.858585341434,0.0022067758943783884,0.1177405136097652
145,Phe_401.22,Hypertensive chronic kidney disease,circulatory system,8.186844902111071e-05,4.038198878623439,0.021824909965297387,5.282430681480056e-54
146,Phe_402,Elevated blood pressure reading without diagnosis of hypertension,circulatory system,-8.147856851603396e-06,2.3245425636525123,0.009809240007625824,3.5586944979982187e-12
147,Phe_411.1,Unstable angina (intermediate coronary syndrome),circulatory system,2.7772363762319787e-06,3.320936238847477,0.030458772908364778,1.9397845740788493e-103
148,Phe_411.2,Myocardial infarction,circulatory system,2.920772983344879e-06,2.9018005123747654,0.04022708571792017,5.3447916648872084e-179
149,Phe_411.3,Angina pectoris,circulatory system,-2.44967354737067e-05,3.2321861115029216,0.054231903130895834,0.0
150,Phe_411.4,Coronary atherosclerosis,circulatory system,-2.1541342131745944e-05,2.581734633629105,0.04290157145464206,2.502600853567296e-203
151,Phe_411.8,"Other chronic ischemic heart disease, unspecified",circulatory system,2.665932800861999e-05,3.4587942049390965,0.058485373747818925,0.0
152,Phe_411.9,Other acute and subacute forms of ischemic heart disease,circulatory system,0.00017475594952021613,3.065195965121804,0.014625990147320526,3.447507419472126e-25
153,Phe_414,Other forms of chronic heart disease,circulatory system,-1.5558974827769423e-05,2.6596200543492805,0.014920080244388052,3.8076928447829497e-26
154,Phe_415,Pulmonary heart disease,circulatory system,3.579555503024931e-05,2.43372460287678,0.016693806620867883,2.584750899339689e-32
155,Phe_416,Cardiomegaly,circulatory system,4.136084774326669e-05,2.687431903684337,0.017732366619681604,3.048286056621354e-36
156,Phe_418,Nonspecific chest pain,circulatory system,0.0001153561919590055,2.4040559809621143,0.0466552838610699,4.03853541528406e-240
157,Phe_418.1,Precordial pain,circulatory system,4.463994872491123e-06,2.9222974994879007,0.02304091291774791,5.538205441201977e-60
158,Phe_420,Carditis,circulatory system,6.435802526613801e-05,0.0,-0.0006090679889481136,0.6659212571931459
159,Phe_420.2,Pericarditis,circulatory system,3.1341597527052994e-05,1.9699059606773162,0.0063678835081936655,6.3594161139489005e-06
160,Phe_425,Cardiomyopathy,circulatory system,-6.904049061192868e-06,8.427898161814035,0.006290586448502684,8.223621300531036e-06
161,Phe_425.1,Primary__intrinsic cardiomyopathies,circulatory system,-7.323283706794111e-06,2.3607121238291264,0.008631919670854754,9.412994263006682e-10
162,Phe_426,Cardiac conduction disorders,circulatory system,-5.393830923398102e-06,0.6596735403309231,-0.0008413265956959106,0.550911550212154
163,Phe_426.2,Atrioventricular [AV] block,circulatory system,0.0002843962909345414,1.6375815523792763,0.0014146921867090113,0.3159384698294989
164,Phe_426.3,Bundle branch block,circulatory system,-2.4771614026565993e-06,2.6987886453289938,0.005874019676199785,3.1275249277016856e-05
165,Phe_426.31,Right bundle branch block,circulatory system,-1.0111137184552723e-05,2.2613257805526374,0.010199016513997055,4.829700345622623e-13
166,Phe_426.32,Left bundle branch block,circulatory system,2.3456096034240056e-05,2.76400332728175,0.015180733483801178,5.211390906627982e-27
167,Phe_426.9,Cardiac pacemaker__device in situ,circulatory system,-2.696015845743721e-05,4.593246179188459,0.010376747821362041,1.8949468226869997e-13
168,Phe_426.91,Cardiac pacemaker in situ,circulatory system,-2.2072279882133923e-05,2.5849482396457493,0.015256499610652953,2.9049094420532153e-27
169,Phe_427,Cardiac dysrhythmias,circulatory system,-0.0005874676835357102,2.310833163933566,0.04093238430333501,2.9110594850924516e-185
170,Phe_427.1,"Paroxysmal tachycardia, unspecified",circulatory system,-3.1236123829802664e-05,1.5468927005861202,0.0010812163904449373,0.4434106572054869
171,Phe_427.11,Paroxysmal supraventricular tachycardia,circulatory system,-0.00010097410241364264,2.12011746156355,0.01033649309169326,2.345415756097796e-13
172,Phe_427.2,Atrial fibrillation and flutter,circulatory system,-7.615477806442475e-05,2.377912707610495,0.03270320678164361,5.92617146580479e-119
173,Phe_427.3,Other specified cardiac dysrhythmias,circulatory system,-5.1106057538208534e-05,2.507496590912847,0.017018184221339487,1.624028753076817e-33
174,Phe_427.4,Cardiac arrest and ventricular fibrillation,circulatory system,-4.2871487417378255e-06,1.9164326714004731,0.006315386771670856,7.5749312515034485e-06
175,Phe_427.7,Tachycardia NOS,circulatory system,8.752306239109447e-05,3.0969329815840876,0.01986797529567639,4.6777842577812984e-45
176,Phe_427.9,Palpitations,circulatory system,-8.2993174472136e-05,2.343313605722895,0.015993019774591746,8.529731344005412e-30
177,Phe_428,Congestive heart failure; nonhypertensive,circulatory system,-6.345675563012387e-05,3.287932396349213,0.034335805432582064,6.246249833345996e-131
178,Phe_428.1,Congestive heart failure (CHF) NOS,circulatory system,-2.939665442602352e-05,3.9978191724047165,0.02841557701055202,2.85148119403756e-90
179,Phe_428.2,Heart failure NOS,circulatory system,-2.8266022446842308e-05,3.207104454854373,0.029374721137907876,2.4399851005052694e-96
180,Phe_430,Intracranial hemorrhage,circulatory system,-0.00018706532802745244,0.9002174832140221,-0.00021114734938294672,0.881019541494451
181,Phe_433,Cerebrovascular disease,circulatory system,-2.8483234084348084e-06,3.329630491174646,0.017610058652819498,9.095951324230297e-36
182,Phe_433.1,Occlusion and stenosis of precerebral arteries,circulatory system,-5.906321086434934e-06,2.8754005493247883,0.011553553617536391,2.6060109510444117e-16
183,Phe_433.2,Occlusion of cerebral arteries,circulatory system,-3.473735795437564e-05,2.4442701926755315,0.015361113661260127,1.290106324599144e-27
184,Phe_433.21,"Cerebral artery occlusion, with cerebral infarction",circulatory system,3.42388907543536e-05,2.559880406231178,0.012868512121802976,7.338880430644027e-20
185,Phe_433.3,Cerebral ischemia,circulatory system,2.7741845166410613e-05,3.93461533501356,0.019394699838069268,5.1145615423898275e-43
186,Phe_433.31,Transient cerebral ischemia,circulatory system,2.888906112986298e-05,2.741384276308235,0.015197310623482735,4.5869658225508775e-27
187,Phe_433.8,Late effects of cerebrovascular disease,circulatory system,1.4195586223260578e-05,3.510580660765529,0.017775843932801166,2.062988880846894e-36
188,Phe_440,Atherosclerosis,circulatory system,5.638486456943142e-05,3.446794248229073,0.006205977129593316,1.0860118299915956e-05
189,Phe_442,Other aneurysm,circulatory system,8.743817865083733e-05,6.9335899770952345,0.0063973547704792525,5.761288776677636e-06
190,Phe_442.1,Aortic aneurysm,circulatory system,9.466750041101827e-05,2.8784791366366993,0.009036441922070974,1.4955306553204978e-10
191,Phe_443,Peripheral vascular disease,circulatory system,0.00015722918426328353,3.6757274709794348,0.032991152757640335,5.042491023527972e-121
192,Phe_443.1,Raynaud's syndrome,circulatory system,1.089826917609538e-05,2.0014885640191156,0.006677021535588084,2.209852641582543e-06
193,Phe_443.9,"Peripheral vascular disease, unspecified",circulatory system,6.998498865549623e-05,4.427031789149108,0.03411339219860961,2.8945457995838063e-129
194,Phe_447,Other disorders of arteries and arterioles,circulatory system,4.9509707863450726e-05,2.9482394052184198,0.008828598825092378,3.8873012755473114e-10
195,Phe_451,Phlebitis and thrombophlebitis,circulatory system,0.0002753327369290296,2.418395019840267,0.0051812946000277735,0.0002398037393495557
196,Phe_451.2,Phlebitis and thrombophlebitis of lower extremities,circulatory system,0.00027679064142178587,1.7731636720836195,0.008727408648257114,6.141653890092404e-10
197,Phe_454,Varicose veins,circulatory system,-9.210325605667301e-05,5.050681108652256,0.017364590553514716,7.97888588822198e-35
198,Phe_454.1,Varicose veins of lower extremity,circulatory system,-8.622869745975793e-05,1.3114631773749645,0.005953024173355334,2.4432173367563143e-05
199,Phe_455,Hemorrhoids,circulatory system,0.00039521637020935383,1.9339909090398182,0.027293295773811704,1.9947883515926783e-83
200,Phe_458,Hypotension,circulatory system,-3.100181331881355e-05,2.9548589410159742,0.012834557695312545,9.162141233140447e-20
201,Phe_458.1,Orthostatic hypotension,circulatory system,-1.6957330552457253e-05,4.4055706900756695,0.026524356154767535,6.777289772169005e-79
202,Phe_458.9,Hypotension NOS,circulatory system,-6.509194122680872e-05,2.752173587989343,0.021648895690380598,3.644867094513908e-53
203,Phe_459,Other disorders of circulatory system,circulatory system,7.26604162842954e-05,1.6053139355836255,0.0013565321607143365,0.33624506053380254
204,Phe_459.9,Circulatory disease NEC,circulatory system,7.65467952467898e-05,2.8962993366954537,0.048690370755709526,2.326666678230526e-261
205,Phe_465,Acute upper respiratory infections of multiple or unspecified sites,respiratory,3.165768260491757e-05,1.5900605674232267,0.004102383169835119,0.0036364896564387225
206,Phe_470,Septal Deviations__Turbinate Hypertrophy,respiratory,3.2247490039812776e-05,1.7414397693093786,0.009112800563253542,1.047289431555791e-10
207,Phe_471,Nasal polyps,respiratory,0.00011441480427101636,1.4370240280609536,0.004500500758504366,0.001421229066080717
208,Phe_473,Diseases of the larynx and vocal cords,respiratory,-2.5298424241735215e-06,2.757788961270601,0.012775715474429182,1.344032080261671e-19
209,Phe_473.4,Voice disturbance,respiratory,2.288442799687491e-05,2.413916510544267,0.008581107016867085,1.1792744308571157e-09
210,Phe_474,Acute and chronic tonsillitis,respiratory,0.00016240515445578224,1.4496384738588792,0.0016772132268824584,0.23446569262288885
211,Phe_474.2,Chronic tonsillitis and adenoiditis,respiratory,0.0002605199967419562,1.3558630183140281,0.002083284431398379,0.13973247588093798
212,Phe_475,Chronic sinusitis,respiratory,7.426731432304867e-05,2.1487514393102374,0.010823162436421684,1.686966024192637e-14
213,Phe_476,Allergic rhinitis,respiratory,-7.389012183092576e-05,1.5506060918426714,0.0038251149814285375,0.0066972493202058815
214,Phe_477,Epistaxis or throat hemorrhage,respiratory,-0.00023017018164538463,2.332323669307758,0.01248871125614087,8.499228516938695e-19
215,Phe_479,Other upper respiratory disease,respiratory,-1.6952667368032432e-05,2.0598263162120323,0.012694265772970111,2.277852609230747e-19
216,Phe_480,Pneumonia,respiratory,7.864526397872769e-05,2.961165101876649,0.025013509139494964,2.2830894203904066e-70
217,Phe_480.1,Bacterial pneumonia,respiratory,6.592071306689337e-05,3.4930932354924047,0.015288253758663575,2.2718755295429604e-27
218,Phe_480.11,Pneumococcal pneumonia,respiratory,5.525241841984602e-05,3.110215323643396,0.03348588335240262,1.2693040998312975e-124
219,Phe_495,Asthma,respiratory,0.00018950975620285238,2.04267626988199,0.032965725388972265,7.6944830901391626e-121
220,Phe_496,Chronic airway obstruction,respiratory,0.0002725346466068925,3.3914859043824213,0.04188857711239488,6.279241692987929e-194
221,Phe_496.1,Emphysema,respiratory,0.00011015142534681251,3.20007040114044,0.018276129126758526,2.1571503581039644e-38
222,Phe_496.2,Chronic bronchitis,respiratory,0.00022867476142967945,4.342733594396003,0.011389498818988611,6.804154425041648e-16
223,Phe_496.21,Obstructive chronic bronchitis,respiratory,0.00022852809433652305,3.499934616755731,0.026330362616887194,8.991618038474226e-78
224,Phe_496.3,Bronchiectasis,respiratory,0.00010919034047980794,2.399202168293482,0.012404211614043028,1.4514895636520777e-18
225,Phe_506,Empyema and pneumothorax,respiratory,-4.736664020756948e-05,2.3317841292713672,0.008680414170856363,7.582161735779754e-10
226,Phe_507,Pleurisy; pleural effusion,respiratory,1.0743258824507539e-05,2.6387260511786828,0.02648252785138989,1.1853344744420752e-78
227,Phe_508,Pulmonary collapse; interstitial and compensatory emphysema,respiratory,-3.423518329501603e-05,2.864967893131313,0.017618230724235986,8.457185713628629e-36
228,Phe_509.1,Respiratory failure,respiratory,-4.4785814429379655e-05,3.099104610974385,0.018442222728793495,4.616376177076732e-39
229,Phe_509.2,Respiratory insufficiency,respiratory,4.375542387821291e-05,3.269686243379358,0.018565315016666577,1.4595150739738815e-39
230,Phe_512,Other symptoms of respiratory system,respiratory,-0.00021758997261089795,2.871602397876153,0.03581570801199084,2.7235343670954163e-142
231,Phe_512.7,Shortness of breath,respiratory,-0.00023722372469828665,3.079251282268591,0.03194355421391094,1.4034284452162493e-113
232,Phe_512.8,Cough,respiratory,-1.8655240277150366e-05,2.7759779582655386,0.019106576150172784,8.436065340022322e-42
233,Phe_514,Abnormal findings examination of lungs,respiratory,1.4834535635047225e-05,2.5409257473772997,0.01552623157049781,3.5434028684754214e-28
234,Phe_516,Abnormal sputum,respiratory,0.00012145915482659233,1.823948109646321,0.0015001125247337546,0.28760443447954426
235,Phe_516.1,Hemoptysis,respiratory,0.00011832965698278938,3.294139025114033,0.0199586670644793,1.8784506190828973e-45
236,Phe_519,"Other diseases of respiratory system, not elsewhere classified",respiratory,-0.0003646254090558789,2.2320460885169586,0.0023414244298598807,0.09695923635135395
237,Phe_519.8,"Other diseases of respiratory system, NEC",respiratory,-0.0003403518004750094,2.705116658808501,0.03207681374040633,1.6350112032734125e-114
238,Phe_520,Disorders of tooth development,digestive,-0.003974700386400755,0.0,-0.0011120396511981414,0.4305233770563599
239,Phe_520.2,Disturbances in tooth eruption,digestive,-0.003967153622052133,1.0207213731529912,0.0001800043581505487,0.8984651910396753
240,Phe_521,Diseases of hard tissues of teeth,digestive,-2.1696469876395226e-05,0.0,-0.0008613650669245542,0.5414647497310687
241,Phe_521.1,Dental caries,digestive,-2.120808445831572e-05,1.7268495079365729,0.007927906843621673,1.9098377267448374e-08
242,Phe_522,Diseases of pulp and periapical tissues,digestive,3.868252057197311e-05,1.3322086402532038,0.0014741849259632313,0.2960173812879061
243,Phe_522.5,Periapical abscess,digestive,5.0381796762310566e-05,1.7363929968560787,0.00483336562314271,0.000611936832159055
244,Phe_523,Gingival and periodontal diseases,digestive,1.957179759670809e-05,2.447587019811515,0.006022810516342133,1.959528051051216e-05
245,Phe_523.3,Periodontitis (acute or chronic),digestive,1.5248331654827928e-05,0.0,-0.0005215725890025743,0.711584176870923
246,Phe_525,Other diseases of the teeth and supporting structures,digestive,-2.277736666394444e-05,1.6124207941526159,0.005990939773740455,2.1678714128887804e-05
247,Phe_528,"Diseases of the oral soft tissues, excluding lesions specific for gingiva and tongue",digestive,9.444553433622414e-06,1.9856616297880472,0.008270623784717934,4.547663718594235e-09
248,Phe_529,Diseases and other conditions of the tongue,digestive,-0.0002776575044493999,1.685994902043113,0.003973460585898518,0.004852066263023742
249,Phe_530,Diseases of esophagus,digestive,-6.181903033549613e-05,6.380712910249673,0.02513752284507253,4.756819253518081e-71
250,Phe_530.1,"Esophagitis, GERD and related diseases",digestive,-9.597694087039715e-05,7.095906447158452,0.11137947696873778,0.0
251,Phe_530.11,GERD,digestive,4.605214999098853e-05,3.538721106608873,0.06295025696860516,0.0
252,Phe_530.12,Ulcer of esophagus,digestive,0.002820935694455194,7.091611804245618,0.07954103762755572,0.0
253,Phe_530.14,Reflux esophagitis,digestive,-8.213314134096233e-05,4.740233171878628,0.07288809706828929,0.0
254,Phe_530.2,Esophageal bleeding (varices__hemorrhage),digestive,-5.633842203906654e-05,7.471701478579313,0.0520892860373214,7.329394366329706e-299
255,Phe_530.3,Stricture and stenosis of esophagus,digestive,0.0,5.300231162973639,0.03626198126271669,8.228239690547671e-146
256,Phe_530.9,Heartburn,digestive,0.014600401883991084,3.027497397933197,0.017477777343196603,2.942395166430766e-35
257,Phe_531,Peptic ulcer (excl. esophageal),digestive,0.050296794892887096,46.063342194518285,0.748334135568971,0.0
258,Phe_531.2,Gastric ulcer,digestive,0.28647177769931165,81.469682230869,1.0,0.0
259,Phe_531.3,Duodenal ulcer,digestive,0.014804725640648811,12.877775448036067,0.12221648888521286,0.0
260,Phe_532,Dysphagia,digestive,1.0851972859186597e-05,3.3649114185903,0.03770361733802574,1.7666924600171694e-157
261,Phe_535,Gastritis and duodenitis,digestive,0.0002794572479471654,7.470518935094323,0.16717791566257817,0.0
262,Phe_535.1,Acute gastritis,digestive,3.25361207163273e-05,9.696508270185108,0.05671604289044863,0.0
263,Phe_535.6,Duodenitis,digestive,0.0031144955922870277,8.798037983827214,0.1294356598454207,0.0
264,Phe_535.8,Other specified gastritis,digestive,0.00013126305404836765,9.488949438184555,0.15279189990751596,0.0
265,Phe_537,Other disorders of stomach and duodenum,digestive,0.0023108872033984237,9.041667231897721,0.09133841035916045,0.0
266,Phe_540,Appendiceal conditions,digestive,0.0001260230063939112,1.9763534772987088,0.0029584761637508525,0.03597660553570426
267,Phe_540.1,Appendicitis,digestive,0.0001151699490764225,1.3229177087556536,0.0013814886569823424,0.32743077972138557
268,Phe_540.11,Acute appendicitis,digestive,8.795445692918009e-05,1.2614660474457136,0.002296431854280844,0.1035496486211663
269,Phe_550,Abdominal hernia,digestive,-0.00013454103555089349,2.407892350139209,0.01590633457333992,1.7181768269717282e-29
270,Phe_550.1,Inguinal hernia,digestive,-0.00019949075116279028,1.4106974178875669,0.009648357539551374,7.939796894497302e-12
271,Phe_550.2,Diaphragmatic hernia,digestive,-4.6156499400442e-05,5.085276681871089,0.13297250070561792,0.0
272,Phe_550.4,Umbilical hernia,digestive,0.0007830231917351124,1.8925479279294788,0.010393496201994822,1.7336360059748806e-13
273,Phe_550.5,Ventral hernia,digestive,0.00047332780651027724,2.5920680210385227,0.01773108325400882,3.08357510237997e-36
274,Phe_555,Inflammatory bowel disease and other gastroenteritis and colitis,digestive,-0.00013394771092221968,2.418199956522003,0.017668813227800326,5.384825275319668e-36
275,Phe_555.1,Regional enteritis,digestive,-9.807797583745136e-05,3.0336249072313657,0.015760493698509466,5.534406308557577e-29
276,Phe_555.2,Ulcerative colitis,digestive,-8.413170936443355e-05,2.2183311065272764,0.012393781291128302,1.5502365163581817e-18
277,Phe_556,Ulceration of the lower GI tract,digestive,3.828045090737894e-05,2.3961671244373233,0.005434898103375742,0.00011682869555793529
278,Phe_557,Intestinal malabsorption (non-celiac),digestive,0.00022266477631638644,4.464092177033918,0.011405898786007876,6.185417575162051e-16
279,Phe_557.1,Celiac disease,digestive,0.00022213069132023786,2.820608966125094,0.014304813750445783,3.639903089831393e-24
280,Phe_558,Noninfectious gastroenteritis,digestive,3.944391240054147e-05,2.79322347861876,0.04116919297314873,2.170077356979886e-187
281,Phe_559,Ileostomy status,digestive,-3.960709486992536e-05,2.2426063065701576,0.00944421200864062,2.1580935773183278e-11
282,Phe_560.4,Other intestinal obstruction,digestive,6.587547276951442e-05,2.304820464396575,0.014558543375325967,5.679484088833291e-25
283,Phe_561,Symptoms involving digestive system,digestive,0.0001301167928424873,2.26208821667903,0.029563424441536125,1.4790486653376445e-97
284,Phe_561.2,Flatulence,digestive,0.00015621471961565825,3.173350918355946,0.017707449453132847,3.8110630088041296e-36
285,Phe_562,Diverticulosis and diverticulitis,digestive,9.73276666951687e-05,2.6332235806043385,0.054396276722858544,0.0
286,Phe_562.1,Diverticulosis,digestive,9.113134451867726e-05,2.6332235806043385,0.054396276722858544,0.0
287,Phe_563,Constipation,digestive,-7.91907509782278e-06,2.7883607179368437,0.03704411350176456,4.379369195377207e-152
288,Phe_564,Functional digestive disorders,digestive,1.6470735170923558e-05,4.460497899918754,0.01920217486474003,3.343739806865408e-42
289,Phe_564.1,Irritable Bowel Syndrome,digestive,7.252279601177981e-05,2.9559274772771897,0.02824981781024447,3.043259093321353e-89
290,Phe_564.8,Abnormal findings on exam of gastrointestinal tract__ abdominal area,digestive,6.128007868984899e-05,3.6428277769013038,0.021406497563317927,5.0800134447603946e-52
291,Phe_564.9,Personal history of diseases of digestive system,digestive,-1.5669664696313312e-05,7.382709084425862,0.15873866392799874,0.0
292,Phe_565,Anal and rectal conditions,digestive,8.902612607314912e-05,2.1538121688188117,0.019881581648234337,4.080438614520873e-45
293,Phe_565.1,Anal and rectal polyp,digestive,9.700355480729808e-05,2.404217445294872,0.023432186431181837,5.634875754116027e-62
294,Phe_568,Other disorders of peritoneum,digestive,0.001344976355976093,2.7461690639618763,0.0051829717834275,0.00023869002030126792
295,Phe_568.1,Peritoneal adhesions (postoperative) (postinfection),digestive,0.001731781139057803,2.890385599291203,0.02110267366450302,1.3241502503491414e-50
296,Phe_569,Other disorders of intestine,digestive,9.039941055741505e-05,3.6487889985925177,0.030913392858711922,1.7139493299388232e-106
297,Phe_571,Chronic liver disease and cirrhosis,digestive,7.64681847398363e-05,4.984571319635825,0.04424114716653364,4.198777250938513e-216
298,Phe_571.5,Other chronic nonalcoholic liver disease,digestive,5.358448088947903e-05,3.681285606539093,0.022681589185780587,3.4977346845593476e-58
299,Phe_572,Ascites (non malignant),digestive,-7.396618030616911e-05,4.500542929689135,0.02748205763504408,1.471824128920822e-84
300,Phe_573,Other disorders of liver,digestive,0.0009967226263514438,3.8658162940922156,0.02281585964826966,7.486952569500032e-59
301,Phe_573.7,Abnormal results of function study of liver,digestive,0.0011295614790189981,2.941674751069471,0.022851393237100098,4.971360015873251e-59
302,Phe_574,Cholelithiasis and cholecystitis,digestive,0.0014698515487744993,2.374038081684966,0.033012837148856645,3.5157333589789944e-121
303,Phe_574.1,Cholelithiasis,digestive,0.0015106351031994691,2.4359271721133577,0.025540254079819844,2.766918161859022e-73
304,Phe_574.11,Cholelithiasis with acute cholecystitis,digestive,0.0018856388823204763,2.5174241262561408,0.011301396318220636,1.1329649765331205e-15
305,Phe_574.12,Cholelithiasis with other cholecystitis,digestive,0.001679600436955294,2.1357072794534706,0.01563970175406402,1.4465448989339195e-28
306,Phe_574.2,Calculus of bile duct,digestive,0.0012612887702773315,2.6402211834077915,0.01568772694212769,9.881286557569876e-29
307,Phe_574.3,Cholecystitis without cholelithiasis,digestive,0.0012125613816883968,2.747356339821782,0.017126933694186317,6.3469493149894995e-34
308,Phe_575,Other biliary tract disease,digestive,0.001508076902036769,3.0328536076382244,0.024607399099450446,3.679768086333387e-68
309,Phe_575.7,Other disorders of gallbladder,digestive,0.0012298130897720405,2.762362689891873,0.012527728387618925,6.630322535941041e-19
310,Phe_575.8,Other disorders of biliary tract,digestive,0.0012177217249844236,3.5133800462062257,0.015835228247748277,3.043170642173435e-29
311,Phe_577,Diseases of pancreas,digestive,0.001080669122503961,5.755032740370437,0.02252802587356124,2.0167490962639824e-57
312,Phe_577.1,Acute pancreatitis,digestive,0.0011311299216287603,3.793591108989925,0.018467941812513333,3.631475486206014e-39
313,Phe_578.1,Hematemesis,digestive,-4.555679275632746e-05,8.690497627999589,0.06333916729058855,0.0
314,Phe_578.2,Blood in stool,digestive,-2.0404285917586254e-05,9.78398575270639,0.08600727287892178,0.0
315,Phe_578.9,Hemorrhage of gastrointestinal tract,digestive,1.88946920283002e-05,3.915347095006022,0.044118716245329245,6.41297332905718e-215
316,Phe_579,Other symptoms involving abdomen and pelvis,digestive,2.205480495217307e-05,2.514496365150278,0.009601533166121532,1.0004681322992846e-11
317,Phe_579.8,Nonspecific abnormal findings in stool contents,digestive,1.2270660713932046e-05,2.8570964949020032,0.015717826494504775,7.777156357699482e-29
318,Phe_580,Nephritis; nephrosis; renal sclerosis,genitourinary,0.00024719722361305,3.7133971182578414,0.019929552752529195,2.5188233186891596e-45
319,Phe_580.1,Glomerulonephritis,genitourinary,0.00013743004727098497,3.954838943246068,0.017026177611609586,1.51596734077343e-33
320,Phe_585,Renal failure,genitourinary,-2.2171402099948517e-05,3.4447159882060228,0.044880258927316556,2.451247056631228e-222
321,Phe_585.1,Acute renal failure,genitourinary,-0.00011067969969740963,3.5755266232772738,0.03951614669241354,8.543544030102977e-173
322,Phe_585.2,Renal failure NOS,genitourinary,1.6174301735544273e-05,3.4127582425010883,0.01722705042202465,2.65862809276287e-34
323,Phe_585.3,Chronic renal failure [CKD],genitourinary,1.4351660981568863e-05,4.262063508860076,0.035775524312375837,5.622505340943296e-142
324,Phe_586,Other disorders of the kidney and ureters,genitourinary,-1.5093047761025658e-05,3.1680027332955447,0.014176269662294598,9.215177344385669e-24
325,Phe_586.2,"Cyst of kidney, acquired",genitourinary,-3.496082556258025e-05,2.9163949473625816,0.014007169729361913,3.0885268310805246e-23
326,Phe_590,Pyelonephritis,genitourinary,-3.385129973725227e-05,2.490841648638986,0.0108329681516508,1.597905990388408e-14
327,Phe_591,Urinary tract infection,genitourinary,-0.0007260247941875296,2.396296920608952,0.030398127176874744,4.917093524805207e-103
328,Phe_592,Cystitis and urethritis,genitourinary,3.063978666266471e-05,1.9660576038246944,0.010064671642767094,9.695208281025588e-13
329,Phe_592.1,Cystitis,genitourinary,3.04832716122738e-05,1.9680065334632655,0.00809936583635823,9.38277644615462e-09
330,Phe_593,Hematuria,genitourinary,-0.00018575416911271499,1.8861679878197777,0.020978161951812384,4.971224709802586e-50
331,Phe_594,Urinary calculus,genitourinary,-0.0020449953760086404,1.8376620052075714,0.003399232413403841,0.01596849567932599
332,Phe_594.1,Calculus of kidney,genitourinary,-0.003910587564716905,2.1739741756069115,0.012436142352248217,1.1862128395993578e-18
333,Phe_594.3,Calculus of ureter,genitourinary,-0.0016654278434637397,1.8338013707428495,0.0075940493430397,7.313145626244178e-08
334,Phe_594.8,Renal colic,genitourinary,-0.00031289788777973186,1.8448452102420803,0.006623295964595528,2.6643135050608274e-06
335,Phe_595,Hydronephrosis,genitourinary,0.0003022747769497989,2.013559625868632,0.00886580972373953,3.281356329714723e-10
336,Phe_596,Other disorders of bladder,genitourinary,-0.0001472302319691476,1.787591671512617,0.01290014379396189,5.965282044840668e-20
337,Phe_596.1,Bladder neck obstruction,genitourinary,-0.00010263214478495688,1.6703648581183972,0.005373720999254831,0.00013934997518525388
338,Phe_596.5,Functional disorders of bladder,genitourinary,3.129139809770151e-05,2.478165238961795,0.01068490401535198,3.606022852086686e-14
339,Phe_597,Other disorders of urethra and urinary tract,genitourinary,0.00016311664202843697,2.110223036507245,0.005746512817692356,4.629439263271586e-05
340,Phe_597.1,Urethral stricture (not specified as infectious),genitourinary,0.000129808804779526,2.049122168875347,0.011450276527729099,4.775709077783251e-16
341,Phe_598,Abnormal findings on examination of urine,genitourinary,-0.0001225867432385766,2.2215772859639236,0.013066127404216808,1.994486686929593e-20
342,Phe_599,Other symptoms__disorders or the urinary system,genitourinary,-0.00017573759317160615,2.282893769463923,0.019691946076505307,2.716586105211961e-44
343,Phe_599.2,Retention of urine,genitourinary,7.876945226970335e-05,2.0593954052292465,0.01756786594473775,1.323988989673077e-35
344,Phe_599.3,Dysuria,genitourinary,-7.064671330188299e-05,2.6356454101263225,0.010720145104521628,2.97388202220114e-14
345,Phe_599.4,Urinary incontinence,genitourinary,0.00011987492107086517,2.0811696215565774,0.018897347001664892,6.292628650181721e-41
346,Phe_599.5,Frequency of urination and polyuria,genitourinary,-0.0002137453760870585,2.068362708692382,0.012499807869546995,7.920296916556318e-19
347,Phe_599.9,Other abnormality of urination,genitourinary,1.857302000424494e-05,1.8702262936607061,0.006836122892881882,1.2597099046461545e-06
348,Phe_611.3,Lump or mass in breast,genitourinary,4.224429263006397e-06,1.6715811693680986,0.0047880366991926715,0.000688458223317973
349,Phe_613,Other nonmalignant breast conditions,genitourinary,-2.638593345838469e-05,0.0,-0.0006672025448943744,0.6362398185530663
350,Phe_681,Superficial cellulitis and abscess,dermatologic,0.0009094186663028987,2.744935385137096,0.007480245344548149,1.141483656657573e-07
351,Phe_681.3,Cellulitis and abscess of arm__hand,dermatologic,0.000840043605724386,2.5904509453376474,0.022803080948702016,8.673404313513007e-59
352,Phe_686,Other local infections of skin and subcutaneous tissue,dermatologic,0.0006710281986065446,2.369452706666088,0.009801750285457008,3.6952063997086445e-12
353,Phe_686.1,Carbuncle and furuncle,dermatologic,0.0016105752288342648,2.1909414689388917,0.010991677768205739,6.598225871817308e-15
354,Phe_687,Symptoms affecting skin,dermatologic,1.5641040940252875e-05,3.3480691327754384,0.007057140427243069,5.653686876753276e-07
355,Phe_687.1,Rash and other nonspecific skin eruption,dermatologic,1.6390012479186413e-05,2.3255846127244717,0.012001752547248341,1.7690119985867973e-17
356,Phe_687.4,Disturbance of skin sensation,dermatologic,-0.0003631179978529014,2.2777737138541343,0.012996897031284921,3.155051606091928e-20
357,Phe_689,Disorder of skin and subcutaneous tissue NOS,dermatologic,0.015391811527797061,1.7894737412534194,0.01145898291725008,4.538894289853545e-16
358,Phe_695,Erythematous conditions,dermatologic,0.0002185291835263255,2.553560495107641,0.014852753992652543,6.329440908520082e-26
359,Phe_696,Psoriasis and related disorders,dermatologic,-8.893500190365681e-05,2.369520270187807,0.012798845657490785,1.1563357156635127e-19
360,Phe_696.4,Psoriasis,dermatologic,-8.44344431839691e-05,2.8443280579355763,0.014260732992233967,5.009940536349406e-24
361,Phe_696.41,Psoriasis vulgaris,dermatologic,-9.368528267186998e-05,2.632049787010211,0.0131991939308607,8.205267632354789e-21
362,Phe_701,Other hypertrophic and atrophic conditions of skin,dermatologic,0.0002963392845433092,1.6377566573356899,0.004860753457638172,0.0005696189349758916
363,Phe_701.2,Scar conditions and fibrosis of skin,dermatologic,0.00031615504244466105,1.5496260106276922,0.004910443300916768,0.0004997187912964079
364,Phe_702,Degenerative skin conditions and other dermatoses,dermatologic,0.00059535585966311,0.0,-0.0005215725890025743,0.711584176870923
365,Phe_702.1,Actinic keratosis,dermatologic,0.0005176720290106045,1.4808823048976445,0.004710963714348149,0.0008392973588001269
366,Phe_702.2,Seborrheic keratosis,dermatologic,0.0006099641150998584,1.516420330030135,0.0053470652115123465,0.00015039084587300735
367,Phe_703,"Diseases of nail, NOS",dermatologic,0.0002681925830102098,1.6005831479542045,0.0021318947576278195,0.13072560554425164
368,Phe_704,Diseases of hair and hair follicles,dermatologic,-0.00016187517296467065,1.152641500557147,0.0019696602458606155,0.16264148166780923
369,Phe_706,Diseases of sebaceous glands,dermatologic,-0.00019112811533288077,1.2051935446554976,0.0035204209975170046,0.012576450284260072
370,Phe_706.2,Sebaceous cyst,dermatologic,-0.00019272081205091928,1.2095255826947906,0.0035774572636248767,0.011213475879514581
371,Phe_707,Chronic ulcer of skin,dermatologic,0.00028913898699266184,4.5463898404869605,0.02503472608912096,1.7466910203202817e-70
372,Phe_709,Diffuse diseases of connective tissue,dermatologic,0.0002158920743092688,1.9860768305037717,0.009871464558876093,2.600201107836427e-12
373,Phe_709.7,Unspecified diffuse connective tissue disease,dermatologic,0.00022988659134921756,1.7315855805167282,0.006181067913950037,1.1778885841466127e-05
374,Phe_714,Rheumatoid arthritis and other inflammatory polyarthropathies,musculoskeletal,8.603772400919013e-05,2.6667653758058596,0.006482953852571285,4.314097373713588e-06
375,Phe_714.1,Rheumatoid arthritis,musculoskeletal,8.187511053676445e-05,3.3530799621086023,0.023523813717998953,1.903142858267906e-62
376,Phe_715,Other inflammatory spondylopathies,musculoskeletal,-0.00010991259106649483,3.1859652269054917,0.007970328709133964,1.604017516740893e-08
377,Phe_716,Other arthropathies,musculoskeletal,0.0005965700470309025,5.039361787476433,0.0062568278154138315,9.192425243062156e-06
378,Phe_716.2,Unspecified monoarthritis,musculoskeletal,0.00044412883292845794,2.0277604931105877,0.025424508680014366,1.224758355820234e-72
379,Phe_716.9,Arthropathy NOS,musculoskeletal,0.000545974805327531,2.4497535335360627,0.04649463715639999,1.7543757673398303e-238
380,Phe_717,Polymyalgia Rheumatica,musculoskeletal,0.00011121738516438822,3.032782663362283,0.014183795854631916,8.729362652732019e-24
381,Phe_720,Spinal stenosis,musculoskeletal,0.000387555601139351,2.9850375080121796,0.010453976412302939,1.2558175846043426e-13
382,Phe_721,Spondylosis and allied disorders,musculoskeletal,0.0001349251599808528,4.204567692546366,0.020485322191202117,8.658571470071058e-48
383,Phe_721.1,Spondylosis without myelopathy,musculoskeletal,0.0001529929794995132,3.471560342483765,0.014847250583558593,6.597247647059389e-26
384,Phe_722,Intervertebral disc disorders,musculoskeletal,0.0003045367106786641,2.2948039432530725,0.02039268789633195,2.2530115940632475e-47
385,Phe_722.6,Degeneration of intervertebral disc,musculoskeletal,0.00015210182611325866,2.5782736118339233,0.01640093262178399,3.005487221084806e-31
386,Phe_722.9,Other and unspecified disc disorder,musculoskeletal,0.00023018067528957474,2.1239506244580832,0.013529838203223583,8.690540712383754e-22
387,Phe_724,Other and unspecified disorders of back,musculoskeletal,0.0008905392215540738,2.5739047957554764,0.0066830179847895506,2.164014858608799e-06
388,Phe_726,Peripheral enthesopathies and allied syndromes,musculoskeletal,0.000521961239769035,1.9325397801685595,0.01632856707690603,5.4741878441107635e-31
389,Phe_726.1,Enthesopathy,musculoskeletal,0.0005170917015479544,1.6874621966795893,0.010835697162639697,1.5739537548398686e-14
390,Phe_727,"Other disorders of synovium, tendon, and bursa",musculoskeletal,0.0003851516239627973,1.1220002143501469,0.0006945085228836783,0.6224937313830774
391,Phe_727.1,Synovitis and tenosynovitis,musculoskeletal,6.044243018369233e-05,1.7116478321046302,0.006573880825788913,3.1604926999450227e-06
392,Phe_727.4,"Ganglion and cyst of synovium, tendon, and bursa",musculoskeletal,5.533201918591113e-06,1.2171765273536206,0.002173030408670811,0.12346122258756985
393,Phe_728,"Disorders of muscle, ligament, and fascia",musculoskeletal,0.00029417170925686296,1.058047821180117,8.01084309381498e-05,0.9547150349711033
394,Phe_728.7,Fasciitis,musculoskeletal,0.00026012063802914907,0.6884761878664986,-0.0009233631712674027,0.5127585663223702
395,Phe_728.71,Contracture of palmar fascia [Dupuytren's disease],musculoskeletal,0.0002459616833422263,1.4445792233449894,0.004182165735297106,0.0030303538577668146
396,Phe_729,Other disorders of soft tissues,musculoskeletal,0.001277388119814595,2.696997600397287,0.01069506679137156,3.411278676338669e-14
397,Phe_729.1,"Rheumatism, unspecified and fibrositis",musculoskeletal,0.00023220858376361028,3.2934552391202363,0.007822688852552918,2.9330568939533482e-08
398,Phe_733,Other disorders of bone and cartilage,musculoskeletal,2.42545775860444e-06,3.3974012606701,0.013070214844477542,1.9410612687986914e-20
399,Phe_733.8,Malunion and nonunion of fracture,musculoskeletal,4.4724249254689185e-06,2.580487672470964,0.003695697654962906,0.008798307191102143
400,Phe_735,Acquired foot deformities,musculoskeletal,7.142131134549217e-05,1.589652336212078,0.0013279301206032984,0.3465328565826523
401,Phe_735.2,Acquired toe deformities,musculoskeletal,0.0007996490059601618,1.707613353047288,0.006070029248864584,1.685570070075852e-05
402,Phe_735.21,Hammer toe (acquired),musculoskeletal,-2.8268475040090354e-06,1.6935049016067796,0.0056758287363973476,5.7344350423704626e-05
403,Phe_735.23,Hallux rigidus,musculoskeletal,0.0001818621612444154,2.139767918515042,0.00814389053766248,7.783136955192379e-09
404,Phe_735.3,Hallux valgus (Bunion),musculoskeletal,-0.00020807390545830122,1.6146980778415192,0.00924387196484134,5.643731081070677e-11
405,Phe_736,Other acquired deformities of limbs,musculoskeletal,1.1600016248447258e-05,2.268775960859643,0.00396705216065876,0.004921129974338959
406,Phe_737,Curvature of spine,musculoskeletal,3.076760112957636e-05,2.26304672863525,0.0011917904171775962,0.39820594743889126
407,Phe_737.3,Kyphoscoliosis and scoliosis,musculoskeletal,2.9540329924881687e-05,3.754887588852901,0.011600686277637495,1.9731465464550518e-16
408,Phe_738,Other acquired musculoskeletal deformity,musculoskeletal,7.03006886911897e-05,2.33246533994308,0.004635914608939137,0.0010151373846938384
409,Phe_738.4,Acquired spondylolisthesis,musculoskeletal,9.444399738894402e-05,3.234528326783881,0.0070570999560523725,5.654528633279702e-07
410,Phe_740,Osteoarthrosis,musculoskeletal,0.0026120022326537803,2.1443406432066494,0.03328395231317993,3.7935043334253726e-123
411,Phe_740.1,Osteoarthritis; localized,musculoskeletal,0.0029605327174954802,1.939754338830214,0.01780769730414154,1.5488530688977685e-36
412,Phe_740.11,"Osteoarthrosis, localized, primary",musculoskeletal,0.0013491580886568501,1.8285139466392344,0.014271312033014554,4.6405956069385866e-24
413,Phe_740.9,Osteoarthrosis NOS,musculoskeletal,0.0011490730120963164,3.2760803821611235,0.0332425947364176,7.588108778209952e-123
414,Phe_741,Symptoms and disorders of the joints,musculoskeletal,0.0017251847028385587,1.3673233381404588,0.001545697124776046,0.273207752076773
415,Phe_741.4,Joint effusions,musculoskeletal,0.00018556499544287775,2.6140004993861714,0.004910376646398409,0.0004998069512352764
416,Phe_742,"Derangement of joint, non-traumatic",musculoskeletal,-0.00013672181970848685,1.62939364461738,0.0006999106890266382,0.6197895542701053
417,Phe_742.9,Other derangement of joint,musculoskeletal,-0.00019073845942500043,1.7333974942738084,0.0036269251460540348,0.01013930938265139
418,Phe_743,"Osteoporosis, osteopenia and pathological fracture",musculoskeletal,0.00035080450318852895,2.9272881670305853,0.024134585622313295,1.2313585088498354e-65
419,Phe_743.1,Osteoporosis,musculoskeletal,0.0002632014531782023,2.9979516778189876,0.024270434158951096,2.3443119594166454e-66
420,Phe_743.11,Osteoporosis NOS,musculoskeletal,0.00028070487415833247,3.0004957644430705,0.02429091196921266,1.8242241029408253e-66
421,Phe_745,Pain in joint,musculoskeletal,0.00021777843959031664,2.110955329058954,0.008704197326841101,6.816184339456315e-10
422,Phe_747,Cardiac and circulatory congenital anomalies,congenital anomalies,3.8671657510346506e-05,4.1779324220958465,0.003121098523018472,0.026934115919813036
423,Phe_747.1,Cardiac congenital anomalies,congenital anomalies,3.4831851184492186e-05,2.9872216817985304,0.005414399351374168,0.00012396190617599182
424,Phe_747.13,Congenital anomalies of great vessels,congenital anomalies,4.399135420006561e-05,3.084910514766124,0.01772283237789413,3.3203495483216735e-36
425,Phe_751,Genitourinary congenital anomalies,congenital anomalies,0.0,2.0725404822839018,0.007859437792284558,2.526452915789176e-08
426,Phe_939,Atopic__contact dermatitis due to other or unspecified,dermatologic,0.0007136580894907611,1.8189470768349132,0.007539460141707776,9.061492218901613e-08
