,PheCode,description,category,f_score,RR,phi,pval
0,Phe_112,Candidiasis,infectious diseases,-1.5740389001844342e-05,2.812790372236216,0.001530311459840419,0.2780107748780481
1,Phe_153,Colorectal cancer,neoplasms,-0.00030609302317267093,0.0,-8.560183484468382e-05,0.9516133238287737
2,Phe_153.2,Colon cancer,neoplasms,-0.00020303302848872614,0.0,-0.0009391778872709085,0.5055651338632723
3,Phe_153.3,"Malignant neoplasm of rectum, rectosigmoid junction, and anus",neoplasms,-0.0003213250539097482,0.0,-0.0007686653234095319,0.585831220285965
4,Phe_158,Neoplasm of unspecified nature of digestive system,neoplasms,-1.714918854020022e-05,0.0,-0.0005602457956440683,0.6912614449947624
5,Phe_159,Malignant neoplasm of other and ill-defined sites within the digestive organs and peritoneum,neoplasms,-0.0002874860974884752,0.0,-0.0012318806298503748,0.38252758289980127
6,Phe_165,Cancer within the respiratory system,neoplasms,1.353157082969293e-05,0.0,-0.0005835976939646279,0.6790957830543201
7,Phe_165.1,Cancer of bronchus; lung,neoplasms,1.1841080006183513e-05,0.0,-0.0008632400023642943,0.5405849982485774
8,Phe_172,Skin cancer,neoplasms,-1.5271994873764005e-05,0.0,-0.002009284128355215,0.15435069789601488
9,Phe_172.2,Other non-epithelial cancer of skin,neoplasms,-1.3564265447209353e-05,0.0,-0.0018094094173419714,0.19961663988967285
10,Phe_174,Breast cancer,neoplasms,0.00010623303294231108,0.559302131448606,-0.0008465961624467359,0.5484194629180181
11,Phe_189,Cancer of urinary organs (incl. kidney and bladder),neoplasms,1.836009218051395e-05,0.0,-0.0009047678273637903,0.5212845167353348
12,Phe_189.11,"Malignant neoplasm of kidney, except pelvis",neoplasms,4.834567505498743e-06,0.0,-0.0005410692576658895,0.7013119935919904
13,Phe_189.2,Cancer of bladder,neoplasms,3.498312252818833e-05,0.0,-0.00046723829274713955,0.7404834912389371
14,Phe_189.21,Malignant neoplasm of bladder,neoplasms,4.0801832937397086e-05,0.0,-0.0007712679980864108,0.5845628697219156
15,Phe_195,"Cancer, suspected or other",neoplasms,-1.1150733029951944e-05,8.438371116708648,0.0036167227888927672,0.010353034388452914
16,Phe_195.1,"Malignant neoplasm, other",neoplasms,-1.1156975566386434e-05,0.0,-0.0021970755042500134,0.11936325198888756
17,Phe_197,Chemotherapy,neoplasms,-1.7648943554120183e-05,1.4686150586344209,0.0011220358015472242,0.42639110771993993
18,Phe_198,Secondary malignant neoplasm,neoplasms,-0.00015817858403122508,0.0,-0.0005959393876105282,0.672699479617792
19,Phe_198.1,Secondary malignancy of lymph nodes,neoplasms,-0.0001932620316322012,0.0,-0.001282518918884627,0.36327368274488536
20,Phe_198.2,Secondary malignancy of respiratory organs,neoplasms,-5.8031784402458576e-05,0.0,-0.0008565787618329893,0.5437138018163797
21,Phe_198.3,Secondary malignant neoplasm of digestive systems,neoplasms,-3.21576765933207e-05,0.0,-0.0007074972425187826,0.6160006050965144
22,Phe_198.4,Secondary malignant neoplasm of liver,neoplasms,4.679532649583659e-06,0.0,-0.0009275191008677915,0.510863060273498
23,Phe_198.6,Secondary malignancy of bone,neoplasms,1.880095185468676e-06,0.0,-0.0008423880163591617,0.5504091346525221
24,Phe_199,Neoplasm of uncertain behavior,neoplasms,5.295971757006632e-06,0.0,-0.0005725618155062385,0.6848349776412275
25,Phe_202,"Cancer of other lymphoid, histiocytic tissue",neoplasms,-3.876556914470301e-06,0.0,-0.000585814293682361,0.6779452702251267
26,Phe_202.2,Non-Hodgkins lymphoma,neoplasms,-1.290961517345527e-05,0.0,-0.0006496176745550038,0.6451593824550113
27,Phe_204,Leukemia,neoplasms,-9.852643958451782e-06,0.0,-0.00036176253062774835,0.7976079396482247
28,Phe_208,Benign neoplasm of colon,neoplasms,-0.0002265543839202932,0.6529006691353213,-0.0008845556082955592,0.5306338742455319
29,Phe_211,Benign neoplasm of other parts of digestive system,neoplasms,0.014904231905329442,1.1872533963378618,0.0002445110801779507,0.862393948992112
30,Phe_214,Lipoma,neoplasms,0.0005564084644511518,3.924287387739164,0.0020878561642102295,0.13886556429486274
31,Phe_214.1,Lipoma of skin and subcutaneous tissue,neoplasms,0.0005632394010938967,1.4959958320928848,0.0005759527753559302,0.6830695571791434
32,Phe_215,Other benign neoplasm of connective and other soft tissue,neoplasms,3.145708270190017e-05,0.0,-0.0005452868015119673,0.6990969892242149
33,Phe_216,Benign neoplasm of skin,neoplasms,5.373654904602281e-05,0.858029539827542,-0.00021878610674447733,0.8767489403409738
34,Phe_228,"Hemangioma and lymphangioma, any site",neoplasms,2.8778503810429318e-06,0.0,-0.000654518429208712,0.6426683675697653
35,Phe_229,Benign neoplasm of unspecified sites,neoplasms,4.332904244231939e-05,3.3070417900625206,0.0017951645462651266,0.20317894586211724
36,Phe_241,Nontoxic nodular goiter,endocrine/metabolic,5.2938687037457015e-06,0.0,-6.13410539116418e-05,0.9653164480877569
37,Phe_242,Thyrotoxicosis with or without goiter,endocrine/metabolic,-2.5891389869921906e-05,4.652824074074074,0.0023941825762433463,0.08966330254932982
38,Phe_244,Hypothyroidism,endocrine/metabolic,-5.870046219333539e-06,2.2888995171722692,0.0027481634816003686,0.05140232734122237
39,Phe_244.1,Secondary hypothyroidism,endocrine/metabolic,-2.653233399477966e-05,0.0,-0.0005939279846083016,0.673740326391479
40,Phe_244.4,Hypothyroidism NOS,endocrine/metabolic,-2.6781031044903724e-06,2.402376057752068,0.0029154981783634953,0.038760021241646826
41,Phe_250.1,Type 1 diabetes,endocrine/metabolic,-2.7501781787234506e-06,0.0,-0.0008756116345426946,0.5347979936775875
42,Phe_250.2,Type 2 diabetes,endocrine/metabolic,1.5272257530853192e-05,1.680393927233815,0.0017073170155205613,0.2261738832590797
43,Phe_250.23,Type 2 diabetes with ophthalmic manifestations,endocrine/metabolic,-3.171759987406353e-06,0.0,-0.0006739194296426608,0.6328465971809785
44,Phe_250.7,Diabetic retinopathy,endocrine/metabolic,-6.034044383021184e-06,0.0,-0.0006792365139998397,0.6301659880156583
45,Phe_260,Protein-calorie malnutrition,endocrine/metabolic,3.993432441634655e-06,0.0,-0.0002580364777677193,0.854864414312074
46,Phe_261,Vitamin deficiency,endocrine/metabolic,-2.453487944610631e-05,0.0,-8.443704573740898e-05,0.9522709328076049
47,Phe_272,Disorders of lipoid metabolism,endocrine/metabolic,0.0001623015180837829,1.4956618796041372,0.0017113295960723988,0.22508466011561298
48,Phe_272.1,Hyperlipidemia,endocrine/metabolic,0.0001618443624040774,1.282554874936192,0.0003547554588051446,0.8014453677351779
49,Phe_272.11,Hypercholesterolemia,endocrine/metabolic,0.00016312294742391252,1.6128869184938515,0.002028900982423014,0.15036686207036282
50,Phe_274,Gout and other crystal arthropathies,endocrine/metabolic,-1.892589936611609e-05,0.0,-0.0008532880892256152,0.5452627580302873
51,Phe_274.1,Gout,endocrine/metabolic,-4.5473928290068325e-05,0.0,-0.0008009809920996909,0.5701743268973298
52,Phe_275,Disorders of mineral metabolism,endocrine/metabolic,-2.9914430912122294e-05,0.0,-5.629024356312341e-05,0.9681707015702627
53,Phe_275.5,Disorders of calcium__phosphorus metabolism,endocrine/metabolic,-3.7497293413939436e-05,0.0,-0.0006108168153391011,0.6650203891440487
54,Phe_276,"Disorders of fluid, electrolyte, and acid-base balance",endocrine/metabolic,9.593138354163558e-07,0.754512012012012,-0.0004040938203834716,0.7745322141832182
55,Phe_276.1,Electrolyte imbalance,endocrine/metabolic,5.517658473073323e-06,0.0,-0.00021805978473560304,0.8771548529768257
56,Phe_276.12,Hyposmolality and__or hyponatremia,endocrine/metabolic,1.9390961497915986e-05,0.0,-0.0008359258525284091,0.5534714406786809
57,Phe_276.14,Hypopotassemia,endocrine/metabolic,2.366442150909945e-06,0.0,-0.0007370050541267919,0.6013613173163601
58,Phe_276.5,Hypovolemia,endocrine/metabolic,-5.651825843003791e-05,0.0,-0.0010005571836163734,0.4781574019488074
59,Phe_277,Other disorders of metabolism,endocrine/metabolic,-3.084923112366119e-06,6.673373173970783,0.0031029288922793607,0.0278359090423664
60,Phe_278,"Overweight, obesity and other hyperalimentation",endocrine/metabolic,-4.549617617213975e-05,0.0,-2.8144785719068533e-05,0.9840823734755999
61,Phe_278.1,Obesity,endocrine/metabolic,-4.712431564169249e-05,5.759369627507163,0.009461653042375649,1.9829783693539133e-11
62,Phe_280,Iron deficiency anemias,hematopoietic,-2.0487342443915823e-05,0.7672417741812352,-0.00037986202627785523,0.787718558018982
63,Phe_280.1,"Iron deficiency anemias, unspecified or not due to blood loss",hematopoietic,-1.939411859130298e-05,0.801315579652368,-0.000317104193492807,0.822145012669623
64,Phe_281,Other deficiency anemia,hematopoietic,-1.5652153075460116e-05,0.0,-4.2217388615466574e-05,0.9761254211985705
65,Phe_281.1,Megaloblastic anemia,hematopoietic,-9.731709909748402e-06,0.0,-5.629024356312341e-05,0.9681707015702627
66,Phe_285,Other anemias,hematopoietic,-8.95976877278121e-06,4.986267916207277,0.007695470270306764,4.891764915581754e-08
67,Phe_287,Purpura and other hemorrhagic conditions,hematopoietic,-8.580236112361017e-05,0.0,-0.00017294975746409125,0.9024241665783689
68,Phe_287.3,Thrombocytopenia,hematopoietic,-0.00014957587859895524,0.0,-0.0006342202815946727,0.6530115945701922
69,Phe_288,Diseases of white blood cells,hematopoietic,-9.711034016800475e-06,0.0,-0.0004262949137568304,0.7625076537042148
70,Phe_289,Other diseases of blood and blood-forming organs,hematopoietic,4.581828419004866e-05,0.0,-0.00038593215349376123,0.7844094645360702
71,Phe_289.4,Lymphadenitis,hematopoietic,5.669243593987559e-05,0.0,-0.0009012011794383156,0.5229281223688906
72,Phe_290,Delirium dementia and amnestic and other cognitive disorders,mental disorders,0.00015045740018643998,14.195056497175141,0.004944248251897761,0.00045682860138433783
73,Phe_292,Neurological disorders,mental disorders,0.00012475361761087104,12.021650717703348,0.004488255440722713,0.0014645176819876515
74,Phe_292.1,Aphasia__speech disturbance,mental disorders,3.605491151696449e-05,0.0,-0.0006924982513341959,0.6235013229270497
75,Phe_292.4,Altered mental status,mental disorders,0.00015888058958243303,0.0,-0.0008731969652785056,0.5359250302245104
76,Phe_293,Symptoms involving head and neck,mental disorders,-0.02946968490705965,0.0,-0.0007487300892351124,0.5955882568092462
77,Phe_296,Mood disorders,mental disorders,2.6681772266751423e-05,0.0,-0.00015026848791922413,0.915168644864686
78,Phe_296.1,Bipolar,mental disorders,3.8422227163113263e-05,0.0,-0.0005643217567798689,0.6891321275763154
79,Phe_296.2,Depression,mental disorders,2.6572554027023632e-05,0.0,-0.00033319798263261983,0.8132810262803687
80,Phe_300,Anxiety disorders,mental disorders,-4.220386344272186e-06,0.0,-0.00031982629460342385,0.8206441300286937
81,Phe_300.1,Anxiety disorder,mental disorders,-7.646565666169753e-06,1.0264630783372484,3.721284315298866e-05,0.9789548676387861
82,Phe_306,Other mental disorder,mental disorders,-0.00038623310235534787,2.1814373467040005,0.003744311199810345,0.007948383893245276
83,Phe_317,Alcohol-related disorders,mental disorders,1.9417217702036544e-05,1.2611494541347723,0.00033069566045603593,0.8146576933311866
84,Phe_317.1,Alcoholism,mental disorders,1.3236996615358766e-05,0.8097083467611988,-0.0003020910014900056,0.8304343793813386
85,Phe_318,Tobacco use disorder,mental disorders,2.1080978737523866e-05,1.062153878672585,0.0001517096027143929,0.9143582062528184
86,Phe_327,Sleep disorders,neurological,-3.0832384442595006e-05,0.0,-0.0005215780805963184,0.7115812760336084
87,Phe_327.3,Sleep apnea,neurological,-2.7390322319420876e-05,0.0,-0.001173841244794163,0.40534914300622493
88,Phe_331,Other cerebral degenerations,neurological,0.0001040967960468436,0.0,-0.0002857544094722999,0.8394759038796342
89,Phe_332,Parkinson's disease,neurological,-4.5988387786370094e-05,5.185810113519092,0.0025981350257367935,0.0655111772810894
90,Phe_334,Degenerative disease of the spinal cord,neurological,-2.081754432588507e-05,0.0,-0.0006642133160103807,0.6377523741348585
91,Phe_335,Multiple sclerosis,neurological,-4.288719320463647e-05,0.0,-0.0005934240837067461,0.6740011794805163
92,Phe_339,Other headache syndromes,neurological,-0.00042372146866828165,1.7798813424245108,0.0011796009856225983,0.40304864951102903
93,Phe_340,Migraine,neurological,-8.795186092479322e-06,0.0,-0.0009205429333357628,0.5140469521057407
94,Phe_342,Hemiplegia,neurological,3.6574587239008598e-06,0.0,-0.0006996799436522491,0.6199049543854636
95,Phe_345,"Epilepsy, recurrent seizures, convulsions",neurological,2.3947496330977785e-05,0.0,-0.0009724123051240286,0.49062313044555506
96,Phe_345.3,Convulsions,neurological,0.00011154706214761657,0.0,-0.0008150108100112401,0.5634395635874165
97,Phe_348,Other conditions of brain,neurological,4.679126747466016e-06,0.0,-0.00021300163823615643,0.8799825410476834
98,Phe_350,Abnormal movement,neurological,-2.283665141002533e-05,1.970607843137255,0.000980415632041279,0.48706067672080433
99,Phe_350.2,Abnormality of gait,neurological,-4.237301993274205e-05,3.1153440793552387,0.0016962035466560562,0.22921027771211014
100,Phe_351,Other peripheral nerve disorders,neurological,-2.0818450526150382e-05,0.5911823529411765,-0.000763121444048948,0.5885371447542528
101,Phe_352,Disorders of other cranial nerves,neurological,-8.182439129234756e-06,0.0,-0.00014489885895036916,0.9181891287903108
102,Phe_353,Nerve root and plexus disorders,neurological,3.9717591751206256e-05,0.0,-0.0005606013885843985,0.6910755826067623
103,Phe_357,Inflammatory and toxic neuropathy,neurological,2.3106299670893693e-05,8.839138082673703,0.005272476583160514,0.00018582354371853642
104,Phe_361,Retinal detachments and defects,sense organs,2.1591764487000147e-05,0.0,-0.000754193884071506,0.5929067081907189
105,Phe_361.1,Retinal detachment with retinal defect,sense organs,4.432958303408286e-05,5.093816523061328,0.002563966869781824,0.06913558399539509
106,Phe_362,Other retinal disorders,sense organs,-4.1063464797952096e-05,6.78144399460189,0.003136664070454976,0.026181738864690173
107,Phe_362.2,Degeneration of macula and posterior pole of retina,sense organs,-4.8919318185391545e-05,5.0873702860035435,0.0036297591754738245,0.010080641882506734
108,Phe_362.29,Macular degeneration (senile) of retina NOS,sense organs,-4.5914190227581227e-05,5.0873702860035435,0.0036297591754738245,0.010080641882506734
109,Phe_365,Glaucoma,sense organs,0.00013452341524582657,5.107623242419108,0.0044674446253887895,0.001540883258273814
110,Phe_365.1,Open-angle glaucoma,sense organs,0.00013236407778487736,5.362913553895411,0.0026628024514599507,0.059080334227578794
111,Phe_365.11,Primary open angle glaucoma,sense organs,0.00013842766169922416,5.383020889126942,0.0026700550161453448,0.058392954530876576
112,Phe_366,Cataract,sense organs,3.547320710974693e-05,1.4842859252695317,0.0011530695017585844,0.4137105100659155
113,Phe_366.2,Senile cataract,sense organs,0.00018156696200410117,2.007209906131416,0.00176370377538071,0.2112100952739126
114,Phe_367,Disorders of refraction and accommodation; blindness and low vision,sense organs,-5.797171335799341e-06,0.0,-0.00016830462261010893,0.9050323043205769
115,Phe_367.1,Myopia,sense organs,-1.2080722165998616e-05,0.0,-0.0006432849502350836,0.6483841592857109
116,Phe_368,Visual disturbances,sense organs,-6.599715985974036e-06,0.0,-0.0005741263824957455,0.6840202093993158
117,Phe_371,Inflammation of the eye,sense organs,1.8368116408049417e-05,0.0,-0.00016830462261010893,0.9050323043205769
118,Phe_371.3,Inflammation of eyelids,sense organs,1.7898280907744433e-05,0.0,-0.0008108143165351368,0.5654499907764381
119,Phe_374,Other disorders of eyelids,sense organs,7.58370605301648e-06,0.0,-0.0009167061507982629,0.5158024318179527
120,Phe_374.1,Ectropion or entropion,sense organs,4.3166185906585177e-05,0.0,-0.0005604236199625916,0.6911684969183716
121,Phe_374.3,Ptosis of eyelid,sense organs,6.501562247255061e-07,0.0,-0.0007312788947499905,0.6041898574756457
122,Phe_375,Disorders of lacrimal system,sense organs,-2.9524099126988936e-05,8.124575586095393,0.004999157241935074,0.0003944113901596078
123,Phe_378,Strabismus and other disorders of binocular eye movements,sense organs,-5.441738036030036e-06,0.0,-0.0001592305982313961,0.910130093679465
124,Phe_379,Other disorders of eye,sense organs,2.0869498669029768e-05,0.0,-0.0002999787037979219,0.8316021993257923
125,Phe_379.2,Disorders of vitreous body,sense organs,6.365573795151297e-06,0.0,-0.0006463817051910846,0.6468063877451344
126,Phe_379.3,Aphakia and other disorders of lens,sense organs,3.487601494718895e-05,3.112449674821926,0.0016946751645250122,0.22963011704220102
127,Phe_380,Disorders of external ear,sense organs,-6.231056249962528e-06,0.0,-0.00041853181818400854,0.766705954780948
128,Phe_381,Otitis media and Eustachian tube disorders,sense organs,9.59154250570955e-06,3.3987487318227934,0.0018410188030029808,0.19187525535991648
129,Phe_381.1,Otitis media,sense organs,9.555556338126008e-06,0.0,-0.0005327221191234314,0.7057032884402269
130,Phe_384,Other disorders of tympanic membrane,sense organs,8.32392434386207e-06,0.0,-0.00031482368412002695,0.8234029167325038
131,Phe_384.4,Perforation of tympanic membrane,sense organs,1.943247970908829e-05,0.0,-0.0005257607955674543,0.7093730462401574
132,Phe_386,Vertiginous syndromes and other disorders of vestibular system,sense organs,6.85577920722586e-05,0.0,-0.00013932261361233989,0.92132708664174
133,Phe_386.9,Dizziness and giddiness (Light-headedness and vertigo),sense organs,9.995328225527823e-05,1.379560741249142,0.00045923332124914645,0.7447734525038519
134,Phe_389,Hearing loss,sense organs,1.6181381523891506e-06,7.425267824159586,0.006689117529876219,2.1183264563390113e-06
135,Phe_394,Rheumatic disease of the heart valves,circulatory system,4.390608592271305e-05,0.0,-0.0005772429622963205,0.6823983071755575
136,Phe_394.2,Mitral valve disease,circulatory system,2.8738093843967545e-05,4.066396924944366,0.003048853028953335,0.030675415977696564
137,Phe_394.3,Aortic valve disease,circulatory system,0.00013902632252690006,9.46337099811676,0.005500556700099668,9.649839396421338e-05
138,Phe_394.7,Disease of tricuspid valve,circulatory system,4.834859824184586e-06,4.914474327628362,0.0024961566437179603,0.07681654528725106
139,Phe_395,Heart valve disorders,circulatory system,3.975878605443669e-05,7.304913504869894,0.007409709186406508,1.4994819319971554e-07
140,Phe_395.1,Nonrheumatic mitral valve disorders,circulatory system,3.285105682766209e-05,4.214762004613126,0.0031390582684234364,0.026067639764835733
141,Phe_395.6,Heart valve replaced,circulatory system,0.00012952204273576235,17.39524015577672,0.011116931569215886,3.2542589076099632e-15
142,Phe_396,Abnormal heart sounds,circulatory system,0.0,5.943287995269071,0.0028654042619796023,0.04223318357336937
143,Phe_401.1,Essential hypertension,circulatory system,6.452778211935415e-05,2.133703690598351,0.006092951867031957,1.5661291907365692e-05
144,Phe_401.2,Hypertensive heart and__or renal disease,circulatory system,-4.0146202567386313e-07,0.0,-0.0001062498395595431,0.939961890877456
145,Phe_401.22,Hypertensive chronic kidney disease,circulatory system,-9.709697811918543e-07,4.8364292589027915,0.0024661302784530804,0.08043311332817264
146,Phe_402,Elevated blood pressure reading without diagnosis of hypertension,circulatory system,6.261990023706482e-05,0.0,-0.0006627076763777675,0.6385148027950142
147,Phe_411.1,Unstable angina (intermediate coronary syndrome),circulatory system,0.00022112668517605943,1.46310962294366,0.0005438580457472346,0.6998470692407457
148,Phe_411.2,Myocardial infarction,circulatory system,0.0006332129190584818,1.1510164347477525,0.00028584485727607407,0.8394257858034754
149,Phe_411.3,Angina pectoris,circulatory system,0.00017307015972915015,0.44106468884402705,-0.001215174227499894,0.38901454765708676
150,Phe_411.4,Coronary atherosclerosis,circulatory system,0.00017969489813958082,0.7156916503471603,-0.0006900518902935643,0.6247284429154747
151,Phe_411.8,"Other chronic ischemic heart disease, unspecified",circulatory system,0.00019776547823485222,0.4592861712823325,-0.0011509199672042451,0.4145815651156739
152,Phe_411.9,Other acute and subacute forms of ischemic heart disease,circulatory system,-0.0001111536730850745,0.0,-0.0006337479504609811,0.653253083830124
153,Phe_414,Other forms of chronic heart disease,circulatory system,0.000372086921854177,3.0951955651370495,0.0016855421222855,0.23215032415170284
154,Phe_415,Pulmonary heart disease,circulatory system,0.0009079254519522434,0.0,-0.0010419387736160376,0.4601477263521546
155,Phe_416,Cardiomegaly,circulatory system,1.9738333678225323e-05,2.27069588793493,0.0011949084425637868,0.39697284983086756
156,Phe_418,Nonspecific chest pain,circulatory system,0.00010961207922537449,0.7352835020119497,-0.000787136371075063,0.5768575778125866
157,Phe_418.1,Precordial pain,circulatory system,0.00012189428366649978,0.0,-0.0010725848063606559,0.4470586590985762
158,Phe_420,Carditis,circulatory system,5.168847617857196e-05,0.0,-5.450273973574202e-05,0.9691809339214196
159,Phe_420.2,Pericarditis,circulatory system,6.0275661181225196e-05,0.0,-0.0005875137576285324,0.6770636817683283
160,Phe_425,Cardiomyopathy,circulatory system,4.82102044754736e-05,0.0,-7.578403997415492e-05,0.9571571774922911
161,Phe_425.1,Primary__intrinsic cardiomyopathies,circulatory system,5.313990926308326e-05,0.0,-0.0005676670610579225,0.6873863488015053
162,Phe_426,Cardiac conduction disorders,circulatory system,0.00017241839240321328,0.0,-0.00022121850914781334,0.8753898034936192
163,Phe_426.2,Atrioventricular [AV] block,circulatory system,1.7388965233169075e-05,0.0,-0.00019855405974774664,0.8880675756841823
164,Phe_426.3,Bundle branch block,circulatory system,0.00010197428439179761,0.0,-0.00030942016017843874,0.8263852477276775
165,Phe_426.31,Right bundle branch block,circulatory system,6.921105480226587e-05,3.8213307984790874,0.0020414445660342393,0.14786088061896513
166,Phe_426.32,Left bundle branch block,circulatory system,6.456819711478064e-05,3.375915351024521,0.0018296873207666584,0.19462463167623476
167,Phe_426.9,Cardiac pacemaker__device in situ,circulatory system,0.0002016655357241298,29.822255192878337,0.007448259656856272,1.292179839071791e-07
168,Phe_426.91,Cardiac pacemaker in situ,circulatory system,0.00019614073616902708,0.0,-0.000861375227501246,0.5414599802905993
169,Phe_427,Cardiac dysrhythmias,circulatory system,0.00018905930617144458,1.9242532822757112,0.0025826358974466008,0.06713536233644027
170,Phe_427.1,"Paroxysmal tachycardia, unspecified",circulatory system,6.708278980691357e-05,0.0,-0.00017691434668038616,0.9001989713252768
171,Phe_427.11,Paroxysmal supraventricular tachycardia,circulatory system,0.00011521535303753603,0.0,-0.000825775912151029,0.5582981075671611
172,Phe_427.2,Atrial fibrillation and flutter,circulatory system,0.00017785200771946696,2.30612666360716,0.0027740002096128475,0.049250033647737015
173,Phe_427.3,Other specified cardiac dysrhythmias,circulatory system,3.755136192482844e-05,0.0,-0.0010102048309943547,0.473924522077267
174,Phe_427.4,Cardiac arrest and ventricular fibrillation,circulatory system,3.4095103822011065e-05,0.0,-0.0006166687609605032,0.6620094145373046
175,Phe_427.7,Tachycardia NOS,circulatory system,9.163159725981106e-06,2.788596004439512,0.0015164701851080164,0.2823805187499353
176,Phe_427.9,Palpitations,circulatory system,0.0002203594381831761,0.0,-0.0010653826499343428,0.45011555699330086
177,Phe_428,Congestive heart failure; nonhypertensive,circulatory system,0.00037970424048471853,5.617719396310789,0.006201320100861327,1.1026519529350546e-05
178,Phe_428.1,Congestive heart failure (CHF) NOS,circulatory system,0.00023378754623492982,2.786276684225118,0.001515138504869537,0.28280337762241503
179,Phe_428.2,Heart failure NOS,circulatory system,0.0003872645678112468,5.692495043896914,0.00558865430987845,7.442322433321805e-05
180,Phe_430,Intracranial hemorrhage,circulatory system,4.6172071352032394e-05,0.0,-0.0001893580354699523,0.8932199057143407
181,Phe_433,Cerebrovascular disease,circulatory system,0.00019115904461527137,0.0,-0.0006764353878675833,0.6315775723827199
182,Phe_433.1,Occlusion and stenosis of precerebral arteries,circulatory system,0.0001397914032848173,0.0,-0.0005512823706073364,0.695952594357945
183,Phe_433.2,Occlusion of cerebral arteries,circulatory system,0.00020299896967829114,0.0,-0.0009517586084174782,0.4998808816740181
184,Phe_433.21,"Cerebral artery occlusion, with cerebral infarction",circulatory system,6.436776663525678e-05,0.0,-0.0007382264342400808,0.6007587686841465
185,Phe_433.3,Cerebral ischemia,circulatory system,0.0001348399773772482,0.0,-0.0005914042472814637,0.6750471762273995
186,Phe_433.31,Transient cerebral ischemia,circulatory system,9.186198167926263e-05,0.0,-0.0007809526100776939,0.5798545641249769
187,Phe_433.8,Late effects of cerebrovascular disease,circulatory system,-4.501106930168437e-05,0.0,-0.0006335904297610839,0.6533336276908732
188,Phe_440,Atherosclerosis,circulatory system,0.00011208738965219316,0.0,-0.00022696833880866697,0.8721784785487343
189,Phe_442,Other aneurysm,circulatory system,3.4485471209898445e-05,0.0,-9.64795929087977e-05,0.9454736811758984
190,Phe_442.1,Aortic aneurysm,circulatory system,6.4978879598916e-06,0.0,-0.00043047074799063706,0.7602522303613459
191,Phe_443,Peripheral vascular disease,circulatory system,2.949506590104647e-05,4.9646467972995225,0.004374341403417427,0.0019295155427793776
192,Phe_443.1,Raynaud's syndrome,circulatory system,3.0284966469456463e-05,11.22289223897264,0.006099063072340157,1.535674983514156e-05
193,Phe_443.9,"Peripheral vascular disease, unspecified",circulatory system,0.00010579906731197165,2.5283270440251573,0.0013613682936466618,0.33452518747235227
194,Phe_447,Other disorders of arteries and arterioles,circulatory system,0.00011300689361351422,0.0,-0.00040551042041730783,0.773763303275083
195,Phe_451,Phlebitis and thrombophlebitis,circulatory system,0.0008818190225361558,18.645825602968458,0.005768137844423934,4.3339080293432804e-05
196,Phe_451.2,Phlebitis and thrombophlebitis of lower extremities,circulatory system,0.0008865964568780135,0.0,-0.001010104790491207,0.4739683086454729
197,Phe_454,Varicose veins,circulatory system,1.6170016101845937e-05,0.0,-0.00038360923340122595,0.7856753337433486
198,Phe_454.1,Varicose veins of lower extremity,circulatory system,7.3703910908702606e-06,2.101066202090592,0.0018832020898719218,0.18189127666618632
199,Phe_455,Hemorrhoids,circulatory system,-0.0003965005440946117,0.31105230578768184,-0.0018015741541030999,0.2015703667245574
200,Phe_458,Hypotension,circulatory system,-9.31613319018236e-06,11.571790443293034,0.006211072328200499,1.0680808053573544e-05
201,Phe_458.1,Orthostatic hypotension,circulatory system,-1.139106019958414e-05,0.0,-0.0006969594491442994,0.6212662302971292
202,Phe_458.9,Hypotension NOS,circulatory system,-1.2814926157127642e-05,3.296195473925877,0.0025387505709984297,0.0719147445271957
203,Phe_459,Other disorders of circulatory system,circulatory system,0.0017538607398529687,0.0,-0.000200540448220029,0.8869552591418797
204,Phe_459.9,Circulatory disease NEC,circulatory system,0.0017425448464684849,0.3969860957497235,-0.0013855304467285112,0.32601751816741076
205,Phe_465,Acute upper respiratory infections of multiple or unspecified sites,respiratory,7.703004909632097e-06,10.323677452491012,0.005800686965113794,3.922609407957978e-05
206,Phe_470,Septal Deviations__Turbinate Hypertrophy,respiratory,-4.308542691684891e-05,3.3306048053024027,0.0025632867078116124,0.06920937174923555
207,Phe_471,Nasal polyps,respiratory,8.483328276952571e-06,2.3636171213546566,0.0012566100487430547,0.3730479159771518
208,Phe_473,Diseases of the larynx and vocal cords,respiratory,1.970388633961554e-06,4.72501175364363,0.0024226947876285123,0.08590827995529893
209,Phe_473.4,Voice disturbance,respiratory,-5.5859631697034745e-06,0.0,-0.0005430903818969911,0.7002502047787622
210,Phe_474,Acute and chronic tonsillitis,respiratory,-1.098404071167885e-05,0.0,-0.0003337931137299795,0.8129536961875394
211,Phe_474.2,Chronic tonsillitis and adenoiditis,respiratory,-8.01544804478283e-06,0.0,-0.0005238636560315947,0.7103743241505929
212,Phe_475,Chronic sinusitis,respiratory,2.749201483247371e-05,5.6397867564534225,0.003911818426276417,0.005554256395035216
213,Phe_476,Allergic rhinitis,respiratory,4.403166691876943e-05,0.0,-0.0006216644623829954,0.6594433139174241
214,Phe_477,Epistaxis or throat hemorrhage,respiratory,4.0209250141696874e-05,0.0,-0.0008388038988665095,0.5521065544978363
215,Phe_479,Other upper respiratory disease,respiratory,1.5308483151881913e-06,5.257244986922406,0.004563038041579553,0.0012179774712473728
216,Phe_480,Pneumonia,respiratory,1.9554540272232208e-05,0.0,-0.0011413347115220263,0.41847897367361564
217,Phe_480.1,Bacterial pneumonia,respiratory,2.2276545984311505e-05,0.0,-0.0005487466999304753,0.6972818007482229
218,Phe_480.11,Pneumococcal pneumonia,respiratory,2.6879008512274586e-05,2.014048096192385,0.0014399456521865727,0.3073772977045824
219,Phe_495,Asthma,respiratory,7.530674569490885e-06,1.611841437010505,0.0017310299912913247,0.21979129932514394
220,Phe_496,Chronic airway obstruction,respiratory,9.965308730994742e-06,5.810745849508549,0.007540371719214665,9.029221720473111e-08
221,Phe_496.1,Emphysema,respiratory,1.722973897520392e-05,0.0,-0.0007433617298582689,0.5982283416506782
222,Phe_496.2,Chronic bronchitis,respiratory,-6.752611975468193e-06,0.0,-0.0003048985837272429,0.8288827394351653
223,Phe_496.21,Obstructive chronic bronchitis,respiratory,-8.936128892216889e-06,2.2604813315339634,0.0011880019868277423,0.39970727384396354
224,Phe_496.3,Bronchiectasis,respiratory,-1.2044890463390992e-05,0.0,-0.0007933069449937996,0.5738742806231107
225,Phe_506,Empyema and pneumothorax,respiratory,2.6964119375049892e-05,0.0,-0.0005832559411763856,0.6792732344184507
226,Phe_507,Pleurisy; pleural effusion,respiratory,1.637863405266899e-05,1.94336266073673,0.0013642197150864543,0.3335137989322188
227,Phe_508,Pulmonary collapse; interstitial and compensatory emphysema,respiratory,-1.7284933709581096e-06,2.8049399944180853,0.0015258303920092152,0.2794203974222725
228,Phe_509.1,Respiratory failure,respiratory,-7.492653413119595e-06,3.2398774983881364,0.0017609864172125358,0.2119143898341053
229,Phe_509.2,Respiratory insufficiency,respiratory,-1.5421784040443358e-05,3.7347082868822,0.002001704950259243,0.15591119381292348
230,Phe_512,Other symptoms of respiratory system,respiratory,9.385432795173485e-06,2.096099833147942,0.0018769928517787676,0.18333620065891645
231,Phe_512.7,Shortness of breath,respiratory,6.201157845015327e-06,1.0730407858210549,0.00010041399700759657,0.9432537962381565
232,Phe_512.8,Cough,respiratory,-3.0461759876612405e-06,4.3347422902738835,0.0032104073016573594,0.022859151981202495
233,Phe_514,Abnormal findings examination of lungs,respiratory,-4.399992839964074e-05,0.0,-0.0009016477569106006,0.5227221820333448
234,Phe_516,Abnormal sputum,respiratory,-6.773405550742589e-07,0.0,-0.0001629208002275747,0.908056478718653
235,Phe_516.1,Hemoptysis,respiratory,-4.944321962782661e-07,0.0,-0.0007785102952277617,0.5810402506060707
236,Phe_519,"Other diseases of respiratory system, not elsewhere classified",respiratory,2.534011341942745e-05,0.0,-0.00017006140010612827,0.9040457916420334
237,Phe_519.8,"Other diseases of respiratory system, NEC",respiratory,2.481699228300114e-05,1.444602558574098,0.0007484480163887675,0.5957268439742723
238,Phe_520,Disorders of tooth development,digestive,-2.870961779616628e-05,0.0,-9.951139903075897e-05,0.9437630252871676
239,Phe_520.2,Disturbances in tooth eruption,digestive,-2.7585325534113762e-05,0.0,-0.0007773507960626857,0.5816035571316822
240,Phe_521,Diseases of hard tissues of teeth,digestive,2.7785044910070477e-05,0.0,-7.707966419500726e-05,0.9564254476338865
241,Phe_521.1,Dental caries,digestive,2.7192074623041497e-05,2.109150052465897,0.0010825722759220777,0.44283916342836993
242,Phe_522,Diseases of pulp and periapical tissues,digestive,2.13520585490903e-06,0.0,-0.0003970942529256628,0.7783347157386182
243,Phe_522.5,Periapical abscess,digestive,2.128804259393085e-06,0.0,-0.0005873440294640225,0.6771517075491282
244,Phe_523,Gingival and periodontal diseases,digestive,9.259125780763148e-05,0.0,-0.0003723120383976121,0.7918397355280204
245,Phe_523.3,Periodontitis (acute or chronic),digestive,6.523404157481258e-05,0.0,-4.6673172104807746e-05,0.9736064829141752
246,Phe_525,Other diseases of the teeth and supporting structures,digestive,1.8631243977480407e-06,0.0,-0.0008753819442564889,0.5349051491616796
247,Phe_528,"Diseases of the oral soft tissues, excluding lesions specific for gingiva and tongue",digestive,-8.879580273943528e-07,0.0,-0.0007508669253970457,0.5945388710157716
248,Phe_529,Diseases and other conditions of the tongue,digestive,-4.966998266204932e-06,0.0,-0.0005183231190806865,0.7133013827605077
249,Phe_530,Diseases of esophagus,digestive,-5.7904823567252e-07,0.0,-0.00041805672760486865,0.7669631088668364
250,Phe_530.1,"Esophagitis, GERD and related diseases",digestive,-2.3127740670522274e-05,3.057994827323901,0.003364834582093294,0.017067478407079402
251,Phe_530.11,GERD,digestive,1.2971136613201915e-05,3.393870831574504,0.005311727486157829,0.00016630087551360362
252,Phe_530.12,Ulcer of esophagus,digestive,-0.0101796743028739,1.477738567857668,0.0005582155047032651,0.6923229996862752
253,Phe_530.14,Reflux esophagitis,digestive,-3.795462050597387e-06,1.3489161801221394,0.0006084593971290095,0.6662348725797538
254,Phe_530.2,Esophageal bleeding (varices__hemorrhage),digestive,-1.3778151042719702e-05,0.0,-0.0007202487076731889,0.6096551806093709
255,Phe_530.3,Stricture and stenosis of esophagus,digestive,0.0,0.0,-0.0007545921557089443,0.5927114589942664
256,Phe_530.9,Heartburn,digestive,-1.0008669147585965e-05,3.3646133244057586,0.0018240577687684107,0.1960012374824506
257,Phe_531,Peptic ulcer (excl. esophageal),digestive,-0.00028179188646290513,0.9212668438903657,-0.00011699906137693077,0.9339011521891782
258,Phe_531.2,Gastric ulcer,digestive,-0.0001367218197084868,1.62939364461738,0.000699910689026638,0.6197895542701053
259,Phe_531.3,Duodenal ulcer,digestive,-0.0002255720497852533,0.0,-0.0009207617114002364,0.5139469462304707
260,Phe_532,Dysphagia,digestive,-1.0011989741751568e-07,1.9956513105639395,0.001420456602341031,0.31397061819565825
261,Phe_535,Gastritis and duodenitis,digestive,-1.3380743152790986e-05,1.176964515751259,0.00040914622169751884,0.7717908580364203
262,Phe_535.1,Acute gastritis,digestive,4.507955788343442e-08,0.0,-0.0005835976939646279,0.6790957830543201
263,Phe_535.6,Duodenitis,digestive,-9.192961392641372e-06,0.0,-0.001485323851038064,0.29238306768777356
264,Phe_535.8,Other specified gastritis,digestive,-6.799334110964419e-05,1.5743870917208427,0.0009251318117217436,0.5119514473873763
265,Phe_537,Other disorders of stomach and duodenum,digestive,-3.520409421004832e-05,3.893124152624443,0.0029405392535721093,0.03711683252395953
266,Phe_540,Appendiceal conditions,digestive,0.00018645502884491298,0.0,-0.0002711524646831894,0.8475753907521244
267,Phe_540.1,Appendicitis,digestive,0.00018728638751840245,0.0,-0.00038283181313877765,0.7860991136554191
268,Phe_540.11,Acute appendicitis,digestive,0.00018812999260428342,0.0,-0.0007859425830338107,0.5774355832656828
269,Phe_550,Abdominal hernia,digestive,6.80729125029911e-06,3.9342728518301042,0.0029665639762039885,0.03547232458958674
270,Phe_550.1,Inguinal hernia,digestive,5.187805742169747e-06,1.8813365780606512,0.001852788176169711,0.18904998534226886
271,Phe_550.2,Diaphragmatic hernia,digestive,-7.300432417787391e-05,2.0367523749208356,0.003019728926466661,0.03230529774233151
272,Phe_550.4,Umbilical hernia,digestive,-6.159601976013859e-05,0.0,-0.0010420358839808583,0.4601059141937828
273,Phe_550.5,Ventral hernia,digestive,-2.1858962821401064e-05,2.0237817156665323,0.001020313371183557,0.4695116132692396
274,Phe_555,Inflammatory bowel disease and other gastroenteritis and colitis,digestive,-1.7057116901163136e-08,0.0,-0.0011148654876232083,0.42935286540396655
275,Phe_555.1,Regional enteritis,digestive,-3.0802004236720843e-06,0.0,-0.0006935080786166735,0.6229950874379764
276,Phe_555.2,Ulcerative colitis,digestive,-2.4550053730756352e-05,0.0,-0.0009103136488846837,0.5187341475674354
277,Phe_556,Ulceration of the lower GI tract,digestive,2.9111006055948663e-05,0.0,-0.00034834257494765385,0.8049615940764702
278,Phe_557,Intestinal malabsorption (non-celiac),digestive,-2.3249773102872526e-05,22.945433789954336,0.006466016413212165,4.569517327624374e-06
279,Phe_557.1,Celiac disease,digestive,-2.2861044928230726e-05,0.0,-0.0007031016054642252,0.6181946779655276
280,Phe_558,Noninfectious gastroenteritis,digestive,-1.2730353285494956e-05,0.983087156412012,-3.47461851054217e-05,0.9803495548310887
281,Phe_559,Ileostomy status,digestive,-2.915919102983664e-06,0.0,-0.0006801187273991358,0.6297216892854244
282,Phe_560.4,Other intestinal obstruction,digestive,7.003143954613041e-06,2.016472712680578,0.0010148817640248016,0.4718799664449653
283,Phe_561,Symptoms involving digestive system,digestive,9.353105598276722e-06,1.418904419031484,0.0008780768502681722,0.5336485994194549
284,Phe_561.2,Flatulence,digestive,-5.744466702168387e-06,0.0,-0.0007290859261425869,0.6052746937189056
285,Phe_562,Diverticulosis and diverticulitis,digestive,-0.0001430647915095453,1.7083705682370083,0.002111235114454523,0.13449696013978799
286,Phe_562.1,Diverticulosis,digestive,-0.00014269990309036417,1.7083705682370083,0.002111235114454523,0.13449696013978799
287,Phe_563,Constipation,digestive,2.205203400685984e-05,0.5992546657921412,-0.0007428226166361616,0.5984937633496488
288,Phe_564,Functional digestive disorders,digestive,-0.00039950298115550833,0.0,-0.0004965516043695857,0.7248438144124132
289,Phe_564.1,Irritable Bowel Syndrome,digestive,-0.00016409977079972894,3.634317743490839,0.003404737387573767,0.015798516335657847
290,Phe_564.8,Abnormal findings on exam of gastrointestinal tract__ abdominal area,digestive,1.8769058990521777e-05,0.0,-0.0007248185711541324,0.6073882024313313
291,Phe_564.9,Personal history of diseases of digestive system,digestive,-0.00040673554611568997,0.4218300104931795,-0.0012867251063557292,0.3617021357402206
292,Phe_565,Anal and rectal conditions,digestive,-0.00017982941175877817,0.0,-0.0015419431971203787,0.27437436864444625
293,Phe_565.1,Anal and rectal polyp,digestive,-0.00018048897702108128,1.8251339326250795,0.0012321269483950086,0.3824324380717863
294,Phe_568,Other disorders of peritoneum,digestive,-2.637507700664213e-05,0.0,-0.00026561042327214086,0.8506537489183195
295,Phe_568.1,Peritoneal adhesions (postoperative) (postinfection),digestive,-2.8824269963544948e-05,0.0,-0.000998940547975641,0.47886871266393527
296,Phe_569,Other disorders of intestine,digestive,-3.700093335118262e-06,3.6894640234948604,0.0028087792460773516,0.04647266359632564
297,Phe_571,Chronic liver disease and cirrhosis,digestive,-4.112332113474668e-05,0.0,-0.0009935674017537506,0.4812370137809986
298,Phe_571.5,Other chronic nonalcoholic liver disease,digestive,-4.55394512320827e-06,0.0,-0.0007569774852123062,0.5915426894917557
299,Phe_572,Ascites (non malignant),digestive,-3.451138009214191e-05,0.0,-0.0007025324630218055,0.6184790138946004
300,Phe_573,Other disorders of liver,digestive,-1.3312041810616578e-05,3.94121568627451,0.0020954047386304857,0.1374432451409302
301,Phe_573.7,Abnormal results of function study of liver,digestive,-1.2176864439015972e-05,0.0,-0.001053146429924786,0.45533617998789266
302,Phe_574,Cholelithiasis and cholecystitis,digestive,5.313851193277879e-06,0.45055590424101144,-0.00118129985368512,0.4023716028512011
303,Phe_574.1,Cholelithiasis,digestive,-1.5673680687547716e-05,0.0,-0.0015916418831086678,0.2592040372832984
304,Phe_574.11,Cholelithiasis with acute cholecystitis,digestive,-2.1123120459948708e-05,0.0,-0.0006664655101182124,0.6366126190429886
305,Phe_574.12,Cholelithiasis with other cholecystitis,digestive,-4.14160230619258e-05,1.3306103535019198,0.0004074094201564167,0.7727329007512056
306,Phe_574.2,Calculus of bile duct,digestive,-2.484365545451129e-05,0.0,-0.0008558746517305838,0.5440450500899993
307,Phe_574.3,Cholecystitis without cholelithiasis,digestive,-2.914026584501783e-05,0.0,-0.0008771032000801541,0.5341024096718856
308,Phe_575,Other biliary tract disease,digestive,2.0438698244955202e-05,0.0,-0.001083208769549155,0.4425710322928669
309,Phe_575.7,Other disorders of gallbladder,digestive,-2.3965605927603175e-05,0.0,-0.0006361061553520487,0.652047764320874
310,Phe_575.8,Other disorders of biliary tract,digestive,-1.7021568298036897e-05,0.0,-0.0005637917596241987,0.689408863877607
311,Phe_577,Diseases of pancreas,digestive,-2.4066768063814816e-05,0.0,-0.00042395736461699505,0.7637710772642179
312,Phe_577.1,Acute pancreatitis,digestive,-2.316030093630751e-05,0.0,-0.0005915728266860594,0.6749598512954367
313,Phe_578.1,Hematemesis,digestive,6.256580484608367e-06,0.0,-0.0007370050541267919,0.6013613173163601
314,Phe_578.2,Blood in stool,digestive,0.00013751989002949857,0.0,-0.0008761856048815096,0.5345302714501939
315,Phe_578.9,Hemorrhage of gastrointestinal tract,digestive,-5.066835033265019e-06,1.1052567909380842,0.00014253951703262126,0.9195166644036543
316,Phe_579,Other symptoms involving abdomen and pelvis,digestive,0.0010796171458008735,0.0,-0.0005673158407834109,0.6875695583430608
317,Phe_579.8,Nonspecific abnormal findings in stool contents,digestive,0.002009929666827234,0.0,-0.0007573743264198435,0.5913483470585921
318,Phe_580,Nephritis; nephrosis; renal sclerosis,genitourinary,-1.894123139244273e-05,4.627117863720073,0.00238395701638569,0.09104176777095194
319,Phe_580.1,Glomerulonephritis,genitourinary,-3.741351266128543e-05,7.505675877520538,0.0033545040983014546,0.01741023507031774
320,Phe_585,Renal failure,genitourinary,-2.5658943023763255e-05,0.757469098583057,-0.00039842499984941575,0.7776113782421068
321,Phe_585.1,Acute renal failure,genitourinary,-7.036190927243386e-06,1.0757974737743523,0.0001040676711716178,0.9411927000938666
322,Phe_585.2,Renal failure NOS,genitourinary,6.970590016689652e-05,0.0,-0.0006389246976200821,0.6506083500536328
323,Phe_585.3,Chronic renal failure [CKD],genitourinary,-4.000523130126277e-05,2.0863815652895994,0.0010661751157213229,0.4497786223748569
324,Phe_586,Other disorders of the kidney and ureters,genitourinary,-0.0002655931161737158,0.0,-0.0005851331450983757,0.6782987365593336
325,Phe_586.2,"Cyst of kidney, acquired",genitourinary,-0.0008483424353510887,0.0,-0.0006540605168157513,0.6429009512701571
326,Phe_590,Pyelonephritis,genitourinary,2.0657503233360087e-07,0.0,-0.0006502322544862937,0.6448467771296752
327,Phe_591,Urinary tract infection,genitourinary,3.918838817171013e-06,3.2663777693516063,0.004415235858056959,0.0017488866055197787
328,Phe_592,Cystitis and urethritis,genitourinary,4.691161113750134e-05,0.0,-0.0009322859660328441,0.5086934255309568
329,Phe_592.1,Cystitis,genitourinary,4.8660400010276894e-05,0.0,-0.0007487300892351124,0.5955882568092462
330,Phe_593,Hematuria,genitourinary,3.455151957964914e-05,1.3905040815385326,0.0008272361659624982,0.5576024451704109
331,Phe_594,Urinary calculus,genitourinary,5.125762801522101e-05,0.0,-0.0003631320667287404,0.7968584801042105
332,Phe_594.1,Calculus of kidney,genitourinary,4.718126619633688e-06,0.0,-0.0009479374913277276,0.5016037539277771
333,Phe_594.3,Calculus of ureter,genitourinary,-0.00021780866511508838,0.0,-0.0008150108100112401,0.5634395635874165
334,Phe_594.8,Renal colic,genitourinary,1.6952205409779067e-05,0.0,-0.0007015353746502689,0.6189772835742934
335,Phe_595,Hydronephrosis,genitourinary,-1.4221620134337654e-05,0.0,-0.0007827474527038348,0.5789839341489771
336,Phe_596,Other disorders of bladder,genitourinary,-3.916880981048565e-05,0.9464262171579245,-7.852325761401194e-05,0.9556101924692273
337,Phe_596.1,Bladder neck obstruction,genitourinary,1.4717872059672128e-06,0.0,-0.0007173257711743965,0.6111071343539588
338,Phe_596.5,Functional disorders of bladder,genitourinary,-2.612387623878258e-05,4.776663498098859,0.0024429157531690284,0.0833230168816214
339,Phe_597,Other disorders of urethra and urinary tract,genitourinary,-3.922160975729798e-05,0.0,-0.0004631767003002896,0.7426591489010832
340,Phe_597.1,Urethral stricture (not specified as infectious),genitourinary,-4.0884377677984736e-05,2.106497589603857,0.0010806696192745596,0.443641235607645
341,Phe_598,Abnormal findings on examination of urine,genitourinary,-6.176830773352679e-06,0.0,-0.0009571466835934461,0.49745684317916294
342,Phe_599,Other symptoms__disorders or the urinary system,genitourinary,7.971550750328402e-05,1.0748770053475936,0.0001028487381895378,0.9418802766307601
343,Phe_599.2,Retention of urine,genitourinary,6.17228306899375e-05,3.6952293409320704,0.003999532303219083,0.004580041317835396
344,Phe_599.3,Dysuria,genitourinary,9.088245384795824e-07,0.0,-0.0005864946620508264,0.6775922795109091
345,Phe_599.4,Urinary incontinence,genitourinary,0.00015631010926421877,1.6670979513975284,0.0010433960049210799,0.4595205195051191
346,Phe_599.5,Frequency of urination and polyuria,genitourinary,-5.6925154620874706e-05,0.0,-0.001046977084668421,0.45798122282406206
347,Phe_599.9,Other abnormality of urination,genitourinary,-4.0305709123533515e-05,0.0,-0.0007029593622000444,0.6182657354348733
348,Phe_611.3,Lump or mass in breast,genitourinary,1.2327095951342882e-06,4.909672691744016,0.002494318571012541,0.07703405878324171
349,Phe_613,Other nonmalignant breast conditions,genitourinary,5.075231164888744e-06,0.0,-5.9704938225707164e-05,0.9662409833091641
350,Phe_681,Superficial cellulitis and abscess,dermatologic,-6.912462597342998e-05,0.0,-0.00038360923340122595,0.7856753337433486
351,Phe_681.3,Cellulitis and abscess of arm__hand,dermatologic,-7.262691733983015e-05,0.0,-0.0012829974982605026,0.36309465724692147
352,Phe_686,Other local infections of skin and subcutaneous tissue,dermatologic,-7.745785411915587e-06,4.871594764905478,0.0024796994654781696,0.07878197988475819
353,Phe_686.1,Carbuncle and furuncle,dermatologic,-3.4660261928408e-05,5.8755334697456885,0.004026690700089443,0.004311435631077894
354,Phe_687,Symptoms affecting skin,dermatologic,-4.376240520796191e-06,0.0,-0.0002689493129115139,0.8487988681238107
355,Phe_687.1,Rash and other nonspecific skin eruption,dermatologic,-2.6482019487106317e-05,6.103917400546615,0.004135170401086624,0.0033751647437097096
356,Phe_687.4,Disturbance of skin sensation,dermatologic,-1.0339770308012652e-05,0.0,-0.0009102030527265925,0.5187849445973731
357,Phe_689,Disorder of skin and subcutaneous tissue NOS,dermatologic,-6.604093857461337e-06,2.3994508774024115,0.0018176849042376624,0.19756820201760403
358,Phe_695,Erythematous conditions,dermatologic,-1.3055037727431206e-05,0.0,-0.0008555223857257494,0.5442108111248896
359,Phe_696,Psoriasis and related disorders,dermatologic,5.4814490853503325e-05,2.865725691474194,0.0015602805271641997,0.2687078479541759
360,Phe_696.4,Psoriasis,dermatologic,5.441124069137552e-05,0.0,-0.0006919205581801738,0.6237910057141283
361,Phe_696.41,Psoriasis vulgaris,dermatologic,5.4181715120569195e-05,0.0,-0.0007237133199438564,0.6079361408664778
362,Phe_701,Other hypertrophic and atrophic conditions of skin,dermatologic,-1.0978614338045367e-05,4.298588537211291,0.0022497242913693586,0.11076293605396569
363,Phe_701.2,Scar conditions and fibrosis of skin,dermatologic,-9.06620958825932e-06,6.267602120361709,0.004211326824080686,0.0028328756673094185
364,Phe_702,Degenerative skin conditions and other dermatoses,dermatologic,-1.6462024414152895e-05,0.0,-4.6673172104807746e-05,0.9736064829141752
365,Phe_702.1,Actinic keratosis,dermatologic,-6.3280073428995235e-06,2.6097377304596208,0.0014111677582061865,0.3171456170089995
366,Phe_702.2,Seborrheic keratosis,dermatologic,-5.7030420646922176e-05,2.338320148906468,0.00124000868065663,0.3793956453708147
367,Phe_703,"Diseases of nail, NOS",dermatologic,-4.7430164362950345e-05,0.0,-0.00031764730781663693,0.8218455040054894
368,Phe_704,Diseases of hair and hair follicles,dermatologic,-0.00023484782598088565,3.025316074653823,0.002338643705064001,0.0973565823469109
369,Phe_706,Diseases of sebaceous glands,dermatologic,-4.9167486166003314e-05,2.593128063988991,0.002445874425919102,0.08295008917354586
370,Phe_706.2,Sebaceous cyst,dermatologic,-5.2482805283375407e-05,2.6176679979163047,0.0024716066238145247,0.07976338566838975
371,Phe_707,Chronic ulcer of skin,dermatologic,4.5511475429604975e-06,5.007523667164922,0.0025315413464986327,0.0727259059209674
372,Phe_709,Diffuse diseases of connective tissue,dermatologic,-2.410944408438757e-05,5.000049751243781,0.0035833463598026662,0.011080505998044214
373,Phe_709.7,Unspecified diffuse connective tissue disease,dermatologic,-1.4279531218524245e-05,3.50177700348432,0.0018914703320641755,0.17998034871109744
374,Phe_714,Rheumatoid arthritis and other inflammatory polyarthropathies,musculoskeletal,1.970106241812226e-05,0.0,-0.00034805751824546497,0.8051179847187964
375,Phe_714.1,Rheumatoid arthritis,musculoskeletal,1.9815342691002253e-05,5.013769019705662,0.0035906740394290944,0.01091701129872139
376,Phe_715,Other inflammatory spondylopathies,musculoskeletal,7.426370537487581e-05,0.0,-0.0003262763105627968,0.8170904202963727
377,Phe_716,Other arthropathies,musculoskeletal,5.3868234942491046e-05,0.0,-0.0001386098233532281,0.9217282892124272
378,Phe_716.2,Unspecified monoarthritis,musculoskeletal,-7.097457278731352e-07,2.5568436227951157,0.003446340635628044,0.01456457109277927
379,Phe_716.9,Arthropathy NOS,musculoskeletal,0.00013887805065008972,1.8315248236182344,0.002386362769743426,0.09071593481442808
380,Phe_717,Polymyalgia Rheumatica,musculoskeletal,8.466201361383562e-06,0.0,-0.0006243873315653619,0.6580463634411788
381,Phe_720,Spinal stenosis,musculoskeletal,-5.961004788405256e-05,0.0,-0.0004712651855643403,0.7383284681932574
382,Phe_721,Spondylosis and allied disorders,musculoskeletal,1.731703953009169e-05,18.306193078324227,0.009899823522011544,2.252268097150899e-12
383,Phe_721.1,Spondylosis without myelopathy,musculoskeletal,7.643243888875612e-06,0.0,-0.0005375605374128602,0.7031566694854905
384,Phe_722,Intervertebral disc disorders,musculoskeletal,-1.3112132892920173e-05,1.0219747813707545,3.097045467886945e-05,0.9824845269853586
385,Phe_722.6,Degeneration of intervertebral disc,musculoskeletal,6.166829670950888e-05,2.3215754215754214,0.0012289402302953327,0.3836644835800588
386,Phe_722.9,Other and unspecified disc disorder,musculoskeletal,1.2133009060876683e-05,0.0,-0.001077203930380246,0.4451043402055511
387,Phe_724,Other and unspecified disorders of back,musculoskeletal,3.6676443315003557e-06,0.0,-0.0003799677440385295,0.7876608936247261
388,Phe_726,Peripheral enthesopathies and allied syndromes,musculoskeletal,1.4518514055258625e-05,2.4919662782048104,0.0023377188248323564,0.09748902931661273
389,Phe_726.1,Enthesopathy,musculoskeletal,2.1326075298217875e-05,3.0612549497410906,0.0029073164666618763,0.03931012712044831
390,Phe_727,"Other disorders of synovium, tendon, and bursa",musculoskeletal,-2.331995790899847e-05,0.0,-0.0005094124385920634,0.7180177330004949
391,Phe_727.1,Synovitis and tenosynovitis,musculoskeletal,-3.5433483275582164e-06,5.8652465713451996,0.004021741109915086,0.004359298148829722
392,Phe_727.4,"Ganglion and cyst of synovium, tendon, and bursa",musculoskeletal,-2.43353464294336e-05,0.0,-0.0008953760602367897,0.5256182014909428
393,Phe_728,"Disorders of muscle, ligament, and fascia",musculoskeletal,7.824861009229232e-07,0.0,-0.00012349371668612493,0.9302411009854091
394,Phe_728.7,Fasciitis,musculoskeletal,8.860252344619556e-07,0.0,-0.00026523684848250113,0.8508613356035317
395,Phe_728.71,Contracture of palmar fascia [Dupuytren's disease],musculoskeletal,7.420883709982542e-07,0.0,-0.0008417916932916557,0.5506913719641344
396,Phe_729,Other disorders of soft tissues,musculoskeletal,0.00012024005150223286,0.0,-0.0005639684799786084,0.6893165852963012
397,Phe_729.1,"Rheumatism, unspecified and fibrositis",musculoskeletal,-8.989690747823848e-06,0.0,-0.0003052237664242764,0.8287030667954736
398,Phe_733,Other disorders of bone and cartilage,musculoskeletal,-1.4980144850529923e-06,0.0,-0.0004878592640054965,0.7294698610128081
399,Phe_733.8,Malunion and nonunion of fracture,musculoskeletal,-1.1109623464283789e-05,0.0,-0.00020924634503203615,0.8820828791195682
400,Phe_735,Acquired foot deformities,musculoskeletal,-1.4403066957515164e-05,49.02487804878049,0.009678276562629666,6.8456647999628335e-12
401,Phe_735.2,Acquired toe deformities,musculoskeletal,-5.6141197678390696e-05,3.397599729546991,0.0018404499188561356,0.19201260006526225
402,Phe_735.21,Hammer toe (acquired),musculoskeletal,-2.1295632332686634e-05,0.0,-0.0007323729691219083,0.6036489581374195
403,Phe_735.23,Hallux rigidus,musculoskeletal,-0.00273943791385632,4.888180933852141,0.002486076707559128,0.07801556241335372
404,Phe_735.3,Hallux valgus (Bunion),musculoskeletal,1.0088927856843149e-05,2.238080391938537,0.0016660708699942008,0.23758869238274843
405,Phe_736,Other acquired deformities of limbs,musculoskeletal,1.3460066225383006e-05,0.0,-0.00027979215185335726,0.8427810795728493
406,Phe_737,Curvature of spine,musculoskeletal,0.00012658009689051633,0.0,-8.443704573740898e-05,0.9522709328076049
407,Phe_737.3,Kyphoscoliosis and scoliosis,musculoskeletal,0.00010959566064657478,0.0,-0.0003768186235470735,0.7893790982552026
408,Phe_738,Other acquired musculoskeletal deformity,musculoskeletal,0.0005831605003853203,0.0,-0.00031133795330017894,0.8253264838300941
409,Phe_738.4,Acquired spondylolisthesis,musculoskeletal,0.0003994674448800286,0.0,-0.0002826135389627343,0.8412166955389933
410,Phe_740,Osteoarthrosis,musculoskeletal,-8.632802995218596e-05,14.434388659922567,0.03496632869422241,1.0326694931092616e-135
411,Phe_740.1,Osteoarthritis; localized,musculoskeletal,-0.00011471284359794616,21.36500850340136,0.03453270354356388,2.049984952470618e-132
412,Phe_740.11,"Osteoarthrosis, localized, primary",musculoskeletal,-3.3325750915534584e-05,12.007287933094386,0.016966683739637313,2.5288813031296025e-33
413,Phe_740.9,Osteoarthrosis NOS,musculoskeletal,-1.599737449937117e-05,2.370306603773585,0.0017909259504233167,0.204247802063665
414,Phe_741,Symptoms and disorders of the joints,musculoskeletal,-4.101433742797554e-06,0.0,-0.00037655501489463385,0.7895229734557055
415,Phe_741.4,Joint effusions,musculoskeletal,8.314997378359449e-06,0.0,-0.0002722473743890856,0.8469674904179477
416,Phe_742,"Derangement of joint, non-traumatic",musculoskeletal,0.43260254045973096,10050.1,1.0,0.0
417,Phe_742.9,Other derangement of joint,musculoskeletal,0.30523217571337113,0.0,-0.00044253918315489916,0.7537454190580171
418,Phe_743,"Osteoporosis, osteopenia and pathological fracture",musculoskeletal,-1.90781931564083e-05,6.419738102842542,0.006073290451940057,1.6680626808200632e-05
419,Phe_743.1,Osteoporosis,musculoskeletal,-2.115108833954549e-05,6.81709343734102,0.0063234074113268585,7.375822325670171e-06
420,Phe_743.11,Osteoporosis NOS,musculoskeletal,-2.538735776400025e-05,6.8228784792939585,0.006326980118544307,7.28875162980792e-06
421,Phe_745,Pain in joint,musculoskeletal,1.8962223532609993e-05,0.0,-0.0007011076255317501,0.6191910940749527
422,Phe_747,Cardiac and circulatory congenital anomalies,congenital anomalies,0.0001557544812549925,0.0,-8.78851259637021e-05,0.9503243343457543
423,Phe_747.1,Cardiac congenital anomalies,congenital anomalies,0.00015773964689279725,33.50033333333333,0.007923997730754459,1.940711259829868e-08
424,Phe_747.13,Congenital anomalies of great vessels,congenital anomalies,0.00015946869982199683,3.459586919104991,0.0018709425160517471,0.18475231104031767
425,Phe_751,Genitourinary congenital anomalies,congenital anomalies,0.0,0.0,-0.0006557379924033153,0.6420490957179688
426,Phe_939,Atopic__contact dermatitis due to other or unspecified,dermatologic,-1.9439200742882808e-05,0.0,-0.0008238288027417,0.559226363009987
